7318.0 6C0 7 01030500000000
7382.7 3F1 8 0000000000000000
7384.1 484 8 0000000000000000
7385.3 523 8 CD1F7770450E0B02
7386.4 52E 5 603F000000
7387.6 585 8 902800000000003F
7388.7 64C 2 0011
7389.9 663 8 7300000E00000000
7391.0 6B2 8 83FEFF0F88000040
7392.2 31C 8 00000000800084F3
7393.3 31D 8 000000000000001F
7394.5 5FB 8 000000000000007E
7395.8 539 8 00020000FE010000
7396.9 541 8 0000000000000000
7398.1 5FA 8 000000000000F8FF
7399.3 6AB 8 0000000000000020
7410.7 6D3 7 01000000000000
7411.9 38C 8 000000000000007F
7413.0 38D 8 00000000000000E5
7414.2 585 8 902C00000000003F
7419.2 39C 8 FF6F000000000000
7420.3 3C3 8 FF00000000000000
7421.5 444 8 0000000000000005
7422.6 537 8 8080808080800000
7423.7 538 8 8080008080000080
7424.9 31C 8 00000000800084F3
7426.1 5EA 8 0000000000000016
7427.4 31D 8 000000000000001F
7428.6 5EB 8 0000000000000007
7429.8 5EC 8 000000000000000F
7431.0 66B 8 7700000000000000
7432.1 66C 8 DF09000000000000
7433.2 444 8 0000000000000005
7434.3 3F1 8 0000000000000000
7435.4 663 8 7314000F009C0000
7436.5 31C 8 00000000800084F3
7437.7 31D 8 000000000000001F
7438.8 38C 8 000000000000007F
7439.9 38D 8 00000000000000E5
7441.1 39C 8 FF6F000000000000
7442.2 3C3 8 FF00000000000000
7443.3 444 8 0000000000000005
7457.7 31C 8 00000000800084F3
7459.1 31D 8 000000000000001F
7473.2 444 8 0000000000000005
7489.1 6C0 7 01030500000000
7490.4 3F1 8 0000000000000000
7491.6 663 8 7314000E00AA0000
7492.7 31C 8 00000000800084F3
7494.1 31D 8 000000000000001F
7495.3 6AB 8 0000000000000020
7496.5 6D3 7 01000000000000
7497.6 38C 8 000000000000007F
7504.2 38D 8 00000000000000E5
7505.4 39C 8 FF6F000000000000
7506.5 3C3 8 FF00000000000000
7520.1 444 8 0000000000000005
7521.4 537 8 8080808080800000
7522.5 538 8 8080008080000080
7535.7 523 8 CD1F7770450E0B02
7537.0 52E 5 603F000000
7538.1 31C 8 00000000800084F3
7539.3 31D 8 000000000000001F
7540.6 539 8 20020000FE010000
7541.7 541 8 0000000000000000
7567.0 444 8 0000000000000005
7582.7 3F1 8 0000000000000000
7584.1 663 8 7314000E00AA0000
7585.4 31C 8 00000000800084F3
7598.2 31D 8 000000000000001F
7599.4 38C 8 000000000000007F
7600.6 38D 8 00000000000000E5
7614.1 39C 8 FF6F000000000000
7615.3 3C3 8 FF00000000000000
7616.5 444 8 0000000000000005
7629.2 31C 8 00000000800084F3
7645.2 31D 8 000000000000001F
7660.7 444 8 0000000000000005
7676.5 6C0 7 01030500000000
7678.0 3F1 8 0000000000000000
7679.5 663 8 7314000E00AA0000
7692.1 31C 8 00000000800084F3
7693.3 31D 8 000000000000001F
7694.6 6AB 8 0000000000000020
7695.8 6D3 7 01000000000000
7697.0 38C 8 000000000000007F
7707.7 38D 8 00000000000000E5
7709.0 39C 8 FF6F000000000000
7710.1 3C3 8 FF00000000000000
7723.3 444 8 0000000000000005
7724.5 537 8 8080808080800000
7725.7 538 8 8080008080000080
7738.9 31C 8 00000000800084F3
7740.2 31D 8 000000000000001F
7770.2 444 8 0000000000000005
7785.5 3F1 8 0000000000000000
7786.8 484 8 0000000000000000
7788.0 523 8 CD1F7770450E0B02
7789.2 52E 5 603F000000
7790.4 663 8 7314000E00AA0000
7791.6 31C 8 00000000800084F3
7792.9 31D 8 000000000000001F
7794.2 539 8 20020000FE010000
7795.6 541 8 0000000000000000
7801.5 38C 8 000000000000007F
7802.8 38D 8 00000000000000E5
7804.1 39C 8 FF6F000000000000
7817.0 3C3 8 FF00000000000000
7818.2 444 8 0000000000000005
7832.7 31C 8 00000000800084F3
7834.0 5EA 8 0000000000000016
7848.2 31D 8 000000000000001F
7849.5 5EB 8 0000000000000007
7850.7 5EC 8 000000000000000F
7851.8 66B 8 7700000000000000
7863.9 66C 8 DF09000000000000
7865.2 444 8 0000000000000005
7879.2 6C0 7 01030500000000
7880.4 3F1 8 0000000000000000
7881.6 663 8 7314000E00AA0000
7882.8 31C 8 00000000800084F3
7895.2 31D 8 000000000000001F
7896.5 6AB 8 0000000000000020
7897.6 6D3 7 01000000000000
7898.9 38C 8 000000000000007F
7900.3 38D 8 00000000000000E5
7911.0 39C 8 FF6F000000000000
7912.3 3C3 8 FF00000000000000
7913.5 444 8 0000000000000005
7926.4 537 8 8080808080800000
7927.6 538 8 8080008080000080
7942.0 31C 8 00000000800084F3
7943.3 31D 8 000000000000001F
7973.3 444 8 0000000000000005
7989.2 3F1 8 0000000000000000
7990.8 663 8 7314000E00AA0000
7991.9 31C 8 00000000800084F3
7993.1 31D 8 000000000000001F
7994.3 38C 8 000000000000007F
8004.2 38D 8 00000000000000E5
8005.6 39C 8 FF6F000000000000
8006.7 3C3 8 FF00000000000000
8020.2 444 8 0000000000000005
8035.6 523 8 CD1F7770450E0B02
8036.9 52E 5 603F000000
8038.1 31C 8 00000000800084F3
8039.3 31D 8 000000000000001F
8040.5 539 8 20020000FE010000
8041.6 541 8 0000000000000000
8067.1 444 8 0000000000000005
8082.7 6C0 7 01030500000000
8084.2 3F1 8 0000000000000000
8085.6 663 8 7314000E00AA0000
8086.8 31C 8 00000000800084F3
8098.4 31D 8 000000000000001F
8099.7 6AB 8 0000000000000020
8100.9 6D3 7 01000000000000
8102.1 38C 8 000000000000007F
8103.2 38D 8 00000000000000E5
8114.1 39C 8 FF6F000000000000
8115.5 3C3 8 FF00000000000000
8116.7 444 8 0000000000000005
8117.8 537 8 8080808080800000
8129.2 538 8 8080008080000080
8130.6 31C 8 00000000800084F3
8145.2 31D 8 000000000000001F
8160.7 444 8 0000000000000005
8176.5 3F1 8 0000000000000000
8177.8 663 8 7314000E00AA0000
8191.9 31C 8 00000000800084F3
8193.2 31D 8 000000000000001F
8194.6 38C 8 000000000000007F
8207.6 38D 8 00000000000000E5
8208.9 39C 8 FF6F000000000000
8210.2 3C3 8 FF00000000000000
8223.2 444 8 0000000000000005
8239.1 31C 8 00000000800084F3
8241.3 31D 8 000000000000001F
8270.2 444 8 0000000000000005
8285.6 6C0 7 04030500000000
8286.9 3F1 8 0000000000000000
8288.0 484 8 0000000000000000
8289.4 523 8 CD1F7770450E0B02
8290.7 52E 5 603F000000
8291.9 585 8 902C00000000003F
8293.0 64C 2 0011
8294.1 663 8 7314000E00AA0000
8295.3 6B2 8 FFFEFF0F88000040
8296.5 31C 8 00000000800084F3
8297.7 31D 8 000000000000001F
8298.9 5FB 8 000000000000007E
8300.1 539 8 20020000FE010000
8301.5 541 8 0000000000000000
8302.6 5FA 8 000000000000F8FF
8303.8 6AB 8 0000000000000020
8317.0 38C 8 000000000000007F
8318.3 38D 8 00000000000000E5
8319.5 39C 8 FF6F000000000000
8320.6 3C3 8 FF00000000000000
8321.8 444 8 0000000000000005
8323.0 537 8 8080808080800000
8332.6 538 8 8080008080000080
8334.0 31C 8 00000000800084F3
8335.4 5EA 8 0000000000000016
8348.2 31D 8 000000000000001F
8349.5 5EB 8 0000000000000007
8350.7 5EC 8 000000000000000F
8351.8 66B 8 7700000000000000
8364.0 66C 8 DF09000000000000
8365.2 444 8 0000000000000005
8379.2 3F1 8 0000000000000000
8380.4 663 8 7314000E00AA0000
8381.6 31C 8 00000000800084F3
8395.1 31D 8 000000000000001F
8396.4 38C 8 000000000000007F
8397.5 38D 8 00000000000000E5
8410.8 39C 8 FF6F000000000000
8412.0 3C3 8 FF00000000000000
8413.2 444 8 0000000000000005
8442.0 31C 8 00000000800084F3
8443.2 31D 8 000000000000001F
8473.2 444 8 0000000000000005
8489.4 6C0 7 04030500000000
8490.7 3F1 8 0000000000000000
8491.9 663 8 7314000E00AA0000
8493.1 31C 8 00000000800084F3
8494.2 31D 8 000000000000001F
8495.4 6AB 8 00000000000000A0
8497.2 38C 8 000000000000007F
8504.2 38D 8 00000000000000E5
8505.5 39C 8 FF6F000000000000
8506.7 3C3 8 FF00000000000000
8520.2 444 8 0000000000000005
8521.4 537 8 8080808080800000
8522.6 538 8 8080008080000080
8535.6 523 8 CD1F7770450E0B02
8536.9 52E 5 603F000000
8538.1 31C 8 00000000800084F3
8543.1 31D 8 000000000000001F
8544.3 539 8 20020000FE010000
8545.5 541 8 0000000000000000
8566.9 444 8 0000000000000005
8582.6 3F1 8 0000000000000000
8583.8 663 8 7314000E00AA0000
8584.9 31C 8 00000000800084F3
8598.4 31D 8 000000000000001F
8599.7 38C 8 000000000000007F
8600.9 38D 8 00000000000000E5
8614.0 39C 8 FF6F000000000000
8615.2 3C3 8 FF00000000000000
8616.3 444 8 0000000000000005
8629.6 31C 8 00000000800084F3
8645.2 31D 8 000000000000001F
8660.7 444 8 0000000000000005
8676.8 6C0 7 04030500000000
8678.4 3F1 8 0000000000000000
8679.8 663 8 7314000E00AA0000
8692.0 31C 8 00000000800084F3
8693.1 31D 8 000000000000001F
8694.4 6AB 8 00000000000000A0
8695.5 38C 8 000000000000007F
8707.6 38D 8 00000000000000E5
8708.8 39C 8 FF6F000000000000
8710.1 3C3 8 FF00000000000000
8723.3 444 8 0000000000000005
8724.4 537 8 8080808080800000
8725.5 538 8 8080008080000080
8739.0 31C 8 00000000800084F3
8740.2 31D 8 000000000000001F
8770.2 444 8 0000000000000005
8785.7 3F1 8 0000000000000000
8787.3 484 8 0000000000000000
8788.6 523 8 CD1F7770450E0B02
8790.0 52E 5 603F000000
8791.1 663 8 7314000E00AA0000
8792.2 31C 8 00000000800084F3
8793.4 31D 8 000000000000001F
8794.7 539 8 20020000FE010000
8795.9 541 8 0000000000000000
8801.6 38C 8 000000000000007F
8802.7 38D 8 00000000000000E5
8804.1 39C 8 FF6F000000000000
8816.9 3C3 8 FF00000000000000
8818.1 444 8 0000000000000005
8832.7 31C 8 00000000800084F3
8833.9 5EA 8 0000000000000016
8848.2 31D 8 000000000000001F
8849.4 5EB 8 0000000000000007
8850.6 5EC 8 000000000000000F
8851.7 66B 8 7700000000000000
8864.0 66C 8 DF09000000000000
8865.2 444 8 0000000000000005
8879.3 6C0 7 04030500000000
8880.5 3F1 8 0000000000000000
8881.7 663 8 7314000E00AA0000
8885.0 31C 8 00000000800084F3
8895.1 31D 8 000000000000001F
8896.3 6AB 8 00000000000000A0
8897.3 38C 8 000000000000007F
8898.5 38D 8 00000000000000E5
8910.7 39C 8 FF6F000000000000
8912.2 3C3 8 FF00000000000000
8913.5 444 8 0000000000000005
8926.4 537 8 8080808080800000
8927.7 538 8 8080008080000080
8941.9 31C 8 00000000800084F3
8943.0 31D 8 000000000000001F
8973.2 444 8 0000000000000005
8989.1 3F1 8 0000000000000000
8990.2 663 8 7314000E00AA0000
8991.3 31C 8 00000000800084F3
8992.4 31D 8 000000000000001F
8993.6 38C 8 000000000000007F
9004.2 38D 8 00000000000000E5
9005.5 39C 8 FF6F000000000000
9006.6 3C3 8 FF00000000000000
9020.2 444 8 0000000000000005
9035.5 523 8 CD1F7770450E0B02
9036.7 52E 5 603F000000
9037.8 31C 8 00000000800084F3
9038.9 31D 8 000000000000001F
9040.0 539 8 20020000FE010000
9041.1 541 8 0000000000000000
9067.2 444 8 0000000000000005
9082.7 6C0 7 04030500000000
9084.0 3F1 8 0000000000000000
9085.3 663 8 7314000E00AA0000
9086.4 31C 8 00000000800084F3
9098.2 31D 8 000000000000001F
9099.3 6AB 8 00000000000000A0
9100.4 38C 8 000000000000007F
9101.5 38D 8 00000000000000E5
9114.1 39C 8 FF6F000000000000
9119.8 3C3 8 FF00000000000000
9120.9 444 8 0000000000000005
9122.0 537 8 8080808080800000
9129.2 538 8 8080008080000080
9130.6 31C 8 00000000800084F3
9145.1 31D 8 000000000000001F
9160.7 444 8 0000000000000005
9176.7 3F1 8 0000000000000000
9178.1 663 8 7314000E00AA0000
9192.0 31C 8 00000000800084F3
9193.2 31D 8 000000000000001F
9194.4 38C 8 000000000000007F
9207.6 38D 8 00000000000000E5
9208.9 39C 8 FF6F000000000000
9210.0 3C3 8 FF00000000000000
9223.2 444 8 0000000000000005
9239.2 31C 8 00000000800084F3
9241.2 31D 8 000000000000001F
9270.3 444 8 0000000000000005
9285.5 6C0 7 04030500000000
9286.8 3F1 8 0000000000000000
9288.1 484 8 0000000000000000
9289.3 523 8 CD1F7770450E0B02
9290.6 52E 5 603F000000
9291.8 585 8 902C00000000003F
9293.1 64C 2 0011
9294.3 663 8 7314000E00AA0000
9295.5 6B2 8 FFFEFF0F88000040
9296.7 31C 8 00000000800084F3
9298.0 31D 8 000000000000001F
9299.3 5FB 8 000000000000007E
9300.6 539 8 20020000FE010000
9302.1 541 8 0000000000000000
9317.0 5FA 8 000000000000F8FF
9318.3 6AB 8 00000000000000A0
9319.6 38C 8 000000000000007F
9320.9 38D 8 00000000000000E5
9323.4 3F1 8 0002000000000000
9324.6 39C 8 FF6F000000000000
9325.9 3C3 8 FF00000000000000
9327.1 444 8 0000000000000005
9328.4 537 8 8080808080800000
9332.7 538 8 8080008080000080
9334.2 31C 8 00000000800084F3
9335.5 5EA 8 0000000000000016
9348.3 31D 8 000000000000001F
9349.5 5EB 8 0000000000000007
9350.8 5EC 8 000000000000000F
9352.0 66B 8 7700000000000000
9364.0 66C 8 DF09000000000000
9365.3 444 8 0000000000000005
9379.3 3F1 8 0002000000000000
9380.6 663 8 7314000E00AA0000
9381.9 31C 8 00000000800084F3
9395.2 31D 8 000000000000001F
9396.5 38C 8 000000000000007F
9397.7 38D 8 00000000000000E5
9410.8 39C 8 FF6F000000000000
9412.1 3C3 8 FF00000000000000
9413.3 444 8 0000000000000005
9442.0 31C 8 00000000800084F3
9443.4 31D 8 000000000000001F
9473.3 444 8 0000000000000005
9489.0 6C0 7 04030500000000
9490.3 3F1 8 0002000000000000
9491.7 663 8 7314000E00AA0000
9493.0 31C 8 00000000800084F3
9494.2 31D 8 000000000000001F
9495.6 6AB 8 00000000000000A0
9497.0 38C 8 000000000000007F
9504.2 38D 8 00000000000000E5
9505.6 39C 8 FF6F000000000000
9506.8 3C3 8 FF00000000000000
9520.1 444 8 0000000000000005
9521.4 537 8 8080808080800000
9524.1 538 8 8080008080000080
9535.5 523 8 CD1F7770450E0B02
9536.8 52E 5 603F000000
9538.0 31C 8 00000000800084F3
9539.2 31D 8 000000000000001F
9540.4 539 8 20020000FE010000
9541.6 541 8 0000000000000000
9567.0 444 8 0000000000000005
9582.7 3F1 8 0002000000000000
9583.9 663 8 7314000E00AA0000
9585.1 31C 8 00000000800084F3
9598.3 31D 8 000000000000001F
9601.2 38C 8 000000000000007F
9603.1 38D 8 00000000000000E5
9614.1 39C 8 FF6F000000000000
9615.3 3C3 8 FF00000000000000
9616.4 444 8 0000000000000005
9629.5 31C 8 00000000800084F3
9645.2 31D 8 000000000000001F
9660.7 444 8 0000000000000005
9676.8 6C0 7 04030500000000
9678.1 3F1 8 0002000000000000
9679.3 663 8 7314000E00AA0000
9692.0 31C 8 00000000800084F3
9693.3 31D 8 000000000000001F
9694.6 6AB 8 00000000000000A0
9695.8 38C 8 000000000000007F
9707.8 38D 8 00000000000000E5
9709.0 39C 8 FF6F000000000000
9710.5 3C3 8 FF00000000000000
9723.3 444 8 0000000000000005
9724.4 537 8 8080808080800000
9725.5 538 8 8080008080000080
9738.9 31C 8 00000000800084F3
9740.0 31D 8 000000000000001F
9770.1 444 8 0000000000000005
9785.6 3F1 8 0002000000000000
9788.4 484 8 0000000000000000
9789.8 523 8 CD1F7770450E0B02
9790.9 52E 5 603F000000
9792.0 663 8 7314000E00AA0000
9793.1 31C 8 00000000800084F3
9794.7 31D 8 000000000000001F
9795.8 539 8 20020000FE010000
9796.9 541 8 0000000000000000
9801.5 38C 8 000000000000007F
9802.6 38D 8 00000000000000E5
9803.8 39C 8 FF6F000000000000
9817.0 3C3 8 FF00000000000000
9818.1 444 8 0000000000000005
9832.8 31C 8 00000000800084F3
9834.1 5EA 8 0000000000000016
9848.3 31D 8 000000000000001F
9849.4 5EB 8 0000000000000007
9850.5 5EC 8 000000000000000F
9851.6 66B 8 7700000000000000
9863.9 66C 8 DF09000000000000
9865.2 444 8 0000000000000005
9879.3 6C0 7 04030500000000
9880.7 3F1 8 0002000000000000
9881.8 663 8 7314000E00AA0000
9882.9 31C 8 00000000800084F3
9895.1 31D 8 000000000000001F
9896.5 6AB 8 00000000000000A0
9897.6 38C 8 000000000000007F
9899.0 38D 8 00000000000000E5
9910.7 39C 8 FF6F000000000000
9911.9 3C3 8 FF00000000000000
9913.0 444 8 0000000000000005
9926.2 537 8 8080808080800000
9927.4 538 8 8080008080000080
9942.0 31C 8 00000000800084F3
9943.3 31D 8 000000000000001F
9973.3 444 8 0000000000000005
9989.1 3F1 8 0002000000000000
9991.6 663 8 7314000E00AA0000
9992.8 31C 8 00000000800084F3
9994.1 31D 8 000000000000001F
9995.3 38C 8 000000000000007F
10004.3 38D 8 00000000000000E5
10005.4 39C 8 FF6F000000000000
10006.5 3C3 8 FF00000000000000
10020.1 444 8 0000000000000005
10035.5 523 8 CD1F7770450E0B02
10036.9 52E 5 603F000000
10038.0 31C 8 00000000800084F3
10039.2 31D 8 000000000000001F
10040.2 539 8 20020000FE010000
10041.3 541 8 0000000000000000
10067.0 444 8 0000000000000005
10082.8 6C0 7 04030500000000
10084.1 3F1 8 0002000000000000
10085.2 663 8 7314000E00AA0000
10086.3 31C 8 00000000800084F3
10098.3 31D 8 000000000000001F
10099.6 6AB 8 00000000000000A0
10100.8 38C 8 000000000000007F
10101.9 38D 8 00000000000000E5
10114.1 39C 8 FF6F000000000000
10115.3 3C3 8 FF00000000000000
10116.5 444 8 0000000000000005
10117.6 537 8 8080808080800000
10129.3 538 8 8080008080000080
10130.4 31C 8 00000000800084F3
10145.3 31D 8 000000000000001F
10160.7 444 8 0000000000000005
10176.6 3F1 8 0002000000000000
10177.8 663 8 7314000E00AA0000
10192.1 31C 8 00000000800084F3
10193.3 31D 8 000000000000001F
10194.3 38C 8 000000000000007F
10207.7 38D 8 00000000000000E5
10210.5 39C 8 FF6F000000000000
10211.6 3C3 8 FF00000000000000
10223.3 444 8 0000000000000005
10239.2 31C 8 00000000800084F3
10240.6 31D 8 000000000000001F
10270.1 444 8 0000000000000005
10285.6 6C0 7 04030500000000
10288.1 3F1 8 0002000000000000
10289.4 484 8 0000000000000000
10290.6 523 8 CD1F7770450E0B02
10291.8 52E 5 603F000000
10292.9 585 8 902C00000000003F
10294.1 64C 2 0011
10295.4 663 8 7314000E00AA0000
10296.5 6B2 8 FFFEFF0F88008040
10297.5 31C 8 00000000800084F3
10298.7 31D 8 000000000000001F
10299.8 5FB 8 000000000000007E
10300.8 539 8 20020000FE010000
10316.9 541 8 0000000000000000
10318.2 5FA 8 000000000000F8FF
10319.3 6AB 8 00000000000000A0
10320.5 38C 8 000000000000007F
10321.6 38D 8 00000000000000E5
10322.7 39C 8 FF6F000000000000
10323.8 3C3 8 FF00000000000000
10324.9 444 8 0000000000000005
10325.9 537 8 8080808080800000
10332.6 538 8 8080008080000080
10333.8 31C 8 00000000800084F3
10334.9 5EA 8 0000000000000016
10348.2 31D 8 000000000000001F
10349.4 5EB 8 0000000000000007
10350.6 5EC 8 000000000000000F
10351.7 66B 8 7700000000000000
10363.9 66C 8 DF09000000000000
10365.1 444 8 0000000000000005
10379.2 3F1 8 0002000000000000
10380.4 663 8 7314000E00AA0000
10382.0 31C 8 00000000800084F3
10395.3 31D 8 000000000000001F
10396.4 38C 8 000000000000007F
10397.5 38D 8 00000000000000E5
10410.8 39C 8 FF6F000000000000
10411.9 3C3 8 FF00000000000000
10413.0 444 8 0000000000000005
10442.0 31C 8 00000000800084F3
10443.1 31D 8 000000000000001F
10473.3 444 8 0000000000000005
10489.3 6C0 7 04030500000000
10490.6 3F1 8 0002000000000000
10491.7 663 8 7314000E00AA0000
10492.9 31C 8 00000000800084F3
10494.1 31D 8 000000000000001F
10495.3 6AB 8 00000000000000A0
10496.4 38C 8 000000000000007F
10504.4 38D 8 00000000000000E5
10505.5 39C 8 FF6F000000000000
10506.6 3C3 8 FF00000000000000
10520.2 444 8 0000000000000005
10521.3 537 8 8080808080800000
10522.4 538 8 8080008080000080
10535.6 523 8 CD1F7770450E0B02
10537.0 52E 5 603F000000
10538.2 31C 8 00000000800084F3
10539.3 31D 8 000000000000001F
10540.4 539 8 20020000FE010000
10541.5 541 8 0000000000000000
10567.0 444 8 0000000000000005
10582.7 3F1 8 0002000000000000
10583.9 663 8 7314000E00AA0000
10585.1 31C 8 00000000800084F3
10598.3 31D 8 000000000000001F
10599.5 38C 8 000000000000007F
10600.6 38D 8 00000000000000E5
10615.9 39C 8 FF6F000000000000
10617.8 3C3 8 FF00000000000000
10618.9 444 8 0000000000000005
10629.3 31C 8 00000000800084F3
10645.4 31D 8 000000000000001F
10660.8 444 8 0000000000000005
10676.5 6C0 7 04030500000000
10677.7 3F1 8 0002000000000000
10678.9 663 8 7314000E00AA0000
10692.0 31C 8 00000000800084F3
10693.2 31D 8 000000000000001F
10694.5 6AB 8 00000000000000A0
10695.6 38C 8 000000000000007F
10707.7 38D 8 00000000000000E5
10708.9 39C 8 FF6F000000000000
10710.2 3C3 8 FF00000000000000
10723.5 444 8 0000000000000005
10724.7 537 8 8080808080800000
10725.8 538 8 8080008080000080
10739.0 31C 8 00000000800084F3
10740.1 31D 8 000000000000001F
10770.3 444 8 0000000000000005
10785.8 3F1 8 0002000000000000
10787.4 484 8 0000000000000000
10788.5 523 8 CD1F7770450E0B02
10789.8 52E 5 603F000000
10791.0 663 8 7314000E00AA0000
10792.1 31C 8 00000000800084F3
10793.2 31D 8 000000000000001F
10794.4 539 8 20020000FE010000
10795.5 541 8 0000000000000000
10801.5 38C 8 000000000000007F
10802.7 38D 8 00000000000000E5
10803.8 39C 8 FF6F000000000000
10817.1 3C3 8 FF00000000000000
10818.2 444 8 0000000000000005
10832.6 31C 8 00000000800084F3
10834.0 5EA 8 0000000000000016
10848.2 31D 8 000000000000001F
10849.5 5EB 8 0000000000000007
10850.5 5EC 8 000000000000000F
10851.6 66B 8 7700000000000000
10863.9 66C 8 DF09000000000000
10865.1 444 8 0000000000000005
10879.2 6C0 7 04030500000000
10880.5 3F1 8 0002000000000000
10881.5 663 8 7314000E00AA0000
10882.6 31C 8 00000000800084F3
10895.1 31D 8 000000000000001F
10896.3 6AB 8 00000000000000A0
10897.3 38C 8 000000000000007F
10898.4 38D 8 00000000000000E5
10910.7 39C 8 FF6F000000000000
10911.9 3C3 8 FF00000000000000
10913.0 444 8 0000000000000005
10926.4 537 8 8080808080800000
10927.6 538 8 8080008080000080
10942.1 31C 8 00000000800084F3
10943.3 31D 8 000000000000001F
10973.3 444 8 0000000000000005
10989.2 3F1 8 0002000000000000
10990.6 663 8 7314000E00AA0000
10991.7 31C 8 00000000800084F3
10992.7 31D 8 000000000000001F
11004.3 38C 8 000000000000007F
11005.6 38D 8 00000000000000E5
11006.6 39C 8 FF6F000000000000
11007.7 3C3 8 FF00000000000000
11020.1 444 8 0000000000000005
11035.8 523 8 CD1F7770450E0B02
11037.1 52E 5 603F000000
11038.2 31C 8 00000000800084F3
11039.3 31D 8 000000000000001F
11040.4 539 8 21020000FE010000
11041.6 541 8 0000000000000000
11066.9 444 8 0000000000000005
11082.6 6C0 7 04030500000000
11083.9 3F1 8 0002000000000000
11085.1 663 8 7314000E00AA0000
11086.3 31C 8 00000000800084F3
11098.3 31D 8 000000000000001F
11099.7 6AB 8 00000000000000A0
11100.8 38C 8 000000000000007F
11101.8 38D 8 00000000000000E5
11114.2 39C 8 FF6F000000000000
11115.7 3C3 8 FF00000000000000
11116.8 444 8 0000000000000005
11118.1 537 8 8080808080800000
11129.3 538 8 8080008080000080
11130.7 31C 8 00000000800084F3
11145.1 31D 8 000000000000001F
11160.9 444 8 0000000000000005
11176.5 3F1 8 0002000000000000
11177.7 663 8 7314000E00AA0000
11191.9 31C 8 00000000800084F3
11193.1 31D 8 000000000000001F
11194.2 38C 8 000000000000007F
11207.7 38D 8 00000000000000E5
11209.0 39C 8 FF6F000000000000
11210.1 3C3 8 FF00000000000000
11223.3 444 8 0000000000000005
11239.2 31C 8 00000000800084F3
11240.7 31D 8 000000000000001F
11270.2 444 8 0000000000000005
11286.2 6C0 7 04030500000000
11289.2 3F1 8 0002000000000000
11291.9 484 8 0000000000000000
11293.3 523 8 CD1F7770450E0B02
11294.4 52E 5 603F000000
11295.5 585 8 902C00000000003F
11296.6 64C 2 0011
11297.7 663 8 7314000E00AA0000
11300.3 6B2 8 FFFEFF0F88000041
11301.5 31C 8 00000000800084F3
11302.6 31D 8 000000000000001F
11303.7 5FB 8 000000000000007E
11304.7 539 8 21020000FE010000
11305.8 541 8 0000000000000000
11317.1 5FA 8 000000000000F8FF
11318.3 6AB 8 00000000000000A0
11319.4 38C 8 000000000000007F
11320.6 38D 8 00000000000000E5
11321.7 39C 8 FF6F000000000000
11322.8 3C3 8 FF00000000000000
11323.9 444 8 0000000000000005
11325.0 537 8 8080808080800000
11332.6 538 8 8080008080000080
11333.8 31C 8 00000000800084F3
11335.0 5EA 8 0000000000000016
11348.2 31D 8 000000000000001F
11349.6 5EB 8 0000000000000007
11350.6 5EC 8 000000000000000F
11351.8 66B 8 7700000000000000
11363.9 66C 8 DF09000000000000
11365.1 444 8 0000000000000005
11379.3 3F1 8 0002000000000000
11380.4 663 8 7314000E00AA0000
11381.4 31C 8 00000000800084F3
11395.2 31D 8 000000000000001F
11396.6 38C 8 000000000000007F
11397.7 38D 8 00000000000000E5
11410.7 39C 8 FF6F000000000000
11411.9 3C3 8 FF00000000000000
11413.0 444 8 0000000000000005
11442.0 31C 8 00000000800084F3
11443.2 31D 8 000000000000001F
11473.2 444 8 0000000000000005
11489.1 6C0 7 04030500000000
11490.4 3F1 8 0002000000000000
11491.5 663 8 7314000E00AA0000
11493.1 31C 8 00000000800084F3
11494.3 31D 8 000000000000001F
11495.5 6AB 8 00000000000000A0
11504.2 38C 8 000000000000007F
11505.5 38D 8 00000000000000E5
11506.6 39C 8 FF6F000000000000
11507.7 3C3 8 FF00000000000000
11520.1 444 8 0000000000000005
11521.3 537 8 8080808080800000
11522.4 538 8 8080008080000080
11535.8 523 8 CD1F7770450E0B02
11537.0 52E 5 603F000000
11538.1 31C 8 00000000800084F3
11539.1 31D 8 000000000000001F
11540.2 539 8 21020000FE010000
11541.3 541 8 0000000000000000
11567.6 444 8 0000000000000005
11583.6 3F1 8 0002000000000000
11584.9 663 8 7314000E00AA0000
11586.1 31C 8 00000000800084F3
11599.1 31D 8 000000000000001F
11600.3 38C 8 000000000000007F
11601.4 38D 8 00000000000000E5
11602.5 39C 8 FF6F000000000000
11615.0 3C3 8 FF00000000000000
11616.2 444 8 0000000000000005
11630.6 31C 8 00000000800084F3
11646.1 31D 8 000000000000001F
11661.8 444 8 0000000000000005
11677.4 6C0 7 04030500000000
11678.6 3F1 8 0002000000000000
11679.9 663 8 7314000E00AA0000
11693.0 31C 8 00000000800084F3
11694.1 31D 8 000000000000001F
11695.2 6AB 8 00000000000000A0
11696.2 38C 8 000000000000007F
11708.6 38D 8 00000000000000E5
11710.6 39C 8 FF6F000000000000
11711.6 3C3 8 FF00000000000000
11724.4 444 8 0000000000000005
11725.8 537 8 8080808080800000
11726.9 538 8 8080008080000080
11740.1 31C 8 00000000800084F3
11741.2 31D 8 000000000000001F
11771.1 444 8 0000000000000005
11786.7 3F1 8 0002000000000000
11788.0 484 8 0000000000000000
11789.2 523 8 CD1F7770450E0B02
11790.4 52E 5 603F000000
11791.6 663 8 7314000E00AA0000
11792.6 31C 8 00000000800084F3
11793.8 31D 8 000000000000001F
11794.9 539 8 21020000FE010000
11795.9 541 8 0000000000000000
11802.4 38C 8 000000000000007F
11803.6 38D 8 00000000000000E5
11805.0 39C 8 FF6F000000000000
11818.2 3C3 8 FF00000000000000
11819.3 444 8 0000000000000005
11833.8 31C 8 00000000800084F3
11835.1 5EA 8 0000000000000016
11849.2 31D 8 000000000000001F
11850.4 5EB 8 0000000000000007
11851.5 5EC 8 000000000000000F
11852.6 66B 8 7700000000000000
11853.7 66C 8 DF09000000000000
11864.9 444 8 0000000000000005
11880.6 6C0 7 04030500000000
11881.7 3F1 8 0002000000000000
11882.8 663 8 7314000E00AA0000
11883.9 31C 8 00000000800084F3
11896.1 31D 8 000000000000001F
11897.3 6AB 8 00000000000000A0
11898.5 38C 8 000000000000007F
11899.7 38D 8 00000000000000E5
11911.7 39C 8 FF6F000000000000
11912.9 3C3 8 FF00000000000000
11914.1 444 8 0000000000000005
11927.4 537 8 8080808080800000
11928.6 538 8 8080008080000080
11942.9 31C 8 00000000800084F3
11944.1 31D 8 000000000000001F
11974.3 444 8 0000000000000005
11989.7 3F1 8 0002000000000000
11990.9 663 8 7314000E00AA0000
11991.9 31C 8 00000000800084F3
11993.0 31D 8 000000000000001F
11994.2 38C 8 000000000000007F
12005.5 38D 8 00000000000000E5
12006.6 39C 8 FF6F000000000000
12007.7 3C3 8 FF00000000000000
12021.2 444 8 0000000000000005
12036.5 523 8 CD1F7770450E0B02
12037.7 52E 5 603F000000
12038.8 31C 8 00000000800084F3
12039.9 31D 8 000000000000001F
12041.0 539 8 21020000FE010000
12042.1 541 8 0000000000000000
12068.1 444 8 0000000000000005
12083.8 6C0 7 04030500000000
12085.2 3F1 8 0002000000000000
12086.5 663 8 7314000E00AA0000
12087.6 31C 8 00000000800084F3
12088.8 31D 8 000000000000001F
12099.4 6AB 8 00000000000000A0
12100.9 38C 8 000000000000007F
12102.1 38D 8 00000000000000E5
12103.2 39C 8 FF6F000000000000
12115.0 3C3 8 FF00000000000000
12116.2 444 8 0000000000000005
12117.4 537 8 8080808080800000
12130.6 538 8 8080008080000080
12132.6 31C 8 00000000800084F3
12146.2 31D 8 000000000000001F
12161.8 444 8 0000000000000005
12177.5 3F1 8 0002000000000000
12178.7 663 8 7314000E00AA0000
12193.1 31C 8 00000000800084F3
12194.3 31D 8 000000000000001F
12195.5 38C 8 000000000000007F
12208.6 38D 8 00000000000000E5
12209.7 39C 8 FF6F000000000000
12210.8 3C3 8 FF00000000000000
12224.3 444 8 0000000000000005
12240.4 31C 8 00000000800084F3
12241.9 31D 8 000000000000001F
12271.2 444 8 0000000000000005
12286.6 6C0 7 04030100000000
12287.8 3F1 8 0002000000000000
12289.0 484 8 0000000000000000
12290.3 523 8 CD1F7770450E0B02
12291.4 52E 5 603F000000
12292.5 585 8 902C00000000003F
12293.7 64C 2 0011
12294.8 663 8 7314000E00AA0000
12295.9 6B2 8 FFFEFF0F88008041
12297.1 31C 8 00000000800084F3
12298.2 31D 8 000000000000001F
12299.4 5FB 8 000000000000007E
12300.6 539 8 21020000FE010000
12301.7 541 8 0000000000000000
12303.0 5FA 8 000000000000F8FF
12318.1 6AB 8 00000000000000A0
12319.2 38C 8 000000000000007F
12320.3 38D 8 00000000000000E5
12321.4 39C 8 FF6F000000000000
12322.6 3C3 8 FF00000000000000
12323.7 444 8 0000000000000005
12324.8 537 8 8080808080800000
12335.5 538 8 8080008080000080
12336.7 31C 8 00000000800084F3
12337.8 5EA 8 0000000000000016
12349.4 31D 8 000000000000001F
12350.7 5EB 8 0000000000000007
12351.8 5EC 8 000000000000000F
12352.8 66B 8 7700000000000000
12353.8 66C 8 DF09000000000000
12364.9 444 8 0000000000000005
12380.5 3F1 8 0002000000000000
12382.1 663 8 7314000E00AA0000
12383.3 31C 8 00000000800084F3
12396.2 31D 8 000000000000001F
12397.3 38C 8 000000000000007F
12398.4 38D 8 00000000000000E5
12411.7 39C 8 FF6F000000000000
12412.9 3C3 8 FF00000000000000
12414.0 444 8 0000000000000005
12443.0 31C 8 00000000800084F3
12444.1 31D 8 000000000000001F
12474.4 444 8 0000000000000005
12489.7 6C0 7 04030100000000
12491.0 3F1 8 0002000000000000
12492.1 663 8 7B14000E00AA0000
12493.2 31C 8 00000000800084F3
12494.4 31D 8 000000000000001F
12495.5 6AB 8 00000000000000A0
12496.5 38C 8 000000000000007F
12505.7 38D 8 00000000000000E5
12507.1 39C 8 FF6F000000000000
12508.3 3C3 8 FF00000000000000
12521.1 444 8 0000000000000005
12522.3 537 8 8080808080800000
12523.5 538 8 8080008080000080
12536.5 523 8 CD1F7770450E0B02
12537.7 52E 5 603F000000
12539.0 31C 8 00000000800084F3
12540.1 31D 8 000000000000001F
12541.8 539 8 21020000FE010000
12542.9 541 8 0000000000000000
12568.0 444 8 0000000000000005
12583.7 3F1 8 0002000000000000
12585.1 663 8 7B14000E00AA0000
12586.2 31C 8 00000000800084F3
12599.2 31D 8 000000000000001F
12600.5 38C 8 000000000000007F
12601.6 38D 8 00000000000000E5
12602.7 39C 8 FF6F000000000000
12614.9 3C3 8 FF00000000000000
12616.1 444 8 0000000000000005
12630.4 31C 8 00000000800084F3
12646.1 31D 8 000000000000001F
12661.9 444 8 0000000000000005
12677.6 6C0 7 04030100000000
12678.9 3F1 8 0002000000000000
12680.2 663 8 7B14000E00AA0000
12693.0 31C 8 00000000800084F3
12694.5 31D 8 000000000000001F
12695.7 6AB 8 00000000000000A0
12696.8 38C 8 000000000000007F
12708.6 38D 8 00000000000000E5
12709.8 39C 8 FF6F000000000000
12710.9 3C3 8 FF00000000000000
12724.2 444 8 0000000000000005
12725.4 537 8 8080808080800000
12726.5 538 8 8080008080000080
12739.9 31C 8 00000000800084F3
12741.1 31D 8 000000000000001F
12771.1 444 8 0000000000000005
12786.5 3F1 8 0002000000000000
12787.7 484 8 0000000000000000
12788.9 523 8 CD1F7770450E0B02
12790.2 52E 5 603F000000
12791.3 663 8 7B14000E00AA0000
12792.4 31C 8 00000000800084F3
12794.1 31D 8 000000000000001F
12795.8 539 8 21020000FE010000
12797.2 541 8 0000000000000000
12802.4 38C 8 000000000000007F
12803.6 38D 8 00000000000000E5
12804.7 39C 8 FF6F000000000000
12818.1 3C3 8 FF00000000000000
12819.3 444 8 0000000000000005
12833.3 31C 8 00000000800084F3
12834.7 5EA 8 0000000000000016
12849.2 31D 8 000000000000001F
12850.5 5EB 8 0000000000000007
12851.6 5EC 8 000000000000000F
12852.8 66B 8 7700000000000000
12853.8 66C 8 DF09000000000000
12864.9 444 8 0000000000000005
12880.5 6C0 7 04030100000000
12881.6 3F1 8 0002000000000000
12882.7 663 8 7B14000E00AA0000
12883.8 31C 8 00000000800084F3
12896.2 31D 8 000000000000001F
12897.4 6AB 8 00000000000000A0
12898.5 38C 8 000000000000007F
12899.6 38D 8 00000000000000E5
12911.8 39C 8 FF6F000000000000
12913.0 3C3 8 FF00000000000000
12914.1 444 8 0000000000000005
12927.5 537 8 8080808080800000
12929.0 538 8 8080008080000080
12943.0 31C 8 00000000800084F3
12944.1 31D 8 000000000000001F
12974.2 444 8 0000000000000005
12989.7 3F1 8 0002000000000000
12990.9 663 8 7B14000E00AA0000
12992.1 31C 8 00000000800084F3
12993.3 31D 8 000000000000001F
12994.4 38C 8 000000000000007F
13005.6 38D 8 00000000000000E5
13006.7 39C 8 FF6F000000000000
13007.8 3C3 8 FF00000000000000
13021.1 444 8 0000000000000005
13036.6 523 8 CD1F7770450E0B02
13037.8 52E 5 603F000000
13038.9 31C 8 00000000800084F3
13040.1 31D 8 000000000000001F
13041.1 539 8 21020000FE010000
13042.1 541 8 0000000000000000
13068.0 444 8 0000000000000005
13083.7 6C0 7 04030100000000
13085.0 3F1 8 0002000000000000
13086.2 663 8 7B14000E00AA0000
13087.5 31C 8 00000000800084F3
13099.4 31D 8 000000000000001F
13100.9 6AB 8 00000000000000A0
13102.0 38C 8 000000000000007F
13103.1 38D 8 00000000000000E5
13104.1 39C 8 FF6F000000000000
13114.7 3C3 8 FF00000000000000
13115.8 444 8 0000000000000005
13117.0 537 8 8080808080800000
13130.5 538 8 8080008080000080
13131.7 31C 8 00000000800084F3
13146.1 31D 8 000000000000001F
13161.9 444 8 0000000000000005
13177.4 3F1 8 0002000000000000
13178.6 663 8 7B14000E00AA0000
13193.0 31C 8 00000000800084F3
13194.1 31D 8 000000000000001F
13195.2 38C 8 000000000000007F
13208.6 38D 8 00000000000000E5
13209.9 39C 8 FF6F000000000000
13211.0 3C3 8 FF00000000000000
13224.2 444 8 0000000000000005
13240.1 31C 8 00000000800084F3
13242.5 31D 8 000000000000001F
13270.9 444 8 0000000000000005
13286.5 6C0 7 04030100000000
13287.9 3F1 8 0002000000000000
13289.1 484 8 0000000000000000
13290.4 523 8 CD1F7770450E0B02
13291.7 52E 5 603F000000
13292.9 585 8 902C00000000003F
13294.2 64C 2 0011
13295.5 663 8 7B14000E00AA0000
13296.7 6B2 8 FFFEFF0F880000C2
13298.0 31C 8 00000000800084F3
13299.2 31D 8 000000000000001F
13300.4 5FB 8 000000000000007E
13301.8 539 8 21020000FE010000
13303.2 541 8 0000000000000000
13318.2 5FA 8 000000000000F8FF
13319.5 6AB 8 00000000000000A0
13320.7 38C 8 000000000000007F
13321.9 38D 8 00000000000000E5
13323.1 39C 8 FF6F000000000000
13324.3 3C3 8 FF00000000000000
13325.5 444 8 0000000000000005
13326.8 537 8 8080808080800000
13333.8 538 8 8080008080000080
13335.1 31C 8 00000000800084F3
13336.4 5EA 8 0000000000000016
13337.6 31D 8 000000000000001F
13349.3 5EB 8 0000000000000007
13350.5 5EC 8 000000000000000F
13351.7 66B 8 7700000000000000
13352.9 66C 8 DF09000000000000
13365.0 444 8 0000000000000005
13380.5 3F1 8 0002000000000000
13381.8 663 8 7B14000E00AA0000
13383.1 31C 8 00000000800084F3
13396.2 31D 8 000000000000001F
13397.5 38C 8 000000000000007F
13399.4 38D 8 00000000000000E5
13411.8 39C 8 FF6F000000000000
13413.2 3C3 8 FF00000000000000
13414.5 444 8 0000000000000005
13443.2 31C 8 00000000800084F3
13444.5 31D 8 000000000000001F
13474.2 444 8 0000000000000005
13489.6 6C0 7 04030100000000
13490.9 3F1 8 0002000000000000
13492.1 663 8 7B14000E00AA0000
13493.3 31C 8 00000000800084F3
13494.6 31D 8 000000000000001F
13495.9 6AB 8 00000000000000A0
13497.2 38C 8 000000000000007F
13505.5 38D 8 00000000000000E5
13506.9 39C 8 FF6F000000000000
13508.2 3C3 8 FF00000000000000
13521.2 444 8 0000000000000005
13522.6 537 8 8080808080800000
13523.7 538 8 8080008080000080
13536.5 523 8 CD1F7770450E0B02
13537.8 52E 5 603F000000
13539.0 31C 8 00000000800084F3
13540.2 31D 8 000000000000001F
13541.4 539 8 21020000FE010000
13542.7 541 8 0000000000000000
13568.0 444 8 0000000000000005
13583.6 3F1 8 0002000000000000
13585.0 663 8 7B14000E00AA0000
13586.0 31C 8 00000000800084F3
13599.2 31D 8 000000000000001F
13600.5 38C 8 000000000000007F
13601.6 38D 8 00000000000000E5
13602.8 39C 8 FF6F000000000000
13614.9 3C3 8 FF00000000000000
13616.1 444 8 0000000000000005
13630.7 31C 8 00000000800084F3
13646.1 31D 8 000000000000001F
13661.8 444 8 0000000000000005
13677.4 6C0 7 04030100000000
13678.6 3F1 8 0002000000000000
13679.9 663 8 7B14000E00AA0000
13693.1 31C 8 00000000800084F3
13694.3 31D 8 000000000000001F
13695.4 6AB 8 00000000000000A0
13696.5 38C 8 000000000000007F
13708.5 38D 8 00000000000000E5
13709.9 39C 8 FF6F000000000000
13711.0 3C3 8 FF00000000000000
13724.2 444 8 0000000000000005
13725.4 537 8 8080808080800000
13726.5 538 8 8080008080000080
13739.9 31C 8 00000000800084F3
13741.1 31D 8 000000000000001F
13771.1 444 8 0000000000000005
13786.5 3F1 8 0002000000000000
13788.1 484 8 0000000000000000
13789.3 523 8 CD1F7770450E0B02
13790.3 52E 5 603F000000
13791.4 663 8 7B14000E00AA0000
13792.5 31C 8 00000000800084F3
13793.7 31D 8 000000000000001F
13794.8 539 8 21020000FE010000
13795.9 541 8 0000000000000000
13802.4 38C 8 000000000000007F
13803.7 38D 8 00000000000000E5
13805.0 39C 8 FF6F000000000000
13818.0 3C3 8 FF00000000000000
13819.2 444 8 0000000000000005
13833.4 31C 8 00000000800084F3
13834.6 5EA 8 0000000000000016
13849.3 31D 8 000000000000001F
13850.8 5EB 8 0000000000000007
13852.2 5EC 8 000000000000000F
13853.9 66B 8 7700000000000000
13855.0 66C 8 DF09000000000000
13865.0 444 8 0000000000000005
13880.5 6C0 7 04030100000000
13881.7 3F1 8 0002000000000000
13882.8 663 8 7B14000E00AA0000
13884.1 31C 8 00000000800084F3
13896.2 31D 8 000000000000001F
13897.3 6AB 8 00000000000000A0
13898.4 38C 8 000000000000007F
13899.7 38D 8 00000000000000E5
13911.8 39C 8 FF6F000000000000
13913.0 3C3 8 FF00000000000000
13914.2 444 8 0000000000000005
13927.6 537 8 8080808080800000
13928.8 538 8 8080008080000080
13943.0 31C 8 00000000800084F3
13944.2 31D 8 000000000000001F
13974.2 444 8 0000000000000005
13990.4 3F1 8 0002000000000000
13991.7 663 8 7B14000E00AA0000
13992.8 31C 8 00000000800084F3
13994.1 31D 8 000000000000001F
13995.4 38C 8 000000000000007F
14005.5 38D 8 00000000000000E5
14006.6 39C 8 FF6F000000000000
14007.7 3C3 8 FF00000000000000
14021.3 444 8 0000000000000005
14036.5 523 8 CD1F7770450E0B02
14037.9 52E 5 603F000000
14039.0 31C 8 00000000800084F3
14040.1 31D 8 000000000000001F
14041.3 539 8 21020000FE010000
14042.4 541 8 0000000000000000
14067.7 444 8 0000000000000005
14083.8 6C0 7 04030100000000
14085.1 3F1 8 0002000000000000
14086.9 663 8 7B14000E00AA0000
14088.0 31C 8 00000000800084F3
14099.3 31D 8 000000000000001F
14100.6 6AB 8 00000000000000A0
14102.0 38C 8 000000000000007F
14103.2 38D 8 00000000000000E5
14104.6 39C 8 FF6F000000000000
14115.2 3C3 8 FF00000000000000
14116.6 444 8 0000000000000005
14117.7 537 8 8080808080800000
14130.5 538 8 8080008080000080
14131.6 31C 8 00000000800084F3
14146.3 31D 8 000000000000001F
14161.7 444 8 0000000000000005
14177.5 3F1 8 0002000000000000
14178.7 663 8 7814000E00AA0000
14192.9 31C 8 00000000800084F3
14194.1 31D 8 000000000000001F
14195.3 38C 8 000000000000007F
14208.6 38D 8 00000000000000E5
14209.9 39C 8 FF6F000000000000
14211.0 3C3 8 FF00000000000000
14224.2 444 8 0000000000000005
14240.0 31C 8 00000000800084F3
14241.6 31D 8 000000000000001F
14271.1 444 8 0000000000000005
14286.6 6C0 7 04030100000000
14288.1 3F1 8 0002000000000000
14289.3 484 8 0000000000000000
14290.5 523 8 CD1F7770450E0B02
14291.6 52E 5 603F000000
14292.7 585 8 902C00000000003F
14293.8 64C 2 0011
14294.8 663 8 7814000E00AA0000
14295.9 6B2 8 FFFEFF0F880080C2
14297.0 31C 8 00000000800084F3
14298.6 31D 8 000000000000001F
14299.8 5FB 8 000000000000007E
14300.9 539 8 21020000FE010000
14317.9 541 8 0000000000000000
14319.2 5FA 8 000000000000F8FF
14320.5 6AB 8 00000000000000A0
14321.6 38C 8 000000000000007F
14322.7 38D 8 00000000000000E5
14323.8 39C 8 FF6F000000000000
14324.9 3C3 8 FF00000000000000
14326.0 444 8 0000000000000005
14327.2 537 8 8080808080800000
14333.6 538 8 8080008080000080
14334.9 31C 8 00000000800084F3
14336.0 5EA 8 0000000000000016
14349.3 31D 8 000000000000001F
14350.7 5EB 8 0000000000000007
14351.8 5EC 8 000000000000000F
14352.8 66B 8 7700000000000000
14353.9 66C 8 DF09000000000000
14365.0 444 8 0000000000000005
14380.5 3F1 8 0002000000000000
14381.7 663 8 7814000E00AA0000
14382.8 31C 8 00000000800084F3
14396.1 31D 8 000000000000001F
14397.3 38C 8 000000000000007F
14398.4 38D 8 00000000000000E5
14411.8 39C 8 FF6F000000000000
14413.0 3C3 8 FF00000000000000
14414.1 444 8 0000000000000005
14443.1 31C 8 00000000800084F3
14444.2 31D 8 000000000000001F
14474.4 444 8 0000000000000005
14489.8 6C0 7 04030100000000
14491.0 3F1 8 0002000000000000
14492.1 663 8 7814000E00AA0000
14493.3 31C 8 00000000800084F3
14494.6 31D 8 000000000000001F
14496.3 6AB 8 00000000000000A0
14497.4 38C 8 000000000000007F
14505.5 38D 8 00000000000000E5
14506.6 39C 8 FF6F000000000000
14507.7 3C3 8 FF00000000000000
14521.2 444 8 0000000000000005
14523.1 537 8 8080808080800000
14525.0 538 8 8080008080000080
14536.9 523 8 CD1F7770450E0B02
14538.3 52E 5 603F000000
14539.4 31C 8 00000000800084F3
14540.5 31D 8 000000000000001F
14541.6 539 8 21020000FE010000
14542.7 541 8 0000000000000000
14568.0 444 8 0000000000000005
14583.6 3F1 8 0002000000000000
14585.0 663 8 7814000E00AA0000
14586.2 31C 8 00000000800084F3
14599.2 31D 8 000000000000001F
14600.6 38C 8 000000000000007F
14601.7 38D 8 00000000000000E5
14602.8 39C 8 FF6F000000000000
14614.9 3C3 8 FF00000000000000
14616.1 444 8 0000000000000005
14630.5 31C 8 00000000800084F3
14646.3 31D 8 000000000000001F
14661.8 444 8 0000000000000005
14677.5 6C0 7 04030100000000
14678.8 3F1 8 0002000000000000
14679.9 663 8 7814000E00AA0000
14693.0 31C 8 00000000800084F3
14694.2 31D 8 000000000000001F
14695.5 6AB 8 00000000000000A0
14696.6 38C 8 000000000000007F
14708.6 38D 8 00000000000000E5
14709.8 39C 8 FF6F000000000000
14711.5 3C3 8 FF00000000000000
14724.3 444 8 0000000000000005
14725.5 537 8 8080808080800000
14726.6 538 8 8080008080000080
14739.8 31C 8 00000000800084F3
14741.1 31D 8 000000000000001F
14771.1 444 8 0000000000000005
14786.9 3F1 8 0002000000000000
14788.2 484 8 0000000000000000
14789.3 523 8 CD1F7770450E0B02
14790.4 52E 5 603F000000
14791.4 663 8 7814000E00AA0000
14792.5 31C 8 00000000800084F3
14793.7 31D 8 000000000000001F
14794.9 539 8 21020000FE010000
14796.0 541 8 0000000000000000
14802.4 38C 8 000000000000007F
14803.6 38D 8 00000000000000E5
14804.8 39C 8 FF6F000000000000
14818.0 3C3 8 FF00000000000000
14819.2 444 8 0000000000000005
14833.9 31C 8 00000000800084F3
14835.5 5EA 8 0000000000000016
14836.6 31D 8 000000000000001F
14849.3 5EB 8 0000000000000007
14850.5 5EC 8 000000000000000F
14851.7 66B 8 7700000000000000
14852.8 66C 8 DF09000000000000
14865.1 444 8 0000000000000005
14880.5 6C0 7 04030100000000
14881.6 3F1 8 0002000000000000
14882.7 663 8 7814000E00AA0000
14883.9 31C 8 00000000800084F3
14896.2 31D 8 000000000000001F
14897.4 6AB 8 00000000000000A0
14898.5 38C 8 000000000000007F
14899.8 38D 8 00000000000000E5
14911.7 39C 8 FF6F000000000000
14912.9 3C3 8 FF00000000000000
14914.1 444 8 0000000000000005
14927.6 537 8 8080808080800000
14928.9 538 8 8080008080000080
14943.0 31C 8 00000000800084F3
14944.2 31D 8 000000000000001F
14959.0 444 8 0000000000000005
14989.8 3F1 8 0002000000000000
14991.0 663 8 7814000E00AA0000
14992.1 31C 8 00000000800084F3
14993.2 31D 8 000000000000001F
14994.5 38C 8 000000000000007F
15005.5 38D 8 00000000000000E5
15006.7 39C 8 FF6F000000000000
15007.8 3C3 8 FF00000000000000
15021.5 444 8 0000000000000005
15037.1 523 8 CD1F7770450E0B02
15038.6 52E 5 603F000000
15039.7 31C 8 00000000800084F3
15040.8 31D 8 000000000000001F
15042.0 539 8 21020000FE010000
15043.1 541 8 0000000000000000
15068.0 444 8 0000000000000005
15083.8 6C0 7 04030100000000
15085.1 3F1 8 0002000000000000
15086.2 663 8 7814000E00AA0000
15087.5 31C 8 00000000800084F3
15099.2 31D 8 000000000000001F
15100.5 6AB 8 00000000000000A0
15101.6 38C 8 000000000000007F
15102.7 38D 8 00000000000000E5
15103.9 39C 8 FF6F000000000000
15115.2 3C3 8 FF00000000000000
15116.7 444 8 0000000000000005
15117.8 537 8 8080808080800000
15130.5 538 8 8080008080000080
15132.3 31C 8 00000000800084F3
15146.1 31D 8 000000000000001F
15161.9 444 8 0000000000000005
15177.5 3F1 8 0002000000000000
15178.6 663 8 7814000E00AA0000
15193.1 31C 8 00000000800084F3
15194.4 31D 8 000000000000001F
15195.5 38C 8 000000000000007F
15209.4 38D 8 00000000000000E5
15211.1 39C 8 FF6F000000000000
15212.8 3C3 8 FF00000000000000
15224.4 444 8 0000000000000005
15240.0 31C 8 00000000800084F3
15241.4 31D 8 000000000000001F
15271.2 444 8 0000000000000005
15286.9 6C0 7 04030100000000
15288.2 3F1 8 0002000000000000
15289.3 484 8 0000000000000000
15290.5 523 8 CD1F7770450E0B02
15291.6 52E 5 603F000000
15292.7 585 8 902C00000000003F
15293.9 64C 2 0011
15295.0 663 8 7814000E00AA0000
15296.1 6B2 8 FFFEFF0F880000C3
15297.2 31C 8 00000000800084F3
15298.3 31D 8 000000000000001F
15299.5 5FB 8 000000000000007E
15300.7 539 8 21020000FE010000
15302.2 541 8 0000000000000000
15303.3 5FA 8 000000000000F8FF
15304.5 6AB 8 00000000000000A0
15305.5 38C 8 000000000000007F
15306.6 38D 8 00000000000000E5
15307.7 39C 8 FF6F000000000000
15318.0 3C3 8 FF00000000000000
15319.3 444 8 0000000000000005
15320.6 537 8 8080808080800000
15333.7 538 8 8080008080000080
15335.1 31C 8 00000000800084F3
15336.2 5EA 8 0000000000000016
15349.3 31D 8 000000000000001F
15350.6 5EB 8 0000000000000007
15351.7 5EC 8 000000000000000F
15352.7 66B 8 7700000000000000
15353.8 66C 8 DF09000000000000
15364.9 444 8 0000000000000005
15380.5 3F1 8 0002000000000000
15381.6 663 8 7814000E00AA0000
15382.7 31C 8 00000000800084F3
15396.1 31D 8 000000000000001F
15397.2 38C 8 000000000000007F
15398.3 38D 8 00000000000000E5
15411.7 39C 8 FF6F000000000000
15412.8 3C3 8 FF00000000000000
15414.0 444 8 0000000000000005
15443.1 31C 8 00000000800084F3
15444.2 31D 8 000000000000001F
15474.4 444 8 0000000000000005
15489.8 6C0 7 04030100000000
15491.0 3F1 8 0002000000000000
15492.2 663 8 7814000E00AA0000
15493.2 31C 8 00000000800084F3
15494.4 31D 8 000000000000001F
15495.5 6AB 8 00000000000000A0
15496.5 38C 8 000000000000007F
15505.5 38D 8 00000000000000E5
15506.7 39C 8 FF6F000000000000
15507.8 3C3 8 FF00000000000000
15521.2 444 8 0000000000000005
15523.2 537 8 8080808080800000
15525.2 538 8 8080008080000080
15536.9 523 8 CD1F7770450E0B02
15538.4 52E 5 603F000000
15539.5 31C 8 00000000800084F3
15541.2 31D 8 000000000000001F
15542.3 539 8 21020000FE010000
15552.8 541 8 0000000000000000
15567.9 444 8 0000000000000005
15583.6 3F1 8 0002000000000000
15585.0 663 8 7814000E00AA0000
15586.1 31C 8 00000000800084F3
15599.3 31D 8 000000000000001F
15600.5 38C 8 000000000000007F
15601.7 38D 8 00000000000000E5
15602.8 39C 8 FF6F000000000000
15615.0 3C3 8 FF00000000000000
15616.1 444 8 0000000000000005
15630.7 31C 8 00000000800084F3
15646.1 31D 8 000000000000001F
15662.1 444 8 0000000000000005
15677.6 6C0 7 04030100000000
15678.7 3F1 8 0002000000000000
15680.1 663 8 7814000E00AA0000
15693.0 31C 8 00000000800084F3
15694.3 31D 8 000000000000001F
15695.4 6AB 8 00000000000000A0
15696.5 38C 8 000000000000007F
15708.6 38D 8 00000000000000E5
15709.9 39C 8 FF6F000000000000
15711.0 3C3 8 FF00000000000000
15724.3 444 8 0000000000000005
15725.4 537 8 8080808080800000
15726.5 538 8 8080008080000080
15740.0 31C 8 00000000800084F3
15741.1 31D 8 000000000000001F
15771.3 444 8 0000000000000005
15787.0 3F1 8 0002000000000000
15788.3 484 8 0000000000000000
15789.6 523 8 CD1F7770450E0B02
15790.7 52E 5 603F000000
15792.4 663 8 7814000E00AA0000
15793.5 31C 8 00000000800084F3
15794.9 31D 8 000000000000001F
15796.0 539 8 21020000FE010000
15802.5 541 8 0000000000000000
15803.7 38C 8 000000000000007F
15805.0 38D 8 00000000000000E5
15806.1 39C 8 FF6F000000000000
15818.0 3C3 8 FF00000000000000
15819.1 444 8 0000000000000005
15833.6 31C 8 00000000800084F3
15835.0 5EA 8 0000000000000016
15849.2 31D 8 000000000000001F
15850.5 5EB 8 0000000000000007
15851.6 5EC 8 000000000000000F
15852.7 66B 8 7700000000000000
15853.9 66C 8 DF09000000000000
15865.1 444 8 0000000000000005
15880.7 6C0 7 04030100000000
15882.6 3F1 8 0002000000000000
15884.5 663 8 7814000E00AA0000
15886.3 31C 8 00000000800084F3
15896.1 31D 8 000000000000001F
15897.3 6AB 8 00000000000000A0
15898.4 38C 8 000000000000007F
15899.6 38D 8 00000000000000E5
15911.7 39C 8 FF6F000000000000
15912.9 3C3 8 FF00000000000000
15914.1 444 8 0000000000000005
15927.5 537 8 8080808080800000
15928.9 538 8 8080008080000080
15943.2 31C 8 00000000800084F3
15947.9 31D 8 000000000000001F
15978.8 444 8 0000000000000005
15980.2 3F1 8 0002000000000000
15981.4 663 8 7814000E00AA0000
15994.1 31C 8 00000000800084F3
15996.1 31D 8 000000000000001F
15997.2 38C 8 000000000000007F
15998.3 38D 8 00000000000000E5
16009.6 39C 8 FF6F000000000000
16010.8 3C3 8 FF00000000000000
16011.9 444 8 0000000000000005
16025.4 523 8 CD1F7770450E0B02
16026.7 52E 5 603F000000
16041.4 31C 8 00000000800084F3
16042.7 31D 8 000000000000001F
16043.8 539 8 21020000FE010000
16044.8 541 8 0000000000000000
16072.4 444 8 0000000000000005
16088.0 6C0 7 04030100000000
16089.3 3F1 8 0002000000000000
16090.6 663 8 7814000E00AA0000
16091.7 31C 8 00000000800084F3
16092.8 31D 8 000000000000001F
16094.0 6AB 8 00000000000000A0
16103.8 38C 8 000000000000007F
16105.1 38D 8 00000000000000E5
16106.3 39C 8 FF6F000000000000
16119.5 3C3 8 FF00000000000000
16121.0 444 8 0000000000000005
16122.2 537 8 8080808080800000
16123.3 538 8 8080008080000080
16134.8 31C 8 00000000800084F3
16135.9 31D 8 000000000000001F
16166.3 444 8 0000000000000005
16181.8 3F1 8 0002000000000000
16183.0 663 8 7814000E00AA0000
16184.2 31C 8 00000000800084F3
16197.4 31D 8 000000000000001F
16198.6 38C 8 000000000000007F
16199.9 38D 8 00000000000000E5
16213.0 39C 8 FF6F000000000000
16214.2 3C3 8 FF00000000000000
16215.8 444 8 0000000000000005
16244.4 31C 8 00000000800084F3
16245.8 31D 8 000000000000001F
16259.6 444 8 0000000000000005
16275.5 6C0 7 04030100000000
16277.0 3F1 8 0002000000000000
16278.2 484 8 0000000000000000
16291.3 523 8 CD1F7770450E0B02
16292.5 52E 5 603F000000
16293.6 585 8 902C00000000003F
16294.7 64C 2 0011
16295.9 663 8 7814000E00AA0000
16297.0 6B2 8 FFFEFF0F880080C3
16298.0 31C 8 00000000800084F3
16299.3 31D 8 000000000000001F
16300.4 5FB 8 000000000000007E
16301.5 539 8 21020000FE010000
16302.6 541 8 0000000000000000
16303.9 5FA 8 000000000000F8FF
16305.2 6AB 8 00000000000000A0
16306.3 38C 8 000000000000007F
16322.4 38D 8 00000000000000E5
16323.6 39C 8 FF6F000000000000
16324.7 3C3 8 FF00000000000000
16325.8 444 8 0000000000000005
16326.9 537 8 8080808080800000
16328.0 538 8 8080008080000080
16338.1 31C 8 00000000800084F3
16339.5 5EA 8 0000000000000016
16340.7 31D 8 000000000000001F
16341.8 5EB 8 0000000000000007
16353.7 5EC 8 000000000000000F
16354.9 66B 8 7700000000000000
16356.1 66C 8 DF09000000000000
16369.3 444 8 0000000000000005
16384.7 3F1 8 0002000000000000
16385.9 663 8 7814000E00AA0000
16387.6 31C 8 00000000800084F3
16388.8 31D 8 000000000000001F
16400.7 38C 8 000000000000007F
16401.8 38D 8 00000000000000E5
16403.0 39C 8 FF6F000000000000
16416.2 3C3 8 FF00000000000000
16417.3 444 8 0000000000000005
16431.8 31C 8 00000000800084F3
16447.4 31D 8 000000000000001F
16463.0 444 8 0000000000000005
16478.7 6C0 7 04030100000000
16480.0 3F1 8 0002000000000000
16481.1 663 8 7814000E00AA0000
16494.2 31C 8 00000000800084F3
16495.5 31D 8 000000000000001F
16496.6 6AB 8 00000000000000A0
16497.8 38C 8 000000000000007F
16499.0 38D 8 00000000000000E5
16509.7 39C 8 FF6F000000000000
16510.8 3C3 8 FF00000000000000
16512.0 444 8 0000000000000005
16525.5 537 8 8080808080800000
16527.9 538 8 8080008080000080
16529.7 523 8 CD1F7770450E0B02
16531.1 52E 5 603F000000
16541.4 31C 8 00000000800084F3
16542.6 31D 8 000000000000001F
16543.7 539 8 21020000FE010000
16544.8 541 8 0000000000000000
16572.5 444 8 0000000000000005
16588.0 3F1 8 0002000000000000
16589.3 663 8 7814000E00AA0000
16590.5 31C 8 00000000800084F3
16591.6 31D 8 000000000000001F
16603.9 38C 8 000000000000007F
16605.2 38D 8 00000000000000E5
16606.8 39C 8 FF6F000000000000
16608.0 3C3 8 FF00000000000000
16619.3 444 8 0000000000000005
16635.1 31C 8 00000000800084F3
16636.3 31D 8 000000000000001F
16666.3 444 8 0000000000000005
16682.0 6C0 7 04030100000000
16683.4 3F1 8 0002000000000000
16684.8 663 8 7814000E00AA0000
16685.9 31C 8 00000000800084F3
16697.5 31D 8 000000000000001F
16699.0 6AB 8 00000000000000A0
16700.6 38C 8 000000000000007F
16701.8 38D 8 00000000000000E5
16713.0 39C 8 FF6F000000000000
16714.3 3C3 8 FF00000000000000
16715.4 444 8 0000000000000005
16729.1 537 8 8080808080800000
16730.4 538 8 8080008080000080
16731.5 31C 8 00000000800084F3
16744.4 31D 8 000000000000001F
16759.7 444 8 0000000000000005
16775.4 3F1 8 0002000000000000
16777.0 484 8 0000000000000000
16791.4 523 8 CD1F7770450E0B02
16792.6 52E 5 603F000000
16793.8 663 8 7814000E00AA0000
16795.1 31C 8 00000000800084F3
16796.2 31D 8 000000000000001F
16797.3 539 8 21020000FE010000
16798.5 541 8 0000000000000000
16799.8 38C 8 000000000000007F
16806.8 38D 8 00000000000000E5
16808.0 39C 8 FF6F000000000000
16809.1 3C3 8 FF00000000000000
16822.5 444 8 0000000000000005
16838.0 31C 8 00000000800084F3
16839.9 5EA 8 0000000000000016
16841.0 31D 8 000000000000001F
16842.2 5EB 8 0000000000000007
16853.8 5EC 8 000000000000000F
16854.9 66B 8 7700000000000000
16856.1 66C 8 DF09000000000000
16869.3 444 8 0000000000000005
16885.1 6C0 7 04030100000000
16886.4 3F1 8 0002000000000000
16887.7 663 8 7814000E00AA0000
16888.9 31C 8 00000000800084F3
16890.2 31D 8 000000000000001F
16900.7 6AB 8 00000000000000A0
16902.0 38C 8 000000000000007F
16903.4 38D 8 00000000000000E5
16904.8 39C 8 FF6F000000000000
16916.3 3C3 8 FF00000000000000
16917.4 444 8 0000000000000005
16918.6 537 8 8080808080800000
16931.8 538 8 8080008080000080
16932.9 31C 8 00000000800084F3
16947.4 31D 8 000000000000001F
16963.0 444 8 0000000000000005
16978.7 3F1 8 0002000000000000
16980.0 663 8 7814000E00AA0000
16994.9 31C 8 00000000800084F3
16996.9 31D 8 000000000000001F
16998.0 38C 8 000000000000007F
16999.5 38D 8 00000000000000E5
17009.7 39C 8 FF6F000000000000
17011.0 3C3 8 FF00000000000000
17012.1 444 8 0000000000000005
17025.3 523 8 CD1F7770450E0B02
17026.7 52E 5 603F000000
17041.3 31C 8 00000000800084F3
17042.4 31D 8 000000000000001F
17043.6 539 8 21020000FE010000
17045.6 541 8 0000000000000000
17072.5 444 8 0000000000000005
17087.8 6C0 7 04030100000000
17089.1 3F1 8 0002000000000000
17090.3 663 8 7814000E00AA0000
17091.4 31C 8 00000000800084F3
17092.5 31D 8 000000000000001F
17093.6 6AB 8 00000000000000A0
17103.9 38C 8 000000000000007F
17105.2 38D 8 00000000000000E5
17106.3 39C 8 FF6F000000000000
17119.2 3C3 8 FF00000000000000
17120.4 444 8 0000000000000005
17121.5 537 8 8080808080800000
17122.6 538 8 8080008080000080
17135.1 31C 8 00000000800084F3
17136.4 31D 8 000000000000001F
17166.3 444 8 0000000000000005
17181.8 3F1 8 0002000000000000
17182.9 663 8 7814000E00AA0000
17184.1 31C 8 00000000800084F3
17197.4 31D 8 000000000000001F
17198.6 38C 8 000000000000007F
17199.6 38D 8 00000000000000E5
17213.1 39C 8 FF6F000000000000
17214.3 3C3 8 FF00000000000000
17215.4 444 8 0000000000000005
17244.3 31C 8 00000000800084F3
17245.9 31D 8 000000000000001F
17259.6 444 8 0000000000000005
17275.3 6C0 7 04030100000000
17276.9 3F1 8 0002000000000000
17278.0 484 8 0000000000000000
17291.2 523 8 CD1F7770450E0B02
17292.4 52E 5 603F000000
17293.4 585 8 902C00000000003F
17295.2 64C 2 0011
17296.4 663 8 7814000E00AA0000
17297.5 6B2 8 FFFEFF0F880000C4
17298.5 31C 8 00000000800084F3
17299.5 31D 8 000000000000001F
17300.6 5FB 8 000000000000007E
17301.6 539 8 21020000FE010000
17302.7 541 8 0000000000000000
17303.7 5FA 8 000000000000F8FF
17304.8 6AB 8 00000000000000A0
17305.9 38C 8 000000000000007F
17322.4 38D 8 00000000000000E5
17323.6 39C 8 FF6F000000000000
17324.7 3C3 8 FF00000000000000
17325.7 444 8 0000000000000005
17326.8 537 8 8080808080800000
17327.9 538 8 8080008080000080
17338.1 31C 8 00000000800084F3
17339.4 5EA 8 0000000000000016
17340.6 31D 8 000000000000001F
17341.8 5EB 8 0000000000000007
17353.7 5EC 8 000000000000000F
17354.9 66B 8 7700000000000000
17356.0 66C 8 DF09000000000000
17369.2 444 8 0000000000000005
17384.7 3F1 8 0002000000000000
17385.9 663 8 7814000E00AA0000
17387.0 31C 8 00000000800084F3
17388.1 31D 8 000000000000001F
17400.5 38C 8 000000000000007F
17401.7 38D 8 00000000000000E5
17402.8 39C 8 FF6F000000000000
17416.2 3C3 8 FF00000000000000
17417.4 444 8 0000000000000005
17431.7 31C 8 00000000800084F3
17447.4 31D 8 000000000000001F
17463.0 444 8 0000000000000005
17478.9 6C0 7 04030100000000
17480.1 3F1 8 0002000000000000
17481.2 663 8 7814000E00AA0000
17494.1 31C 8 00000000800084F3
17495.3 31D 8 000000000000001F
17496.4 6AB 8 00000000000000A0
17497.5 38C 8 000000000000007F
17498.6 38D 8 00000000000000E5
17509.7 39C 8 FF6F000000000000
17510.8 3C3 8 FF00000000000000
17512.0 444 8 0000000000000005
17525.8 537 8 8080808080800000
17527.4 538 8 8080008080000080
17528.5 523 8 CD1F7770450E0B02
17529.6 52E 5 603F000000
17541.2 31C 8 00000000800084F3
17542.4 31D 8 000000000000001F
17543.5 539 8 21020000FE010000
17544.6 541 8 0000000000000000
17572.4 444 8 0000000000000005
17587.9 3F1 8 0002000000000000
17589.4 663 8 7814000E00AA0000
17590.7 31C 8 00000000800084F3
17591.8 31D 8 000000000000001F
17603.8 38C 8 000000000000007F
17605.3 38D 8 00000000000000E5
17606.4 39C 8 FF6F000000000000
17619.3 3C3 8 FF00000000000000
17620.5 444 8 0000000000000005
17634.8 31C 8 00000000800084F3
17636.1 31D 8 000000000000001F
17666.3 444 8 0000000000000005
17682.0 6C0 7 04030100000000
17683.1 3F1 8 0002000000000000
17684.3 663 8 7814000E00AA0000
17685.5 31C 8 00000000800084F3
17697.5 31D 8 000000000000001F
17699.4 6AB 8 00000000000000A0
17700.6 38C 8 000000000000007F
17701.6 38D 8 00000000000000E5
17713.1 39C 8 FF6F000000000000
17714.4 3C3 8 FF00000000000000
17715.5 444 8 0000000000000005
17728.7 537 8 8080808080800000
17729.9 538 8 8080008080000080
17744.3 31C 8 00000000800084F3
17745.5 31D 8 000000000000001F
17759.6 444 8 0000000000000005
17775.5 3F1 8 0002000000000000
17791.2 484 8 0000000000000000
17792.3 523 8 CD1F7770450E0B02
17793.4 52E 5 603F000000
17794.9 663 8 7814000E00AA0000
17796.2 31C 8 00000000800084F3
17797.3 31D 8 000000000000001F
17798.5 539 8 21020000FE010000
17799.5 541 8 0000000000000000
17800.6 38C 8 000000000000007F
17806.8 38D 8 00000000000000E5
17808.0 39C 8 FF6F000000000000
17809.1 3C3 8 FF00000000000000
17822.5 444 8 0000000000000005
17838.1 31C 8 00000000800084F3
17839.4 5EA 8 0000000000000016
17840.6 31D 8 000000000000001F
17841.8 5EB 8 0000000000000007
17853.8 5EC 8 000000000000000F
17855.0 66B 8 7700000000000000
17856.1 66C 8 DF09000000000000
17869.3 444 8 0000000000000005
17885.0 6C0 7 04030100000000
17886.1 3F1 8 0002000000000000
17887.3 663 8 7814000E00AA0000
17888.4 31C 8 00000000800084F3
17890.2 31D 8 000000000000001F
17900.5 6AB 8 00000000000000A0
17901.7 38C 8 000000000000007F
17902.8 38D 8 00000000000000E5
17904.0 39C 8 FF6F000000000000
17916.3 3C3 8 FF00000000000000
17917.5 444 8 0000000000000005
17918.6 537 8 8080808080800000
17931.8 538 8 8080008080000080
17932.9 31C 8 00000000800084F3
17947.4 31D 8 000000000000001F
17963.0 444 8 0000000000000005
17978.9 3F1 8 0002000000000000
17980.3 663 8 7814000E00AA0000
17994.1 31C 8 00000000800084F3
17995.3 31D 8 000000000000001F
17996.4 38C 8 000000000000007F
17997.5 38D 8 00000000000000E5
18009.7 39C 8 FF6F000000000000
18011.1 3C3 8 FF00000000000000
18012.2 444 8 0000000000000005
18025.4 523 8 CD1F7770450E0B02
18026.7 52E 5 603F000000
18041.3 31C 8 00000000800084F3
18042.5 31D 8 000000000000001F
18043.7 539 8 21020000FE010000
18044.8 541 8 0000000000000000
18072.5 444 8 0000000000000005
18087.9 6C0 7 04030100000000
18089.4 3F1 8 0002000000000000
18090.7 663 8 7814000E00AA0000
18091.8 31C 8 00000000800084F3
18092.8 31D 8 000000000000001F
18094.0 6AB 8 00000000000000A0
18103.9 38C 8 000000000000007F
18105.2 38D 8 00000000000000E5
18107.0 39C 8 FF6F000000000000
18108.2 3C3 8 FF00000000000000
18119.9 444 8 0000000000000005
18122.3 537 8 8080808080800000
18123.6 538 8 8080008080000080
18134.7 31C 8 00000000800084F3
18135.9 31D 8 000000000000001F
18166.2 444 8 0000000000000005
18181.9 3F1 8 0002000000000000
18183.0 663 8 7814000E00AA0000
18184.1 31C 8 00000000800084F3
18197.5 31D 8 000000000000001F
18198.6 38C 8 000000000000007F
18199.7 38D 8 00000000000000E5
18213.1 39C 8 FF6F000000000000
18214.5 3C3 8 FF00000000000000
18215.6 444 8 0000000000000005
18244.5 31C 8 00000000800084F3
18246.1 31D 8 000000000000001F
18259.7 444 8 0000000000000005
18282.3 6C0 7 04030100000000
18283.7 3F1 8 0002000000000000
18285.1 484 8 0000000000000000
18286.4 523 8 CD1F7770450E0B02
18287.8 52E 5 603F000000
18289.1 585 8 902C00000000003F
18290.3 64C 2 0011
18291.5 663 8 7814000E00AA0000
18292.8 6B2 8 FFFEFF0F880080C4
18294.2 31C 8 00000000800084F3
18297.7 31D 8 000000000000001F
18299.1 5FB 8 000000000000007E
18300.4 539 8 21020000FE010000
18301.7 541 8 0000000000000000
18302.9 5FA 8 000000000000F8FF
18304.1 6AB 8 00000000000000A0
18305.5 38C 8 000000000000007F
18307.4 38D 8 00000000000000E5
18313.3 39C 8 FF6F000000000000
18314.7 3C3 8 FF00000000000000
18315.9 444 8 0000000000000005
18329.1 537 8 8080808080800000
18330.4 538 8 8080008080000080
18344.3 31C 8 00000000800084F3
18345.7 5EA 8 0000000000000016
18347.0 31D 8 000000000000001F
18348.2 5EB 8 0000000000000007
18349.5 5EC 8 000000000000000F
18350.8 66B 8 7700000000000000
18359.9 66C 8 DF09000000000000
18361.2 444 8 0000000000000005
18375.5 3F1 8 0002000000000000
18376.9 663 8 7814000E00AA0000
18391.4 31C 8 00000000800084F3
18392.8 31D 8 000000000000001F
18394.2 38C 8 000000000000007F
18407.1 38D 8 00000000000000E5
18408.4 39C 8 FF6F000000000000
18409.6 3C3 8 FF00000000000000
18422.8 444 8 0000000000000005
18438.4 31C 8 00000000800084F3
18439.8 31D 8 000000000000001F
18469.7 444 8 0000000000000005
18485.1 6C0 7 04030100000000
18486.4 3F1 8 0002000000000000
18487.7 663 8 7814000E00AA0000
18489.0 31C 8 00000000800084F3
18490.3 31D 8 000000000000001F
18500.9 6AB 8 00000000000000A0
18502.2 38C 8 000000000000007F
18503.4 38D 8 00000000000000E5
18504.6 39C 8 FF6F000000000000
18516.4 3C3 8 FF00000000000000
18517.7 444 8 0000000000000005
18519.6 537 8 8080808080800000
18532.1 538 8 8080008080000080
18534.1 523 8 CD1F7770450E0B02
18535.5 52E 5 603F000000
18536.7 31C 8 00000000800084F3
18547.8 31D 8 000000000000001F
18549.2 539 8 21020000FE010000
18550.4 541 8 0000000000000000
18563.4 444 8 0000000000000005
18579.1 3F1 8 0002000000000000
18580.4 663 8 7814000E00AA0000
18594.4 31C 8 00000000800084F3
18595.7 31D 8 000000000000001F
18596.8 38C 8 000000000000007F
18597.9 38D 8 00000000000000E5
18610.3 39C 8 FF6F000000000000
18611.4 3C3 8 FF00000000000000
18612.5 444 8 0000000000000005
18641.4 31C 8 00000000800084F3
18643.3 31D 8 000000000000001F
18672.9 444 8 0000000000000005
18688.1 6C0 7 04030100000000
18689.5 3F1 8 0002000000000000
18690.8 663 8 7814000E00AA0000
18692.0 31C 8 00000000800084F3
18693.1 31D 8 000000000000001F
18694.4 6AB 8 00000000000000A0
18704.0 38C 8 000000000000007F
18705.4 38D 8 00000000000000E5
18706.7 39C 8 FF6F000000000000
18707.8 3C3 8 FF00000000000000
18719.4 444 8 0000000000000005
18720.6 537 8 8080808080800000
18721.7 538 8 8080008080000080
18735.1 31C 8 00000000800084F3
18736.3 31D 8 000000000000001F
18766.4 444 8 0000000000000005
18782.2 3F1 8 0002000000000000
18783.5 484 8 0000000000000000
18784.9 523 8 CD1F7770450E0B02
18786.0 52E 5 603F000000
18787.1 663 8 7814000E00AA0000
18788.5 31C 8 00000000800084F3
18797.7 31D 8 000000000000001F
18798.9 539 8 21020000FE010000
18800.0 541 8 0000000000000000
18801.1 38C 8 000000000000007F
18802.3 38D 8 00000000000000E5
18813.3 39C 8 FF6F000000000000
18814.5 3C3 8 FF00000000000000
18815.6 444 8 0000000000000005
18844.3 31C 8 00000000800084F3
18845.6 5EA 8 0000000000000016
18846.7 31D 8 000000000000001F
18847.9 5EB 8 0000000000000007
18848.9 5EC 8 000000000000000F
18850.2 66B 8 7700000000000000
18859.9 66C 8 DF09000000000000
18861.0 444 8 0000000000000005
18875.6 6C0 7 04030100000000
18876.9 3F1 8 0002000000000000
18878.0 663 8 7814000E00AA0000
18891.4 31C 8 00000000800084F3
18892.6 31D 8 000000000000001F
18893.8 6AB 8 00000000000000A0
18895.1 38C 8 000000000000007F
18907.1 38D 8 00000000000000E5
18908.3 39C 8 FF6F000000000000
18909.3 3C3 8 FF00000000000000
18922.6 444 8 0000000000000005
18923.8 537 8 8080808080800000
18925.0 538 8 8080008080000080
18938.2 31C 8 00000000800084F3
18940.0 31D 8 000000000000001F
18969.6 444 8 0000000000000005
18985.1 3F1 8 0002000000000000
18986.3 663 8 7814000E00AA0000
18987.4 31C 8 00000000800084F3
18988.5 31D 8 000000000000001F
19000.7 38C 8 000000000000007F
19001.9 38D 8 00000000000000E5
19003.0 39C 8 FF6F000000000000
19016.5 3C3 8 FF00000000000000
19017.7 444 8 0000000000000005
19032.2 523 8 CD1F7770450E0B02
19033.4 52E 5 603F000000
19034.7 31C 8 00000000800084F3
19047.8 31D 8 000000000000001F
19049.0 539 8 21020000FE010000
19050.1 541 8 0000000000000000
19063.7 444 8 0000000000000005
19079.0 6C0 7 04030100000000
19080.3 3F1 8 0002000000000000
19081.4 663 8 7814000E00AA0000
19094.5 31C 8 00000000800084F3
19095.6 31D 8 000000000000001F
19096.8 6AB 8 00000000000000A0
19097.9 38C 8 000000000000007F
19099.1 38D 8 00000000000000E5
19110.4 39C 8 FF6F000000000000
19111.6 3C3 8 FF00000000000000
19112.7 444 8 0000000000000005
19125.9 537 8 8080808080800000
19127.2 538 8 8080008080000080
19141.4 31C 8 00000000800084F3
19142.5 31D 8 000000000000001F
19172.6 444 8 0000000000000005
19188.4 3F1 8 0002000000000000
19189.7 663 8 7814000E00AA0000
19191.5 31C 8 00000000800084F3
19192.7 31D 8 000000000000001F
19204.0 38C 8 000000000000007F
19205.3 38D 8 00000000000000E5
19206.5 39C 8 FF6F000000000000
19207.7 3C3 8 FF00000000000000
19219.9 444 8 0000000000000005
19235.3 31C 8 00000000800084F3
19237.3 31D 8 000000000000001F
19266.5 444 8 0000000000000005
19282.2 6C0 7 04030100000000
19283.4 3F1 8 0002000000000000
19284.6 484 8 0000000000000000
19285.7 523 8 CD1F7770450E0B02
19286.7 52E 5 603F000000
19287.8 585 8 902C00000000003F
19289.3 64C 2 0011
19290.6 663 8 7814000E00AA0000
19291.8 6B2 8 FFFEFF0F880000C5
19292.9 31C 8 00000000800084F3
19297.7 31D 8 000000000000001F
19298.9 5FB 8 000000000000007E
19300.3 539 8 21020000FE010000
19301.4 541 8 0000000000000000
19302.5 5FA 8 000000000000F8FF
19303.6 6AB 8 00000000000000A0
19304.8 38C 8 000000000000007F
19305.9 38D 8 00000000000000E5
19313.3 39C 8 FF6F000000000000
19314.5 3C3 8 FF00000000000000
19315.5 444 8 0000000000000005
19329.0 537 8 8080808080800000
19330.4 538 8 8080008080000080
19344.4 31C 8 00000000800084F3
19345.6 5EA 8 0000000000000016
19346.7 31D 8 000000000000001F
19347.9 5EB 8 0000000000000007
19349.0 5EC 8 000000000000000F
19350.9 66B 8 7700000000000000
19360.2 66C 8 DF09000000000000
19361.4 444 8 0000000000000005
19375.6 3F1 8 0002000000000000
19376.8 663 8 7814000E00AA0000
19391.4 31C 8 00000000800084F3
19392.5 31D 8 000000000000001F
19393.6 38C 8 000000000000007F
19407.1 38D 8 00000000000000E5
19408.3 39C 8 FF6F000000000000
19409.5 3C3 8 FF00000000000000
19422.7 444 8 0000000000000005
19438.2 31C 8 00000000800084F3
19439.4 31D 8 000000000000001F
19469.6 444 8 0000000000000005
19485.3 6C0 7 04030100000000
19486.5 3F1 8 0002000000000000
19487.6 663 8 7814000E00AA0000
19488.9 31C 8 00000000800084F3
19490.0 31D 8 000000000000001F
19500.8 6AB 8 00000000000043A1
19502.0 38C 8 000000000000007F
19503.1 38D 8 00000000000000E5
19504.3 39C 8 FF6F000000000000
19516.4 3C3 8 FF00000000000000
19517.6 444 8 0000000000000005
19518.7 537 8 8080808080800000
19532.1 538 8 8080008080000080
19533.3 523 8 CD1F7770450E0B02
19534.4 52E 5 603F000000
19535.4 31C 8 00000000800084F3
19547.8 31D 8 000000000000001F
19549.1 539 8 21020000FE010000
19550.5 541 8 0000000000000000
19563.3 444 8 0000000000000005
19579.1 3F1 8 0002000000000000
19581.0 663 8 7814000E00AA0000
19582.2 31C 8 00000000800084F3
19594.4 31D 8 000000000000001F
19595.6 38C 8 000000000000007F
19596.7 38D 8 00000000000000E5
19610.2 39C 8 FF6F000000000000
19611.4 3C3 8 FF00000000000000
19612.5 444 8 0000000000000005
19641.5 31C 8 00000000800084F3
19642.6 31D 8 000000000000001F
19672.7 444 8 0000000000000005
19688.3 6C0 7 04030100000000
19689.8 3F1 8 0002000000000000
19691.0 663 8 7814000E00AA0000
19692.1 31C 8 00000000800084F3
19693.2 31D 8 000000000000001F
19694.5 6AB 8 00000000000043A1
19704.0 38C 8 000000000000007F
19705.3 38D 8 00000000000000E5
19706.4 39C 8 FF6F000000000000
19707.6 3C3 8 FF00000000000000
19719.5 444 8 0000000000000005
19720.8 537 8 8080808080800000
19721.9 538 8 8080008080000080
19735.4 31C 8 00000000800084F3
19736.8 31D 8 000000000000001F
19766.6 444 8 0000000000000005
19782.3 3F1 8 0002000000000000
19783.4 484 8 0000000000000000
19784.7 523 8 CD1F7770450E0B02
19785.8 52E 5 603F000000
19786.9 663 8 7814000E00AA0000
19788.2 31C 8 00000000800084F3
19797.7 31D 8 000000000000001F
19798.9 539 8 21020000FE010000
19800.2 541 8 0000000000000000
19802.0 38C 8 000000000000007F
19803.1 38D 8 00000000000000E5
19813.3 39C 8 FF6F000000000000
19814.6 3C3 8 FF00000000000000
19815.7 444 8 0000000000000005
19844.3 31C 8 00000000800084F3
19845.6 5EA 8 0000000000000016
19846.7 31D 8 000000000000001F
19847.8 5EB 8 0000000000000007
19848.9 5EC 8 000000000000000F
19850.1 66B 8 7700000000000000
19860.2 66C 8 DF09000000000000
19861.4 444 8 0000000000000005
19875.5 6C0 7 04030100000000
19876.8 3F1 8 0002000000000000
19877.9 663 8 7814000E00AA0000
19891.5 31C 8 00000000800084F3
19892.7 31D 8 000000000000001F
19893.8 6AB 8 00000000000043A1
19894.9 38C 8 000000000000007F
19907.1 38D 8 00000000000000E5
19908.3 39C 8 FF6F000000000000
19909.4 3C3 8 FF00000000000000
19922.7 444 8 0000000000000005
19923.9 537 8 8080808080800000
19925.0 538 8 8080008080000080
19938.5 31C 8 00000000800084F3
19939.7 31D 8 000000000000001F
19969.8 444 8 0000000000000005
19985.3 3F1 8 0002000000000000
19986.6 663 8 7814000E00AA0000
19987.7 31C 8 00000000800084F3
19988.8 31D 8 000000000000001F
20000.7 38C 8 000000000000007F
20001.9 38D 8 00000000000000E5
20003.1 39C 8 FF6F000000000000
20016.5 3C3 8 FF00000000000000
20018.3 444 8 0000000000000005
20032.2 523 8 CD1F7770450E0B02
20033.9 52E 5 603F000000
20035.2 31C 8 00000000800084F3
20047.7 31D 8 000000000000001F
20048.8 539 8 21020000FE010000
20049.9 541 8 0000000000000000
20063.4 444 8 0000000000000005
20078.9 6C0 7 04030100000000
20080.3 3F1 8 0002000000000000
20081.4 663 8 7814000E00AA0000
20094.5 31C 8 00000000800084F3
20095.6 31D 8 000000000000001F
20096.8 6AB 8 00000000000043A1
20097.9 38C 8 000000000000007F
20099.1 38D 8 00000000000000E5
20109.9 39C 8 FF6F000000000000
20111.1 3C3 8 FF00000000000000
20112.2 444 8 0000000000000005
20125.9 537 8 8080808080800000
20127.1 538 8 8080008080000080
20141.7 31C 8 00000000800084F3
20142.8 31D 8 000000000000001F
20172.7 444 8 0000000000000005
20188.2 3F1 8 0002000000000000
20189.5 663 8 7814E00E00AA0000
20190.7 31C 8 00000000800084F3
20191.8 31D 8 000000000000001F
20204.0 38C 8 000000000000007F
20205.8 38D 8 00000000000000E5
20207.0 39C 8 FF6F000000000000
20208.2 3C3 8 FF00000000000000
20219.9 444 8 0000000000000005
20235.3 31C 8 00000000800084F3
20236.9 31D 8 000000000000001F
20266.4 444 8 0000000000000005
20281.9 6C0 7 04030100000000
20283.1 3F1 8 0002000000000000
20284.2 484 8 0000000000000000
20285.2 523 8 CD1F7770450E0B02
20286.3 52E 5 603F000000
20287.5 585 8 902C00000000003F
20288.6 64C 2 0011
20290.0 663 8 7814E00E00AA0000
20291.4 6B2 8 FFFEFF0F880080C5
20292.5 31C 8 00000000800084F3
20297.8 31D 8 000000000000001F
20299.1 5FB 8 000000000000007E
20300.3 539 8 21020000FE010000
20301.4 541 8 0000000000000000
20302.6 5FA 8 000000000000F8FF
20303.6 38C 8 000000000000007F
20304.9 6AB 8 00000000000043A1
20306.0 38D 8 00000000000000E5
20313.3 39C 8 FF6F000000000000
20314.5 3C3 8 FF00000000000000
20315.7 444 8 0000000000000005
20329.0 537 8 8080808080800000
20330.4 538 8 8080008080000080
20344.5 31C 8 00000000800084F3
20346.0 5EA 8 0000000000000016
20347.1 31D 8 000000000000001F
20348.4 5EB 8 0000000000000007
20349.7 5EC 8 000000000000000F
20350.8 66B 8 7700000000000000
20360.0 66C 8 DF09000000000000
20361.2 444 8 0000000000000005
20375.6 3F1 8 0002000000000000
20376.9 663 8 7814E00E00AA0000
20391.4 31C 8 00000000800084F3
20392.6 31D 8 000000000000001F
20393.8 38C 8 000000000000007F
20407.1 38D 8 00000000000000E5
20408.9 39C 8 FF6F000000000000
20410.2 3C3 8 FF00000000000000
20422.6 444 8 0000000000000005
20438.2 31C 8 00000000800084F3
20439.4 31D 8 000000000000001F
20469.6 444 8 0000000000000005
20485.2 6C0 7 04030100000000
20486.4 3F1 8 0002000000000000
20487.5 663 8 7814E00E00AA0000
20488.7 31C 8 00000000800084F3
20489.9 31D 8 000000000000001F
20500.8 6AB 8 00000000000043A1
20501.9 38C 8 000000000000007F
20503.1 38D 8 00000000000000E5
20504.2 39C 8 FF6F000000000000
20516.4 3C3 8 FF00000000000000
20517.5 444 8 0000000000000005
20518.7 537 8 8080808080800000
20532.3 538 8 8080008080000080
20533.5 523 8 CD1F7770450E0B02
20534.8 52E 5 603F000000
20535.9 31C 8 00000000800084F3
20547.7 31D 8 000000000000001F
20548.8 539 8 21020000FE010000
20549.9 541 8 0000000000000000
20564.7 444 8 0000000000000005
20579.0 3F1 8 0002000000000000
20580.3 663 8 7814E00E00AA0000
20594.4 31C 8 00000000800084F3
20595.6 31D 8 000000000000001F
20596.7 38C 8 000000000000007F
20597.8 38D 8 00000000000000E5
20610.2 39C 8 FF6F000000000000
20611.4 3C3 8 FF00000000000000
20612.5 444 8 0000000000000005
20641.4 31C 8 00000000800084F3
20642.6 31D 8 000000000000001F
20672.7 444 8 0000000000000005
20688.4 6C0 7 04030100000000
20689.9 3F1 8 0002000000000000
20691.0 663 8 7814E00E00AA0000
20692.1 31C 8 00000000800084F3
20693.3 31D 8 000000000000001F
20694.6 6AB 8 00000000000043A1
20704.1 38C 8 000000000000007F
20705.6 38D 8 00000000000000E5
20707.0 39C 8 FF6F000000000000
20708.3 3C3 8 FF00000000000000
20719.4 444 8 0000000000000005
20720.5 537 8 8080808080800000
20721.8 538 8 8080008080000080
20735.0 31C 8 00000000800084F3
20736.2 31D 8 000000000000001F
20766.3 444 8 0000000000000005
20782.3 3F1 8 0002000000000000
20783.5 484 8 0000000000000000
20784.9 523 8 CD1F7770450E0B02
20785.9 52E 5 603F000000
20787.0 663 8 7814E00E00AA0000
20788.1 31C 8 00000000800084F3
20797.6 31D 8 000000000000001F
20798.8 539 8 21020000FE010000
20800.1 541 8 0000000000000000
20801.1 38C 8 000000000000007F
20802.3 38D 8 00000000000000E5
20813.3 39C 8 FF6F000000000000
20814.5 3C3 8 FF00000000000000
20815.6 444 8 0000000000000005
20829.1 31C 8 00000000800084F3
20844.3 5EA 8 0000000000000016
20845.6 31D 8 000000000000001F
20847.4 5EB 8 0000000000000007
20848.5 5EC 8 000000000000000F
20849.6 66B 8 7700000000000000
20859.9 66C 8 DF09000000000000
20861.1 444 8 0000000000000005
20875.5 6C0 7 04030100000000
20876.8 3F1 8 0002000000000000
20877.9 663 8 7814E00E00AA0000
20891.4 31C 8 00000000800084F3
20892.5 31D 8 000000000000001F
20893.6 6AB 8 00000000000043A1
20895.0 38C 8 000000000000007F
20907.1 38D 8 00000000000000E5
20908.3 39C 8 FF6F000000000000
20909.4 3C3 8 FF00000000000000
20922.7 444 8 0000000000000005
20923.8 537 8 8080808080800000
20925.0 538 8 8080008080000080
20938.4 31C 8 00000000800084F3
20939.5 31D 8 000000000000001F
20969.5 444 8 0000000000000005
20985.2 3F1 8 0002000000000000
20986.3 663 8 7814E00E00AA0000
20987.5 31C 8 00000000800084F3
20988.6 31D 8 000000000000001F
21000.8 38C 8 000000000000007F
21002.0 38D 8 00000000000000E5
21003.1 39C 8 FF6F000000000000
21016.6 3C3 8 FF00000000000000
21017.8 444 8 0000000000000005
21032.2 523 8 CD1F7770450E0B02
21033.4 52E 5 603F000000
21034.7 31C 8 00000000800084F3
21047.7 31D 8 000000000000001F
21048.8 539 8 21020000FE010000
21049.9 541 8 0000000000000000
21063.3 444 8 0000000000000005
21079.0 6C0 7 04030100000000
21080.3 3F1 8 0002000000000000
21081.5 663 8 7814E00E00AA0000
21094.7 31C 8 00000000800084F3
21096.1 31D 8 000000000000001F
21097.2 6AB 8 00000000000043A1
21098.3 38C 8 000000000000007F
21099.6 38D 8 00000000000000E5
21110.3 39C 8 FF6F000000000000
21111.4 3C3 8 FF00000000000000
21112.6 444 8 0000000000000005
21125.8 537 8 8080808080800000
21126.9 538 8 8080008080000080
21142.2 31C 8 00000000800084F3
21143.3 31D 8 000000000000001F
21172.9 444 8 0000000000000005
21188.3 3F1 8 0002000000000000
21189.6 663 8 7814E00E00AA0000
21190.7 31C 8 00000000800084F3
21191.9 31D 8 000000000000001F
21204.0 38C 8 000000000000007F
21205.3 38D 8 00000000000000E5
21206.4 39C 8 FF6F000000000000
21207.5 3C3 8 FF00000000000000
21219.7 444 8 0000000000000005
21235.2 31C 8 00000000800084F3
21236.3 31D 8 000000000000001F
21266.5 444 8 0000000000000005
21282.3 6C0 7 04030100000000
21283.4 3F1 8 0002000000000000
21284.8 484 8 0000000000000000
21285.9 523 8 CD1F7770450E0B02
21287.0 52E 5 603F000000
21288.2 585 8 902C00000000003F
21290.6 64C 2 0011
21291.7 663 8 7814E00E00AA0000
21292.9 6B2 8 FFFEFF0F880000C6
21294.1 31C 8 00000000800084F3
21297.7 31D 8 000000000000001F
21298.8 5FB 8 000000000000007E
21300.1 539 8 21020000FE010000
21301.3 541 8 0000000000000000
21302.4 38C 8 000000000000007F
21303.5 5FA 8 000000000000F8FF
21304.8 6AB 8 00000000000043A1
21305.9 38D 8 00000000000000E5
21313.4 39C 8 FF6F000000000000
21314.7 3C3 8 FF00000000000000
21315.9 444 8 0000000000000005
21329.0 537 8 8080808080800000
21330.4 538 8 8080008080000080
21344.4 31C 8 00000000800084F3
21345.6 5EA 8 0000000000000016
21346.8 31D 8 000000000000001F
21347.9 5EB 8 0000000000000007
21349.1 5EC 8 000000000000000F
21350.2 66B 8 7700000000000000
21360.0 66C 8 DF09000000000000
21361.1 444 8 0000000000000005
21375.6 3F1 8 0002000000000000
21376.8 663 8 7814E00E00AA0000
21391.5 31C 8 00000000800084F3
21395.4 31D 8 000000000000001F
21396.6 38C 8 000000000000007F
21407.1 38D 8 00000000000000E5
21408.2 39C 8 FF6F000000000000
21409.5 3C3 8 FF00000000000000
21422.7 444 8 0000000000000005
21438.2 31C 8 00000000800084F3
21439.5 31D 8 000000000000001F
21469.6 444 8 0000000000000005
21485.2 6C0 7 04030100000000
21486.4 3F1 8 0002000000000000
21487.5 663 8 7814E00E00AA0000
21488.8 31C 8 00000000800084F3
21490.1 31D 8 000000000000001F
21500.8 6AB 8 00000000000043A1
21501.9 38C 8 000000000000007F
21503.0 38D 8 00000000000000E5
21504.3 39C 8 FF6F000000000000
21516.5 3C3 8 FF00000000000000
21517.7 444 8 0000000000000005
21518.8 537 8 8080808080800000
21532.1 538 8 8080008080000080
21533.2 523 8 CD1F7770450E0B02
21534.4 52E 5 603F000000
21535.6 31C 8 00000000800084F3
21547.6 31D 8 000000000000001F
21548.8 539 8 21020000FE010000
21549.9 541 8 0000000000000000
21564.0 444 8 0000000000000005
21579.4 3F1 8 0002000000000000
21580.6 663 8 7814E00E00AA0000
21581.7 31C 8 00000000800084F3
21595.3 31D 8 000000000000001F
21596.5 38C 8 000000000000007F
21597.6 38D 8 00000000000000E5
21610.9 39C 8 FF6F000000000000
21612.1 3C3 8 FF00000000000000
21613.2 444 8 0000000000000005
21642.2 31C 8 00000000800084F3
21643.4 31D 8 000000000000001F
21673.5 444 8 0000000000000005
21688.9 6C0 7 04030100000000
21690.2 3F1 8 0002000000000000
21691.3 663 8 7814E00E00AA0000
21692.4 31C 8 00000000800084F3
21694.3 31D 8 000000000000001F
21695.5 6AB 8 00000000000043A1
21704.4 38C 8 000000000000007F
21705.5 38D 8 00000000000000E5
21706.7 39C 8 FF6F000000000000
21707.8 3C3 8 FF00000000000000
21720.5 444 8 0000000000000005
21721.6 537 8 8080808080800000
21722.8 538 8 8080008080000080
21735.9 31C 8 00000000800084F3
21737.0 31D 8 000000000000001F
21767.2 444 8 0000000000000005
21783.1 3F1 8 0002000000000000
21784.4 484 8 0000000000000000
21785.6 523 8 CD1F7770450E0B02
21786.7 52E 5 603F000000
21787.8 663 8 7814E00E00AA0000
21789.2 31C 8 00000000800084F3
21798.7 31D 8 000000000000001F
21800.3 539 8 21020000FE010000
21801.5 541 8 0000000000000000
21802.6 38C 8 000000000000007F
21803.8 38D 8 00000000000000E5
21814.0 39C 8 FF6F000000000000
21815.2 3C3 8 FF00000000000000
21816.3 444 8 0000000000000005
21829.4 31C 8 00000000800084F3
21830.9 5EA 8 0000000000000016
21845.4 31D 8 000000000000001F
21846.6 5EB 8 0000000000000007
21847.7 5EC 8 000000000000000F
21848.8 66B 8 7700000000000000
21861.0 66C 8 DF09000000000000
21862.2 444 8 0000000000000005
21876.5 6C0 7 04030100000000
21877.7 3F1 8 0002000000000000
21879.7 663 8 7814E00E00AA0000
21892.2 31C 8 00000000800084F3
21893.4 31D 8 000000000000001F
21894.7 6AB 8 00000000000043A1
21895.9 38C 8 000000000000007F
21907.9 38D 8 00000000000000E5
21909.1 39C 8 FF6F000000000000
21910.4 3C3 8 FF00000000000000
21923.4 444 8 0000000000000005
21924.6 537 8 8080808080800000
21925.7 538 8 8080008080000080
21939.0 31C 8 00000000800084F3
21940.2 31D 8 000000000000001F
21970.4 444 8 0000000000000005
21985.9 3F1 8 0002000000000000
21987.1 663 8 7814E00E00AA0000
21988.2 31C 8 00000000800084F3
21989.5 31D 8 000000000000001F
22001.6 38C 8 000000000000007F
22002.7 38D 8 00000000000000E5
22004.0 39C 8 FF6F000000000000
22017.1 3C3 8 FF00000000000000
22018.3 444 8 0000000000000005
22033.0 523 8 CD1F7770450E0B02
22034.2 52E 5 603F000000
22035.4 31C 8 00000000800084F3
22048.4 31D 8 000000000000001F
22049.5 539 8 21020000FE010000
22050.6 541 8 0000000000000000
22064.1 444 8 0000000000000005
22079.4 6C0 7 04030100000000
22080.7 3F1 8 0002000000000000
22081.8 663 8 7814E00E00AA0000
22082.9 31C 8 00000000800084F3
22095.9 31D 8 000000000000001F
22097.7 6AB 8 00000000000043A1
22098.9 38C 8 000000000000007F
22100.2 38D 8 00000000000000E5
22111.0 39C 8 FF6F000000000000
22112.2 3C3 8 FF00000000000000
22113.3 444 8 0000000000000005
22126.3 537 8 8080808080800000
22127.4 538 8 8080008080000080
22142.1 31C 8 00000000800084F3
22143.4 31D 8 000000000000001F
22173.6 444 8 0000000000000005
22189.1 3F1 8 0002000000000000
22190.4 663 8 7814E00E00AA0000
22191.6 31C 8 00000000800084F3
22192.7 31D 8 000000000000001F
22193.9 38C 8 000000000000007F
22204.5 38D 8 00000000000000E5
22205.7 39C 8 FF6F000000000000
22206.8 3C3 8 FF00000000000000
22220.5 444 8 0000000000000005
22235.9 31C 8 00000000800084F3
22237.1 31D 8 000000000000001F
22268.9 444 8 0000000000000005
22283.1 6C0 7 04030100000000
22284.3 3F1 8 0002000000000000
22285.5 484 8 0000000000000000
22286.6 523 8 CD1F7770450E0B02
22287.7 52E 5 603F000000
22289.0 585 8 902C00000000003F
22290.6 64C 2 0011
22291.7 663 8 7814E00E00AA0000
22292.8 6B2 8 FFFEFF0F880080C6
22294.0 31C 8 00000000800084F3
22298.4 31D 8 000000000000001F
22299.7 5FB 8 000000000000007E
22300.8 539 8 21020000FE010000
22302.6 38C 8 000000000000007F
22303.8 541 8 0000000000000000
22305.1 5FA 8 000000000000F8FF
22306.3 6AB 8 00000000000043A1
22307.4 38D 8 00000000000000E5
22314.2 39C 8 FF6F000000000000
22315.5 3C3 8 FF00000000000000
22316.6 444 8 0000000000000005
22317.8 537 8 8080808080800000
22329.6 538 8 8080008080000080
22331.0 31C 8 00000000800084F3
22332.1 5EA 8 0000000000000016
22345.3 31D 8 000000000000001F
22346.6 5EB 8 0000000000000007
22347.7 5EC 8 000000000000000F
22348.8 66B 8 7700000000000000
22360.9 66C 8 DF09000000000000
22362.1 444 8 0000000000000005
22376.4 3F1 8 0002000000000000
22377.5 663 8 7814E00E00AA0000
22392.2 31C 8 00000000800084F3
22393.4 31D 8 000000000000001F
22394.6 38C 8 000000000000007F
22407.9 38D 8 00000000000000E5
22409.1 39C 8 FF6F000000000000
22410.2 3C3 8 FF00000000000000
22423.4 444 8 0000000000000005
22439.0 31C 8 00000000800084F3
22440.2 31D 8 000000000000001F
22470.3 444 8 0000000000000005
22485.8 6C0 7 04030100000000
22487.0 3F1 8 0002000000000000
22488.1 663 8 7814E00E00AA0000
22489.4 31C 8 00000000800084F3
22490.6 31D 8 000000000000001F
22501.6 6AB 8 00000000000043A1
22503.4 38C 8 000000000000007F
22504.7 38D 8 00000000000000E5
22505.7 39C 8 FF6F000000000000
22517.1 3C3 8 FF00000000000000
22518.2 444 8 0000000000000005
22519.3 537 8 8080808080800000
22532.8 538 8 8080008080000080
22534.0 523 8 CD1F7770450E0B02
22535.3 52E 5 603F000000
22536.4 31C 8 00000000800084F3
22548.4 31D 8 000000000000001F
22549.6 539 8 21020000FE010000
22550.7 541 8 0000000000000000
22564.2 444 8 0000000000000005
22579.4 3F1 8 0002000000000000
22580.9 663 8 7814E00E00AA0000
22582.0 31C 8 00000000800084F3
22595.3 31D 8 000000000000001F
22596.5 38C 8 000000000000007F
22597.6 38D 8 00000000000000E5
22611.0 39C 8 FF6F000000000000
22612.2 3C3 8 FF00000000000000
22613.4 444 8 0000000000000005
22642.2 31C 8 00000000800084F3
22643.3 31D 8 000000000000001F
22673.7 444 8 0000000000000005
22689.2 6C0 7 04030100000000
22690.6 3F1 8 0002000000000000
22691.7 663 8 7814E00E00AA0000
22692.9 31C 8 00000000800084F3
22694.1 31D 8 000000000000001F
22695.3 6AB 8 00000000000043A1
22696.4 38C 8 000000000000007F
22704.3 38D 8 00000000000000E5
22705.5 39C 8 FF6F000000000000
22706.6 3C3 8 FF00000000000000
22720.5 444 8 0000000000000005
22721.7 537 8 8080808080800000
22722.8 538 8 8080008080000080
22735.9 31C 8 00000000800084F3
22737.0 31D 8 000000000000001F
22767.2 444 8 0000000000000005
22783.0 3F1 8 0002000000000000
22784.2 484 8 0000000000000000
22785.4 523 8 CD1F7770450E0B02
22786.6 52E 5 603F000000
22787.7 663 8 7814E00E00AA0000
22788.9 31C 8 00000000800084F3
22798.4 31D 8 000000000000001F
22799.6 539 8 21020000FE010000
22800.8 541 8 0000000000000000
22801.9 38C 8 000000000000007F
22803.0 38D 8 00000000000000E5
22814.0 39C 8 FF6F000000000000
22815.2 3C3 8 FF00000000000000
22816.3 444 8 0000000000000005
22829.5 31C 8 00000000800084F3
22830.9 5EA 8 0000000000000016
22845.4 31D 8 000000000000001F
22846.6 5EB 8 0000000000000007
22847.7 5EC 8 000000000000000F
22848.8 66B 8 7700000000000000
22860.9 66C 8 DF09000000000000
22862.3 444 8 0000000000000005
22876.7 6C0 7 04030100000000
22877.9 3F1 8 0002000000000000
22879.1 663 8 7814E00E00AA0000
22892.1 31C 8 00000000800084F3
22893.3 31D 8 000000000000001F
22894.7 6AB 8 00000000000043A1
22895.8 38C 8 000000000000007F
22908.2 38D 8 00000000000000E5
22910.4 39C 8 FF6F000000000000
22911.6 3C3 8 FF00000000000000
22923.5 444 8 0000000000000005
22924.7 537 8 8080808080800000
22925.9 538 8 8080008080000080
22939.1 31C 8 00000000800084F3
22940.2 31D 8 000000000000001F
22970.5 444 8 0000000000000005
22986.0 3F1 8 0002000000000000
22987.7 663 8 7814E00E00AA0000
22990.2 31C 8 00000000800084F3
22991.5 31D 8 000000000000001F
23001.6 38C 8 000000000000007F
23002.8 38D 8 00000000000000E5
23003.9 39C 8 FF6F000000000000
23017.2 3C3 8 FF00000000000000
23018.4 444 8 0000000000000005
23032.9 523 8 CD1F7770450E0B02
23034.2 52E 5 603F000000
23035.5 31C 8 00000000800084F3
23048.1 31D 8 000000000000001F
23049.3 539 8 21020000FE010000
23050.4 541 8 0000000000000000
23063.9 444 8 0000000000000005
23079.6 6C0 7 04030100000000
23080.9 3F1 8 0002000000000000
23082.0 663 8 7814E00E00AA0000
23083.1 31C 8 00000000800084F3
23095.4 31D 8 000000000000001F
23096.6 6AB 8 00000000000043A1
23097.7 38C 8 000000000000007F
23098.8 38D 8 00000000000000E5
23110.9 39C 8 FF6F000000000000
23112.2 3C3 8 FF00000000000000
23113.3 444 8 0000000000000005
23126.6 537 8 8080808080800000
23128.3 538 8 8080008080000080
23142.1 31C 8 00000000800084F3
23143.3 31D 8 000000000000001F
23173.5 444 8 0000000000000005
23189.0 3F1 8 0002000000000000
23190.4 663 8 7814E00E00AA0000
23191.5 31C 8 00000000800084F3
23192.6 31D 8 000000000000001F
23204.4 38C 8 000000000000007F
23205.7 38D 8 00000000000000E5
23206.8 39C 8 FF6F000000000000
23207.9 3C3 8 FF00000000000000
23220.3 444 8 0000000000000005
23235.9 31C 8 00000000800084F3
23237.0 31D 8 000000000000001F
23267.1 444 8 0000000000000005
23282.7 6C0 7 04030100000000
23283.9 3F1 8 0002000000000000
23285.2 484 8 0000000000000000
23286.3 523 8 CD1F7770450E0B02
23287.4 52E 5 603F000000
23288.6 585 8 902C00000000003F
23289.9 64C 2 0011
23291.3 663 8 7814E00E00AA0000
23292.3 6B2 8 FFFEFF0F880000C7
23293.4 31C 8 00000000800084F3
23298.4 31D 8 000000000000001F
23299.7 5FB 8 000000000000007E
23300.8 38C 8 000000000000007F
23301.9 539 8 21020000FE010000
23303.0 541 8 0000000000000000
23304.3 5FA 8 000000000000F8FF
23305.5 6AB 8 00000000000043A1
23306.6 38D 8 00000000000000E5
23314.1 39C 8 FF6F000000000000
23315.4 3C3 8 FF00000000000000
23317.2 444 8 0000000000000005
23318.3 537 8 8080808080800000
23329.5 538 8 8080008080000080
23330.8 31C 8 00000000800084F3
23332.0 5EA 8 0000000000000016
23345.3 31D 8 000000000000001F
23346.6 5EB 8 0000000000000007
23347.7 5EC 8 000000000000000F
23348.8 66B 8 7700000000000000
23360.9 66C 8 DF09000000000000
23362.0 444 8 0000000000000005
23376.6 3F1 8 0002000000000000
23377.8 663 8 7814E00E00AA0000
23392.1 31C 8 00000000800084F3
23393.5 31D 8 000000000000001F
23394.7 38C 8 000000000000007F
23407.9 38D 8 00000000000000E5
23409.1 39C 8 FF6F000000000000
23410.2 3C3 8 FF00000000000000
23423.4 444 8 0000000000000005
23439.0 31C 8 00000000800084F3
23440.2 31D 8 000000000000001F
23470.3 444 8 0000000000000005
23486.0 6C0 7 04030100000000
23487.1 3F1 8 0002000000000000
23488.2 663 8 7814E00E00AA0000
23489.4 31C 8 00000000800084F3
23490.5 31D 8 000000000000001F
23501.5 6AB 8 00000000000043A1
23502.7 38C 8 000000000000007F
23503.8 38D 8 00000000000000E5
23505.1 39C 8 FF6F000000000000
23517.1 3C3 8 FF00000000000000
23518.3 444 8 0000000000000005
23519.4 537 8 8080808080800000
23532.8 538 8 8080008080000080
23534.2 523 8 CD1F7770450E0B02
23535.4 52E 5 603F000000
23536.5 31C 8 00000000800084F3
23548.4 31D 8 000000000000001F
23549.6 539 8 21020000FE010000
23550.7 541 8 0000000000000000
23564.2 444 8 0000000000000005
23579.4 3F1 8 0002000000000000
23580.6 663 8 7814E00E00AA0000
23581.7 31C 8 00000000800084F3
23595.5 31D 8 000000000000001F
23596.7 38C 8 000000000000007F
23597.9 38D 8 00000000000000E5
23610.8 39C 8 FF6F000000000000
23612.0 3C3 8 FF00000000000000
23613.0 444 8 0000000000000005
23642.1 31C 8 00000000800084F3
23643.3 31D 8 000000000000001F
23673.5 444 8 0000000000000005
23689.4 6C0 7 04030100000000
23691.0 3F1 8 0002000000000000
23692.2 663 8 7814E00E00AA0000
23693.3 31C 8 00000000800084F3
23694.6 31D 8 000000000000001F
23695.7 6AB 8 00000000000043A1
23704.4 38C 8 000000000000007F
23705.5 38D 8 00000000000000E5
23706.6 39C 8 FF6F000000000000
23707.8 3C3 8 FF00000000000000
23720.5 444 8 0000000000000005
23721.6 537 8 8080808080800000
23722.7 538 8 8080008080000080
23735.9 31C 8 00000000800084F3
23737.0 31D 8 000000000000001F
23767.1 444 8 0000000000000005
23783.0 3F1 8 0002000000000000
23784.2 484 8 0000000000000000
23785.5 523 8 CD1F7770450E0B02
23786.6 52E 5 603F000000
23787.7 663 8 7814E00E00AA0000
23788.9 31C 8 00000000800084F3
23798.5 31D 8 000000000000001F
23800.0 539 8 21020000FE010000
23801.3 38C 8 000000000000007F
23802.4 541 8 0000000000000000
23803.5 38D 8 00000000000000E5
23814.1 39C 8 FF6F000000000000
23815.3 3C3 8 FF00000000000000
23816.4 444 8 0000000000000005
23829.6 31C 8 00000000800084F3
23830.9 5EA 8 0000000000000016
23845.3 31D 8 000000000000001F
23846.5 5EB 8 0000000000000007
23847.5 5EC 8 000000000000000F
23848.7 66B 8 7700000000000000
23860.9 66C 8 DF09000000000000
23862.0 444 8 0000000000000005
23876.7 6C0 7 04030100000000
23877.8 3F1 8 0002000000000000
23879.0 663 8 7814E00E00AA0000
23892.1 31C 8 00000000800084F3
23893.3 31D 8 000000000000001F
23894.4 6AB 8 00000000000043A1
23895.5 38C 8 000000000000007F
23907.8 38D 8 00000000000000E5
23908.9 39C 8 FF6F000000000000
23910.3 3C3 8 FF00000000000000
23923.4 444 8 0000000000000005
23925.0 537 8 8080808080800000
23926.2 538 8 8080008080000080
23939.1 31C 8 00000000800084F3
23941.0 31D 8 000000000000001F
23970.3 444 8 0000000000000005
23985.9 3F1 8 0002000000000000
23987.1 663 8 7814E00E00AA0000
23988.2 31C 8 00000000800084F3
23989.5 31D 8 000000000000001F
24001.5 38C 8 000000000000007F
24002.7 38D 8 00000000000000E5
24003.9 39C 8 FF6F000000000000
24017.1 3C3 8 FF00000000000000
24018.3 444 8 0000000000000005
24032.8 523 8 CD1F7770450E0B02
24034.0 52E 5 603F000000
24035.3 31C 8 00000000800084F3
24048.3 31D 8 000000000000001F
24049.5 539 8 21028000FE010000
24050.6 541 8 0000000000000000
24064.0 444 8 0000000000000005
24079.4 6C0 7 04030100000000
24080.7 3F1 8 0002000000000000
24081.8 663 8 7814E00E00AA0000
24082.9 31C 8 00000000800084F3
24095.3 31D 8 000000000000001F
24096.4 38C 8 000000000000007F
24097.5 6AB 8 00000000000043A1
24098.6 38D 8 00000000000000E5
24110.9 39C 8 FF6F000000000000
24112.2 3C3 8 FF00000000000000
24113.3 444 8 0000000000000005
24126.5 537 8 8080808080800000
24130.2 538 8 8080008080000080
24142.2 31C 8 00000000800084F3
24143.3 31D 8 000000000000001F
24173.3 444 8 0000000000000005
24189.2 3F1 8 0002000000000000
24191.4 663 8 7814E00E00AA0000
24192.5 31C 8 00000000800084F3
24193.6 31D 8 000000000000001F
24204.4 38C 8 000000000000007F
24205.6 38D 8 00000000000000E5
24206.8 39C 8 FF6F000000000000
24207.9 3C3 8 FF00000000000000
24220.4 444 8 0000000000000005
24235.8 31C 8 00000000800084F3
24237.0 31D 8 000000000000001F
24267.0 444 8 0000000000000005
24282.8 6C0 7 04030100000000
24283.9 3F1 8 0002000000000000
24285.2 484 8 0000000000000000
24286.3 523 8 CD1F7770450E0B02
24287.5 52E 5 603F000000
24288.6 585 8 902C00000000003F
24289.6 64C 2 0011
24290.9 663 8 7814E00E00AA0000
24292.0 6B2 8 FFFEFF0F880080C7
24293.0 31C 8 00000000800084F3
24298.4 31D 8 000000000000001F
24299.7 38C 8 000000000000007F
24300.9 5FB 8 000000000000007E
24302.0 539 8 21028000FE010000
24303.1 541 8 0000000000000000
24304.2 5FA 8 000000000000F8FF
24305.3 6AB 8 00000000000043A1
24306.4 38D 8 00000000000000E5
24314.0 39C 8 FF6F000000000000
24315.4 3C3 8 FF00000000000000
24316.5 444 8 0000000000000005
24317.6 537 8 8080808080800000
24329.5 538 8 8080008080000080
24330.8 31C 8 00000000800084F3
24332.0 5EA 8 0000000000000016
24345.3 31D 8 000000000000001F
24346.5 5EB 8 0000000000000007
24347.6 5EC 8 000000000000000F
24348.7 66B 8 7700000000000000
24361.0 66C 8 DF09000000000000
24362.1 444 8 0000000000000005
24376.5 3F1 8 0002000000000000
24377.7 663 8 7814E00E00AA0000
24392.0 31C 8 00000000800084F3
24393.2 31D 8 000000000000001F
24394.3 38C 8 000000000000007F
24407.9 38D 8 00000000000000E5
24409.1 39C 8 FF6F000000000000
24410.4 3C3 8 FF00000000000000
24423.3 444 8 0000000000000005
24439.0 31C 8 00000000800084F3
24441.7 31D 8 000000000000001F
24470.5 444 8 0000000000000005
24485.9 6C0 7 04030100000000
24487.1 3F1 8 0002000000000000
24488.2 663 8 7814E00E00AA0000
24489.5 31C 8 00000000800084F3
24490.8 31D 8 000000000000001F
24501.6 38C 8 000000000000007F
24502.7 6AB 8 00000000000043A1
24503.9 38D 8 00000000000000E5
24505.2 39C 8 FF6F000000000000
24517.0 3C3 8 FF00000000000000
24518.2 444 8 0000000000000005
24519.4 537 8 8080808080800000
24532.8 538 8 8080008080000080
24534.0 523 8 CD1F7770450E0B02
24535.3 52E 5 603F000000
24536.4 31C 8 00000000800084F3
24548.3 31D 8 000000000000001F
24549.5 539 8 21028000FE010000
24551.3 541 8 0000000000000000
24563.9 444 8 0000000000000005
24579.4 3F1 8 0002000000000000
24581.3 663 8 7814E00E00AA0000
24583.2 31C 8 00000000800084F3
24595.3 31D 8 000000000000001F
24596.5 38C 8 000000000000007F
24597.6 38D 8 00000000000000E5
24610.9 39C 8 FF6F000000000000
24612.0 3C3 8 FF00000000000000
24613.1 444 8 0000000000000005
24642.1 31C 8 00000000800084F3
24643.3 31D 8 000000000000001F
24673.5 444 8 0000000000000005
24689.5 6C0 7 04030100000000
24691.1 3F1 8 0002000000000000
24692.2 663 8 7814E00E00AA0000
24693.3 31C 8 00000000800084F3
24694.4 31D 8 000000000000001F
24704.5 38C 8 000000000000007F
24705.8 6AB 8 00000000000043A1
24707.0 38D 8 00000000000000E5
24708.1 39C 8 FF6F000000000000
24709.6 3C3 8 FF00000000000000
24720.4 444 8 0000000000000005
24721.8 537 8 8080808080800000
24723.0 538 8 8080008080000080
24735.7 31C 8 00000000800084F3
24736.9 31D 8 000000000000001F
24767.1 444 8 0000000000000005
24782.8 3F1 8 0002000000000000
24784.1 484 8 0000000000000000
24785.2 523 8 CD1F7770450E0B02
24786.3 52E 5 603F000000
24787.4 663 8 7814E00E00AA0000
24788.6 31C 8 00000000800084F3
24798.6 31D 8 000000000000001F
24800.1 38C 8 000000000000007F
24801.4 539 8 21028000FE010000
24802.6 541 8 0000000000000000
24803.7 38D 8 00000000000000E5
24814.0 39C 8 FF6F000000000000
24815.1 3C3 8 FF00000000000000
24816.2 444 8 0000000000000005
24829.4 31C 8 00000000800084F3
24830.7 5EA 8 0000000000000016
24845.2 31D 8 000000000000001F
24846.4 5EB 8 0000000000000007
24847.5 5EC 8 000000000000000F
24848.6 66B 8 7700000000000000
24861.0 66C 8 DF09000000000000
24862.1 444 8 0000000000000005
24876.5 6C0 7 04030100000000
24877.6 3F1 8 0002000000000000
24878.8 663 8 7814E00E00AA0000
24892.1 31C 8 00000000800084F3
24893.2 31D 8 000000000000001F
24894.3 38C 8 000000000000007F
24895.4 6AB 8 00000000000043A1
24907.8 38D 8 00000000000000E5
24909.1 39C 8 FF6F000000000000
24910.4 3C3 8 FF00000000000000
24923.3 444 8 0000000000000005
24924.5 537 8 8080808080800000
24925.6 538 8 8080008080000080
24939.0 31C 8 00000000800084F3
24940.1 31D 8 000000000000001F
24970.3 444 8 0000000000000005
24985.7 3F1 8 0002000000000000
24987.4 663 8 7814E00E00AA0000
24988.5 31C 8 00000000800084F3
24990.6 31D 8 000000000000001F
25001.5 38C 8 000000000000007F
25002.6 38D 8 00000000000000E5
25003.7 39C 8 FF6F000000000000
25017.0 3C3 8 FF00000000000000
25018.2 444 8 0000000000000005
25032.8 523 8 CD1F7770450E0B02
25034.1 52E 5 603F000000
25035.2 31C 8 00000000800084F3
25048.3 31D 8 000000000000001F
25049.5 539 8 21028000FE010000
25050.6 541 8 0000000000000000
25063.9 444 8 0000000000000005
25079.3 6C0 7 04030100000000
25080.6 3F1 8 0002000000000000
25081.8 663 8 7814E00E00AA0000
25082.8 31C 8 00000000800084F3
25095.4 31D 8 000000000000001F
25096.6 38C 8 000000000000007F
25097.7 6AB 8 00000000000043A1
25098.8 38D 8 00000000000000E5
25110.8 39C 8 FF6F000000000000
25112.0 3C3 8 FF00000000000000
25113.1 444 8 0000000000000005
25126.5 537 8 8080808080800000
25127.6 538 8 8080008080000080
25142.1 31C 8 00000000800084F3
25143.3 31D 8 000000000000001F
25173.3 444 8 0000000000000005
25189.3 3F1 8 0002000000000000
25190.8 663 8 7814E00E00AA0000
25191.9 31C 8 00000000800084F3
25193.1 31D 8 000000000000001F
25194.3 38C 8 000000000000007F
25204.4 38D 8 00000000000000E5
25206.1 39C 8 FF6F000000000000
25208.5 3C3 8 FF00000000000000
25220.3 444 8 0000000000000005
25235.8 31C 8 00000000800084F3
25237.0 31D 8 000000000000001F
25267.1 444 8 0000000000000005
25282.9 6C0 7 04030100000000
25284.2 3F1 8 0002000000000000
25285.5 484 8 0000000000000000
25286.6 523 8 CD1F7770450E0B02
25287.7 52E 5 603F000000
25288.8 585 8 902C00000000003F
25290.7 64C 2 0011
25292.0 663 8 7814E00E00AA0000
25293.1 6B2 8 FFFEFF0F880000C8
25294.3 31C 8 00000000800084F3
25298.4 31D 8 000000000000001F
25299.7 38C 8 000000000000007F
25300.8 5FB 8 000000000000007E
25301.9 539 8 21028000FE010000
25303.0 541 8 0000000000000000
25304.3 5FA 8 000000000000F8FF
25305.5 6AB 8 00000000000043A1
25306.6 38D 8 00000000000000E5
25314.1 39C 8 FF6F000000000000
25315.5 3C3 8 FF00000000000000
25316.7 444 8 0000000000000005
25317.8 537 8 8080808080800000
25329.4 538 8 8080008080000080
25330.8 31C 8 00000000800084F3
25332.0 5EA 8 0000000000000016
25345.4 31D 8 000000000000001F
25346.6 5EB 8 0000000000000007
25347.7 5EC 8 000000000000000F
25348.8 66B 8 7700000000000000
25360.8 66C 8 DF09000000000000
25362.0 444 8 0000000000000005
25376.4 3F1 8 0002000000000000
25377.6 663 8 7814E00E00AA0000
25392.1 31C 8 00000000800084F3
25393.2 31D 8 000000000000001F
25394.5 38C 8 000000000000007F
25407.8 38D 8 00000000000000E5
25409.0 39C 8 FF6F000000000000
25410.1 3C3 8 FF00000000000000
25423.3 444 8 0000000000000005
25439.0 31C 8 00000000800084F3
25440.1 31D 8 000000000000001F
25470.3 444 8 0000000000000005
25486.0 6C0 7 04030100000000
25490.2 3F1 8 0002000000000000
25491.3 663 8 7814E00E00AA0000
25492.4 31C 8 00000000800084F3
25493.6 31D 8 000000000000001F
25501.5 38C 8 000000000000007F
25502.7 6AB 8 00000000000043A1
25503.8 38D 8 00000000000000E5
25505.0 39C 8 FF6F000000000000
25517.0 3C3 8 FF00000000000000
25518.5 444 8 0000000000000005
25519.7 537 8 8080808080800000
25532.9 538 8 8080008080000080
25534.1 523 8 CD1F7770450E0B02
25535.2 52E 5 603F000000
25536.3 31C 8 00000000800084F3
25548.4 31D 8 000000000000001F
25549.6 539 8 21028000FE010000
25550.6 541 8 0000000000000000
25563.9 444 8 0000000000000005
25579.7 3F1 8 0002000000000000
25581.0 663 8 7814E00E00AA0000
25582.1 31C 8 00000000800084F3
25595.3 31D 8 000000000000001F
25597.3 38C 8 000000000000007F
25598.4 38D 8 00000000000000E5
25610.8 39C 8 FF6F000000000000
25612.0 3C3 8 FF00000000000000
25613.0 444 8 0000000000000005
25642.2 31C 8 00000000800084F3
25643.4 31D 8 000000000000001F
25673.3 444 8 0000000000000005
25689.0 6C0 7 04030100000000
25690.2 3F1 8 0002000000000000
25691.3 663 8 7814E00E00AA0000
25692.4 31C 8 00000000800084F3
25693.5 31D 8 000000000000001F
25704.4 38C 8 000000000000007F
25705.7 6AB 8 00000000000043A1
25706.8 38D 8 00000000000000E5
25707.9 39C 8 FF6F000000000000
25709.0 3C3 8 FF00000000000000
25720.3 444 8 0000000000000005
25721.5 537 8 8080808080800000
25722.6 538 8 8080008080000080
25735.8 31C 8 00000000800084F3
25737.0 31D 8 000000000000001F
25767.0 444 8 0000000000000005
25782.7 3F1 8 0002000000000000
25784.0 484 8 0000000000000000
25785.0 523 8 CD1F7770450E0B02
25786.1 52E 5 603F000000
25787.3 663 8 7814E00E00AA0000
25788.4 31C 8 00000000800084F3
25798.5 31D 8 000000000000001F
25799.6 38C 8 000000000000007F
25800.7 539 8 21028000FE010000
25801.8 541 8 0000000000000000
25802.9 38D 8 00000000000000E5
25813.9 39C 8 FF6F000000000000
25815.1 3C3 8 FF00000000000000
25816.2 444 8 0000000000000005
25829.6 31C 8 00000000800084F3
25831.1 5EA 8 0000000000000016
25845.3 31D 8 000000000000001F
25846.4 5EB 8 0000000000000007
25847.5 5EC 8 000000000000000F
25848.6 66B 8 7700000000000000
25860.8 66C 8 DF09000000000000
25862.0 444 8 0000000000000005
25876.5 6C0 7 04030100000000
25877.6 3F1 8 0002000000000000
25878.8 663 8 7814E00E00AA0000
25892.0 31C 8 00000000800084F3
25893.2 31D 8 000000000000001F
25894.4 38C 8 000000000000007F
25895.6 6AB 8 00000000000043A1
25907.9 38D 8 00000000000000E5
25909.8 39C 8 FF6F000000000000
25911.9 3C3 8 FF00000000000000
25923.3 444 8 0000000000000005
25924.5 537 8 8080808080800000
25925.6 538 8 8080008080000080
25939.1 31C 8 00000000800084F3
25940.4 31D 8 000000000000001F
25970.4 444 8 0000000000000005
25986.0 3F1 8 0002000000000000
25987.2 663 8 7814E00E00AA0000
25988.3 31C 8 00000000800084F3
25989.6 31D 8 000000000000001F
26001.5 38C 8 000000000000007F
26002.6 38D 8 00000000000000E5
26003.7 39C 8 FF6F000000000000
26017.2 3C3 8 FF00000000000000
26018.3 444 8 0000000000000005
26032.9 523 8 CD1F7770450E0B02
26034.1 52E 5 603F000000
26035.4 31C 8 00000000800084F3
26048.3 31D 8 000000000000001F
26049.9 539 8 21028000FE010000
26051.0 541 8 0000000000000000
26063.8 444 8 0000000000000005
26079.5 6C0 7 04030100000000
26081.0 3F1 8 0002000000000000
26082.1 663 8 7814E00E00AA0000
26083.3 31C 8 00000000800084F3
26095.5 31D 8 000000000000001F
26096.7 38C 8 000000000000007F
26097.8 6AB 8 00000000000043A1
26098.9 38D 8 00000000000000E5
26110.8 39C 8 FF6F000000000000
26111.9 3C3 8 FF00000000000000
26113.1 444 8 0000000000000005
26126.5 537 8 8080808080800000
26127.6 538 8 8080008080000080
26142.1 31C 8 00000000800084F3
26143.2 31D 8 000000000000001F
26173.5 444 8 0000000000000005
26189.2 3F1 8 0002000000000000
26190.8 663 8 7814E00E00AA0000
26191.9 31C 8 00000000800084F3
26193.1 31D 8 000000000000001F
26194.4 38C 8 000000000000007F
26204.4 38D 8 00000000000000E5
26205.5 39C 8 FF6F000000000000
26206.6 3C3 8 FF00000000000000
26220.3 444 8 0000000000000005
26235.8 31C 8 00000000800084F3
26237.0 31D 8 000000000000001F
26267.1 444 8 0000000000000005
26283.0 6C0 7 04030100000000
26284.3 3F1 8 0002000000000000
26285.5 484 8 0000000000000000
26286.6 523 8 CD1F7770450E0B02
26287.7 52E 5 603F000000
26288.8 585 8 902C00000000003F
26290.3 64C 2 0011
26291.7 663 8 7814E00E00AA0000
26292.9 6B2 8 FFFEFF0F880080C8
26294.0 31C 8 00000000800084F3
26298.4 31D 8 000000000000001F
26299.7 38C 8 000000000000007F
26300.9 5FB 8 000000000000007E
26302.0 539 8 21028000FE010000
26303.1 541 8 0000000000000000
26304.3 5FA 8 000000000000F8FF
26305.6 6AB 8 00000000000043A1
26306.6 38D 8 00000000000000E5
26314.1 39C 8 FF6F000000000000
26315.3 3C3 8 FF00000000000000
26316.4 444 8 0000000000000005
26317.5 537 8 8080808080800000
26329.5 538 8 8080008080000080
26330.8 31C 8 00000000800084F3
26331.9 5EA 8 0000000000000016
26345.3 31D 8 000000000000001F
26346.9 5EB 8 0000000000000007
26348.0 5EC 8 000000000000000F
26349.2 66B 8 7700000000000000
26360.8 66C 8 DF09000000000000
26362.0 444 8 0000000000000005
26376.5 3F1 8 0002000000000000
26377.7 663 8 7814E00E00AA0000
26392.1 31C 8 00000000800084F3
26393.3 31D 8 000000000000001F
26394.3 38C 8 000000000000007F
26408.4 38D 8 00000000000000E5
26409.7 39C 8 FF6F000000000000
26410.7 3C3 8 FF00000000000000
26423.3 444 8 0000000000000005
26439.0 31C 8 00000000800084F3
26440.1 31D 8 000000000000001F
26470.3 444 8 0000000000000005
26485.8 6C0 7 04030100000000
26487.0 3F1 8 0002000000000000
26488.2 663 8 7814E00E00AA0000
26489.4 31C 8 00000000800084F3
26490.6 31D 8 000000000000001F
26501.5 38C 8 000000000000007F
26502.7 6AB 8 00000000000043A1
26503.8 38D 8 00000000000000E5
26504.9 39C 8 FF6F000000000000
26517.1 3C3 8 FF00000000000000
26518.2 444 8 0000000000000005
26519.5 537 8 8080808080800000
26532.7 538 8 8080008080000080
26533.9 523 8 CD1F7770450E0B02
26535.0 52E 5 603F000000
26536.1 31C 8 00000000800084F3
26548.4 31D 8 000000000000001F
26549.6 539 8 21028000FE010000
26550.7 541 8 0000000000000000
26563.8 444 8 0000000000000005
26579.6 3F1 8 0002000000000000
26581.1 663 8 7814E00E00AA0000
26582.3 31C 8 00000000800084F3
26595.5 31D 8 000000000000001F
26597.5 38C 8 000000000000007F
26599.4 38D 8 00000000000000E5
26611.1 39C 8 FF6F000000000000
26612.4 3C3 8 FF00000000000000
26614.0 444 8 0000000000000005
26642.1 31C 8 00000000800084F3
26643.2 31D 8 000000000000001F
26673.3 444 8 0000000000000005
26689.0 6C0 7 04030100000000
26690.5 3F1 8 0002000000000000
26691.6 663 8 7814E00E00AA0000
26692.8 31C 8 00000000800084F3
26694.0 31D 8 000000000000001F
26704.6 38C 8 000000000000007F
26705.8 6AB 8 00000000000043A1
26706.9 38D 8 00000000000000E5
26708.0 39C 8 FF6F000000000000
26709.5 3C3 8 FF00000000000000
26720.5 444 8 0000000000000005
26721.7 537 8 8080808080800000
26722.8 538 8 8080008080000080
26735.9 31C 8 00000000800084F3
26737.2 31D 8 000000000000001F
26767.1 444 8 0000000000000005
26783.1 3F1 8 0002000000000000
26784.3 484 8 0000000000000000
26785.6 523 8 CD1F7770450E0B02
26786.7 52E 5 603F000000
26787.8 663 8 7814E00E00AA0000
26788.9 31C 8 00000000800084F3
26798.3 31D 8 000000000000001F
26799.6 38C 8 000000000000007F
26800.8 539 8 21028000FE010000
26801.9 541 8 0000000000000000
26803.0 38D 8 00000000000000E5
26814.0 39C 8 FF6F000000000000
26815.1 3C3 8 FF00000000000000
26816.2 444 8 0000000000000005
26829.5 31C 8 00000000800084F3
26830.9 5EA 8 0000000000000016
26846.3 31D 8 000000000000001F
26850.6 5EB 8 0000000000000007
26851.8 5EC 8 000000000000000F
26852.9 66B 8 7700000000000000
26860.9 66C 8 DF09000000000000
26862.0 444 8 0000000000000005
26876.5 6C0 7 04030100000000
26877.6 3F1 8 0002000000000000
26878.7 663 8 7814E00E00AA0000
26892.1 31C 8 00000000800084F3
26893.2 31D 8 000000000000001F
26894.5 38C 8 000000000000007F
26895.6 6AB 8 00000000000043A1
26908.0 38D 8 00000000000000E5
26909.3 39C 8 FF6F000000000000
26910.5 3C3 8 FF00000000000000
26923.4 444 8 0000000000000005
26924.5 537 8 8080808080800000
26925.6 538 8 8080008080000080
26939.0 31C 8 00000000800084F3
26940.1 31D 8 000000000000001F
26970.4 444 8 0000000000000005
26985.9 3F1 8 0002000000000000
26987.0 663 8 7814E00E00AA0000
26988.1 31C 8 00000000800084F3
26989.3 31D 8 000000000000001F
27001.4 38C 8 000000000000007F
27002.6 38D 8 00000000000000E5
27003.8 39C 8 FF6F000000000000
27017.1 3C3 8 FF00000000000000
27019.1 444 8 0000000000000005
27032.9 523 8 CD1F7770450E0B02
27034.1 52E 5 603F000000
27035.4 31C 8 00000000800084F3
27048.4 31D 8 000000000000001F
27049.8 539 8 21028000FE010000
27051.6 541 8 0000000000000000
27063.9 444 8 0000000000000005
27079.6 6C0 7 04030100000000
27080.9 3F1 8 0002000000000000
27082.1 663 8 7814E00E00AA0000
27083.2 31C 8 00000000800084F3
27095.2 31D 8 000000000000001F
27096.4 38C 8 000000000000007F
27097.5 6AB 8 00000000000043A1
27098.6 38D 8 00000000000000E5
27110.6 39C 8 FF6F000000000000
27112.1 3C3 8 FF00000000000000
27113.2 444 8 0000000000000005
27126.6 537 8 8080808080800000
27128.1 538 8 8080008080000080
27142.3 31C 8 00000000800084F3
27143.4 31D 8 000000000000001F
27173.4 444 8 0000000000000005
27189.1 3F1 8 0002000000000000
27190.4 663 8 7814E00E00AA0000
27191.5 31C 8 00000000800084F3
27192.6 31D 8 000000000000001F
27204.5 38C 8 000000000000007F
27205.9 38D 8 00000000000000E5
27207.2 39C 8 FF6F000000000000
27208.3 3C3 8 FF00000000000000
27220.2 444 8 0000000000000005
27235.9 31C 8 00000000800084F3
27237.1 31D 8 000000000000001F
27267.1 444 8 0000000000000005
27282.8 6C0 7 04030100000000
27284.1 3F1 8 0002000000000000
27285.4 484 8 0000000000000000
27286.5 523 8 CD1F7770450E0B02
27287.6 52E 5 603F000000
27288.7 585 8 902C00000000003F
27290.7 64C 2 0011
27292.0 663 8 7814E00E00AA0000
27293.1 6B2 8 FFFEFF0F880000C9
27294.3 31C 8 00000000800084F3
27298.4 31D 8 000000000000001F
27299.7 38C 8 000000000000007F
27300.9 5FB 8 000000000000007E
27301.9 539 8 21028000FE010000
27303.0 541 8 0000000000000000
27304.2 5FA 8 000000000000F8FF
27305.2 6AB 8 00000000000043A1
27306.3 38D 8 00000000000000E5
27314.1 39C 8 FF6F000000000000
27315.4 3C3 8 FF00000000000000
27316.5 444 8 0000000000000005
27317.7 537 8 8080808080800000
27329.5 538 8 8080008080000080
27330.8 31C 8 00000000800084F3
27332.0 5EA 8 0000000000000016
27345.4 31D 8 000000000000001F
27346.6 5EB 8 0000000000000007
27347.7 5EC 8 000000000000000F
27348.8 66B 8 7700000000000000
27360.8 66C 8 DF09000000000000
27362.0 444 8 0000000000000005
27376.3 3F1 8 0002000000000000
27377.5 663 8 7814E00E00AA0000
27392.0 31C 8 00000000800084F3
27393.3 31D 8 000000000000001F
27394.4 38C 8 000000000000007F
27407.8 38D 8 00000000000000E5
27409.0 39C 8 FF6F000000000000
27410.4 3C3 8 FF00000000000000
27423.3 444 8 0000000000000005
27438.9 31C 8 00000000800084F3
27440.1 31D 8 000000000000001F
27470.5 444 8 0000000000000005
27485.8 6C0 7 04030100000000
27487.0 3F1 8 0002000000000000
27488.1 663 8 7814E00E00AA0000
27489.3 31C 8 00000000800084F3
27490.6 31D 8 000000000000001F
27501.4 38C 8 000000000000007F
27502.6 6AB 8 00000000000043A1
27503.7 38D 8 00000000000000E5
27505.2 39C 8 FF6F000000000000
27517.1 3C3 8 FF00000000000000
27518.3 444 8 0000000000000005
27519.4 537 8 8080808080800000
27532.8 538 8 8080008080000080
27534.2 523 8 CD1F7770450E0B02
27535.4 52E 5 603F000000
27536.5 31C 8 00000000800084F3
27548.3 31D 8 000000000000001F
27549.5 539 8 21028000FE010000
27550.6 541 8 0000000000000000
27563.9 444 8 0000000000000005
27579.5 3F1 8 0002000000000000
27580.8 663 8 7814E00E00AA0000
27581.9 31C 8 00000000800084F3
27595.4 31D 8 000000000000001F
27596.5 38C 8 000000000000007F
27597.6 38D 8 00000000000000E5
27610.9 39C 8 FF6F000000000000
27612.6 3C3 8 FF00000000000000
27613.8 444 8 0000000000000005
27642.2 31C 8 00000000800084F3
27643.8 31D 8 000000000000001F
27673.5 444 8 0000000000000005
27689.0 6C0 7 04030100000000
27690.4 3F1 8 0002000000000000
27692.4 663 8 7814E00E00AA0000
27693.6 31C 8 00000000800084F3
27694.9 31D 8 000000000000001F
27704.7 38C 8 000000000000007F
27706.0 6AB 8 00000000000043A1
27707.1 38D 8 00000000000000E5
27708.2 39C 8 FF6F000000000000
27709.5 3C3 8 FF00000000000000
27720.0 444 8 0000000000000005
27721.2 537 8 8080808080800000
27722.4 538 8 8080008080000080
27735.9 31C 8 00000000800084F3
27737.0 31D 8 000000000000001F
27767.1 444 8 0000000000000005
27782.7 3F1 8 0002000000000000
27783.9 484 8 0000000000000000
27785.2 523 8 CD1F7770450E0B02
27786.3 52E 5 603F000000
27787.4 663 8 7814E00E00AA0000
27788.5 31C 8 00000000800084F3
27798.5 31D 8 000000000000001F
27799.8 38C 8 000000000000007F
27800.9 539 8 21028000FE010000
27802.0 541 8 0000000000000000
27803.1 38D 8 00000000000000E5
27814.2 39C 8 FF6F000000000000
27815.3 3C3 8 FF00000000000000
27816.4 444 8 0000000000000005
27829.6 31C 8 00000000800084F3
27831.1 5EA 8 0000000000000016
27845.4 31D 8 000000000000001F
27846.5 5EB 8 0000000000000007
27847.6 5EC 8 000000000000000F
27848.7 66B 8 7700000000000000
27860.8 66C 8 DF09000000000000
27862.0 444 8 0000000000000005
27876.3 6C0 7 04030100000000
27877.8 3F1 8 0002000000000000
27879.0 663 8 7814E00E00AA0000
27891.9 31C 8 00000000800084F3
27893.1 31D 8 000000000000001F
27894.4 38C 8 000000000000007F
27895.6 6AB 8 00000000000043A1
27907.9 38D 8 00000000000000E5
27909.1 39C 8 FF6F000000000000
27910.4 3C3 8 FF00000000000000
27923.4 444 8 0000000000000005
27924.6 537 8 8080808080800000
27925.8 538 8 8080008080000080
27938.9 31C 8 00000000800084F3
27940.1 31D 8 000000000000001F
27970.5 444 8 0000000000000005
27985.8 3F1 8 0002000000000000
27987.0 663 8 7814E00E00AA0000
27988.1 31C 8 00000000800084F3
27989.3 31D 8 000000000000001F
28001.6 38C 8 000000000000007F
28002.8 38D 8 00000000000000E5
28004.0 39C 8 FF6F000000000000
28017.3 3C3 8 FF00000000000000
28018.5 444 8 0000000000000005
28033.2 523 8 CD1F7770450E0B02
28034.5 52E 5 603F000000
28035.7 31C 8 00000000800084F3
28048.3 31D 8 000000000000001F
28049.5 539 8 21028000FE010000
28050.6 541 8 0000000000000000
28064.1 444 8 0000000000000005
28079.4 6C0 7 04030100000000
28080.7 3F1 8 0002000000000000
28081.9 663 8 7814E00E00AA0000
28083.0 31C 8 00000000800084F3
28095.1 31D 8 000000000000001F
28096.2 38C 8 000000000000007F
28097.3 6AB 8 00000000000043A1
28098.5 38D 8 00000000000000E5
28110.8 39C 8 FF6F000000000000
28111.9 3C3 8 FF00000000000000
28113.1 444 8 0000000000000005
28126.6 537 8 8080808080800000
28128.5 538 8 8080008080000080
28142.3 31C 8 00000000800084F3
28143.5 31D 8 000000000000001F
28173.4 444 8 0000000000000005
28189.3 3F1 8 0002000000000000
28190.8 663 8 7814E00E00AA0000
28192.0 31C 8 00000000800084F3
28193.1 31D 8 000000000000001F
28194.3 38C 8 000000000000007F
28204.6 38D 8 00000000000000E5
28206.3 39C 8 FF6F000000000000
28210.0 3C3 8 FF00000000000000
28220.5 444 8 0000000000000005
28235.8 31C 8 00000000800084F3
28237.0 31D 8 000000000000001F
28267.1 444 8 0000000000000005
28282.8 6C0 7 04030100000000
28284.1 3F1 8 0002000000000000
28285.4 484 8 0000000000000000
28286.5 523 8 CD1F7770450E0B02
28287.7 52E 5 603F000000
28288.8 585 8 902C00000000003F
28290.2 64C 2 0011
28291.6 663 8 7814E00E00AA0000
28292.9 6B2 8 FFFEFF0F880080C9
28294.1 31C 8 00000000800084F3
28298.4 31D 8 000000000000001F
28300.7 38C 8 000000000000007F
28301.9 5FB 8 000000000000007E
28303.0 539 8 21028000FE010000
28304.3 541 8 0000000000000000
28305.5 5FA 8 000000000000F8FF
28306.6 6AB 8 00000000000043A1
28307.7 38D 8 00000000000000E5
28314.1 39C 8 FF6F000000000000
28315.4 3C3 8 FF00000000000000
28316.5 444 8 0000000000000005
28317.7 537 8 8080808080800000
28329.6 538 8 8080008080000080
28330.9 31C 8 00000000800084F3
28345.3 5EA 8 0000000000000016
28346.4 31D 8 000000000000001F
28347.5 5EB 8 0000000000000007
28348.6 5EC 8 000000000000000F
28349.7 66B 8 7700000000000000
28360.9 66C 8 DF09000000000000
28362.0 444 8 0000000000000005
28376.7 3F1 8 0002000000000000
28377.8 663 8 7814E00E00AA0000
28392.1 31C 8 00000000800084F3
28393.3 31D 8 000000000000001F
28394.4 38C 8 000000000000007F
28407.8 38D 8 00000000000000E5
28409.0 39C 8 FF6F000000000000
28410.4 3C3 8 FF00000000000000
28423.3 444 8 0000000000000005
28439.0 31C 8 00000000800084F3
28440.2 31D 8 000000000000001F
28470.4 444 8 0000000000000005
28485.9 6C0 7 04030100000000
28487.2 3F1 8 0002000000000000
28488.3 663 8 7814E00E00AA0000
28489.5 31C 8 00000000800084F3
28491.7 31D 8 000000000000001F
28501.6 38C 8 000000000000007F
28502.8 6AB 8 00000000000043A1
28503.9 38D 8 00000000000000E5
28505.2 39C 8 FF6F000000000000
28517.1 3C3 8 FF00000000000000
28518.3 444 8 0000000000000005
28519.5 537 8 8080808080800000
28532.8 538 8 8080008080000080
28534.3 523 8 CD1F7770450E0B02
28535.5 52E 5 603F000000
28536.6 31C 8 00000000800084F3
28548.3 31D 8 000000000000001F
28549.5 539 8 210280005A000000
28550.7 541 8 0000000000000000
28563.9 444 8 0000000000000005
28579.4 3F1 8 0002000000000000
28580.8 663 8 7814E00E00AA0000
28581.9 31C 8 00000000800084F3
28595.4 31D 8 000000000000001F
28596.5 38C 8 000000000000007F
28597.7 38D 8 00000000000000E5
28610.9 39C 8 FF6F000000000000
28612.7 3C3 8 FF00000000000000
28614.3 444 8 0000000000000005
28642.1 31C 8 00000000800084F3
28643.2 31D 8 000000000000001F
28673.5 444 8 0000000000000005
28689.2 6C0 7 04030100000000
28690.7 3F1 8 0002000000000000
28692.0 663 8 7814E00E00AA0000
28693.3 31C 8 00000000800084F3
28694.6 31D 8 000000000000001F
28704.5 38C 8 000000000000007F
28705.9 6AB 8 00000000000043A1
28707.7 38D 8 00000000000000E5
28708.8 39C 8 FF6F000000000000
28710.2 3C3 8 FF00000000000000
28720.4 444 8 0000000000000005
28721.6 537 8 8080808080800000
28722.7 538 8 8080008080000080
28735.9 31C 8 00000000800084F3
28737.2 31D 8 000000000000001F
28767.1 444 8 0000000000000005
28782.7 3F1 8 0002000000000000
28784.0 484 8 0000000000000000
28785.3 523 8 CD1F7770450E0B02
28786.4 52E 5 603F000000
28787.5 663 8 7814E00E00AA0000
28788.6 31C 8 00000000800084F3
28798.3 31D 8 000000000000001F
28799.6 38C 8 000000000000007F
28800.9 539 8 210280005A000000
28802.0 541 8 0000000000000000
28803.2 38D 8 00000000000000E5
28814.0 39C 8 FF6F000000000000
28815.5 3C3 8 FF00000000000000
28816.7 444 8 0000000000000005
28829.7 31C 8 00000000800084F3
28831.0 5EA 8 0000000000000016
28845.2 31D 8 000000000000001F
28846.6 5EB 8 0000000000000007
28847.7 5EC 8 000000000000000F
28848.8 66B 8 7700000000000000
28860.9 66C 8 DF09000000000000
28862.2 444 8 0000000000000005
28876.5 6C0 7 04030100000000
28877.7 3F1 8 0002000000000000
28878.8 663 8 7814E00E00AA0000
28892.1 31C 8 00000000800084F3
28893.2 31D 8 000000000000001F
28895.1 38C 8 000000000000007F
28896.3 6AB 8 00000000000043A1
28907.7 38D 8 00000000000000E5
28909.2 39C 8 FF6F000000000000
28910.5 3C3 8 FF00000000000000
28923.4 444 8 0000000000000005
28924.9 537 8 8080808080800000
28926.2 538 8 8080008080000080
28938.9 31C 8 00000000800084F3
28940.1 31D 8 000000000000001F
28970.2 444 8 0000000000000005
28986.0 3F1 8 0002000000000000
28987.2 663 8 7814E00E00AA0000
28988.3 31C 8 00000000800084F3
28989.5 31D 8 000000000000001F
29001.7 38C 8 000000000000007F
29003.0 38D 8 00000000000000E5
29004.2 39C 8 FF6F000000000000
29017.2 3C3 8 FF00000000000000
29018.4 444 8 0000000000000005
29032.9 523 8 CD1F7770450E0B02
29034.4 52E 5 603F000000
29035.6 31C 8 00000000800084F3
29048.5 31D 8 000000000000001F
29049.7 539 8 210280005A000000
29050.8 541 8 0000000000000000
29064.0 444 8 0000000000000005
29079.4 6C0 7 04030100000000
29080.8 3F1 8 0002000000000000
29082.1 663 8 7814E00E00AA0000
29083.3 31C 8 00000000800084F3
29095.4 31D 8 000000000000001F
29096.5 38C 8 000000000000007F
29097.7 6AB 8 00000000000043A1
29098.8 38D 8 00000000000000E5
29110.8 39C 8 FF6F000000000000
29112.7 3C3 8 FF00000000000000
29113.9 444 8 0000000000000005
29126.7 537 8 8080808080800000
29128.2 538 8 8080008080000080
29142.0 31C 8 00000000800084F3
29143.2 31D 8 000000000000001F
29173.4 444 8 0000000000000005
29189.0 3F1 8 0002000000000000
29190.3 663 8 7814E00E00AA0000
29191.3 31C 8 00000000800084F3
29192.4 31D 8 000000000000001F
29204.4 38C 8 000000000000007F
29205.6 38D 8 00000000000000E5
29206.7 39C 8 FF6F000000000000
29207.9 3C3 8 FF00000000000000
29220.4 444 8 0000000000000005
29235.8 31C 8 00000000800084F3
29237.7 31D 8 000000000000001F
29266.9 444 8 0000000000000005
29282.8 6C0 7 04030100000000
29284.1 3F1 8 0002000000000000
29285.3 484 8 0000000000000000
29286.4 523 8 CD1F7770450E0B02
29287.5 52E 5 603F000000
29288.6 585 8 902C00000000003F
29289.6 64C 2 0011
29290.8 663 8 7814E00E00AA0000
29292.2 6B2 8 FFFEFF0F880000CA
29293.3 31C 8 00000000800084F3
29298.3 31D 8 000000000000001F
29299.6 38C 8 000000000000007F
29300.7 5FB 8 1FFFFFFFFF1FF87E
29301.8 539 8 210280005A000000
29302.9 541 8 0000000000000000
29304.1 5FA 8 000000000000F8FF
29305.2 6AB 8 00000000000043A1
29307.1 38D 8 00000000000000E5
29314.0 39C 8 FF6F000000000000
29315.4 3C3 8 FF00000000000000
29316.6 444 8 0000000000000005
29329.5 537 8 8080808080800000
29330.8 538 8 8080008080000080
29331.9 31C 8 00000000800084F3
29333.1 5EA 8 0000000000000016
29345.4 31D 8 000000000000001F
29346.6 5EB 8 0000000000000007
29347.7 5EC 8 000000000000000F
29348.8 66B 8 7700000000000000
29360.8 66C 8 DF09000000000000
29362.0 444 8 0000000000000005
29376.2 3F1 8 0002000000000000
29377.4 663 8 7814E00E00AA0000
29392.1 31C 8 00000000800084F3
29393.6 31D 8 000000000000001F
29394.9 38C 8 000000000000007F
29407.8 38D 8 00000000000000E5
29409.4 39C 8 FF6F000000000000
29410.7 3C3 8 FF00000000000000
29423.3 444 8 0000000000000005
29438.9 31C 8 00000000800084F3
29440.1 31D 8 000000000000001F
29470.3 444 8 0000000000000005
29485.9 6C0 7 04030100000000
29487.1 3F1 8 0002000000000000
29488.3 663 8 7814E00E00AA0000
29489.6 31C 8 00000000800084F3
29490.9 31D 8 000000000000001F
29501.6 38C 8 000000000000007F
29503.0 6AB 8 00000000000043A1
29504.3 38D 8 00000000000000E5
29505.5 39C 8 FF6F000000000000
29517.1 3C3 8 FF00000000000000
29518.3 444 8 0000000000000005
29519.6 537 8 8080808080800000
29533.1 538 8 8080008080000080
29534.4 523 8 CD1F7770450E0B02
29535.5 52E 5 603F000000
29536.6 31C 8 00000000800084F3
29548.4 31D 8 000000000000001F
29549.5 539 8 210280005A000000
29550.6 541 8 0000000000000000
29564.0 444 8 0000000000000005
29579.4 3F1 8 0002000000000000
29580.8 663 8 7814E00E00AA0000
29582.0 31C 8 00000000800084F3
29595.4 31D 8 000000000000001F
29596.5 38C 8 000000000000007F
29597.7 38D 8 00000000000000E5
29610.9 39C 8 FF6F000000000000
29612.8 3C3 8 FF00000000000000
29614.5 444 8 0000000000000005
29642.1 31C 8 00000000800084F3
29643.2 31D 8 000000000000001F
29673.4 444 8 0000000000000005
29689.1 6C0 7 04030100000000
29690.5 3F1 8 0002000000000000
29691.8 663 8 7814E00E00AA0000
29693.0 31C 8 00000000800084F3
29694.2 31D 8 000000000000001F
29704.3 38C 8 000000000000007F
29705.8 6AB 8 00000000000043A1
29706.9 38D 8 00000000000000E5
29708.1 39C 8 FF6F000000000000
29709.2 3C3 8 FF00000000000000
29720.9 444 8 0000000000000005
29722.0 537 8 8080808080800000
29723.2 538 8 8080008080000080
29735.9 31C 8 00000000800084F3
29737.1 31D 8 000000000000001F
29767.1 444 8 0000000000000005
29783.0 3F1 8 0002000000000000
29784.4 484 8 0000000000000000
29785.6 523 8 CD1F7770450E0B02
29786.7 52E 5 603F000000
29787.8 663 8 7814E00E00AA0000
29788.9 31C 8 00000000800084F3
29798.5 31D 8 000000000000001F
29799.8 38C 8 000000000000007F
29801.1 539 8 220280005A000000
29802.2 541 8 0000000000000000
29803.3 38D 8 00000000000000E5
29814.1 39C 8 FF6F000000000000
29815.2 3C3 8 FF00000000000000
29816.3 444 8 0000000000000005
29829.6 31C 8 00000000800084F3
29831.2 5EA 8 0000000000000016
29845.4 31D 8 000000000000001F
29846.5 5EB 8 0000000000000007
29847.7 5EC 8 000000000000000F
29848.8 66B 8 7700000000000000
29860.9 66C 8 DF09000000000000
29862.0 444 8 0000000000000005
29876.2 6C0 7 04030100000000
29877.3 3F1 8 0002000000000000
29878.5 663 8 7814E00E00AA0000
29892.1 31C 8 00000000800084F3
29893.2 31D 8 000000000000001F
29894.5 38C 8 000000000000007F
29895.7 6AB 8 00000000000043A1
29907.9 38D 8 00000000000000E5
29909.0 39C 8 FF6F000000000000
29910.3 3C3 8 FF00000000000000
29923.5 444 8 0000000000000005
29925.0 537 8 8080808080800000
29926.2 538 8 8080008080000080
29939.0 31C 8 00000000800084F3
29940.1 31D 8 000000000000001F
29970.3 444 8 0000000000000005
29985.8 3F1 8 0002000000000000
29987.0 663 8 7814E00E00AA0000
29988.1 31C 8 00000000800084F3
29989.3 31D 8 000000000000001F
30001.5 38C 8 000000000000007F
30002.7 38D 8 00000000000000E5
30003.9 39C 8 FF6F000000000000
30017.1 3C3 8 FF00000000000000
30018.2 444 8 0000000000000005
30032.9 523 8 CD1F7770450E0B02
30034.0 52E 5 603F000000
30035.3 31C 8 00000000800084F3
30048.4 31D 8 000000000000001F
30049.6 539 8 220280005A000000
30050.7 541 8 0000000000000000
30064.0 444 8 0000000000000005
30079.6 6C0 7 04030100000000
30080.9 3F1 8 0002000000000000
30082.0 663 8 7814E00E00AA0000
30083.1 31C 8 00000000800084F3
30095.3 31D 8 000000000000001F
30096.5 38C 8 000000000000007F
30097.6 6AB 8 00000000000043A1
30098.7 38D 8 00000000000000E5
30111.0 39C 8 FF6F000000000000
30112.1 3C3 8 FF00000000000000
30113.3 444 8 0000000000000005
30126.5 537 8 8080808080800000
30127.6 538 8 8080008080000080
30142.1 31C 8 00000000800084F3
30144.0 31D 8 000000000000001F
30173.4 444 8 0000000000000005
30189.0 3F1 8 0002000000000000
30190.4 663 8 7814E00E00AA0000
30191.5 31C 8 00000000800084F3
30192.7 31D 8 000000000000001F
30204.4 38C 8 000000000000007F
30206.1 38D 8 00000000000000E5
30208.1 39C 8 FF6F000000000000
30209.2 3C3 8 FF00000000000000
30220.4 444 8 0000000000000005
30236.0 31C 8 00000000800084F3
30237.6 31D 8 000000000000001F
30267.1 444 8 0000000000000005
30282.9 6C0 7 04030100000000
30284.1 3F1 8 0002000000000000
30285.2 484 8 0000000000000000
30286.3 523 8 CD1F7770450E0B02
30287.4 52E 5 603F000000
30288.6 585 8 902C00000000003F
30289.7 64C 2 0011
30290.9 663 8 7814E00E00AA0000
30292.4 6B2 8 FFFEFF0F880080CA
30293.4 31C 8 00000000800084F3
30298.3 31D 8 000000000000001F
30299.7 38C 8 000000000000007F
30301.0 5FB 8 1FFFFFFFFF1FF87E
30302.0 539 8 2202800008030000
30303.1 541 8 0000000000000000
30304.3 5FA 8 5B9DC7CC9C46F1FF
30305.5 6AB 8 00000000000043A1
30306.6 38D 8 00000000000000E5
30314.1 39C 8 FF6F000000000000
30315.4 3C3 8 FF00000000000000
30316.6 444 8 0000000000000005
30329.7 537 8 8080808080800000
30330.9 538 8 8080008080000080
30332.0 31C 8 00000000800084F3
30345.4 5EA 8 0000000000000016
30346.8 31D 8 000000000000001F
30348.0 5EB 8 0000000000000007
30349.4 5EC 8 000000000000000F
30351.0 66B 8 7700000000000000
30360.8 66C 8 DF09000000000000
30362.0 444 8 0000000000000005
30376.5 3F1 8 0002000000000000
30377.7 663 8 7814E00E00AA0000
30392.1 31C 8 00000000800084F3
30393.3 31D 8 000000000000001F
30394.5 38C 8 000000000000007F
30407.8 38D 8 00000000000000E5
30409.1 39C 8 FF6F000000000000
30410.5 3C3 8 FF00000000000000
30423.3 444 8 0000000000000005
30439.0 31C 8 00000000800084F3
30440.1 31D 8 000000000000001F
30470.3 444 8 0000000000000005
30485.8 6C0 7 04030100000000
30487.0 3F1 8 0002000000000000
30488.1 663 8 7814E00E00AA0000
30489.3 31C 8 00000000800084F3
30490.4 31D 8 000000000000001F
30501.5 38C 8 000000000000007F
30502.7 6AB 8 00000000000043A1
30503.8 38D 8 00000000000000E5
30505.3 39C 8 FF6F000000000000
30517.0 3C3 8 FF00000000000000
30518.2 444 8 0000000000000005
30519.5 537 8 8080808080800000
30533.0 538 8 8080008080000080
30534.2 523 8 CD1F7770450E0B02
30536.3 52E 5 603F000000
30537.4 31C 8 00000000800084F3
30548.4 31D 8 000000000000001F
30549.5 539 8 2202800008030000
30550.6 541 8 0000000000000000
30564.1 444 8 0000000000000005
30579.5 3F1 8 0002000000000000
30580.8 663 8 7814E00E00AA0000
30581.9 31C 8 00000000800084F3
30595.4 31D 8 000000000000001F
30596.6 38C 8 000000000000007F
30597.7 38D 8 00000000000000E5
30611.0 39C 8 FF6F000000000000
30612.1 3C3 8 FF00000000000000
30613.2 444 8 0000000000000005
30642.1 31C 8 00000000800084F3
30643.4 31D 8 000000000000001F
30673.4 444 8 0000000000000005
30689.0 6C0 7 04030100000000
30690.3 3F1 8 0002000000000000
30691.5 663 8 7814E00E00AA0000
30692.7 31C 8 00000000800084F3
30693.9 31D 8 000000000000001F
30704.3 38C 8 000000000000007F
30705.6 6AB 8 00000000000043A1
30706.7 38D 8 00000000000000E5
30707.8 39C 8 FF6F000000000000
30708.9 3C3 8 FF00000000000000
30720.1 444 8 0000000000000005
30721.3 537 8 8080808080800000
30722.4 538 8 8080008080000080
30736.1 31C 8 00000000800084F3
30737.3 31D 8 000000000000001F
30767.1 444 8 0000000000000005
30783.1 3F1 8 0002000000000000
30785.4 484 8 0000000000000000
30786.5 523 8 CD1F7770450E0B02
30787.6 52E 5 603F000000
30788.7 663 8 7814E00E00AA0000
30790.1 31C 8 00000000800084F3
30798.3 31D 8 000000000000001F
30799.6 38C 8 000000000000007F
30800.8 539 8 2202800008030000
30801.9 541 8 0000000000000000
30803.1 38D 8 00000000000000E5
30814.0 39C 8 FF6F000000000000
30815.1 3C3 8 FF00000000000000
30816.2 444 8 0000000000000005
30829.8 31C 8 00000000800084F3
30831.8 5EA 8 0000000000000016
30845.1 31D 8 000000000000001F
30846.3 5EB 8 0000000000000007
30847.4 5EC 8 000000000000000F
30848.6 66B 8 7700000000000000
30861.0 66C 8 DF09000000000000
30862.2 444 8 0000000000000005
30876.5 6C0 7 04030100000000
30877.6 3F1 8 0002000000000000
30878.8 663 8 7814E00E00AA0000
30891.8 31C 8 00000000800084F3
30893.0 31D 8 000000000000001F
30894.2 38C 8 000000000000007F
30895.5 6AB 8 00000000000043A1
30907.9 38D 8 00000000000000E5
30909.0 39C 8 FF6F000000000000
30910.4 3C3 8 FF00000000000000
30923.4 444 8 0000000000000005
30924.5 537 8 8080808080800000
30925.6 538 8 8080008080000080
30939.0 31C 8 00000000800084F3
30940.5 31D 8 000000000000001F
30970.4 444 8 0000000000000005
30990.7 3F1 8 0002000000000000
30991.8 663 8 7814E00E00AA0000
30993.0 31C 8 00000000800084F3
30994.1 31D 8 000000000000001F
30995.4 38C 8 000000000000007F
31006.3 38D 8 00000000000000E5
31007.5 39C 8 FF6F000000000000
31008.6 3C3 8 FF00000000000000
31022.2 444 8 0000000000000005
31037.6 523 8 CD1F7770450E0B02
31038.7 52E 5 603F000000
31039.8 31C 8 00000000800084F3
31041.0 31D 8 000000000000001F
31053.2 539 8 2202800008030000
31054.3 541 8 0000000000000000
31068.8 444 8 0000000000000005
31084.6 6C0 7 04030100000000
31085.9 3F1 8 0002000000000000
31087.0 663 8 7814E00E00AA0000
31088.1 31C 8 00000000800084F3
31089.3 31D 8 000000000000001F
31099.8 38C 8 000000000000007F
31101.0 6AB 8 00000000000043A1
31102.1 38D 8 00000000000000E5
31103.2 39C 8 FF6F000000000000
31115.8 3C3 8 FF00000000000000
31116.9 444 8 0000000000000005
31118.0 537 8 8080808080800000
31131.4 538 8 8080008080000080
31132.6 31C 8 00000000800084F3
31147.2 31D 8 000000000000001F
31162.7 444 8 0000000000000005
31178.5 3F1 8 0002000000000000
31180.0 663 8 7814E00E00AA0000
31193.8 31C 8 00000000800084F3
31195.2 31D 8 000000000000001F
31196.3 38C 8 000000000000007F
31209.6 38D 8 00000000000000E5
31210.9 39C 8 FF6F000000000000
31212.1 3C3 8 FF00000000000000
31213.2 444 8 0000000000000005
31241.5 31C 8 00000000800084F3
31243.0 31D 8 000000000000001F
31272.2 444 8 0000000000000005
31287.6 6C0 7 04030100000000
31288.7 3F1 8 0002000000000000
31290.1 484 8 0000000000000000
31291.3 523 8 CD1F7770450E0B02
31293.0 52E 5 603F000000
31294.2 585 8 902C00000000003F
31295.5 64C 2 0011
31296.6 663 8 7814E00E00AA0000
31297.8 6B2 8 FFFEFF0F880000CB
31298.9 31C 8 00000000800084F3
31300.3 31D 8 000000000000001F
31303.2 38C 8 000000000000007F
31304.4 5FB 8 1FFFFFFFFF1FF87E
31305.4 539 8 2202800008030000
31306.5 541 8 0000000000000000
31307.6 5FA 8 5B9DC7CC9C46F1FF
31308.7 6AB 8 00000000000043A1
31309.7 38D 8 00000000000000E5
31310.8 39C 8 FF6F000000000000
31318.8 3C3 8 FF00000000000000
31320.0 444 8 0000000000000005
31321.0 537 8 8080808080800000
31334.5 538 8 8080008080000080
31335.7 31C 8 00000000800084F3
31336.9 5EA 8 0000000000000016
31338.0 31D 8 000000000000001F
31340.0 5EB 8 0000000000000007
31349.9 5EC 8 000000000000000F
31351.0 66B 8 7700000000000000
31352.1 66C 8 DF09000000000000
31366.0 444 8 0000000000000005
31381.3 3F1 8 0002000000000000
31382.5 663 8 7814E00E00AA0000
31383.6 31C 8 00000000800084F3
31397.2 31D 8 000000000000001F
31398.4 38C 8 000000000000007F
31399.6 38D 8 00000000000000E5
31412.7 39C 8 FF6F000000000000
31413.9 3C3 8 FF00000000000000
31415.0 444 8 0000000000000005
31443.8 31C 8 00000000800084F3
31445.0 31D 8 000000000000001F
31460.3 444 8 0000000000000005
31475.2 6C0 7 04030100000000
31490.7 3F1 8 0002000000000000
31492.0 663 8 7814E00E00AA0000
31493.1 31C 8 00000000800084F3
31494.3 31D 8 000000000000001F
31495.6 38C 8 000000000000007F
31506.3 6AB 8 00000000000043A1
31507.5 38D 8 00000000000000E5
31508.6 39C 8 FF6F000000000000
31509.8 3C3 8 FF00000000000000
31522.0 444 8 0000000000000005
31523.3 537 8 8080808080800000
31524.4 538 8 8080008080000080
31537.6 523 8 CD1F7770450E0B02
31538.7 52E 5 603F000000
31539.9 31C 8 00000000800084F3
31541.0 31D 8 000000000000001F
31553.2 539 8 2202800008030000
31554.4 541 8 0000000000000000
31569.4 444 8 0000000000000005
31584.9 3F1 8 0002000000000000
31586.1 663 8 7814E00E00AA0000
31587.2 31C 8 00000000800084F3
31588.4 31D 8 000000000000001F
31600.7 38C 8 000000000000007F
31602.0 38D 8 00000000000000E5
31603.1 39C 8 FF6F000000000000
31616.4 3C3 8 FF00000000000000
31617.7 444 8 0000000000000005
31632.1 31C 8 00000000800084F3
31647.9 31D 8 000000000000001F
31663.4 444 8 0000000000000005
31679.0 6C0 7 04030100000000
31680.3 3F1 8 0002000000000000
31681.4 663 8 7814E00E00AA0000
31694.3 31C 8 00000000800084F3
31695.7 31D 8 000000000000001F
31696.9 38C 8 000000000000007F
31698.0 6AB 8 00000000000043A1
31699.3 38D 8 00000000000000E5
31710.1 39C 8 FF6F000000000000
31711.3 3C3 8 FF00000000000000
31712.4 444 8 0000000000000005
31725.8 537 8 8080808080800000
31726.9 538 8 8080008080000080
31741.7 31C 8 00000000800084F3
31742.9 31D 8 000000000000001F
31772.9 444 8 0000000000000005
31788.4 3F1 8 0002000000000000
31789.6 484 8 0000000000000000
31790.8 523 8 CD1F7770450E0B02
31792.3 52E 5 603F000000
31793.5 663 8 7814E00E00AA0000
31794.8 31C 8 00000000800084F3
31796.8 31D 8 000000000000001F
31803.9 38C 8 000000000000007F
31805.2 539 8 2202800008030000
31806.3 541 8 0000000000000000
31807.5 38D 8 00000000000000E5
31808.6 39C 8 FF6F000000000000
31819.5 3C3 8 FF00000000000000
31820.7 444 8 0000000000000005
31834.9 31C 8 00000000800084F3
31836.1 5EA 8 0000000000000016
31837.2 31D 8 000000000000001F
31838.4 5EB 8 0000000000000007
31850.7 5EC 8 000000000000000F
31851.9 66B 8 7700000000000000
31853.0 66C 8 DF09000000000000
31866.4 444 8 0000000000000005
31882.1 6C0 7 04030100000000
31883.2 3F1 8 0002000000000000
31884.4 663 8 7814E00E00AA0000
31885.5 31C 8 00000000800084F3
31897.7 31D 8 000000000000001F
31898.9 38C 8 000000000000007F
31900.2 6AB 8 00000000000043A1
31901.3 38D 8 00000000000000E5
31913.3 39C 8 FF6F000000000000
31914.5 3C3 8 FF00000000000000
31915.8 444 8 0000000000000005
31929.1 537 8 8080808080800000
31930.5 538 8 8080008080000080
31944.6 31C 8 00000000800084F3
31945.7 31D 8 000000000000001F
31960.0 444 8 0000000000000005
31975.6 3F1 8 0002000000000000
31977.0 663 8 7814E00E00AA0000
31991.4 31C 8 00000000800084F3
31992.6 31D 8 000000000000001F
31994.6 38C 8 000000000000007F
32007.0 38D 8 00000000000000E5
32008.2 39C 8 FF6F000000000000
32009.4 3C3 8 FF00000000000000
32022.8 444 8 0000000000000005
32038.2 523 8 CD1F7770450E0B02
32039.4 52E 5 603F000000
32040.5 31C 8 00000000800084F3
32041.8 31D 8 000000000000001F
32053.9 539 8 2202800008030000
32055.0 541 8 0000000000000000
32069.5 444 8 0000000000000005
32085.1 6C0 7 04030100000000
32086.5 3F1 8 0002000000000000
32087.6 663 8 7814E00E00AA0000
32088.8 31C 8 00000000800084F3
32090.0 31D 8 000000000000001F
32100.8 38C 8 000000000000007F
32102.0 6AB 8 00000000000043A1
32103.1 38D 8 00000000000000E5
32104.4 39C 8 FF6F000000000000
32116.4 3C3 8 FF00000000000000
32117.6 444 8 0000000000000005
32118.7 537 8 8080808080800000
32132.0 538 8 8080008080000080
32133.2 31C 8 00000000800084F3
32147.7 31D 8 000000000000001F
32163.4 444 8 0000000000000005
32178.9 3F1 8 0002000000000000
32180.4 663 8 7814E00E00AA0000
32194.3 31C 8 00000000800084F3
32195.5 31D 8 000000000000001F
32196.6 38C 8 000000000000007F
32197.7 38D 8 00000000000000E5
32210.0 39C 8 FF6F000000000000
32212.1 3C3 8 FF00000000000000
32213.3 444 8 0000000000000005
32241.5 31C 8 00000000800084F3
32242.9 31D 8 000000000000001F
32272.8 444 8 0000000000000005
32288.3 6C0 7 04030100000000
32289.6 3F1 8 0002000000000000
32290.9 484 8 0000000000000000
32292.1 523 8 CD1F7770450E0B02
32293.4 52E 5 603F000000
32294.5 585 8 902C00000000003F
32295.6 64C 2 0011
32296.7 663 8 7814E00E00AA0000
32297.9 6B2 8 FFFEFF0F880080CB
32299.0 31C 8 00000000800084F3
32300.4 31D 8 000000000000001F
32304.1 38C 8 000000000000007F
32307.6 5FB 8 1FFFFFFFFF1FF87E
32308.7 539 8 2202800008030000
32309.8 541 8 0000000000000000
32310.9 5FA 8 5B9DC7CC9C46F1FF
32312.0 6AB 8 00000000000043A1
32313.1 38D 8 00000000000000E5
32314.4 39C 8 FF6F000000000000
32319.5 3C3 8 FF00000000000000
32320.7 444 8 0000000000000005
32321.9 537 8 8080808080800000
32323.0 538 8 8080008080000080
32335.0 31C 8 00000000800084F3
32336.2 5EA 8 0000000000000016
32337.2 31D 8 000000000000001F
32338.4 5EB 8 0000000000000007
32350.8 5EC 8 000000000000000F
32351.9 66B 8 7700000000000000
32353.0 66C 8 DF09000000000000
32366.4 444 8 0000000000000005
32382.1 3F1 8 0002000000000000
32383.3 663 8 7814E00E00AA0000
32384.6 31C 8 00000000800084F3
32397.7 31D 8 000000000000001F
32398.9 38C 8 000000000000007F
32400.0 38D 8 00000000000000E5
32413.3 39C 8 FF6F000000000000
32414.4 3C3 8 FF00000000000000
32415.6 444 8 0000000000000005
32444.8 31C 8 00000000800084F3
32446.7 31D 8 000000000000001F
32460.5 444 8 0000000000000005
32475.7 6C0 7 04030100000000
32476.9 3F1 8 0002000000000000
32478.1 663 8 7814E00E00AA0000
32491.5 31C 8 00000000800084F3
32493.1 31D 8 000000000000001F
32494.3 38C 8 000000000000007F
32507.0 6AB 8 00000000000043A1
32508.2 38D 8 00000000000000E5
32509.4 39C 8 FF6F000000000000
32510.7 3C3 8 FF00000000000000
32522.8 444 8 0000000000000005
32524.0 537 8 8080808080800000
32525.1 538 8 8080008080000080
32538.3 523 8 CD1F7770450E0B02
32539.4 52E 5 603F000000
32540.5 31C 8 00000000800084F3
32541.7 31D 8 000000000000001F
32553.9 539 8 2202800008030000
32555.0 541 8 0000000000000000
32569.8 444 8 0000000000000005
32585.4 3F1 8 0002000000000000
32586.6 663 8 7814E00E00AA0000
32587.7 31C 8 00000000800084F3
32589.8 31D 8 000000000000001F
32600.8 38C 8 000000000000007F
32602.0 38D 8 00000000000000E5
32603.1 39C 8 FF6F000000000000
32616.4 3C3 8 FF00000000000000
32617.8 444 8 0000000000000005
32632.3 31C 8 00000000800084F3
32647.8 31D 8 000000000000001F
32663.3 444 8 0000000000000005
32678.9 6C0 7 04030100000000
32680.3 3F1 8 0002000000000000
32681.4 663 8 7814E00E00AA0000
32694.4 31C 8 00000000800084F3
32695.8 31D 8 000000000000001F
32696.9 38C 8 000000000000007F
32698.0 6AB 8 00000000000043A1
32699.2 38D 8 00000000000000E5
32710.0 39C 8 FF6F000000000000
32711.1 3C3 8 FF00000000000000
32712.3 444 8 0000000000000005
32726.0 537 8 8080808080800000
32727.3 538 8 8080008080000080
32741.5 31C 8 00000000800084F3
32742.8 31D 8 000000000000001F
32772.7 444 8 0000000000000005
32788.2 3F1 8 0002000000000000
32789.6 484 8 0000000000000000
32790.8 523 8 CD1F7770450E0B02
32792.1 52E 5 603F000000
32793.3 663 8 7814E00E00AA0000
32794.4 31C 8 00000000800084F3
32795.5 31D 8 000000000000001F
32803.9 38C 8 000000000000007F
32805.3 539 8 2202800008030000
32806.4 541 8 0000000000000000
32807.5 38D 8 00000000000000E5
32809.6 39C 8 FF6F000000000000
32819.5 3C3 8 FF00000000000000
32820.7 444 8 0000000000000005
32835.3 31C 8 00000000800084F3
32836.5 5EA 8 0000000000000016
32837.6 31D 8 000000000000001F
32838.8 5EB 8 0000000000000007
32850.8 5EC 8 000000000000000F
32851.9 66B 8 7700000000000000
32853.0 66C 8 DF09000000000000
32866.4 444 8 0000000000000005
32882.0 6C0 7 04030100000000
32883.1 3F1 8 0002000000000000
32884.4 663 8 7814E00E00AA0000
32885.6 31C 8 00000000800084F3
32897.7 31D 8 000000000000001F
32898.9 38C 8 000000000000007F
32900.2 6AB 8 00000000000043A1
32901.3 38D 8 00000000000000E5
32913.3 39C 8 FF6F000000000000
32914.4 3C3 8 FF00000000000000
32915.5 444 8 0000000000000005
32929.2 537 8 8080808080800000
32930.4 538 8 8080008080000080
32931.6 31C 8 00000000800084F3
32944.5 31D 8 000000000000001F
32960.1 444 8 0000000000000005
32975.7 3F1 8 0002000000000000
32977.0 663 8 7814E00E00AA0000
32991.4 31C 8 00000000800084F3
32992.6 31D 8 000000000000001F
32993.8 38C 8 000000000000007F
33007.1 38D 8 00000000000000E5
33008.3 39C 8 FF6F000000000000
33010.5 3C3 8 FF00000000000000
33022.8 444 8 0000000000000005
33038.5 523 8 CD1F7770450E0B02
33039.7 52E 5 603F000000
33040.8 31C 8 00000000800084F3
33042.0 31D 8 000000000000001F
33054.0 539 8 2202800008030000
33055.1 541 8 0000000000000000
33069.6 444 8 0000000000000005
33084.9 6C0 7 04030100000000
33086.3 3F1 8 0002000000000000
33087.4 663 8 7814E00E00AA0000
33088.5 31C 8 00000000800084F3
33089.7 31D 8 000000000000001F
33100.7 38C 8 000000000000007F
33101.9 6AB 8 00000000000043A1
33103.0 38D 8 00000000000000E5
33104.2 39C 8 FF6F000000000000
33116.4 3C3 8 FF00000000000000
33117.6 444 8 0000000000000005
33118.8 537 8 8080808080800000
33132.0 538 8 8080008080000080
33133.2 31C 8 00000000800084F3
33147.6 31D 8 000000000000001F
33163.3 444 8 0000000000000005
33178.9 3F1 8 0002000000000000
33180.1 663 8 7814E00E00AA0000
33194.4 31C 8 00000000800084F3
33195.7 31D 8 000000000000001F
33196.9 38C 8 000000000000007F
33198.0 38D 8 00000000000000E5
33209.9 39C 8 FF6F000000000000
33211.3 3C3 8 FF00000000000000
33212.4 444 8 0000000000000005
33241.6 31C 8 00000000800084F3
33242.9 31D 8 000000000000001F
33279.8 444 8 0000000000000005
33281.3 6C0 7 04030100000000
33282.5 3F1 8 0002000000000000
33283.6 484 8 0000000000000000
33285.2 523 8 CD1F7770450E0B02
33286.3 52E 5 603F000000
33287.4 585 8 902C00000000003F
33288.5 64C 2 0011
33289.5 663 8 7814E00E00AA0000
33290.6 6B2 8 FFFEFF0F880000CC
33291.8 31C 8 00000000800084F3
33295.1 31D 8 000000000000001F
33296.3 38C 8 000000000000007F
33297.4 5FB 8 1FFFFFFFFF1FF87E
33298.5 539 8 2202800008030000
33299.7 541 8 0000000000000000
33301.0 5FA 8 5B9DC7CC9C46F1FF
33302.1 6AB 8 00000000000043A1
33303.2 38D 8 00000000000000E5
33310.9 39C 8 FF6F000000000000
33312.1 3C3 8 FF00000000000000
33313.2 444 8 0000000000000005
33326.4 537 8 8080808080800000
33327.6 538 8 8080008080000080
33342.4 31C 8 00000000800084F3
33343.6 5EA 8 0000000000000016
33344.9 31D 8 000000000000001F
33346.0 5EB 8 0000000000000007
33347.2 5EC 8 000000000000000F
33357.6 66B 8 7700000000000000
33358.9 66C 8 DF09000000000000
33373.3 444 8 0000000000000005
33388.9 3F1 8 0002000000000000
33390.2 663 8 7814E00E00AA0000
33392.1 31C 8 00000000800084F3
33393.3 31D 8 000000000000001F
33404.5 38C 8 000000000000007F
33405.9 38D 8 00000000000000E5
33407.1 39C 8 FF6F000000000000
33408.2 3C3 8 FF00000000000000
33420.1 444 8 0000000000000005
33435.8 31C 8 00000000800084F3
33436.9 31D 8 000000000000001F
33467.4 444 8 0000000000000005
33482.9 6C0 7 04030100000000
33484.1 3F1 8 0002000000000000
33485.4 663 8 7814E00E00AA0000
33486.5 31C 8 00000000800084F3
33498.3 31D 8 000000000000001F
33499.5 38C 8 000000000000007F
33500.8 6AB 8 00000000000043A1
33501.9 38D 8 00000000000000E5
33514.0 39C 8 FF6F000000000000
33515.3 3C3 8 FF00000000000000
33516.4 444 8 0000000000000005
33529.7 537 8 8080808080800000
33531.0 538 8 8080008080000080
33532.1 523 8 CD1F7770450E0B02
33533.3 52E 5 603F000000
33534.5 31C 8 00000000800084F3
33545.3 31D 8 000000000000001F
33546.5 539 8 2202800008030000
33547.6 541 8 0000000000000000
33560.8 444 8 0000000000000005
33576.7 3F1 8 0002000000000000
33578.0 663 8 7814E00E00AA0000
33591.9 31C 8 00000000800084F3
33593.9 31D 8 000000000000001F
33595.2 38C 8 000000000000007F
33607.6 38D 8 00000000000000E5
33608.8 39C 8 FF6F000000000000
33610.1 3C3 8 FF00000000000000
33623.3 444 8 0000000000000005
33639.1 31C 8 00000000800084F3
33641.1 31D 8 000000000000001F
33670.1 444 8 0000000000000005
33686.1 6C0 7 04030100000000
33688.0 3F1 8 0002000000000000
33690.1 663 8 7814E00E00AA0000
33692.1 31C 8 00000000800084F3
33695.5 31D 8 000000000000001F
33701.4 38C 8 000000000000007F
33702.6 6AB 8 00000000000043A1
33703.6 38D 8 00000000000000E5
33704.7 39C 8 FF6F000000000000
33717.0 3C3 8 FF00000000000000
33718.2 444 8 0000000000000005
33719.4 537 8 8080808080800000
33732.7 538 8 8080008080000080
33733.9 31C 8 00000000800084F3
33748.3 31D 8 000000000000001F
33764.0 444 8 0000000000000005
33779.8 3F1 8 0002000000000000
33781.1 484 8 0000000000000000
33782.2 523 8 CD1F7770450E0B02
33783.4 52E 5 603F000000
33784.6 663 8 7814E00E00AA0000
33785.9 31C 8 00000000800084F3
33795.2 31D 8 000000000000001F
33796.4 38C 8 000000000000007F
33797.5 539 8 2202800008030000
33799.7 541 8 0000000000000000
33800.9 38D 8 00000000000000E5
33810.8 39C 8 FF6F000000000000
33811.9 3C3 8 FF00000000000000
33813.1 444 8 0000000000000005
33842.1 31C 8 00000000800084F3
33843.3 5EA 8 0000000000000016
33844.5 31D 8 000000000000001F
33845.7 5EB 8 0000000000000007
33846.8 5EC 8 000000000000000F
33857.6 66B 8 7700000000000000
33858.8 66C 8 DF09000000000000
33873.3 444 8 0000000000000005
33889.0 6C0 7 04030100000000
33890.3 3F1 8 0002000000000000
33891.5 663 8 7814E00E00AA0000
33892.7 31C 8 00000000800084F3
33894.0 31D 8 000000000000001F
33904.4 38C 8 000000000000007F
33905.6 6AB 8 00000000000043A1
33906.7 38D 8 00000000000000E5
33907.8 39C 8 FF6F000000000000
33908.9 3C3 8 FF00000000000000
33919.9 444 8 0000000000000005
33921.2 537 8 8080808080800000
33922.3 538 8 8080008080000080
33935.7 31C 8 00000000800084F3
33936.9 31D 8 000000000000001F
33967.1 444 8 0000000000000005
33982.6 3F1 8 0002000000000000
33984.5 663 8 7814E00E00AA0000
33985.8 31C 8 00000000800084F3
33998.4 31D 8 000000000000001F
33999.9 38C 8 000000000000007F
34002.0 38D 8 00000000000000E5
34013.9 39C 8 FF6F000000000000
34015.1 3C3 8 FF00000000000000
34016.3 444 8 0000000000000005
34029.6 523 8 CD1F7770450E0B02
34030.9 52E 5 603F000000
34032.0 31C 8 00000000800084F3
34045.2 31D 8 000000000000001F
34046.3 539 8 2202800008030000
34047.5 541 8 0000000000000000
34060.9 444 8 0000000000000005
34076.5 6C0 7 04030100000000
34077.7 3F1 8 0002000000000000
34078.8 663 8 7814E00E00AA0000
34092.3 31C 8 00000000800084F3
34093.6 31D 8 000000000000001F
34095.0 38C 8 000000000000007F
34096.1 6AB 8 00000000000043A1
34107.6 38D 8 00000000000000E5
34108.8 39C 8 FF6F000000000000
34110.1 3C3 8 FF00000000000000
34123.3 444 8 0000000000000005
34124.4 537 8 8080808080800000
34125.6 538 8 8080008080000080
34138.9 31C 8 00000000800084F3
34140.0 31D 8 000000000000001F
34170.2 444 8 0000000000000005
34185.8 3F1 8 0002000000000000
34186.9 663 8 7814E00E00AA0000
34188.1 31C 8 00000000800084F3
34189.2 31D 8 000000000000001F
34201.6 38C 8 000000000000007F
34202.8 38D 8 00000000000000E5
34204.0 39C 8 FF6F000000000000
34217.4 3C3 8 FF00000000000000
34218.5 444 8 0000000000000005
34232.6 31C 8 00000000800084F3
34248.9 31D 8 000000000000001F
34263.9 444 8 0000000000000005
34280.1 6C0 7 04030100000000
34281.4 3F1 8 0002000000000000
34282.6 484 8 0000000000000000
34283.7 523 8 CD1F7770450E0B02
34285.0 52E 5 603F000000
34286.2 585 8 902C00000000003F
34287.3 64C 2 0011
34288.4 663 8 7814E00E00AA0000
34289.7 6B2 8 FFFEFF0F880080CC
34290.8 31C 8 00000000800084F3
34295.7 31D 8 000000000000001F
34297.0 38C 8 000000000000007F
34298.2 5FB 8 1FFFFFFFFF1FF87E
34299.4 539 8 2202800008030000
34300.7 541 8 0000000000000000
34301.8 5FA 8 5B9DC7CC9C46F1FF
34302.9 6AB 8 00000000000043A1
34304.1 38D 8 00000000000000E5
34310.7 39C 8 FF6F000000000000
34311.9 3C3 8 FF00000000000000
34313.1 444 8 0000000000000005
34326.4 537 8 8080808080800000
34327.5 538 8 8080008080000080
34342.1 31C 8 00000000800084F3
34343.3 5EA 8 0000000000000016
34344.6 31D 8 000000000000001F
34345.9 5EB 8 0000000000000007
34347.0 5EC 8 000000000000000F
34357.6 66B 8 7700000000000000
34358.8 66C 8 DF09000000000000
34373.3 444 8 0000000000000005
34388.9 3F1 8 0002000000000000
34390.2 663 8 7814E00E00AA0000
34391.3 31C 8 00000000800084F3
34392.5 31D 8 000000000000001F
34404.5 38C 8 000000000000007F
34405.8 38D 8 00000000000000E5
34407.0 39C 8 FF6F000000000000
34408.1 3C3 8 FF00000000000000
34420.2 444 8 0000000000000005
34435.8 31C 8 00000000800084F3
34437.0 31D 8 000000000000001F
34467.2 444 8 0000000000000005
34482.6 6C0 7 04030100000000
34483.8 3F1 8 0002000000000000
34485.2 663 8 7814E00E00AA0000
34486.4 31C 8 00000000800084F3
34498.2 31D 8 000000000000001F
34499.6 38C 8 000000000000007F
34500.9 6AB 8 00000000000043A1
34502.0 38D 8 00000000000000E5
34514.1 39C 8 FF6F000000000000
34515.8 3C3 8 FF00000000000000
34517.1 444 8 0000000000000005
34529.9 537 8 8080808080800000
34531.2 538 8 8080008080000080
34532.3 523 8 CD1F7770450E0B02
34533.4 52E 5 603F000000
34534.6 31C 8 00000000800084F3
34545.1 31D 8 000000000000001F
34546.3 539 8 2202800008030000
34547.4 541 8 0000000000000000
34560.8 444 8 0000000000000005
34576.2 3F1 8 0002000000000000
34578.3 663 8 7814E00E00AA0000
34592.1 31C 8 00000000800084F3
34593.3 31D 8 000000000000001F
34594.5 38C 8 000000000000007F
34607.9 38D 8 00000000000000E5
34609.1 39C 8 FF6F000000000000
34610.4 3C3 8 FF00000000000000
34623.3 444 8 0000000000000005
34639.1 31C 8 00000000800084F3
34641.0 31D 8 000000000000001F
34670.2 444 8 0000000000000005
34686.0 6C0 7 04030100000000
34687.2 3F1 8 0002000000000000
34688.4 663 8 7814E00E00AA0000
34689.6 31C 8 00000000800084F3
34690.8 31D 8 000000000000001F
34701.7 38C 8 000000000000007F
34703.1 6AB 8 00000000000043A1
34704.6 38D 8 00000000000000E5
34706.0 39C 8 FF6F000000000000
34717.2 3C3 8 FF00000000000000
34718.3 444 8 0000000000000005
34719.5 537 8 8080808080800000
34732.7 538 8 8080008080000080
34733.9 31C 8 00000000800084F3
34748.2 31D 8 000000000000001F
34763.9 444 8 0000000000000005
34779.7 3F1 8 0002000000000000
34781.1 484 8 0000000000000000
34782.2 523 8 CD1F7770450E0B02
34783.3 52E 5 603F000000
34784.3 663 8 7814E00E00AA0000
34785.4 31C 8 00000000800084F3
34795.1 31D 8 000000000000001F
34796.4 38C 8 000000000000007F
34797.6 539 8 2202800008030000
34798.9 541 8 0000000000000000
34800.2 38D 8 00000000000000E5
34810.9 39C 8 FF6F000000000000
34812.1 3C3 8 FF00000000000000
34813.2 444 8 0000000000000005
34842.2 31C 8 00000000800084F3
34843.4 5EA 8 0000000000000016
34844.7 31D 8 000000000000001F
34845.9 5EB 8 0000000000000007
34847.1 5EC 8 000000000000000F
34857.7 66B 8 7700000000000000
34858.9 66C 8 DF09000000000000
34873.3 444 8 0000000000000005
34888.9 6C0 7 04030100000000
34890.2 3F1 8 0002000000000000
34891.4 663 8 7814E00E00AA0000
34892.6 31C 8 00000000800084F3
34894.0 31D 8 000000000000001F
34904.4 38C 8 000000000000007F
34905.6 6AB 8 00000000000043A1
34906.7 38D 8 00000000000000E5
34907.9 39C 8 FF6F000000000000
34909.0 3C3 8 FF00000000000000
34920.0 444 8 0000000000000005
34921.3 537 8 8080808080800000
34922.3 538 8 8080008080000080
34935.8 31C 8 00000000800084F3
34937.0 31D 8 000000000000001F
34967.0 444 8 0000000000000005
34982.6 3F1 8 0002000000000000
34983.7 663 8 7814E00E00AA0000
34985.1 31C 8 00000000800084F3
34998.3 31D 8 000000000000001F
34999.7 38C 8 000000000000007F
35001.0 38D 8 00000000000000E5
35013.9 39C 8 FF6F000000000000
35015.1 3C3 8 FF00000000000000
35016.2 444 8 0000000000000005
35029.8 523 8 CD1F7770450E0B02
35034.3 52E 5 603F000000
35035.6 31C 8 00000000800084F3
35045.6 31D 8 000000000000001F
35048.2 539 8 2202800008030000
35049.9 541 8 0000000000000000
35060.9 444 8 0000000000000005
35076.3 6C0 7 04030100000000
35077.5 3F1 8 0002000000000000
35078.6 663 8 7814E00E00AA0000
35092.3 31C 8 00000000800084F3
35093.6 31D 8 000000000000001F
35095.0 38C 8 000000000000007F
35107.6 6AB 8 00000000000043A1
35108.8 38D 8 00000000000000E5
35110.1 39C 8 FF6F000000000000
35111.3 3C3 8 FF00000000000000
35123.2 444 8 0000000000000005
35124.3 537 8 8080808080800000
35125.4 538 8 8080008080000080
35138.9 31C 8 00000000800084F3
35140.1 31D 8 000000000000001F
35170.2 444 8 0000000000000005
35185.8 3F1 8 0002000000000000
35187.0 663 8 7814E00E00AA0000
35188.1 31C 8 00000000800084F3
35189.3 31D 8 000000000000001F
35201.6 38C 8 000000000000007F
35203.0 38D 8 00000000000000E5
35204.2 39C 8 FF6F000000000000
35217.1 3C3 8 FF00000000000000
35219.0 444 8 0000000000000005
35232.7 31C 8 00000000800084F3
35248.4 31D 8 000000000000001F
35264.0 444 8 0000000000000005
35279.6 6C0 7 04030100000000
35280.9 3F1 8 0002000000000000
35282.1 484 8 0000000000000000
35283.2 523 8 CD1F7770450E0B02
35284.4 52E 5 603F000000
35285.7 585 8 902C00000000003F
35286.8 64C 2 0011
35287.9 663 8 7814E00E00AA0000
35289.1 6B2 8 FFFEFF0F880000CD
35290.4 31C 8 00000000800084F3
35295.2 31D 8 000000000000001F
35296.5 38C 8 000000000000007F
35297.7 5FB 8 1FFFFFFFFF1FF87E
35298.8 539 8 2202800008030000
35300.0 541 8 0000000000000000
35301.1 5FA 8 5B9DC7CC9C46F1FF
35302.1 6AB 8 00000000000043A1
35303.3 38D 8 00000000000000E5
35310.8 39C 8 FF6F000000000000
35312.0 3C3 8 FF00000000000000
35313.1 444 8 0000000000000005
35326.5 537 8 8080808080800000
35327.7 538 8 8080008080000080
35342.1 31C 8 00000000800084F3
35343.3 5EA 8 0000000000000016
35344.6 31D 8 000000000000001F
35345.9 5EB 8 0000000000000007
35347.9 5EC 8 000000000000000F
35357.7 66B 8 7700000000000000
35358.9 66C 8 DF09000000000000
35373.0 444 8 0000000000000005
35388.9 3F1 8 0002000000000000
35390.3 663 8 7814E00E00AA0000
35391.5 31C 8 00000000800084F3
35392.6 31D 8 000000000000001F
35404.4 38C 8 000000000000007F
35405.6 38D 8 00000000000000E5
35406.7 39C 8 FF6F000000000000
35407.9 3C3 8 FF00000000000000
35420.1 444 8 0000000000000005
35435.7 31C 8 00000000800084F3
35436.9 31D 8 000000000000001F
35467.1 444 8 0000000000000005
35482.7 6C0 7 04030100000000
35483.9 3F1 8 0002000000000000
35485.1 663 8 7814E00E00AA0000
35486.1 31C 8 00000000800084F3
35498.3 31D 8 000000000000001F
35499.6 38C 8 000000000000007F
35500.9 6AB 8 00000000000043A1
35502.0 38D 8 00000000000000E5
35513.9 39C 8 FF6F000000000000
35515.0 3C3 8 FF00000000000000
35516.2 444 8 0000000000000005
35529.7 537 8 8080808080800000
35531.0 538 8 8080008080000080
35532.2 523 8 CD1F7770450E0B02
35533.3 52E 5 603F000000
35534.5 31C 8 00000000800084F3
35545.1 31D 8 000000000000001F
35546.3 539 8 2202800008030000
35548.3 541 8 0000000000000000
35560.8 444 8 0000000000000005
35576.4 3F1 8 0002000000000000
35578.2 663 8 7814E00E00AA0000
35592.3 31C 8 00000000800084F3
35593.5 31D 8 000000000000001F
35594.8 38C 8 000000000000007F
35607.8 38D 8 00000000000000E5
35608.9 39C 8 FF6F000000000000
35610.2 3C3 8 FF00000000000000
35623.2 444 8 0000000000000005
35639.0 31C 8 00000000800084F3
35640.3 31D 8 000000000000001F
35670.1 444 8 0000000000000005
35685.8 6C0 7 04030100000000
35687.0 3F1 8 0002000000000000
35688.1 663 8 7814E00E00AA0000
35689.3 31C 8 00000000800084F3
35690.7 31D 8 000000000000001F
35701.4 38C 8 000000000000007F
35702.5 6AB 8 00000000000043A1
35703.7 38D 8 00000000000000E5
35704.7 39C 8 FF6F000000000000
35717.1 3C3 8 FF00000000000000
35718.3 444 8 0000000000000005
35719.6 537 8 8080808080800000
35732.7 538 8 8080008080000080
35734.0 31C 8 00000000800084F3
35748.3 31D 8 000000000000001F
35764.0 444 8 0000000000000005
35779.7 3F1 8 0002000000000000
35780.9 484 8 0000000000000000
35782.0 523 8 CD1F7770450E0B02
35783.1 52E 5 603F000000
35785.1 663 8 7814E00E00AA0000
35786.3 31C 8 00000000800084F3
35795.0 31D 8 000000000000001F
35796.2 38C 8 000000000000007F
35797.3 539 8 2202800008030000
35798.3 541 8 0000000000000000
35799.6 38D 8 00000000000000E5
35810.8 39C 8 FF6F000000000000
35812.4 3C3 8 FF00000000000000
35813.6 444 8 0000000000000005
35842.0 31C 8 00000000800084F3
35843.2 5EA 8 0000000000000016
35844.5 31D 8 000000000000001F
35845.7 5EB 8 0000000000000007
35846.8 5EC 8 000000000000000F
35857.5 66B 8 7700000000000000
35858.7 66C 8 DF09000000000000
35873.2 444 8 0000000000000005
35888.8 6C0 7 04030100000000
35890.2 3F1 8 0002000000000000
35891.5 663 8 7814E00E00AA0000
35892.9 31C 8 00000000800084F3
35894.5 31D 8 000000000000001F
35904.7 38C 8 000000000000007F
35906.7 6AB 8 00000000000043A1
35908.4 38D 8 00000000000000E5
35910.5 39C 8 FF6F000000000000
35912.2 3C3 8 FF00000000000000
35919.9 444 8 0000000000000005
35921.3 537 8 8080808080800000
35922.8 538 8 8080008080000080
35935.7 31C 8 00000000800084F3
35937.1 31D 8 000000000000001F
35966.9 444 8 0000000000000005
35982.5 3F1 8 0002000000000000
35984.0 663 8 7814E00E00AA0000
35985.3 31C 8 00000000800084F3
35998.0 31D 8 000000000000001F
35999.4 38C 8 000000000000007F
36000.7 38D 8 00000000000000E5
36013.8 39C 8 FF6F000000000000
36015.2 3C3 8 FF00000000000000
36016.5 444 8 0000000000000005
36029.5 523 8 CD1F7770450E0B02
36030.8 52E 5 603F000000
36032.0 31C 8 00000000800084F3
36045.0 31D 8 000000000000001F
36046.4 539 8 2202800008030000
36047.6 541 8 0000000000000000
36060.7 444 8 0000000000000005
36076.3 6C0 7 04030100000000
36077.7 3F1 8 0002000000000000
36079.1 663 8 7814E00E00AA0000
36092.0 31C 8 00000000800084F3
36093.5 31D 8 000000000000001F
36095.0 38C 8 000000000000007F
36107.7 6AB 8 00000000000043A1
36109.4 38D 8 00000000000000E5
36110.8 39C 8 FF6F000000000000
36112.8 3C3 8 FF00000000000000
36123.1 444 8 0000000000000005
36124.5 537 8 8080808080800000
36125.8 538 8 8080008080000080
36139.0 31C 8 00000000800084F3
36140.6 31D 8 000000000000001F
36170.1 444 8 0000000000000005
36185.8 3F1 8 0002000000000000
36187.2 663 8 7814E00E00AA0000
36189.6 31C 8 00000000800084F3
36190.9 31D 8 000000000000001F
36201.4 38C 8 000000000000007F
36202.7 38D 8 00000000000000E5
36204.0 39C 8 FF6F000000000000
36216.9 3C3 8 FF00000000000000
36218.3 444 8 0000000000000005
36232.6 31C 8 00000000800084F3
36248.5 31D 8 000000000000001F
36264.1 444 8 0000000000000005
36279.7 6C0 7 04030100000000
36281.0 3F1 8 0002000000000000
36282.1 484 8 0000000000000000
36283.2 523 8 CD1F7770450E0B02
36284.5 52E 5 603F000000
36285.7 585 8 902C00000000003F
36286.8 64C 2 0011
36287.9 663 8 7814E00E00AA0000
36289.1 6B2 8 FFFEFF0F880080CD
36290.4 31C 8 00000000800084F3
36295.0 31D 8 000000000000001F
36296.1 38C 8 000000000000007F
36297.3 5FB 8 1FFFFFFFFF1FF87E
36298.4 539 8 2202800008030000
36299.6 541 8 0000000000000000
36300.8 5FA 8 5B9DC7CC9C46F1FF
36301.9 6AB 8 00000000000043A1
36303.0 38D 8 00000000000000E5
36311.0 39C 8 FF6F000000000000
36312.1 3C3 8 FF00000000000000
36313.2 444 8 0000000000000005
36326.8 537 8 8080808080800000
36328.3 538 8 8080008080000080
36342.1 31C 8 00000000800084F3
36343.3 5EA 8 0000000000000016
36345.5 31D 8 000000000000001F
36346.7 5EB 8 0000000000000007
36347.9 5EC 8 000000000000000F
36357.6 66B 8 7700000000000000
36358.8 66C 8 DF09000000000000
36373.3 444 8 0000000000000005
36388.9 3F1 8 0002000000000000
36395.3 663 8 7814E00E00AA0000
36396.5 31C 8 00000000800084F3
36397.7 31D 8 000000000000001F
36404.7 38C 8 000000000000007F
36406.0 38D 8 00000000000000E5
36407.2 39C 8 FF6F000000000000
36408.3 3C3 8 FF00000000000000
36420.2 444 8 0000000000000005
36435.9 31C 8 00000000800084F3
36437.0 31D 8 000000000000001F
36467.2 444 8 0000000000000005
36482.8 6C0 7 04030100000000
36483.9 3F1 8 0002000000000000
36485.4 663 8 7814E00E00AA0000
36486.5 31C 8 00000000800084F3
36498.4 31D 8 000000000000001F
36500.0 38C 8 000000000000007F
36501.3 6AB 8 00000000000043A1
36502.5 38D 8 00000000000000E5
36514.1 39C 8 FF6F000000000000
36515.5 3C3 8 FF00000000000000
36516.9 444 8 0000000000000005
36529.6 537 8 8080808080800000
36530.8 538 8 8080008080000080
36531.9 523 8 CD1F7770450E0B02
36533.0 52E 5 603F000000
36534.2 31C 8 00000000800084F3
36545.2 31D 8 000000000000001F
36546.4 539 8 2202800008030000
36547.5 541 8 0000000000000000
36560.8 444 8 0000000000000005
36576.4 3F1 8 0002000000000000
36577.6 663 8 7814E00E00AA0000
36592.0 31C 8 00000000800084F3
36593.2 31D 8 000000000000001F
36594.5 38C 8 000000000000007F
36607.6 38D 8 00000000000000E5
36608.8 39C 8 FF6F000000000000
36609.9 3C3 8 FF00000000000000
36623.3 444 8 0000000000000005
36638.9 31C 8 00000000800084F3
36640.7 31D 8 000000000000001F
36670.3 444 8 0000000000000005
36685.9 6C0 7 04030100000000
36687.1 3F1 8 0002000000000000
36688.3 663 8 7814E00E00AA0000
36689.6 31C 8 00000000800084F3
36691.0 31D 8 000000000000001F
36701.4 38C 8 000000000000007F
36702.5 6AB 8 00000000000043A1
36703.6 38D 8 00000000000000E5
36704.6 39C 8 FF6F000000000000
36717.1 3C3 8 FF00000000000000
36718.2 444 8 0000000000000005
36719.5 537 8 8080808080800000
36732.9 538 8 8080008080000080
36734.1 31C 8 00000000800084F3
36748.3 31D 8 000000000000001F
36763.9 444 8 0000000000000005
36779.8 3F1 8 0002000000000000
36783.7 484 8 0000000000000000
36785.0 523 8 CD1F7770450E0B02
36786.1 52E 5 603F000000
36787.2 663 8 7814E00E00AA0000
36788.4 31C 8 00000000800084F3
36794.9 31D 8 000000000000001F
36796.1 38C 8 000000000000007F
36797.4 539 8 2202800008030000
36798.6 541 8 0000000000000000
36799.8 38D 8 00000000000000E5
36810.8 39C 8 FF6F000000000000
36812.0 3C3 8 FF00000000000000
36813.2 444 8 0000000000000005
36842.5 31C 8 00000000800084F3
36843.6 5EA 8 0000000000000016
36844.9 31D 8 000000000000001F
36846.1 5EB 8 0000000000000007
36847.2 5EC 8 000000000000000F
36857.8 66B 8 7700000000000000
36859.0 66C 8 DF09000000000000
36873.3 444 8 0000000000000005
36888.9 6C0 7 04030100000000
36890.2 3F1 8 0002000000000000
36891.4 663 8 7814E00E00AA0000
36892.5 31C 8 00000000800084F3
36893.8 31D 8 000000000000001F
36904.8 38C 8 000000000000007F
36906.9 6AB 8 00000000000043A1
36908.0 38D 8 00000000000000E5
36909.2 39C 8 FF6F000000000000
36910.5 3C3 8 FF00000000000000
36920.0 444 8 0000000000000005
36921.3 537 8 8080808080800000
36922.5 538 8 8080008080000080
36935.9 31C 8 00000000800084F3
36937.9 31D 8 000000000000001F
36967.2 444 8 0000000000000005
36982.6 3F1 8 0002000000000000
36983.9 663 8 7814E00E00AA0000
36985.1 31C 8 00000000800084F3
36998.3 31D 8 000000000000001F
36999.5 38C 8 000000000000007F
37000.6 38D 8 00000000000000E5
37014.0 39C 8 FF6F000000000000
37015.4 3C3 8 FF00000000000000
37016.5 444 8 0000000000000005
37029.7 523 8 CD1F7770450E0B02
37031.0 52E 5 603F000000
37032.1 31C 8 00000000800084F3
37045.1 31D 8 000000000000001F
37046.3 539 8 2202800008030000
37047.5 541 8 0000000000000000
37060.9 444 8 0000000000000005
37076.2 6C0 7 04030100000000
37077.4 3F1 8 0002000000000000
37078.6 663 8 7814E00E00AA0000
37092.0 31C 8 00000000800084F3
37093.6 31D 8 000000000000001F
37094.8 38C 8 000000000000007F
37107.6 6AB 8 00000000000043A1
37108.8 38D 8 00000000000000E5
37110.0 39C 8 FF6F000000000000
37111.1 3C3 8 FF00000000000000
37123.3 444 8 0000000000000005
37124.5 537 8 8080808080800000
37125.6 538 8 8080008080000080
37138.9 31C 8 00000000800084F3
37140.1 31D 8 000000000000001F
37170.0 444 8 0000000000000005
37185.9 3F1 8 0002000000000000
37187.1 663 8 7814E00E00AA0000
37188.3 31C 8 00000000800084F3
37189.4 31D 8 000000000000001F
37201.5 38C 8 000000000000007F
37202.8 38D 8 00000000000000E5
37203.9 39C 8 FF6F000000000000
37217.3 3C3 8 FF00000000000000
37218.4 444 8 0000000000000005
37232.6 31C 8 00000000800084F3
37248.5 31D 8 000000000000001F
37264.2 444 8 0000000000000005
37279.8 6C0 7 04030100000000
37281.0 3F1 8 0002000000000000
37282.2 484 8 0000000000000000
37283.3 523 8 CD1F7770450E0B02
37284.6 52E 5 603F000000
37285.8 585 8 902C00000000003F
37286.9 64C 2 0011
37288.0 663 8 7814E00E00AA0000
37289.1 6B2 8 FFFEFF0F880000CE
37290.5 31C 8 00000000800084F3
37294.9 31D 8 000000000000001F
37296.1 38C 8 000000000000007F
37297.2 5FB 8 1FFFFFFFFF1FF87E
37298.3 539 8 2202800008030000
37299.6 541 8 0000000000000000
37300.8 5FA 8 5B9DC7CC9C46F1FF
37301.9 38D 8 00000000000000E5
37303.1 6AB 8 00000000000043A1
37310.9 39C 8 FF6F000000000000
37312.1 3C3 8 FF00000000000000
37313.2 444 8 0000000000000005
37326.4 537 8 8080808080800000
37328.6 538 8 8080008080000080
37342.0 31C 8 00000000800084F3
37343.4 5EA 8 0000000000000016
37344.5 31D 8 000000000000001F
37345.8 5EB 8 0000000000000007
37346.9 5EC 8 000000000000000F
37357.6 66B 8 7700000000000000
37358.9 66C 8 DF09000000000000
37373.3 444 8 0000000000000005
37388.9 3F1 8 0002000000000000
37390.1 663 8 7814E00E00AA0000
37391.1 31C 8 00000000800084F3
37392.2 31D 8 000000000000001F
37404.5 38C 8 000000000000007F
37405.8 38D 8 00000000000000E5
37406.9 39C 8 FF6F000000000000
37408.2 3C3 8 FF00000000000000
37420.1 444 8 0000000000000005
37435.8 31C 8 00000000800084F3
37437.0 31D 8 000000000000001F
37467.1 444 8 0000000000000005
37482.7 6C0 7 04030100000000
37483.9 3F1 8 0002000000000000
37485.0 663 8 7814E00E00AA0000
37486.2 31C 8 00000000800084F3
37498.3 31D 8 000000000000001F
37499.6 38C 8 000000000000007F
37500.9 6AB 8 00000000000043A1
37502.0 38D 8 00000000000000E5
37514.0 39C 8 FF6F000000000000
37515.3 3C3 8 FF00000000000000
37516.4 444 8 0000000000000005
37529.7 537 8 8080808080800000
37531.0 538 8 8080008080000080
37533.0 523 8 CD1F7770450E0B02
37534.3 52E 5 603F000000
37535.6 31C 8 00000000800084F3
37545.1 31D 8 000000000000001F
37546.3 539 8 2202800008030000
37547.4 541 8 0000000000000000
37560.8 444 8 0000000000000005
37576.1 3F1 8 0002000000000000
37577.4 663 8 7814E00E00AA0000
37592.1 31C 8 00000000800084F3
37593.3 31D 8 000000000000001F
37594.6 38C 8 000000000000007F
37607.6 38D 8 00000000000000E5
37608.8 39C 8 FF6F000000000000
37610.1 3C3 8 FF00000000000000
37623.3 444 8 0000000000000005
37638.9 31C 8 00000000800084F3
37640.1 31D 8 000000000000001F
37670.3 444 8 0000000000000005
37685.8 6C0 7 04030100000000
37687.0 3F1 8 0002000000000000
37688.1 663 8 7814E00E00AA0000
37690.8 31C 8 00000000800084F3
37693.1 31D 8 000000000000001F
37701.4 38C 8 000000000000007F
37702.6 6AB 8 00000000000043A1
37703.7 38D 8 00000000000000E5
37704.9 39C 8 FF6F000000000000
37717.2 3C3 8 FF00000000000000
37718.4 444 8 0000000000000005
37719.7 537 8 8080808080800000
37732.7 538 8 8080008080000080
37733.9 31C 8 00000000800084F3
37748.5 31D 8 000000000000001F
37763.9 444 8 0000000000000005
37779.8 3F1 8 0002000000000000
37781.1 484 8 0000000000000000
37782.2 523 8 CD1F7770450E0B02
37783.3 52E 5 603F000000
37784.5 663 8 7814E00E00AA0000
37785.8 31C 8 00000000800084F3
37795.1 31D 8 000000000000001F
37796.3 38C 8 000000000000007F
37797.5 539 8 2202800008030000
37798.6 541 8 0000000000000000
37799.8 38D 8 00000000000000E5
37810.7 39C 8 FF6F000000000000
37811.9 3C3 8 FF00000000000000
37813.1 444 8 0000000000000005
37842.1 31C 8 00000000800084F3
37843.3 5EA 8 0000000000000016
37844.5 31D 8 000000000000001F
37845.6 5EB 8 0000000000000007
37846.7 5EC 8 000000000000000F
37857.7 66B 8 7700000000000000
37858.9 66C 8 DF09000000000000
37873.3 444 8 0000000000000005
37888.9 6C0 7 04030100000000
37890.2 3F1 8 0002000000000000
37891.4 663 8 7814E00E00AA0000
37892.5 31C 8 00000000800084F3
37893.6 31D 8 000000000000001F
37904.5 38C 8 000000000000007F
37905.9 6AB 8 00000000000043A1
37907.0 38D 8 00000000000000E5
37908.1 39C 8 FF6F000000000000
37909.4 3C3 8 FF00000000000000
37919.9 444 8 0000000000000005
37922.0 537 8 8080808080800000
37923.1 538 8 8080008080000080
37935.8 31C 8 00000000800084F3
37937.0 31D 8 000000000000001F
37967.2 444 8 0000000000000005
37982.6 3F1 8 0002000000000000
37983.8 663 8 7814E00E00AA0000
37985.0 31C 8 00000000800084F3
37998.4 31D 8 000000000000001F
37999.6 38C 8 000000000000007F
38000.9 38D 8 00000000000000E5
38014.5 39C 8 FF6F000000000000
38016.1 3C3 8 FF00000000000000
38017.3 444 8 0000000000000005
38030.0 523 8 CD1F7770450E0B02
38033.1 52E 5 603F000000
38034.3 31C 8 00000000800084F3
38045.1 31D 8 000000000000001F
38046.3 539 8 2202800008030000
38047.4 541 8 0000000000000000
38060.8 444 8 0000000000000005
38076.1 6C0 7 04030100000000
38077.3 3F1 8 0002000000000000
38078.5 663 8 7814E00E00AA0000
38092.2 31C 8 00000000800084F3
38093.4 31D 8 000000000000001F
38094.8 38C 8 000000000000007F
38107.7 6AB 8 00000000000043A1
38108.8 38D 8 00000000000000E5
38110.1 39C 8 FF6F000000000000
38111.3 3C3 8 FF00000000000000
38123.5 444 8 0000000000000005
38125.5 537 8 8080808080800000
38127.4 538 8 8080008080000080
38138.9 31C 8 00000000800084F3
38140.1 31D 8 000000000000001F
38170.1 444 8 0000000000000005
38185.8 3F1 8 0002000000000000
38187.0 663 8 7814E00E00AA0000
38188.1 31C 8 00000000800084F3
38189.3 31D 8 000000000000001F
38201.4 38C 8 000000000000007F
38202.6 38D 8 00000000000000E5
38203.7 39C 8 FF6F000000000000
38217.2 3C3 8 FF00000000000000
38218.4 444 8 0000000000000005
38232.6 31C 8 00000000800084F3
38248.4 31D 8 000000000000001F
38264.0 444 8 0000000000000005
38279.7 6C0 7 04030100000000
38281.1 3F1 8 0002000000000000
38282.2 484 8 0000000000000000
38283.2 523 8 CD1F7770450E0B02
38284.5 52E 5 603F000000
38285.8 585 8 902C00000000003F
38286.8 64C 2 0011
38287.8 663 8 7814E00E00AA0000
38289.0 6B2 8 FFFEFF0F880080CE
38290.0 31C 8 00000000800084F3
38294.9 31D 8 000000000000001F
38296.1 38C 8 000000000000007F
38297.2 5FB 8 1FFFFFFFFF1FF87E
38298.3 539 8 2202800008030000
38299.5 541 8 0000000000000000
38300.6 38D 8 00000000000000E5
38301.7 5FA 8 5B9DC7CC9C46F1FF
38302.8 6AB 8 00000000000043A1
38310.8 39C 8 FF6F000000000000
38312.9 3C3 8 FF00000000000000
38314.1 444 8 0000000000000005
38326.2 537 8 8080808080800000
38327.3 538 8 8080008080000080
38342.1 31C 8 00000000800084F3
38343.3 5EA 8 0000000000000016
38344.5 31D 8 000000000000001F
38345.8 5EB 8 0000000000000007
38346.9 5EC 8 000000000000000F
38357.7 66B 8 7700000000000000
38359.2 66C 8 DF09000000000000
38373.3 444 8 0000000000000005
38388.9 3F1 8 0002000000000000
38390.1 663 8 7814E00E00AA0000
38391.2 31C 8 00000000800084F3
38392.4 31D 8 000000000000001F
38404.5 38C 8 000000000000007F
38405.9 38D 8 00000000000000E5
38407.1 39C 8 FF6F000000000000
38408.2 3C3 8 FF00000000000000
38420.1 444 8 0000000000000005
38435.8 31C 8 00000000800084F3
38436.9 31D 8 000000000000001F
38467.2 444 8 0000000000000005
38482.8 6C0 7 04030100000000
38483.9 3F1 8 0002000000000000
38485.3 663 8 7814E00E00AA0000
38486.4 31C 8 00000000800084F3
38498.3 31D 8 000000000000001F
38499.6 38C 8 000000000000007F
38500.8 6AB 8 00000000000043A1
38501.9 38D 8 00000000000000E5
38514.1 39C 8 FF6F000000000000
38515.4 3C3 8 FF00000000000000
38517.5 444 8 0000000000000005
38529.9 537 8 8080808080800000
38531.4 538 8 8080008080000080
38532.7 523 8 CD1F7770450E0B02
38533.9 52E 5 603F000000
38535.2 31C 8 00000000800084F3
38545.3 31D 8 000000000000001F
38546.5 539 8 2202800008030000
38547.6 541 8 0000000000000000
38560.8 444 8 0000000000000005
38576.2 3F1 8 0002000000000000
38577.6 663 8 7814E00E00AA0000
38592.1 31C 8 00000000800084F3
38593.3 31D 8 000000000000001F
38594.6 38C 8 000000000000007F
38607.7 38D 8 00000000000000E5
38608.9 39C 8 FF6F000000000000
38610.2 3C3 8 FF00000000000000
38623.3 444 8 0000000000000005
38638.9 31C 8 00000000800084F3
38640.1 31D 8 000000000000001F
38670.2 444 8 0000000000000005
38685.8 6C0 7 04030100000000
38687.0 3F1 8 0002000000000000
38688.1 663 8 7814E00E00AA0000
38689.3 31C 8 00000000800084F3
38690.7 31D 8 000000000000001F
38701.4 38C 8 000000000000007F
38702.5 6AB 8 00000000000043A1
38703.6 38D 8 00000000000000E5
38704.7 39C 8 FF6F000000000000
38717.1 3C3 8 FF00000000000000
38718.3 444 8 0000000000000005
38719.6 537 8 8080808080800000
38732.7 538 8 8080008080000080
38733.9 31C 8 00000000800084F3
38748.3 31D 8 000000000000001F
38764.1 444 8 0000000000000005
38779.9 3F1 8 0002000000000000
38781.3 484 8 0000000000000000
38782.4 523 8 CD1F7770450E0B02
38783.5 52E 5 603F000000
38784.7 663 8 7814E00E00AA0000
38785.9 31C 8 00000000800084F3
38795.1 31D 8 000000000000001F
38796.3 38C 8 000000000000007F
38797.5 539 8 2202800008030000
38798.6 541 8 0000000000000000
38799.7 38D 8 00000000000000E5
38810.9 39C 8 FF6F000000000000
38812.1 3C3 8 FF00000000000000
38813.3 444 8 0000000000000005
38842.1 31C 8 00000000800084F3
38843.3 5EA 8 0000000000000016
38844.6 31D 8 000000000000001F
38845.8 5EB 8 0000000000000007
38847.0 5EC 8 000000000000000F
38857.6 66B 8 7700000000000000
38858.8 66C 8 DF09000000000000
38873.4 444 8 0000000000000005
38888.9 6C0 7 04030100000000
38890.2 3F1 8 0002000000000000
38891.3 663 8 7814E00E00AA0000
38892.4 31C 8 00000000800084F3
38893.6 31D 8 000000000000001F
38904.5 38C 8 000000000000007F
38905.9 6AB 8 00000000000043A1
38907.3 38D 8 00000000000000E5
38909.5 39C 8 FF6F000000000000
38910.8 3C3 8 FF00000000000000
38920.0 444 8 0000000000000005
38921.1 537 8 8080808080800000
38922.3 538 8 8080008080000080
38935.8 31C 8 00000000800084F3
38936.9 31D 8 000000000000001F
38967.2 444 8 0000000000000005
38982.6 3F1 8 0002000000000000
38983.8 663 8 7814E00E00AA0000
38985.1 31C 8 00000000800084F3
38998.2 31D 8 000000000000001F
38999.5 38C 8 000000000000007F
39000.8 38D 8 00000000000000E5
39014.1 39C 8 FF6F000000000000
39015.2 3C3 8 FF00000000000000
39016.4 444 8 0000000000000005
39030.0 523 8 CD1F7770450E0B02
39031.5 52E 5 603F000000
39032.8 31C 8 00000000800084F3
39045.1 31D 8 000000000000001F
39046.3 539 8 2202800008030000
39047.4 541 8 0000000000000000
39060.8 444 8 0000000000000005
39076.3 6C0 7 04030100000000
39077.4 3F1 8 0002000000000000
39078.5 663 8 7814E00E00AA0000
39092.1 31C 8 00000000800084F3
39093.3 31D 8 000000000000001F
39094.7 38C 8 000000000000007F
39107.7 6AB 8 00000000000043A1
39112.0 38D 8 00000000000000E5
39113.1 39C 8 FF6F000000000000
39114.4 3C3 8 FF00000000000000
39123.6 444 8 0000000000000005
39124.8 537 8 8080808080800000
39125.9 538 8 8080008080000080
39138.9 31C 8 00000000800084F3
39140.1 31D 8 000000000000001F
39170.2 444 8 0000000000000005
39186.0 3F1 8 0002000000000000
39187.4 663 8 7814E00E00AA0000
39188.8 31C 8 00000000800084F3
39190.3 31D 8 000000000000001F
39201.4 38C 8 000000000000007F
39202.5 38D 8 00000000000000E5
39203.7 39C 8 FF6F000000000000
39217.3 3C3 8 FF00000000000000
39218.5 444 8 0000000000000005
39232.9 31C 8 00000000800084F3
39248.6 31D 8 000000000000001F
39263.9 444 8 0000000000000005
39280.1 6C0 7 04030100000000
39281.5 3F1 8 0002000000000000
39282.7 484 8 0000000000000000
39283.8 523 8 CD1F7770450E0B02
39285.1 52E 5 603F000000
39286.2 585 8 902C00000000003F
39287.3 64C 2 0011
39288.4 663 8 7814E00E00AA0000
39289.6 6B2 8 FFFEFF0F880000CF
39290.7 31C 8 00000000800084F3
39295.0 31D 8 000000000000001F
39296.9 38C 8 000000000000007F
39298.1 5FB 8 1FFFFFFFFF1FF87E
39299.7 539 8 2202800008030000
39301.0 38D 8 00000000000000E5
39302.1 541 8 0000000000000000
39304.3 5FA 8 5B9DC7CC9C46F1FF
39305.5 6AB 8 00000000000043A1
39310.5 39C 8 FF6F000000000000
39311.7 3C3 8 FF00000000000000
39313.0 444 8 0000000000000005
39326.4 537 8 8080808080800000
39327.8 538 8 8080008080000080
39342.2 31C 8 00000000800084F3
39343.5 5EA 8 0000000000000016
39344.8 31D 8 000000000000001F
39345.9 5EB 8 0000000000000007
39346.9 5EC 8 000000000000000F
39357.6 66B 8 7700000000000000
39358.8 66C 8 DF09000000000000
39373.3 444 8 0000000000000005
39388.9 3F1 8 0002000000000000
39390.3 663 8 7814E00E00AA0000
39391.6 31C 8 00000000800084F3
39392.7 31D 8 000000000000001F
39404.4 38C 8 000000000000007F
39405.7 38D 8 00000000000000E5
39406.8 39C 8 FF6F000000000000
39407.9 3C3 8 FF00000000000000
39420.1 444 8 0000000000000005
39435.8 31C 8 00000000800084F3
39437.0 31D 8 000000000000001F
39467.1 444 8 0000000000000005
39482.6 6C0 7 04030100000000
39483.8 3F1 8 0002000000000000
39484.9 663 8 7814E00E00AA0000
39485.9 31C 8 00000000800084F3
39498.3 31D 8 000000000000001F
39499.6 38C 8 000000000000007F
39500.9 6AB 8 00000000000043A1
39502.9 38D 8 00000000000000E5
39513.9 39C 8 FF6F000000000000
39515.2 3C3 8 FF00000000000000
39516.3 444 8 0000000000000005
39529.6 537 8 8080808080800000
39531.0 538 8 8080008080000080
39532.1 523 8 CD1F7770450E0B02
39533.2 52E 5 603F000000
39534.5 31C 8 00000000800084F3
39545.1 31D 8 000000000000001F
39546.6 539 8 2202800008030000
39547.8 541 8 0000000000000000
39560.8 444 8 0000000000000005
39576.1 3F1 8 0002000000000000
39577.4 663 8 7814E00E00AA0000
39592.1 31C 8 00000000800084F3
39593.3 31D 8 000000000000001F
39594.5 38C 8 000000000000007F
39607.7 38D 8 00000000000000E5
39608.9 39C 8 FF6F000000000000
39610.0 3C3 8 FF00000000000000
39623.3 444 8 0000000000000005
39638.9 31C 8 00000000800084F3
39640.1 31D 8 000000000000001F
39670.2 444 8 0000000000000005
39685.8 6C0 7 04030100000000
39687.0 3F1 8 0002000000000000
39688.1 663 8 7814E00E00AA0000
39689.3 31C 8 00000000800084F3
39690.7 31D 8 000000000000001F
39701.4 38C 8 000000000000007F
39702.5 6AB 8 00000000000043A1
39703.6 38D 8 00000000000000E5
39705.7 39C 8 FF6F000000000000
39717.1 3C3 8 FF00000000000000
39718.3 444 8 0000000000000005
39719.7 537 8 8080808080800000
39732.7 538 8 8080008080000080
39733.9 31C 8 00000000800084F3
39748.3 31D 8 000000000000001F
39763.9 444 8 0000000000000005
39779.8 3F1 8 0002000000000000
39781.1 484 8 0000000000000000
39782.2 523 8 CD1F7770450E0B02
39783.3 52E 5 603F000000
39784.6 663 8 7814E00E00AA0000
39785.8 31C 8 00000000800084F3
39794.9 31D 8 000000000000001F
39796.1 38C 8 000000000000007F
39797.2 539 8 2202800008030000
39798.3 541 8 0000000000000000
39799.5 38D 8 00000000000000E5
39810.8 39C 8 FF6F000000000000
39812.0 3C3 8 FF00000000000000
39813.1 444 8 0000000000000005
39842.2 31C 8 00000000800084F3
39843.5 5EA 8 0000000000000016
39844.6 31D 8 000000000000001F
39845.7 5EB 8 0000000000000007
39846.8 5EC 8 000000000000000F
39857.6 66B 8 7700000000000000
39858.8 66C 8 DF09000000000000
39873.3 444 8 0000000000000005
39888.9 6C0 7 04030100000000
39890.1 3F1 8 0002000000000000
39891.3 663 8 7814E00E00AA0000
39892.3 31C 8 00000000800084F3
39893.5 31D 8 000000000000001F
39904.5 38C 8 000000000000007F
39905.7 6AB 8 00000000000043A1
39906.8 38D 8 00000000000000E5
39907.9 39C 8 FF6F000000000000
39909.1 3C3 8 FF00000000000000
39919.9 444 8 0000000000000005
39921.2 537 8 8080808080800000
39922.3 538 8 8080008080000080
39935.7 31C 8 00000000800084F3
39936.9 31D 8 000000000000001F
39967.1 444 8 0000000000000005
39982.6 3F1 8 0002000000000000
39983.8 663 8 7814E00E00AA0000
39985.1 31C 8 00000000800084F3
39998.3 31D 8 000000000000001F
39999.6 38C 8 000000000000007F
40000.7 38D 8 00000000000000E5
40014.0 39C 8 FF6F000000000000
40015.2 3C3 8 FF00000000000000
40016.3 444 8 0000000000000005
40029.7 523 8 CD1F7770450E0B02
40031.0 52E 5 603F000000
40032.1 31C 8 00000000800084F3
40045.2 31D 8 000000000000001F
40046.4 539 8 2202800008030000
40047.5 541 8 0000000000000000
40060.7 444 8 0000000000000005
40076.1 6C0 7 04030100000000
40077.3 3F1 8 0002000000000000
40078.4 663 8 7814E00E00AA0000
40092.1 31C 8 00000000800084F3
40093.5 31D 8 000000000000001F
40094.7 38C 8 000000000000007F
40107.6 6AB 8 00000000000043A1
40108.8 38D 8 00000000000000E5
40110.0 39C 8 FF6F000000000000
40111.1 3C3 8 FF00000000000000
40123.4 444 8 0000000000000005
40124.6 537 8 8080808080800000
40125.7 538 8 8080008080000080
40139.0 31C 8 00000000800084F3
40140.2 31D 8 000000000000001F
40170.1 444 8 0000000000000005
40185.8 3F1 8 0002000000000000
40186.9 663 8 7814E00E00AA0000
40188.1 31C 8 00000000800084F3
40189.3 31D 8 000000000000001F
40201.4 38C 8 000000000000007F
40202.5 38D 8 00000000000000E5
40203.7 39C 8 FF6F000000000000
40217.2 3C3 8 FF00000000000000
40219.0 444 8 0000000000000005
40232.7 31C 8 00000000800084F3
40248.6 31D 8 000000000000001F
40263.9 444 8 0000000000000005
40279.7 6C0 7 04030100000000
40281.0 3F1 8 0002000000000000
40282.2 484 8 0000000000000000
40283.3 523 8 CD1F7770450E0B02
40284.5 52E 5 603F000000
40285.7 585 8 902C00000000003F
40286.8 64C 2 0011
40288.0 663 8 7814E00E00AA0000
40289.1 6B2 8 FFFEFF0F880080CF
40290.4 31C 8 00000000800084F3
40295.2 31D 8 000000000000001F
40296.8 38C 8 000000000000007F
40299.0 5FB 8 1FFFFFFFFF1FF87E
40300.3 38D 8 00000000000000E5
40301.5 539 8 2202800008030000
40302.6 541 8 0000000000000000
40310.8 5FA 8 5B9DC7CC9C46F1FF
40312.0 6AB 8 00000000000043A1
40313.1 39C 8 FF6F000000000000
40314.3 3C3 8 FF00000000000000
40315.4 444 8 0000000000000005
40326.4 537 8 8080808080800000
40327.7 538 8 8080008080000080
40342.2 31C 8 00000000800084F3
40343.6 5EA 8 0000000000000016
40344.9 31D 8 000000000000001F
40346.2 5EB 8 0000000000000007
40347.3 5EC 8 000000000000000F
40357.7 66B 8 7700000000000000
40359.3 66C 8 DF09000000000000
40373.4 444 8 0000000000000005
40389.0 3F1 8 0002000000000000
40390.5 663 8 7814E00E00AA0000
40391.7 31C 8 00000000800084F3
40392.8 31D 8 000000000000001F
40404.5 38C 8 000000000000007F
40405.7 38D 8 00000000000000E5
40406.9 39C 8 FF6F000000000000
40408.0 3C3 8 FF00000000000000
40420.2 444 8 0000000000000005
40435.8 31C 8 00000000800084F3
40437.0 31D 8 000000000000001F
40467.2 444 8 0000000000000005
40482.7 6C0 7 04030100000000
40487.0 3F1 8 0002000000000000
40488.1 663 8 7814E00E00AA0000
40490.4 31C 8 00000000800084F3
40498.2 31D 8 000000000000001F
40499.5 38C 8 000000000000007F
40500.6 6AB 8 00000000000043A1
40501.8 38D 8 00000000000000E5
40514.0 39C 8 FF6F000000000000
40515.1 3C3 8 FF00000000000000
40516.3 444 8 0000000000000005
40529.7 537 8 8080808080800000
40531.1 538 8 8080008080000080
40532.2 523 8 CD1F7770450E0B02
40533.3 52E 5 603F000000
40534.6 31C 8 00000000800084F3
40544.9 31D 8 000000000000001F
40546.1 539 8 2202800008030000
40547.2 541 8 0000000000000000
40560.8 444 8 0000000000000005
40576.2 3F1 8 0002000000000000
40577.7 663 8 7814E00E00AA0000
40592.0 31C 8 00000000800084F3
40593.2 31D 8 000000000000001F
40594.5 38C 8 000000000000007F
40607.6 38D 8 00000000000000E5
40608.8 39C 8 FF6F000000000000
40610.1 3C3 8 FF00000000000000
40623.3 444 8 0000000000000005
40638.9 31C 8 00000000800084F3
40640.1 31D 8 000000000000001F
40670.4 444 8 0000000000000005
40685.8 6C0 7 04030100000000
40687.0 3F1 8 0002000000000000
40688.1 663 8 7814E00E00AA0000
40689.3 31C 8 00000000800084F3
40690.7 31D 8 000000000000001F
40701.5 38C 8 000000000000007F
40702.9 6AB 8 00000000000043A1
40704.0 38D 8 00000000000000E5
40705.5 39C 8 FF6F000000000000
40717.2 3C3 8 FF00000000000000
40718.5 444 8 0000000000000005
40720.4 537 8 8080808080800000
40732.9 538 8 8080008080000080
40734.0 31C 8 00000000800084F3
40748.3 31D 8 000000000000001F
40763.9 444 8 0000000000000005
40779.8 3F1 8 0002000000000000
40781.2 484 8 0000000000000000
40782.3 523 8 CD1F7770450E0B02
40783.4 52E 5 603F000000
40784.7 663 8 7814E00E00AA0000
40785.9 31C 8 00000000800084F3
40794.9 31D 8 000000000000001F
40796.3 38C 8 000000000000007F
40797.4 539 8 2202800008030000
40798.5 38D 8 00000000000000E5
40799.8 541 8 0000000000000000
40810.8 39C 8 FF6F000000000000
40812.0 3C3 8 FF00000000000000
40813.1 444 8 0000000000000005
40842.2 31C 8 00000000800084F3
40843.4 5EA 8 0000000000000016
40844.6 31D 8 000000000000001F
40845.8 5EB 8 0000000000000007
40847.0 5EC 8 000000000000000F
40857.6 66B 8 7700000000000000
40859.0 66C 8 DF09000000000000
40873.3 444 8 0000000000000005
40889.4 6C0 7 04030100000000
40892.2 3F1 8 0002000000000000
40894.2 663 8 7814E00E00AA0000
40895.6 31C 8 00000000800084F3
40896.8 31D 8 000000000000001F
40898.0 38C 8 000000000000007F
40904.7 6AB 8 00000000000043A1
40906.5 38D 8 00000000000000E5
40907.7 39C 8 FF6F000000000000
40908.9 3C3 8 FF00000000000000
40919.9 444 8 0000000000000005
40921.1 537 8 8080808080800000
40922.3 538 8 8080008080000080
40935.9 31C 8 00000000800084F3
40937.1 31D 8 000000000000001F
40967.1 444 8 0000000000000005
40982.7 3F1 8 0002000000000000
40983.8 663 8 7814E00E00AA0000
40985.2 31C 8 00000000800084F3
40998.3 31D 8 000000000000001F
40999.7 38C 8 000000000000007F
41000.8 38D 8 00000000000000E5
41013.9 39C 8 FF6F000000000000
41015.0 3C3 8 FF00000000000000
41016.2 444 8 0000000000000005
41029.8 523 8 CD1F7770450E0B02
41031.2 52E 5 603F000000
41032.3 31C 8 00000000800084F3
41045.0 31D 8 000000000000001F
41046.2 539 8 2302800008030000
41047.4 541 8 0000000000000000
41060.7 444 8 0000000000000005
41076.2 6C0 7 04030100000000
41077.4 3F1 8 0002000000000000
41078.4 663 8 7814E00E00AA0000
41092.1 31C 8 00000000800084F3
41093.3 31D 8 000000000000001F
41094.7 38C 8 000000000000007F
41107.6 38D 8 00000000000000E5
41108.8 6AB 8 00000000000043A1
41110.5 39C 8 FF6F000000000000
41111.6 3C3 8 FF00000000000000
41123.3 444 8 0000000000000005
41124.5 537 8 8080808080800000
41125.6 538 8 8080008080000080
41138.9 31C 8 00000000800084F3
41140.1 31D 8 000000000000001F
41170.2 444 8 0000000000000005
41185.9 3F1 8 0002000000000000
41187.1 663 8 7814E00E00AA0000
41188.2 31C 8 00000000800084F3
41189.5 31D 8 000000000000001F
41201.5 38C 8 000000000000007F
41202.7 38D 8 00000000000000E5
41203.8 39C 8 FF6F000000000000
41217.2 3C3 8 FF00000000000000
41218.3 444 8 0000000000000005
41232.7 31C 8 00000000800084F3
41248.5 31D 8 000000000000001F
41263.9 444 8 0000000000000005
41279.8 6C0 7 04030100000000
41283.0 3F1 8 0002000000000000
41284.1 484 8 0000000000000000
41285.5 523 8 CD1F7770450E0B02
41286.6 52E 5 603F000000
41287.7 585 8 902C00000000003F
41288.8 64C 2 0011
41290.1 663 8 7814E00E00AA0000
41291.3 6B2 8 FFFEFF0F880000D0
41292.4 31C 8 00000000800084F3
41295.2 31D 8 000000000000001F
41296.6 38C 8 000000000000007F
41297.7 38D 8 00000000000000E5
41298.8 5FB 8 1FFFFFFFFF1FF87E
41300.5 539 8 2302800008030000
41301.6 541 8 0000000000000000
41310.9 5FA 8 5B9DC7CC9C46F1FF
41312.1 6AB 8 00000000000043A1
41313.2 39C 8 FF6F000000000000
41314.4 3C3 8 FF00000000000000
41315.7 444 8 0000000000000005
41326.4 537 8 8080808080800000
41327.6 538 8 8080008080000080
41342.0 31C 8 00000000800084F3
41343.3 5EA 8 0000000000000016
41344.5 31D 8 000000000000001F
41345.8 5EB 8 0000000000000007
41346.9 5EC 8 000000000000000F
41357.7 66B 8 7700000000000000
41358.9 66C 8 DF09000000000000
41373.2 444 8 0000000000000005
41388.9 3F1 8 0002000000000000
41390.4 663 8 7814E00E00AA0000
41391.6 31C 8 00000000800084F3
41392.7 31D 8 000000000000001F
41404.6 38C 8 000000000000007F
41405.8 38D 8 00000000000000E5
41406.9 39C 8 FF6F000000000000
41408.1 3C3 8 FF00000000000000
41420.3 444 8 0000000000000005
41435.9 31C 8 00000000800084F3
41437.1 31D 8 000000000000001F
41467.5 444 8 0000000000000005
41482.7 6C0 7 04030100000000
41484.0 3F1 8 0002000000000000
41485.3 663 8 7814E00E00AA0000
41486.4 31C 8 00000000800084F3
41498.3 31D 8 000000000000001F
41500.1 38C 8 000000000000007F
41501.2 38D 8 00000000000000E5
41502.4 6AB 8 00000000000043A1
41513.9 39C 8 FF6F000000000000
41515.3 3C3 8 FF00000000000000
41516.5 444 8 0000000000000005
41529.8 537 8 8080808080800000
41531.1 538 8 8080008080000080
41532.2 523 8 CD1F7770450E0B02
41533.3 52E 5 603F000000
41534.4 31C 8 00000000800084F3
41544.9 31D 8 000000000000001F
41546.2 539 8 2302800008030000
41547.4 541 8 0000000000000000
41561.3 444 8 0000000000000005
41577.2 3F1 8 0002000000000000
41578.3 663 8 7814E00E00AA0000
41593.0 31C 8 00000000800084F3
41594.2 31D 8 000000000000001F
41595.6 38C 8 000000000000007F
41608.4 38D 8 00000000000000E5
41609.6 39C 8 FF6F000000000000
41610.9 3C3 8 FF00000000000000
41624.1 444 8 0000000000000005
41639.7 31C 8 00000000800084F3
41640.8 31D 8 000000000000001F
41671.2 444 8 0000000000000005
41686.7 6C0 7 04030100000000
41687.9 3F1 8 0002000000000000
41689.0 663 8 7814E00E00AA0000
41690.3 31C 8 00000000800084F3
41691.5 31D 8 000000000000001F
41702.4 38C 8 000000000000007F
41703.6 38D 8 00000000000000E5
41705.5 6AB 8 00000000000043A1
41706.6 39C 8 FF6F000000000000
41718.2 3C3 8 FF00000000000000
41719.4 444 8 0000000000000005
41720.7 537 8 8080808080800000
41733.6 538 8 8080008080000080
41735.0 31C 8 00000000800084F3
41749.1 31D 8 000000000000001F
41764.7 444 8 0000000000000005
41780.3 3F1 8 0002000000000000
41781.5 484 8 0000000000000000
41782.8 523 8 CD1F7770450E0B02
41783.9 52E 5 603F000000
41785.2 663 8 7814E00E00AA0000
41786.4 31C 8 00000000800084F3
41796.0 31D 8 000000000000001F
41797.1 38C 8 000000000000007F
41798.3 38D 8 00000000000000E5
41799.4 539 8 2302800008030000
41800.7 541 8 0000000000000000
41811.6 39C 8 FF6F000000000000
41812.7 3C3 8 FF00000000000000
41813.9 444 8 0000000000000005
41843.1 31C 8 00000000800084F3
41847.3 5EA 8 0000000000000016
41848.4 31D 8 000000000000001F
41849.7 5EB 8 0000000000000007
41850.9 5EC 8 000000000000000F
41858.4 66B 8 7700000000000000
41859.8 66C 8 DF09000000000000
41874.1 444 8 0000000000000005
41889.7 6C0 7 04030100000000
41891.0 3F1 8 0002000000000000
41892.1 663 8 7814E00E00AA0000
41893.8 31C 8 00000000800084F3
41895.3 31D 8 000000000000001F
41896.4 38C 8 000000000000007F
41905.2 38D 8 00000000000000E5
41906.3 6AB 8 00000000000043A1
41907.5 39C 8 FF6F000000000000
41908.6 3C3 8 FF00000000000000
41920.9 444 8 0000000000000005
41922.1 537 8 8080808080800000
41923.2 538 8 8080008080000080
41936.6 31C 8 00000000800084F3
41938.0 31D 8 000000000000001F
41968.0 444 8 0000000000000005
41983.5 3F1 8 0002000000000000
41984.8 663 8 7814E00E00AA0000
41986.1 31C 8 00000000800084F3
41999.1 31D 8 000000000000001F
42000.4 38C 8 000000000000007F
42001.5 38D 8 00000000000000E5
42014.7 39C 8 FF6F000000000000
42015.9 3C3 8 FF00000000000000
42017.0 444 8 0000000000000005
42030.2 523 8 CD1F7770450E0B02
42031.4 52E 5 603F000000
42032.5 31C 8 00000000800084F3
42046.0 31D 8 000000000000001F
42047.1 539 8 2302800008030000
42048.2 541 8 0000000000000000
42061.6 444 8 0000000000000005
42077.2 6C0 7 04030100000000
42078.3 3F1 8 0002000000000000
42079.8 663 8 7814E00E00AA0000
42092.9 31C 8 00000000800084F3
42094.2 31D 8 000000000000001F
42096.0 38C 8 000000000000007F
42108.5 38D 8 00000000000000E5
42109.9 6AB 8 00000000000043A1
42111.1 39C 8 FF6F000000000000
42112.2 3C3 8 FF00000000000000
42124.0 444 8 0000000000000005
42125.2 537 8 8080808080800000
42126.4 538 8 8080008080000080
42139.7 31C 8 00000000800084F3
42141.0 31D 8 000000000000001F
42171.0 444 8 0000000000000005
42186.6 3F1 8 0002000000000000
42187.8 663 8 7814E00E00AA0000
42188.9 31C 8 00000000800084F3
42190.1 31D 8 000000000000001F
42202.2 38C 8 000000000000007F
42203.4 38D 8 00000000000000E5
42204.5 39C 8 FF6F000000000000
42217.9 3C3 8 FF00000000000000
42219.1 444 8 0000000000000005
42233.4 31C 8 00000000800084F3
42249.4 31D 8 000000000000001F
42264.9 444 8 0000000000000005
42280.3 6C0 7 04030100000000
42281.5 3F1 8 0002000000000000
42282.7 484 8 0000000000000000
42283.8 523 8 CD1F7770450E0B02
42285.1 52E 5 603F000000
42286.3 585 8 902C00000000003F
42287.3 64C 2 0011
42288.4 663 8 7814E00E00AA0000
42289.7 6B2 8 FFFEFF0F880080D0
42290.9 31C 8 00000000800084F3
42295.8 31D 8 000000000000001F
42297.3 38C 8 000000000000007F
42298.6 38D 8 00000000000000E5
42299.8 5FB 8 1FFFFFFFFF1FF87E
42301.0 539 8 2302800008030000
42302.1 541 8 0000000000000000
42303.2 5FA 8 5B9DC7CC9C46F1FF
42304.4 6AB 8 00000000000043A1
42311.6 39C 8 FF6F000000000000
42312.7 3C3 8 FF00000000000000
42313.9 444 8 0000000000000005
42327.2 537 8 8080808080800000
42328.5 538 8 8080008080000080
42342.9 31C 8 00000000800084F3
42344.1 5EA 8 0000000000000016
42345.2 31D 8 000000000000001F
42346.3 5EB 8 0000000000000007
42347.4 5EC 8 000000000000000F
42358.5 66B 8 7700000000000000
42360.2 66C 8 DF09000000000000
42374.1 444 8 0000000000000005
42389.6 3F1 8 0002000000000000
42390.8 663 8 7814E00E00AA0000
42392.0 31C 8 00000000800084F3
42393.1 31D 8 000000000000001F
42394.3 38C 8 000000000000007F
42405.3 38D 8 00000000000000E5
42406.5 39C 8 FF6F000000000000
42407.6 3C3 8 FF00000000000000
42421.0 444 8 0000000000000005
42436.6 31C 8 00000000800084F3
42437.8 31D 8 000000000000001F
42468.1 444 8 0000000000000005
42483.4 6C0 7 04030100000000
42485.6 3F1 8 0002000000000000
42487.0 663 8 7814E00E00AA0000
42488.4 31C 8 00000000800084F3
42499.1 31D 8 000000000000001F
42500.5 38C 8 000000000000007F
42501.5 38D 8 00000000000000E5
42502.6 6AB 8 00000000000043A1
42514.6 39C 8 FF6F000000000000
42515.9 3C3 8 FF00000000000000
42517.1 444 8 0000000000000005
42518.2 537 8 8080808080800000
42530.2 538 8 8080008080000080
42531.6 523 8 CD1F7770450E0B02
42532.7 52E 5 603F000000
42533.8 31C 8 00000000800084F3
42545.9 31D 8 000000000000001F
42547.1 539 8 2302800008030000
42548.3 541 8 0000000000000000
42561.5 444 8 0000000000000005
42577.3 3F1 8 0002000000000000
42579.2 663 8 7814E00E00AA0000
42593.0 31C 8 00000000800084F3
42594.3 31D 8 000000000000001F
42595.6 38C 8 000000000000007F
42608.6 38D 8 00000000000000E5
42609.8 39C 8 FF6F000000000000
42611.1 3C3 8 FF00000000000000
42624.1 444 8 0000000000000005
42639.7 31C 8 00000000800084F3
42640.9 31D 8 000000000000001F
42671.0 444 8 0000000000000005
42686.6 6C0 7 04030100000000
42687.8 3F1 8 0002000000000000
42688.9 663 8 7814E00E00AA0000
42690.7 31C 8 00000000800084F3
42691.9 31D 8 000000000000001F
42702.2 38C 8 000000000000007F
42703.4 38D 8 00000000000000E5
42704.6 6AB 8 00000000000043A1
42705.9 39C 8 FF6F000000000000
42717.9 3C3 8 FF00000000000000
42719.1 444 8 0000000000000005
42720.2 537 8 8080808080800000
42733.6 538 8 8080008080000080
42734.8 31C 8 00000000800084F3
42749.1 31D 8 000000000000001F
42764.7 444 8 0000000000000005
42780.2 3F1 8 0002000000000000
42781.3 484 8 0000000000000000
42782.4 523 8 CD1F7770450E0B02
42783.5 52E 5 603F000000
42784.7 663 8 7814E00E00AA0000
42786.0 31C 8 00000000800084F3
42795.8 31D 8 000000000000001F
42797.0 38C 8 000000000000007F
42798.1 38D 8 00000000000000E5
42799.4 539 8 2302800008030000
42800.7 541 8 0000000000000000
42811.5 39C 8 FF6F000000000000
42812.7 3C3 8 FF00000000000000
42813.8 444 8 0000000000000005
42842.9 31C 8 00000000800084F3
42844.3 5EA 8 0000000000000016
42845.6 31D 8 000000000000001F
42846.7 5EB 8 0000000000000007
42847.8 5EC 8 000000000000000F
42858.4 66B 8 7700000000000000
42859.8 66C 8 DF09000000000000
42874.0 444 8 0000000000000005
42889.7 6C0 7 04030100000000
42891.1 3F1 8 0002000000000000
42892.3 663 8 7814E00E00AA0000
42893.4 31C 8 00000000800084F3
42894.8 31D 8 000000000000001F
42896.2 38C 8 000000000000007F
42905.6 38D 8 00000000000000E5
42906.8 6AB 8 00000000000043A1
42907.9 39C 8 FF6F000000000000
42909.1 3C3 8 FF00000000000000
42920.9 444 8 0000000000000005
42922.1 537 8 8080808080800000
42923.2 538 8 8080008080000080
42936.6 31C 8 00000000800084F3
42937.8 31D 8 000000000000001F
42968.1 444 8 0000000000000005
42983.4 3F1 8 0002000000000000
42984.7 663 8 7814E00E00AA0000
42985.9 31C 8 00000000800084F3
42999.0 31D 8 000000000000001F
43000.4 38C 8 000000000000007F
43001.5 38D 8 00000000000000E5
43015.2 39C 8 FF6F000000000000
43017.7 3C3 8 FF00000000000000
43019.5 444 8 0000000000000005
43030.5 523 8 CD1F7770450E0B02
43031.9 52E 5 603F000000
43033.1 31C 8 00000000800084F3
43045.8 31D 8 000000000000001F
43047.0 539 8 2302800008030000
43048.1 541 8 0000000000000000
43061.6 444 8 0000000000000005
43077.6 6C0 7 04030100000000
43079.1 3F1 8 0002000000000000
43080.3 663 8 7814E00E00AA0000
43092.9 31C 8 00000000800084F3
43094.2 31D 8 000000000000001F
43095.6 38C 8 000000000000007F
43108.5 38D 8 00000000000000E5
43109.6 6AB 8 00000000000043A1
43110.8 39C 8 FF6F000000000000
43111.9 3C3 8 FF00000000000000
43124.1 444 8 0000000000000005
43125.5 537 8 8080808080800000
43126.9 538 8 8080008080000080
43139.7 31C 8 00000000800084F3
43140.9 31D 8 000000000000001F
43171.0 444 8 0000000000000005
43186.6 3F1 8 0002000000000000
43187.7 663 8 7814E00E00AA0000
43188.9 31C 8 00000000800084F3
43190.0 31D 8 000000000000001F
43202.4 38C 8 000000000000007F
43208.2 38D 8 00000000000000E5
43209.8 39C 8 FF6F000000000000
43217.9 3C3 8 FF00000000000000
43219.1 444 8 0000000000000005
43233.4 31C 8 00000000800084F3
43249.2 31D 8 000000000000001F
43264.6 444 8 0000000000000005
43280.2 6C0 7 04030100000000
43281.6 3F1 8 0002000000000000
43284.5 484 8 0000000000000000
43286.6 523 8 CD1F7770450E0B02
43287.8 52E 5 603F000000
43289.0 585 8 902C00000000003F
43290.7 64C 2 0011
43291.8 663 8 7814E00E00AA0000
43293.0 6B2 8 FFFEFF0F880000D1
43294.1 31C 8 00000000800084F3
43303.4 31D 8 000000000000001F
43304.9 38C 8 000000000000007F
43306.2 38D 8 00000000000000E5
43307.5 5FB 8 1FFFFFFFFF1FF87E
43308.8 539 8 2302800008030000
43310.0 541 8 0000000000000000
43311.2 5FA 8 5B9DC7CC9C46F1FF
43312.5 6AB 8 00000000000043A1
43313.8 39C 8 FF6F000000000000
43319.0 3C3 8 FF00000000000000
43320.4 444 8 0000000000000005
43321.7 537 8 8080808080800000
43334.6 538 8 8080008080000080
43335.9 31C 8 00000000800084F3
43337.3 5EA 8 0000000000000016
43338.5 31D 8 000000000000001F
43339.8 5EB 8 0000000000000007
43349.8 5EC 8 000000000000000F
43351.2 66B 8 7700000000000000
43352.4 66C 8 DF09000000000000
43365.7 444 8 0000000000000005
43381.4 3F1 8 0002000000000000
43382.7 663 8 7814E00E00AA0000
43384.0 31C 8 00000000800084F3
43397.0 31D 8 000000000000001F
43398.4 38C 8 000000000000007F
43399.8 38D 8 00000000000000E5
43412.8 39C 8 FF6F000000000000
43414.1 3C3 8 FF00000000000000
43415.4 444 8 0000000000000005
43443.9 31C 8 00000000800084F3
43445.8 31D 8 000000000000001F
43459.6 444 8 0000000000000005
43490.7 6C0 7 04030100000000
43492.0 3F1 8 0002000000000000
43493.3 663 8 7814E00E00AA0000
43494.7 31C 8 00000000800084F3
43495.9 31D 8 000000000000001F
43497.2 38C 8 000000000000007F
43506.4 38D 8 00000000000000E5
43507.8 6AB 8 00000000000043A1
43509.1 39C 8 FF6F000000000000
43510.4 3C3 8 FF00000000000000
43522.0 444 8 0000000000000005
43523.5 537 8 8080808080800000
43524.8 538 8 8080008080000080
43537.8 523 8 CD1F7770450E0B02
43539.1 52E 5 603F000000
43540.4 31C 8 00000000800084F3
43541.7 31D 8 000000000000001F
43553.4 539 8 2302800008030000
43554.8 541 8 0000000000000000
43568.9 444 8 0000000000000005
43584.9 3F1 8 0002000000000000
43586.3 663 8 7814E00E00AA0000
43587.6 31C 8 00000000800084F3
43588.8 31D 8 000000000000001F
43599.8 38C 8 000000000000007F
43601.2 38D 8 00000000000000E5
43602.4 39C 8 FF6F000000000000
43615.7 3C3 8 FF00000000000000
43617.1 444 8 0000000000000005
43631.4 31C 8 00000000800084F3
43647.0 31D 8 000000000000001F
43662.6 444 8 0000000000000005
43678.3 6C0 7 04030100000000
43679.6 3F1 8 0002000000000000
43680.7 663 8 7814E00E00AA0000
43694.0 31C 8 00000000800084F3
43695.7 31D 8 000000000000001F
43697.0 38C 8 000000000000007F
43709.7 38D 8 00000000000000E5
43711.0 6AB 8 00000000000043A1
43712.2 39C 8 FF6F000000000000
43713.3 3C3 8 FF00000000000000
43714.6 444 8 0000000000000005
43725.1 537 8 8080808080800000
43726.2 538 8 8080008080000080
43740.8 31C 8 00000000800084F3
43742.0 31D 8 000000000000001F
43772.0 444 8 0000000000000005
43787.6 3F1 8 0002000000000000
43788.8 484 8 0000000000000000
43789.9 523 8 CD1F7770450E0B02
43791.0 52E 5 603F000000
43792.1 663 8 7814E00E00AA0000
43793.3 31C 8 00000000800084F3
43794.5 31D 8 000000000000001F
43803.3 38C 8 000000000000007F
43804.6 38D 8 00000000000000E5
43805.9 539 8 2302800008030000
43807.0 541 8 0000000000000000
43808.1 39C 8 FF6F000000000000
43818.8 3C3 8 FF00000000000000
43820.0 444 8 0000000000000005
43834.6 31C 8 00000000800084F3
43835.8 5EA 8 0000000000000016
43836.9 31D 8 000000000000001F
43838.7 5EB 8 0000000000000007
43849.9 5EC 8 000000000000000F
43851.2 66B 8 7700000000000000
43852.4 66C 8 DF09000000000000
43865.7 444 8 0000000000000005
43881.3 6C0 7 04030100000000
43882.5 3F1 8 0002000000000000
43883.6 663 8 7814E00E00AA0000
43884.8 31C 8 00000000800084F3
43897.0 31D 8 000000000000001F
43898.2 38C 8 000000000000007F
43899.4 38D 8 00000000000000E5
43900.7 6AB 8 00000000000043A1
43912.6 39C 8 FF6F000000000000
43913.7 3C3 8 FF00000000000000
43915.1 444 8 0000000000000005
43928.2 537 8 8080808080800000
43929.4 538 8 8080008080000080
43943.8 31C 8 00000000800084F3
43945.0 31D 8 000000000000001F
43959.6 444 8 0000000000000005
43990.7 3F1 8 0002000000000000
43991.9 663 8 7814E00E00AA0000
43993.1 31C 8 00000000800084F3
43994.3 31D 8 000000000000001F
43995.6 38C 8 000000000000007F
44006.6 38D 8 00000000000000E5
44007.9 39C 8 FF6F000000000000
44009.0 3C3 8 FF00000000000000
44022.2 444 8 0000000000000005
44037.6 523 8 CD1F7770450E0B02
44038.7 52E 5 603F000000
44039.8 31C 8 00000000800084F3
44041.0 31D 8 000000000000001F
44053.4 539 8 2302800008030000
44054.6 541 8 0000000000000000
44068.9 444 8 0000000000000005
44085.3 6C0 7 04030100000000
44087.0 3F1 8 0002000000000000
44088.1 663 8 7814E00E00AA0000
44089.6 31C 8 00000000800084F3
44090.9 31D 8 000000000000001F
44100.0 38C 8 000000000000007F
44101.6 38D 8 00000000000000E5
44102.7 6AB 8 00000000000043A1
44103.9 39C 8 FF6F000000000000
44115.6 3C3 8 FF00000000000000
44116.8 444 8 0000000000000005
44117.9 537 8 8080808080800000
44131.3 538 8 8080008080000080
44132.6 31C 8 00000000800084F3
44147.0 31D 8 000000000000001F
44162.6 444 8 0000000000000005
44178.3 3F1 8 0002000000000000
44179.5 663 8 7814E00E00AA0000
44193.8 31C 8 00000000800084F3
44195.1 31D 8 000000000000001F
44196.3 38C 8 000000000000007F
44209.8 38D 8 00000000000000E5
44211.2 39C 8 FF6F000000000000
44212.3 3C3 8 FF00000000000000
44213.5 444 8 0000000000000005
44240.8 31C 8 00000000800084F3
44242.0 31D 8 000000000000001F
44272.0 444 8 0000000000000005
44287.6 6C0 7 04030100000000
44288.7 3F1 8 0002000000000000
44290.5 484 8 0000000000000000
44291.6 523 8 CD1F7770450E0B02
44292.6 52E 5 603F000000
44293.8 585 8 902C00000000003F
44294.8 64C 2 0011
44296.1 663 8 7814E00E00AA0000
44297.4 6B2 8 FFFEFF0F880080D1
44298.5 31C 8 00000000800084F3
44299.8 31D 8 000000000000001F
44303.3 38C 8 000000000000007F
44304.7 38D 8 00000000000000E5
44305.7 5FB 8 1FFFFFFFFF1FF87E
44306.8 539 8 2302800008030000
44307.8 541 8 0000000000000000
44308.9 5FA 8 5B9DC7CC9C46F1FF
44310.0 6AB 8 00000000000043A1
44311.0 39C 8 FF6F000000000000
44318.8 3C3 8 FF00000000000000
44320.0 444 8 0000000000000005
44321.2 537 8 8080808080800000
44334.7 538 8 8080008080000080
44336.0 31C 8 00000000800084F3
44337.2 5EA 8 0000000000000016
44338.3 31D 8 000000000000001F
44339.5 5EB 8 0000000000000007
44349.8 5EC 8 000000000000000F
44351.1 66B 8 7700000000000000
44352.2 66C 8 DF09000000000000
44365.8 444 8 0000000000000005
44381.4 3F1 8 0002000000000000
44382.6 663 8 7814E00E00AA0000
44383.8 31C 8 00000000800084F3
44396.9 31D 8 000000000000001F
44398.2 38C 8 000000000000007F
44399.4 38D 8 00000000000000E5
44412.6 39C 8 FF6F000000000000
44413.8 3C3 8 FF00000000000000
44414.9 444 8 0000000000000005
44444.0 31C 8 00000000800084F3
44445.5 31D 8 000000000000001F
44459.6 444 8 0000000000000005
44490.7 6C0 7 04030100000000
44491.9 3F1 8 0002000000000000
44493.0 663 8 7814E00E00AA0000
44494.2 31C 8 00000000800084F3
44495.6 31D 8 000000000000001F
44496.9 38C 8 000000000000007F
44506.4 38D 8 00000000000000E5
44507.6 6AB 8 00000000000043A1
44508.8 39C 8 FF6F000000000000
44510.3 3C3 8 FF00000000000000
44522.4 444 8 0000000000000005
44523.5 537 8 8080808080800000
44524.7 538 8 8080008080000080
44537.6 523 8 CD1F7770450E0B02
44538.7 52E 5 603F000000
44539.8 31C 8 00000000800084F3
44541.0 31D 8 000000000000001F
44553.2 539 8 2302800008030000
44554.6 541 8 0000000000000000
44568.8 444 8 0000000000000005
44584.7 3F1 8 0002000000000000
44586.0 663 8 7814E00E00AA0000
44587.1 31C 8 00000000800084F3
44588.3 31D 8 000000000000001F
44599.9 38C 8 000000000000007F
44601.1 38D 8 00000000000000E5
44602.2 39C 8 FF6F000000000000
44616.1 3C3 8 FF00000000000000
44618.3 444 8 0000000000000005
44631.4 31C 8 00000000800084F3
44647.1 31D 8 000000000000001F
44662.7 444 8 0000000000000005
44678.3 6C0 7 04030100000000
44679.4 3F1 8 0002000000000000
44680.7 663 8 7814E00E00AA0000
44693.9 31C 8 00000000800084F3
44696.0 31D 8 000000000000001F
44697.9 38C 8 000000000000007F
44710.2 38D 8 00000000000000E5
44712.3 6AB 8 00000000000043A1
44713.4 39C 8 FF6F000000000000
44714.7 3C3 8 FF00000000000000
44715.9 444 8 0000000000000005
44725.1 537 8 8080808080800000
44726.3 538 8 8080008080000080
44740.8 31C 8 00000000800084F3
44742.0 31D 8 000000000000001F
44772.0 444 8 0000000000000005
44787.5 3F1 8 0002000000000000
44788.7 484 8 0000000000000000
44789.9 523 8 CD1F7770450E0B02
44791.1 52E 5 603F000000
44792.2 663 8 7814E00E00AA0000
44793.4 31C 8 00000000800084F3
44794.7 31D 8 000000000000001F
44803.2 38C 8 000000000000007F
44804.4 38D 8 00000000000000E5
44805.6 539 8 2302800008030000
44806.7 541 8 0000000000000000
44807.8 39C 8 FF6F000000000000
44819.0 3C3 8 FF00000000000000
44821.8 444 8 0000000000000005
44834.7 31C 8 00000000800084F3
44836.1 5EA 8 0000000000000016
44837.2 31D 8 000000000000001F
44838.4 5EB 8 0000000000000007
44849.8 5EC 8 000000000000000F
44851.0 66B 8 7700000000000000
44852.1 66C 8 DF09000000000000
44865.8 444 8 0000000000000005
44881.4 6C0 7 04030100000000
44882.6 3F1 8 0002000000000000
44883.8 663 8 7814E00E00AA0000
44885.0 31C 8 00000000800084F3
44897.0 31D 8 000000000000001F
44898.2 38C 8 000000000000007F
44899.4 38D 8 00000000000000E5
44900.7 6AB 8 00000000000043A1
44912.7 39C 8 FF6F000000000000
44913.9 3C3 8 FF00000000000000
44915.1 444 8 0000000000000005
44928.3 537 8 8080808080800000
44929.5 538 8 8080008080000080
44943.8 31C 8 00000000800084F3
44945.0 31D 8 000000000000001F
44959.6 444 8 0000000000000005
44990.7 3F1 8 0002000000000000
44991.9 663 8 7814E00E00AA0000
44993.0 31C 8 00000000800084F3
44994.3 31D 8 000000000000001F
44995.6 38C 8 000000000000007F
45006.4 38D 8 00000000000000E5
45007.6 39C 8 FF6F000000000000
45008.7 3C3 8 FF00000000000000
45022.2 444 8 0000000000000005
45037.6 523 8 CD1F7770450E0B02
45038.7 52E 5 603F000000
45039.8 31C 8 00000000800084F3
45041.0 31D 8 000000000000001F
45053.2 539 8 2302800008030000
45054.3 541 8 0000000000000000
45068.8 444 8 0000000000000005
45084.6 6C0 7 04030100000000
45085.9 3F1 8 0002000000000000
45087.0 663 8 7814E00E00AA0000
45088.2 31C 8 00000000800084F3
45089.3 31D 8 000000000000001F
45099.8 38C 8 000000000000007F
45100.9 38D 8 00000000000000E5
45102.1 6AB 8 00000000000043A1
45103.2 39C 8 FF6F000000000000
45115.8 3C3 8 FF00000000000000
45117.2 444 8 0000000000000005
45118.4 537 8 8080808080800000
45131.6 538 8 8080008080000080
45132.7 31C 8 00000000800084F3
45147.2 31D 8 000000000000001F
45162.9 444 8 0000000000000005
45178.3 3F1 8 0002000000000000
45179.5 663 8 7814E00E00AA0000
45194.0 31C 8 00000000800084F3
45195.5 31D 8 000000000000001F
45196.9 38C 8 000000000000007F
45209.6 38D 8 00000000000000E5
45211.3 39C 8 FF6F000000000000
45213.5 3C3 8 FF00000000000000
45214.7 444 8 0000000000000005
45240.8 31C 8 00000000800084F3
45242.6 31D 8 000000000000001F
45272.0 444 8 0000000000000005
45287.6 6C0 7 04030100000000
45288.7 3F1 8 0002000000000000
45289.9 484 8 0000000000000000
45291.1 523 8 CD1F7770450E0B02
45292.2 52E 5 603F000000
45293.3 585 8 902C00000000003F
45294.6 64C 2 0011
45295.7 663 8 7814E00E00AA0000
45297.1 6B2 8 FFFEFF0F880000D2
45298.2 31C 8 00000000800084F3
45299.3 31D 8 000000000000001F
45303.4 38C 8 000000000000007F
45304.8 38D 8 00000000000000E5
45305.9 5FB 8 1FFFFFFFFF1FF87E
45307.0 539 8 2302800008030000
45308.1 541 8 0000000000000000
45309.3 5FA 8 5B9DC7CC9C46F1FF
45310.4 6AB 8 00000000000043A1
45311.6 39C 8 FF6F000000000000
45318.8 3C3 8 FF00000000000000
45319.9 444 8 0000000000000005
45321.0 537 8 8080808080800000
45334.8 538 8 8080008080000080
45336.1 31C 8 00000000800084F3
45337.3 5EA 8 0000000000000016
45338.4 31D 8 000000000000001F
45339.7 5EB 8 0000000000000007
45349.8 5EC 8 000000000000000F
45351.0 66B 8 7700000000000000
45352.1 66C 8 DF09000000000000
45365.7 444 8 0000000000000005
45381.3 3F1 8 0002000000000000
45382.5 663 8 7814E00E00AA0000
45384.3 31C 8 00000000800084F3
45397.0 31D 8 000000000000001F
45398.2 38C 8 000000000000007F
45399.4 38D 8 00000000000000E5
45412.6 39C 8 FF6F000000000000
45413.8 3C3 8 FF00000000000000
45414.9 444 8 0000000000000005
45443.9 31C 8 00000000800084F3
45445.1 31D 8 000000000000001F
45459.9 444 8 0000000000000005
45490.7 6C0 7 04030100000000
45491.9 3F1 8 0002000000000000
45493.0 663 8 7814E00E00AA0000
45494.3 31C 8 00000000800084F3
45495.7 31D 8 000000000000001F
45497.0 38C 8 000000000000007F
45506.3 38D 8 00000000000000E5
45507.5 6AB 8 00000000000043A1
45508.6 39C 8 FF6F000000000000
45509.8 3C3 8 FF00000000000000
45522.6 444 8 0000000000000005
45523.8 537 8 8080808080800000
45524.9 538 8 8080008080000080
45537.6 523 8 CD1F7770450E0B02
45538.8 52E 5 603F000000
45539.9 31C 8 00000000800084F3
45541.1 31D 8 000000000000001F
45553.3 539 8 2302800008030000
45554.4 541 8 0000000000000000
45568.9 444 8 0000000000000005
45584.6 3F1 8 0002000000000000
45585.9 663 8 7814E00E00AA0000
45587.1 31C 8 00000000800084F3
45588.9 31D 8 000000000000001F
45599.8 38C 8 000000000000007F
45601.0 38D 8 00000000000000E5
45602.1 39C 8 FF6F000000000000
45615.7 3C3 8 FF00000000000000
45616.8 444 8 0000000000000005
45631.5 31C 8 00000000800084F3
45647.1 31D 8 000000000000001F
45662.6 444 8 0000000000000005
45678.4 6C0 7 04030100000000
45679.9 3F1 8 0002000000000000
45681.2 663 8 7814E00E00AA0000
45694.0 31C 8 00000000800084F3
45696.0 31D 8 000000000000001F
45697.8 38C 8 000000000000007F
45709.7 38D 8 00000000000000E5
45711.1 6AB 8 00000000000043A1
45712.2 39C 8 FF6F000000000000
45713.2 3C3 8 FF00000000000000
45714.5 444 8 0000000000000005
45725.1 537 8 8080808080800000
45726.2 538 8 8080008080000080
45740.8 31C 8 00000000800084F3
45742.0 31D 8 000000000000001F
45772.0 444 8 0000000000000005
45787.6 3F1 8 0002000000000000
45788.7 484 8 0000000000000000
45789.8 523 8 CD1F7770450E0B02
45790.8 52E 5 603F000000
45792.0 663 8 7814E00E00AA0000
45793.1 31C 8 00000000800084F3
45794.4 31D 8 000000000000001F
45803.2 38C 8 000000000000007F
45805.1 38D 8 00000000000000E5
45806.2 539 8 2302800008030000
45807.3 541 8 0000000000000000
45808.4 39C 8 FF6F000000000000
45818.9 3C3 8 FF00000000000000
45820.0 444 8 0000000000000005
45835.2 31C 8 00000000800084F3
45836.5 5EA 8 0000000000000016
45837.5 31D 8 000000000000001F
45838.7 5EB 8 0000000000000007
45849.8 5EC 8 000000000000000F
45851.2 66B 8 7700000000000000
45852.3 66C 8 DF09000000000000
45865.7 444 8 0000000000000005
45881.3 6C0 7 04030100000000
45882.5 3F1 8 0002000000000000
45883.6 663 8 7814E00E00AA0000
45884.8 31C 8 00000000800084F3
45896.9 31D 8 000000000000001F
45898.2 38C 8 000000000000007F
45899.4 38D 8 00000000000000E5
45900.5 6AB 8 00000000000043A1
45912.6 39C 8 FF6F000000000000
45913.7 3C3 8 FF00000000000000
45915.0 444 8 0000000000000005
45928.4 537 8 8080808080800000
45932.0 538 8 8080008080000080
45943.9 31C 8 00000000800084F3
45945.3 31D 8 000000000000001F
45959.8 444 8 0000000000000005
45990.7 3F1 8 0002000000000000
45991.9 663 8 7814E00E00AA0000
45993.0 31C 8 00000000800084F3
45994.1 31D 8 000000000000001F
45996.2 38C 8 000000000000007F
46011.8 38D 8 00000000000000E5
46013.0 39C 8 FF6F000000000000
46014.1 3C3 8 FF00000000000000
46015.3 444 8 0000000000000005
46027.3 523 8 CD1F7770450E0B02
46028.4 52E 5 603F000000
46042.9 31C 8 00000000800084F3
46044.4 31D 8 000000000000001F
46058.8 539 8 2302800008030000
46060.0 541 8 0000000000000000
46074.5 444 8 0000000000000005
46089.7 6C0 7 04030100000000
46091.1 3F1 8 0002000000000000
46092.3 663 8 7814E00E00AA0000
46093.4 31C 8 00000000800084F3
46094.7 31D 8 000000000000001F
46096.0 38C 8 000000000000007F
46105.4 38D 8 00000000000000E5
46106.6 6AB 8 00000000000043A1
46107.7 39C 8 FF6F000000000000
46108.9 3C3 8 FF00000000000000
46121.0 444 8 0000000000000005
46122.2 537 8 8080808080800000
46123.4 538 8 8080008080000080
46136.9 31C 8 00000000800084F3
46138.4 31D 8 000000000000001F
46168.0 444 8 0000000000000005
46183.5 3F1 8 0002000000000000
46185.2 663 8 7814E00E00AA0000
46186.3 31C 8 00000000800084F3
46199.4 31D 8 000000000000001F
46200.8 38C 8 000000000000007F
46202.0 38D 8 00000000000000E5
46203.7 39C 8 FF6F000000000000
46214.8 3C3 8 FF00000000000000
46215.9 444 8 0000000000000005
46230.1 31C 8 00000000800084F3
46246.4 31D 8 000000000000001F
46261.9 444 8 0000000000000005
46277.4 6C0 7 04030100000000
46278.9 3F1 8 0002000000000000
46280.2 484 8 0000000000000000
46281.4 523 8 CD1F7770450E0B02
46282.5 52E 5 603F000000
46283.6 585 8 902C00000000003F
46284.9 64C 2 0011
46286.0 663 8 7814E00E00AA0000
46292.9 6B2 8 FFFEFF0F880080D2
46294.0 31C 8 00000000800084F3
46295.4 31D 8 000000000000001F
46297.0 38C 8 000000000000007F
46308.6 38D 8 00000000000000E5
46310.1 5FB 8 1FFFFFFFFF1FF87E
46311.1 539 8 2302800008030000
46312.2 541 8 0000000000000000
46313.3 5FA 8 5B9DC7CC9C46F1FF
46314.6 6AB 8 00000000000043A1
46315.9 39C 8 FF6F000000000000
46317.0 3C3 8 FF00000000000000
46324.2 444 8 0000000000000005
46325.4 537 8 8080808080800000
46326.6 538 8 8080008080000080
46339.6 31C 8 00000000800084F3
46340.9 5EA 8 0000000000000016
46342.0 31D 8 000000000000001F
46343.1 5EB 8 0000000000000007
46344.3 5EC 8 000000000000000F
46355.4 66B 8 7700000000000000
46356.6 66C 8 DF09000000000000
46371.1 444 8 0000000000000005
46386.7 3F1 8 0002000000000000
46387.9 663 8 7814E00E00AA0000
46389.0 31C 8 00000000800084F3
46390.1 31D 8 000000000000001F
46402.3 38C 8 000000000000007F
46403.5 38D 8 00000000000000E5
46404.7 39C 8 FF6F000000000000
46417.9 3C3 8 FF00000000000000
46419.1 444 8 0000000000000005
46433.6 31C 8 00000000800084F3
46449.4 31D 8 000000000000001F
46465.0 444 8 0000000000000005
46480.2 6C0 7 04030100000000
46481.4 3F1 8 0002000000000000
46482.5 663 8 7814E00E00AA0000
46483.7 31C 8 00000000800084F3
46496.1 31D 8 000000000000001F
46497.3 38C 8 000000000000007F
46498.5 38D 8 00000000000000E5
46499.8 6AB 8 00000000000043A1
46511.7 39C 8 FF6F000000000000
46512.9 3C3 8 FF00000000000000
46514.0 444 8 0000000000000005
46527.3 537 8 8080808080800000
46528.4 538 8 8080008080000080
46529.7 523 8 CD1F7770450E0B02
46531.0 52E 5 603F000000
46542.9 31C 8 00000000800084F3
46544.1 31D 8 000000000000001F
46558.5 539 8 2302800008030000
46559.9 541 8 0000000000000000
46574.2 444 8 0000000000000005
46589.7 3F1 8 0002000000000000
46590.8 663 8 7814E00E00AA0000
46592.0 31C 8 00000000800084F3
46593.1 31D 8 000000000000001F
46594.3 38C 8 000000000000007F
46605.6 38D 8 00000000000000E5
46606.8 39C 8 FF6F000000000000
46607.9 3C3 8 FF00000000000000
46621.0 444 8 0000000000000005
46636.9 31C 8 00000000800084F3
46638.1 31D 8 000000000000001F
46667.9 444 8 0000000000000005
46683.5 6C0 7 04030100000000
46684.8 3F1 8 0002000000000000
46686.1 663 8 7814E00E00AA0000
46687.2 31C 8 00000000800084F3
46699.4 31D 8 000000000000001F
46701.3 38C 8 000000000000007F
46703.0 38D 8 00000000000000E5
46704.5 6AB 8 00000000000043A1
46714.6 39C 8 FF6F000000000000
46716.0 3C3 8 FF00000000000000
46717.1 444 8 0000000000000005
46718.5 537 8 8080808080800000
46730.3 538 8 8080008080000080
46731.6 31C 8 00000000800084F3
46746.0 31D 8 000000000000001F
46761.8 444 8 0000000000000005
46777.1 3F1 8 0002000000000000
46778.3 484 8 0000000000000000
46779.5 523 8 CD1F7770450E0B02
46780.7 52E 5 603F000000
46782.4 663 8 7814E00E00AA0000
46793.0 31C 8 00000000800084F3
46794.3 31D 8 000000000000001F
46795.6 38C 8 000000000000007F
46808.5 38D 8 00000000000000E5
46809.8 539 8 2302800008030000
46810.8 541 8 0000000000000000
46811.9 39C 8 FF6F000000000000
46813.1 3C3 8 FF00000000000000
46824.2 444 8 0000000000000005
46839.8 31C 8 00000000800084F3
46841.1 5EA 8 0000000000000016
46842.2 31D 8 000000000000001F
46843.4 5EB 8 0000000000000007
46844.7 5EC 8 000000000000000F
46855.4 66B 8 7700000000000000
46856.6 66C 8 DF09000000000000
46871.0 444 8 0000000000000005
46886.7 6C0 7 04030100000000
46887.9 3F1 8 0002000000000000
46889.1 663 8 7814E00E00AA0000
46890.5 31C 8 00000000800084F3
46891.7 31D 8 000000000000001F
46902.1 38C 8 000000000000007F
46903.3 38D 8 00000000000000E5
46904.5 6AB 8 00000000000043A1
46905.8 39C 8 FF6F000000000000
46917.9 3C3 8 FF00000000000000
46919.0 444 8 0000000000000005
46920.4 537 8 8080808080800000
46933.5 538 8 8080008080000080
46934.8 31C 8 00000000800084F3
46949.5 31D 8 000000000000001F
46964.8 444 8 0000000000000005
46980.1 3F1 8 0002000000000000
46981.3 663 8 7814E00E00AA0000
46982.4 31C 8 00000000800084F3
46996.0 31D 8 000000000000001F
46997.2 38C 8 000000000000007F
46998.4 38D 8 00000000000000E5
47011.9 39C 8 FF6F000000000000
47013.0 3C3 8 FF00000000000000
47014.2 444 8 0000000000000005
47027.4 523 8 CD1F7770450E0B02
47028.6 52E 5 603F000000
47042.9 31C 8 00000000800084F3
47044.1 31D 8 000000000000001F
47058.7 539 8 2302800008030000
47060.8 541 8 0000000000000000
47074.4 444 8 0000000000000005
47089.8 6C0 7 04030100000000
47091.2 3F1 8 0002000000000000
47092.4 663 8 7814E00E00AA0000
47093.5 31C 8 00000000800084F3
47094.7 31D 8 000000000000001F
47096.1 38C 8 000000000000007F
47105.5 38D 8 00000000000000E5
47106.7 6AB 8 00000000000043A1
47107.8 39C 8 FF6F000000000000
47108.9 3C3 8 FF00000000000000
47121.1 444 8 0000000000000005
47122.3 537 8 8080808080800000
47123.4 538 8 8080008080000080
47136.7 31C 8 00000000800084F3
47138.0 31D 8 000000000000001F
47168.0 444 8 0000000000000005
47183.5 3F1 8 0002000000000000
47185.5 663 8 7814E00E00AA0000
47186.7 31C 8 00000000800084F3
47199.3 31D 8 000000000000001F
47200.5 38C 8 000000000000007F
47201.7 38D 8 00000000000000E5
47214.8 39C 8 FF6F000000000000
47216.0 3C3 8 FF00000000000000
47217.1 444 8 0000000000000005
47230.2 31C 8 00000000800084F3
47246.0 31D 8 000000000000001F
47261.7 444 8 0000000000000005
47277.1 6C0 7 04030100000000
47278.4 3F1 8 0002000000000000
47279.7 484 8 0000000000000000
47281.0 523 8 CD1F7770450E0B02
47282.1 52E 5 603F000000
47283.2 585 8 902C00000000003F
47284.4 64C 2 0011
47285.6 663 8 7814E00E00AA0000
47293.0 6B2 8 FFFEFF0F880000D3
47297.4 31C 8 00000000800084F3
47298.6 31D 8 000000000000001F
47299.8 38C 8 000000000000007F
47308.7 38D 8 00000000000000E5
47310.1 5FB 8 1FFFFFFFFF1FF87E
47311.2 539 8 2302800008030000
47312.3 541 8 0000000000000000
47313.4 5FA 8 5B9DC7CC9C46F1FF
47314.7 6AB 8 00000000000043A1
47315.9 39C 8 FF6F000000000000
47317.0 3C3 8 FF00000000000000
47324.3 444 8 0000000000000005
47325.5 537 8 8080808080800000
47326.6 538 8 8080008080000080
47339.8 31C 8 00000000800084F3
47341.7 5EA 8 0000000000000016
47342.8 31D 8 000000000000001F
47344.0 5EB 8 0000000000000007
47345.4 5EC 8 000000000000000F
47355.4 66B 8 7700000000000000
47356.5 66C 8 DF09000000000000
47371.1 444 8 0000000000000005
47386.9 3F1 8 0002000000000000
47388.1 663 8 7814E00E00AA0000
47389.2 31C 8 00000000800084F3
47390.6 31D 8 000000000000001F
47402.4 38C 8 000000000000007F
47403.7 38D 8 00000000000000E5
47405.1 39C 8 FF6F000000000000
47418.0 3C3 8 FF00000000000000
47419.2 444 8 0000000000000005
47433.5 31C 8 00000000800084F3
47449.4 31D 8 000000000000001F
47465.3 444 8 0000000000000005
47480.2 6C0 7 04030100000000
47481.5 3F1 8 0002000000000000
47482.7 663 8 7814E00E00AA0000
47483.9 31C 8 00000000800084F3
47496.0 31D 8 000000000000001F
47497.4 38C 8 000000000000007F
47498.5 38D 8 00000000000000E5
47511.8 6AB 8 00000000000043A1
47513.0 39C 8 FF6F000000000000
47514.1 3C3 8 FF00000000000000
47515.5 444 8 0000000000000005
47527.3 537 8 8080808080800000
47528.5 538 8 8080008080000080
47529.7 523 8 CD1F7770450E0B02
47531.5 52E 5 603F000000
47543.0 31C 8 00000000800084F3
47544.2 31D 8 000000000000001F
47558.7 539 8 2302800008030000
47560.1 541 8 0000000000000000
47574.3 444 8 0000000000000005
47589.9 3F1 8 0002000000000000
47591.2 663 8 7814E00E00AA0000
47592.3 31C 8 00000000800084F3
47593.5 31D 8 000000000000001F
47594.8 38C 8 000000000000007F
47605.4 38D 8 00000000000000E5
47606.6 39C 8 FF6F000000000000
47607.7 3C3 8 FF00000000000000
47620.8 444 8 0000000000000005
47636.8 31C 8 00000000800084F3
47638.0 31D 8 000000000000001F
47668.0 444 8 0000000000000005
47683.7 6C0 7 04030100000000
47685.0 3F1 8 0002000000000000
47686.2 663 8 7814E00E00AA0000
47687.3 31C 8 00000000800084F3
47699.5 31D 8 000000000000001F
47701.5 38C 8 000000000000007F
47703.4 38D 8 00000000000000E5
47704.9 6AB 8 00000000000043A1
47714.6 39C 8 FF6F000000000000
47716.0 3C3 8 FF00000000000000
47717.1 444 8 0000000000000005
47718.3 537 8 8080808080800000
47730.3 538 8 8080008080000080
47731.6 31C 8 00000000800084F3
47746.0 31D 8 000000000000001F
47761.7 444 8 0000000000000005
47777.4 3F1 8 0002000000000000
47778.6 484 8 0000000000000000
47779.9 523 8 CD1F7770450E0B02
47781.1 52E 5 603F000000
47782.2 663 8 7814E00E00AA0000
47793.0 31C 8 00000000800084F3
47794.3 31D 8 000000000000001F
47795.6 38C 8 000000000000007F
47808.5 38D 8 00000000000000E5
47809.7 539 8 2302800008030000
47810.9 541 8 0000000000000000
47812.0 39C 8 FF6F000000000000
47813.2 3C3 8 FF00000000000000
47824.2 444 8 0000000000000005
47840.0 31C 8 00000000800084F3
47841.3 5EA 8 0000000000000016
47842.5 31D 8 000000000000001F
47843.6 5EB 8 0000000000000007
47844.8 5EC 8 000000000000000F
47855.4 66B 8 7700000000000000
47856.7 66C 8 DF09000000000000
47871.0 444 8 0000000000000005
47886.8 6C0 7 04030100000000
47887.9 3F1 8 0002000000000000
47889.1 663 8 7814E00E00AA0000
47890.3 31C 8 00000000800084F3
47891.6 31D 8 000000000000001F
47902.3 38C 8 000000000000007F
47903.5 38D 8 00000000000000E5
47904.6 6AB 8 00000000000043A1
47905.8 39C 8 FF6F000000000000
47917.9 3C3 8 FF00000000000000
47919.1 444 8 0000000000000005
47920.3 537 8 8080808080800000
47933.5 538 8 8080008080000080
47934.8 31C 8 00000000800084F3
47949.4 31D 8 000000000000001F
47964.8 444 8 0000000000000005
47980.1 3F1 8 0002000000000000
47981.3 663 8 7814E00E00AA0000
47982.5 31C 8 00000000800084F3
47996.1 31D 8 000000000000001F
47997.3 38C 8 000000000000007F
47998.5 38D 8 00000000000000E5
48011.9 39C 8 FF6F000000000000
48013.1 3C3 8 FF00000000000000
48014.2 444 8 0000000000000005
48027.3 523 8 CD1F7770450E0B02
48028.7 52E 5 603F000000
48043.0 31C 8 00000000800084F3
48044.2 31D 8 000000000000001F
48058.6 539 8 2302800008030000
48060.1 541 8 0000000000000000
48074.3 444 8 0000000000000005
48089.7 6C0 7 04030100000000
48090.8 3F1 8 0002000000000000
48092.2 663 8 7814E00E00AA0000
48093.4 31C 8 00000000800084F3
48094.5 31D 8 000000000000001F
48095.7 38C 8 000000000000007F
48105.4 38D 8 00000000000000E5
48106.6 6AB 8 00000000000043A1
48107.7 39C 8 FF6F000000000000
48108.9 3C3 8 FF00000000000000
48121.0 444 8 0000000000000005
48122.3 537 8 8080808080800000
48123.4 538 8 8080008080000080
48136.8 31C 8 00000000800084F3
48138.0 31D 8 000000000000001F
48168.0 444 8 0000000000000005
48183.8 3F1 8 0002000000000000
48185.7 663 8 7814E00E00AA0000
48187.0 31C 8 00000000800084F3
48199.3 31D 8 000000000000001F
48200.8 38C 8 000000000000007F
48201.9 38D 8 00000000000000E5
48214.7 39C 8 FF6F000000000000
48215.9 3C3 8 FF00000000000000
48217.0 444 8 0000000000000005
48230.2 31C 8 00000000800084F3
48246.2 31D 8 000000000000001F
48261.8 444 8 0000000000000005
48283.4 6C0 7 04030100000000
48284.8 3F1 8 0002000000000000
48286.1 484 8 0000000000000000
48287.2 523 8 CD1F7770450E0B02
48288.4 52E 5 603F000000
48289.6 585 8 902C00000000003F
48291.7 64C 2 0011
48293.1 663 8 7814E00E00AA0000
48294.5 6B2 8 FFFEFF0F880080D3
48295.7 31C 8 00000000800084F3
48298.9 31D 8 000000000000001F
48300.1 38C 8 000000000000007F
48301.2 38D 8 00000000000000E5
48302.5 5FB 8 1FFFFFFFFF1FF87E
48303.8 539 8 2302800008030000
48305.0 541 8 0000000000000000
48306.2 5FA 8 5B9DC7CC9C46F1FF
48307.3 6AB 8 00000000000043A1
48314.7 39C 8 FF6F000000000000
48316.8 3C3 8 FF00000000000000
48317.9 444 8 0000000000000005
48319.1 537 8 8080808080800000
48329.9 538 8 8080008080000080
48331.3 31C 8 00000000800084F3
48332.5 5EA 8 0000000000000016
48345.8 31D 8 000000000000001F
48347.1 5EB 8 0000000000000007
48348.2 5EC 8 000000000000000F
48349.3 66B 8 7700000000000000
48361.5 66C 8 DF09000000000000
48362.6 444 8 0000000000000005
48377.3 3F1 8 0002000000000000
48378.4 663 8 7814E00E00AA0000
48392.7 31C 8 00000000800084F3
48393.9 31D 8 000000000000001F
48395.3 38C 8 000000000000007F
48408.3 38D 8 00000000000000E5
48409.5 39C 8 FF6F000000000000
48410.8 3C3 8 FF00000000000000
48423.9 444 8 0000000000000005
48439.7 31C 8 00000000800084F3
48440.9 31D 8 000000000000001F
48470.9 444 8 0000000000000005
48486.8 6C0 7 04030100000000
48488.1 3F1 8 0002000000000000
48489.3 663 8 7814E00E00AA0000
48490.7 31C 8 00000000800084F3
48491.8 31D 8 000000000000001F
48502.1 38C 8 000000000000007F
48503.3 38D 8 00000000000000E5
48504.5 6AB 8 00000000000043A1
48505.8 39C 8 FF6F000000000000
48517.8 3C3 8 FF00000000000000
48519.7 444 8 0000000000000005
48521.0 537 8 8080808080800000
48533.8 538 8 8080008080000080
48535.8 523 8 CD1F7770450E0B02
48537.0 52E 5 603F000000
48538.1 31C 8 00000000800084F3
48548.9 31D 8 000000000000001F
48550.1 539 8 2302800008030000
48551.2 541 8 0000000000000000
48564.7 444 8 0000000000000005
48580.0 3F1 8 0002000000000000
48581.2 663 8 7814E00E00AA0000
48582.4 31C 8 00000000800084F3
48595.9 31D 8 000000000000001F
48597.3 38C 8 000000000000007F
48598.4 38D 8 00000000000000E5
48611.5 39C 8 FF6F000000000000
48612.7 3C3 8 FF00000000000000
48613.8 444 8 0000000000000005
48642.7 31C 8 00000000800084F3
48643.8 31D 8 000000000000001F
48674.1 444 8 0000000000000005
48689.7 6C0 7 04030100000000
48691.0 3F1 8 0002000000000000
48692.1 663 8 7814E00E00AA0000
48693.3 31C 8 00000000800084F3
48694.6 31D 8 000000000000001F
48695.8 38C 8 000000000000007F
48705.0 38D 8 00000000000000E5
48707.0 6AB 8 00000000000043A1
48708.8 39C 8 FF6F000000000000
48710.4 3C3 8 FF00000000000000
48720.8 444 8 0000000000000005
48722.7 537 8 8080808080800000
48723.8 538 8 8080008080000080
48736.5 31C 8 00000000800084F3
48737.7 31D 8 000000000000001F
48767.7 444 8 0000000000000005
48783.3 3F1 8 0002000000000000
48784.7 484 8 0000000000000000
48785.9 523 8 CD1F7770450E0B02
48787.1 52E 5 603F000000
48788.2 663 8 7814E00E00AA0000
48789.4 31C 8 00000000800084F3
48798.9 31D 8 000000000000001F
48800.1 38C 8 000000000000007F
48801.2 38D 8 00000000000000E5
48802.4 539 8 2302800008030000
48803.5 541 8 0000000000000000
48814.6 39C 8 FF6F000000000000
48815.8 3C3 8 FF00000000000000
48817.0 444 8 0000000000000005
48830.0 31C 8 00000000800084F3
48831.5 5EA 8 0000000000000016
48845.8 31D 8 000000000000001F
48847.0 5EB 8 0000000000000007
48848.2 5EC 8 000000000000000F
48849.3 66B 8 7700000000000000
48861.4 66C 8 DF09000000000000
48862.7 444 8 0000000000000005
48877.1 6C0 7 04030100000000
48878.3 3F1 8 0002000000000000
48879.5 663 8 7814E00E00AA0000
48892.7 31C 8 00000000800084F3
48893.9 31D 8 000000000000001F
48895.1 38C 8 000000000000007F
48908.3 38D 8 00000000000000E5
48910.2 6AB 8 00000000000043A1
48911.3 39C 8 FF6F000000000000
48912.4 3C3 8 FF00000000000000
48924.0 444 8 0000000000000005
48925.3 537 8 8080808080800000
48926.4 538 8 8080008080000080
48939.7 31C 8 00000000800084F3
48940.9 31D 8 000000000000001F
48970.7 444 8 0000000000000005
48986.4 3F1 8 0002000000000000
48987.6 663 8 7814E00E00AA0000
48988.7 31C 8 00000000800084F3
48989.9 31D 8 000000000000001F
49002.1 38C 8 000000000000007F
49003.3 38D 8 00000000000000E5
49004.7 39C 8 FF6F000000000000
49017.7 3C3 8 FF00000000000000
49018.8 444 8 0000000000000005
49033.3 523 8 CD1F7770450E0B02
49034.6 52E 5 603F000000
49035.8 31C 8 00000000800084F3
49049.0 31D 8 000000000000001F
49050.3 539 8 2302800008030000
49051.4 541 8 0000000000000000
49064.7 444 8 0000000000000005
49079.9 6C0 7 04030100000000
49081.0 3F1 8 0002000000000000
49082.2 663 8 7814E00E00AA0000
49083.3 31C 8 00000000800084F3
49095.9 31D 8 000000000000001F
49097.4 38C 8 000000000000007F
49098.8 38D 8 00000000000000E5
49111.4 6AB 8 00000000000043A1
49113.2 39C 8 FF6F000000000000
49114.4 3C3 8 FF00000000000000
49115.7 444 8 0000000000000005
49127.2 537 8 8080808080800000
49128.4 538 8 8080008080000080
49142.7 31C 8 00000000800084F3
49143.9 31D 8 000000000000001F
49173.9 444 8 0000000000000005
49189.9 3F1 8 0002000000000000
49191.5 663 8 7814E00E00AA0000
49192.6 31C 8 00000000800084F3
49193.8 31D 8 000000000000001F
49195.1 38C 8 000000000000007F
49204.9 38D 8 00000000000000E5
49206.4 39C 8 FF6F000000000000
49207.6 3C3 8 FF00000000000000
49220.8 444 8 0000000000000005
49236.4 31C 8 00000000800084F3
49237.6 31D 8 000000000000001F
49267.7 444 8 0000000000000005
49283.3 6C0 7 04030100000000
49284.6 3F1 8 0002000000000000
49285.9 484 8 0000000000000000
49287.0 523 8 CD1F7770450E0B02
49288.1 52E 5 603F000000
49289.2 585 8 902C00000000003F
49290.5 64C 2 0011
49291.7 663 8 7814E00E00AA0000
49292.8 6B2 8 FFFEFF0F880000D4
49293.9 31C 8 00000000800084F3
49299.1 31D 8 000000000000001F
49300.6 38C 8 000000000000007F
49301.8 38D 8 00000000000000E5
49303.1 5FB 8 1FFFFFFFFF1FF87E
49305.1 539 8 2302800008030000
49306.2 541 8 0000000000000000
49307.3 5FA 8 5B9DC7CC9C46F1FF
49308.4 6AB 8 00000000000043A1
49314.7 39C 8 FF6F000000000000
49316.1 3C3 8 FF00000000000000
49317.3 444 8 0000000000000005
49318.5 537 8 8080808080800000
49329.9 538 8 8080008080000080
49331.2 31C 8 00000000800084F3
49332.4 5EA 8 0000000000000016
49345.8 31D 8 000000000000001F
49347.0 5EB 8 0000000000000007
49348.1 5EC 8 000000000000000F
49349.2 66B 8 7700000000000000
49361.2 66C 8 DF09000000000000
49362.6 444 8 0000000000000005
49377.1 3F1 8 0002000000000000
49378.3 663 8 7814E00E00AA0000
49392.7 31C 8 00000000800084F3
49393.9 31D 8 000000000000001F
49395.2 38C 8 000000000000007F
49408.3 38D 8 00000000000000E5
49409.5 39C 8 FF6F000000000000
49410.9 3C3 8 FF00000000000000
49424.0 444 8 0000000000000005
49439.7 31C 8 00000000800084F3
49441.0 31D 8 000000000000001F
49470.8 444 8 0000000000000005
49487.0 6C0 7 04030100000000
49488.2 3F1 8 0002000000000000
49489.4 663 8 7814E00E00AA0000
49490.7 31C 8 00000000800084F3
49491.9 31D 8 000000000000001F
49502.2 38C 8 000000000000007F
49503.4 38D 8 00000000000000E5
49505.0 6AB 8 00000000000043A1
49506.2 39C 8 FF6F000000000000
49517.7 3C3 8 FF00000000000000
49518.8 444 8 0000000000000005
49520.1 537 8 8080808080800000
49533.3 538 8 8080008080000080
49534.6 523 8 CD1F7770450E0B02
49535.8 52E 5 603F000000
49537.0 31C 8 00000000800084F3
49549.0 31D 8 000000000000001F
49550.2 539 8 2302800008030000
49551.3 541 8 0000000000000000
49564.7 444 8 0000000000000005
49579.9 3F1 8 0002000000000000
49581.1 663 8 7814E00E00AA0000
49582.2 31C 8 00000000800084F3
49595.8 31D 8 000000000000001F
49597.0 38C 8 000000000000007F
49598.1 38D 8 00000000000000E5
49611.5 39C 8 FF6F000000000000
49612.7 3C3 8 FF00000000000000
49613.8 444 8 0000000000000005
49642.7 31C 8 00000000800084F3
49643.8 31D 8 000000000000001F
49674.1 444 8 0000000000000005
49689.9 6C0 7 04030100000000
49691.4 3F1 8 0002000000000000
49692.7 663 8 7814E00E00AA0000
49693.9 31C 8 00000000800084F3
49695.3 31D 8 000000000000001F
49696.5 38C 8 000000000000007F
49705.0 38D 8 00000000000000E5
49706.3 6AB 8 00000000000043A1
49707.4 39C 8 FF6F000000000000
49708.5 3C3 8 FF00000000000000
49720.8 444 8 0000000000000005
49722.0 537 8 8080808080800000
49723.1 538 8 8080008080000080
49736.5 31C 8 00000000800084F3
49737.7 31D 8 000000000000001F
49767.6 444 8 0000000000000005
49783.3 3F1 8 0002000000000000
49784.7 484 8 0000000000000000
49785.9 523 8 CD1F7770450E0B02
49787.1 52E 5 603F000000
49788.2 663 8 7814E00E00AA0000
49789.4 31C 8 00000000800084F3
49798.9 31D 8 000000000000001F
49800.1 38C 8 000000000000007F
49801.2 38D 8 00000000000000E5
49802.3 539 8 2302800008030000
49803.5 541 8 0000000000000000
49814.6 39C 8 FF6F000000000000
49815.9 3C3 8 FF00000000000000
49817.0 444 8 0000000000000005
49829.9 31C 8 00000000800084F3
49831.3 5EA 8 0000000000000016
49845.8 31D 8 000000000000001F
49847.0 5EB 8 0000000000000007
49848.1 5EC 8 000000000000000F
49849.2 66B 8 7700000000000000
49861.4 66C 8 DF09000000000000
49862.5 444 8 0000000000000005
49877.1 6C0 7 04030100000000
49878.3 3F1 8 0002000000000000
49880.2 663 8 7814E00E00AA0000
49892.6 31C 8 00000000800084F3
49894.1 31D 8 000000000000001F
49895.6 38C 8 000000000000007F
49908.4 38D 8 00000000000000E5
49909.6 6AB 8 00000000000043A1
49910.9 39C 8 FF6F000000000000
49912.0 3C3 8 FF00000000000000
49924.0 444 8 0000000000000005
49925.2 537 8 8080808080800000
49926.3 538 8 8080008080000080
49939.7 31C 8 00000000800084F3
49940.9 31D 8 000000000000001F
49970.8 444 8 0000000000000005
49986.4 3F1 8 0002000000000000
49987.7 663 8 7814E00E00AA0000
49988.9 31C 8 00000000800084F3
49990.1 31D 8 000000000000001F
50002.2 38C 8 000000000000007F
50003.4 38D 8 00000000000000E5
50004.7 39C 8 FF6F000000000000
50017.7 3C3 8 FF00000000000000
50026.6 444 8 0000000000000005
50033.3 523 8 CD1F7770450E0B02
50034.5 52E 5 603F000000
50035.7 31C 8 00000000800084F3
50049.0 31D 8 000000000000001F
50050.2 539 8 2302800008030000
50051.4 541 8 0000000000000000
50064.7 444 8 0000000000000005
50080.0 6C0 7 04030100000000
50081.1 3F1 8 0002000000000000
50082.3 663 8 7814E00E00AA0000
50083.4 31C 8 00000000800084F3
50095.8 31D 8 000000000000001F
50097.1 38C 8 000000000000007F
50098.4 38D 8 00000000000000E5
50111.4 6AB 8 00000000000043A1
50112.6 39C 8 FF6F000000000000
50113.7 3C3 8 FF00000000000000
50115.0 444 8 0000000000000005
50127.2 537 8 8080808080800000
50128.4 538 8 8080008080000080
50142.8 31C 8 00000000800084F3
50143.9 31D 8 000000000000001F
50174.1 444 8 0000000000000005
50189.8 3F1 8 0002000000000000
50191.2 663 8 7814E00E00AA0000
50192.5 31C 8 00000000800084F3
50193.7 31D 8 000000000000001F
50195.1 38C 8 000000000000007F
50205.0 38D 8 00000000000000E5
50206.8 39C 8 FF6F000000000000
50208.4 3C3 8 FF00000000000000
50220.8 444 8 0000000000000005
50236.4 31C 8 00000000800084F3
50237.6 31D 8 000000000000001F
50267.7 444 8 0000000000000005
50283.4 6C0 7 04030100000000
50284.7 3F1 8 0002000000000000
50285.9 484 8 0000000000000000
50287.0 523 8 CD1F7770450E0B02
50288.1 52E 5 603F000000
50289.3 585 8 902C00000000003F
50290.6 64C 2 0011
50291.7 663 8 7814E00E00AA0000
50292.8 6B2 8 FFFEFF0F880080D4
50294.7 31C 8 00000000800084F3
50299.1 31D 8 000000000000001F
50300.5 38C 8 000000000000007F
50301.6 38D 8 00000000000000E5
50302.7 5FB 8 1FFFFFFFFF1FF87E
50303.8 539 8 2302800008030000
50304.9 541 8 0000000000000000
50305.9 5FA 8 5B9DC7CC9C46F1FF
50307.0 6AB 8 00000000000043A1
50314.8 39C 8 FF6F000000000000
50316.7 3C3 8 FF00000000000000
50317.8 444 8 0000000000000005
50318.9 537 8 8080808080800000
50329.9 538 8 8080008080000080
50331.3 31C 8 00000000800084F3
50332.4 5EA 8 0000000000000016
50345.8 31D 8 000000000000001F
50347.0 5EB 8 0000000000000007
50348.1 5EC 8 000000000000000F
50349.2 66B 8 7700000000000000
50361.4 66C 8 DF09000000000000
50362.6 444 8 0000000000000005
50377.2 3F1 8 0002000000000000
50378.4 663 8 7814E00E00AA0000
50392.7 31C 8 00000000800084F3
50393.9 31D 8 000000000000001F
50395.0 38C 8 000000000000007F
50408.3 38D 8 00000000000000E5
50409.8 39C 8 FF6F000000000000
50411.6 3C3 8 FF00000000000000
50423.8 444 8 0000000000000005
50439.8 31C 8 00000000800084F3
50441.1 31D 8 000000000000001F
50470.8 444 8 0000000000000005
50486.4 6C0 7 04030100000000
50487.6 3F1 8 0002000000000000
50488.7 663 8 7814E00E00AA0000
50490.0 31C 8 00000000800084F3
50491.2 31D 8 000000000000001F
50502.1 38C 8 000000000000007F
50503.4 38D 8 00000000000000E5
50504.7 6AB 8 00000000000043A1
50506.0 39C 8 FF6F000000000000
50517.8 3C3 8 FF00000000000000
50519.0 444 8 0000000000000005
50520.2 537 8 8080808080800000
50533.4 538 8 8080008080000080
50534.7 523 8 CD1F7770450E0B02
50535.8 52E 5 603F000000
50536.9 31C 8 00000000800084F3
50548.9 31D 8 000000000000001F
50550.1 539 8 2302800008030000
50551.3 541 8 0000000000000000
50564.6 444 8 0000000000000005
50579.9 3F1 8 0002000000000000
50581.1 663 8 7814E00E00AA0000
50582.3 31C 8 00000000800084F3
50595.8 31D 8 000000000000001F
50597.0 38C 8 000000000000007F
50598.1 38D 8 00000000000000E5
50611.5 39C 8 FF6F000000000000
50612.6 3C3 8 FF00000000000000
50613.8 444 8 0000000000000005
50642.6 31C 8 00000000800084F3
50643.8 31D 8 000000000000001F
50673.9 444 8 0000000000000005
50689.7 6C0 7 04030100000000
50691.7 3F1 8 0002000000000000
50692.9 663 8 7814E00E00AA0000
50694.0 31C 8 00000000800084F3
50695.4 31D 8 000000000000001F
50696.6 38C 8 000000000000007F
50706.8 38D 8 00000000000000E5
50708.6 6AB 8 00000000000043A1
50710.0 39C 8 FF6F000000000000
50711.2 3C3 8 FF00000000000000
50720.9 444 8 0000000000000005
50722.2 537 8 8080808080800000
50723.3 538 8 8080008080000080
50736.5 31C 8 00000000800084F3
50737.8 31D 8 000000000000001F
50767.6 444 8 0000000000000005
50783.3 3F1 8 0002000000000000
50784.6 484 8 0000000000000000
50785.9 523 8 CD1F7770450E0B02
50787.0 52E 5 603F000000
50788.1 663 8 7814E00E00AA0000
50789.3 31C 8 00000000800084F3
50799.0 31D 8 000000000000001F
50800.4 38C 8 000000000000007F
50801.7 38D 8 00000000000000E5
50802.8 539 8 2302800008030000
50804.0 541 8 0000000000000000
50814.6 39C 8 FF6F000000000000
50815.8 3C3 8 FF00000000000000
50817.0 444 8 0000000000000005
50829.9 31C 8 00000000800084F3
50831.1 5EA 8 0000000000000016
50845.8 31D 8 000000000000001F
50847.0 5EB 8 0000000000000007
50848.1 5EC 8 000000000000000F
50849.2 66B 8 7700000000000000
50861.4 66C 8 DF09000000000000
50862.6 444 8 0000000000000005
50877.1 6C0 7 04030100000000
50878.3 3F1 8 0002000000000000
50879.5 663 8 7814E00E00AA0000
50892.6 31C 8 00000000800084F3
50893.9 31D 8 000000000000001F
50895.4 38C 8 000000000000007F
50908.3 38D 8 00000000000000E5
50909.5 6AB 8 00000000000043A1
50910.7 39C 8 FF6F000000000000
50911.8 3C3 8 FF00000000000000
50924.0 444 8 0000000000000005
50925.3 537 8 8080808080800000
50926.4 538 8 8080008080000080
50939.6 31C 8 00000000800084F3
50940.9 31D 8 000000000000001F
50970.8 444 8 0000000000000005
50986.5 3F1 8 0002000000000000
50987.6 663 8 7814E00E00AA0000
50988.9 31C 8 00000000800084F3
50990.2 31D 8 000000000000001F
51002.1 38C 8 000000000000007F
51003.4 38D 8 00000000000000E5
51004.7 39C 8 FF6F000000000000
51017.7 3C3 8 FF00000000000000
51018.8 444 8 0000000000000005
51033.3 523 8 CD1F7770450E0B02
51034.5 52E 5 603F000000
51035.8 31C 8 00000000800084F3
51049.1 31D 8 000000000000001F
51050.3 539 8 2302800008030000
51051.4 541 8 0000000000000000
51064.7 444 8 0000000000000005
51080.0 6C0 7 04030100000000
51081.2 3F1 8 0002000000000000
51082.3 663 8 7814E00E00AA0000
51083.5 31C 8 00000000800084F3
51095.8 31D 8 000000000000001F
51096.9 38C 8 000000000000007F
51098.3 38D 8 00000000000000E5
51111.5 6AB 8 00000000000043A1
51112.7 39C 8 FF6F000000000000
51113.8 3C3 8 FF00000000000000
51115.2 444 8 0000000000000005
51127.2 537 8 8080808080800000
51128.3 538 8 8080008080000080
51142.7 31C 8 00000000800084F3
51143.9 31D 8 000000000000001F
51173.9 444 8 0000000000000005
51189.7 3F1 8 0002000000000000
51191.0 663 8 7814E00E00AA0000
51192.2 31C 8 00000000800084F3
51193.4 31D 8 000000000000001F
51194.6 38C 8 000000000000007F
51205.0 38D 8 00000000000000E5
51206.4 39C 8 FF6F000000000000
51207.6 3C3 8 FF00000000000000
51220.8 444 8 0000000000000005
51236.5 31C 8 00000000800084F3
51237.7 31D 8 000000000000001F
51267.7 444 8 0000000000000005
51283.7 6C0 7 04030100000000
51285.1 3F1 8 0002000000000000
51286.3 484 8 0000000000000000
51287.4 523 8 CD1F7770450E0B02
51289.4 52E 5 603F000000
51290.7 585 8 902C00000000003F
51291.8 64C 2 0011
51292.9 663 8 7814E00E00AA0000
51294.0 6B2 8 FFFEFF0F880000D5
51295.3 31C 8 00000000800084F3
51298.7 31D 8 000000000000001F
51300.1 38C 8 000000000000007F
51301.3 38D 8 00000000000000E5
51302.5 5FB 8 1FFFFFFFFF1FF87E
51303.6 539 8 2302800008030000
51304.9 541 8 0000000000000000
51306.0 5FA 8 5B9DC7CC9C46F1FF
51307.1 6AB 8 00000000000043A1
51314.8 39C 8 FF6F000000000000
51316.2 3C3 8 FF00000000000000
51317.3 444 8 0000000000000005
51318.5 537 8 8080808080800000
51330.0 538 8 8080008080000080
51331.4 31C 8 00000000800084F3
51332.7 5EA 8 0000000000000016
51345.8 31D 8 000000000000001F
51347.1 5EB 8 0000000000000007
51348.2 5EC 8 000000000000000F
51349.3 66B 8 7700000000000000
51361.4 66C 8 DF09000000000000
51362.6 444 8 0000000000000005
51377.3 3F1 8 0002000000000000
51381.1 663 8 7814E00E00AA0000
51392.7 31C 8 00000000800084F3
51393.9 31D 8 000000000000001F
51395.1 38C 8 000000000000007F
51408.3 38D 8 00000000000000E5
51409.6 39C 8 FF6F000000000000
51410.7 3C3 8 FF00000000000000
51424.0 444 8 0000000000000005
51439.7 31C 8 00000000800084F3
51440.9 31D 8 000000000000001F
51470.8 444 8 0000000000000005
51486.4 6C0 7 04030100000000
51487.8 3F1 8 0002000000000000
51488.9 663 8 7814E00E00AA0000
51490.0 31C 8 00000000800084F3
51491.1 31D 8 000000000000001F
51502.2 38C 8 000000000000007F
51503.4 38D 8 00000000000000E5
51504.7 6AB 8 00000000000043A1
51506.1 39C 8 FF6F000000000000
51517.8 3C3 8 FF00000000000000
51519.0 444 8 0000000000000005
51520.2 537 8 8080808080800000
51533.4 538 8 8080008080000080
51534.9 523 8 CD1F7770450E0B02
51536.1 52E 5 603F000000
51537.4 31C 8 00000000800084F3
51549.0 31D 8 000000000000001F
51550.2 539 8 2302800008030000
51551.3 541 8 0000000000000000
51565.2 444 8 0000000000000005
51581.0 3F1 8 0002000000000000
51582.1 663 8 7814E00E00AA0000
51583.3 31C 8 00000000800084F3
51596.7 31D 8 000000000000001F
51597.9 38C 8 000000000000007F
51599.0 38D 8 00000000000000E5
51612.5 39C 8 FF6F000000000000
51613.6 3C3 8 FF00000000000000
51614.8 444 8 0000000000000005
51643.7 31C 8 00000000800084F3
51645.2 31D 8 000000000000001F
51674.8 444 8 0000000000000005
51690.6 6C0 7 04030100000000
51691.8 3F1 8 0002000000000000
51692.9 663 8 7814E00E00AA0000
51694.1 31C 8 00000000800084F3
51695.5 31D 8 000000000000001F
51696.7 38C 8 000000000000007F
51707.9 38D 8 00000000000000E5
51709.7 6AB 8 00000000000043A1
51711.1 39C 8 FF6F000000000000
51712.3 3C3 8 FF00000000000000
51721.7 444 8 0000000000000005
51722.9 537 8 8080808080800000
51724.0 538 8 8080008080000080
51737.4 31C 8 00000000800084F3
51738.6 31D 8 000000000000001F
51768.5 444 8 0000000000000005
51784.3 3F1 8 0002000000000000
51785.7 484 8 0000000000000000
51786.8 523 8 CD1F7770450E0B02
51787.9 52E 5 603F000000
51789.0 663 8 7814E00E00AA0000
51790.3 31C 8 00000000800084F3
51799.8 31D 8 000000000000001F
51801.0 38C 8 000000000000007F
51802.1 38D 8 00000000000000E5
51803.3 539 8 2302800008030000
51804.5 541 8 0000000000000000
51805.7 39C 8 FF6F000000000000
51815.5 3C3 8 FF00000000000000
51816.7 444 8 0000000000000005
51831.8 31C 8 00000000800084F3
51833.0 5EA 8 0000000000000016
51846.7 31D 8 000000000000001F
51847.9 5EB 8 0000000000000007
51849.0 5EC 8 000000000000000F
51850.0 66B 8 7700000000000000
51862.3 66C 8 DF09000000000000
51863.5 444 8 0000000000000005
51878.0 6C0 7 04030100000000
51879.2 3F1 8 0002000000000000
51880.5 663 8 7814E00E00AA0000
51893.7 31C 8 00000000800084F3
51894.8 31D 8 000000000000001F
51896.0 38C 8 000000000000007F
51909.2 38D 8 00000000000000E5
51910.5 6AB 8 00000000000043A1
51911.6 39C 8 FF6F000000000000
51912.8 3C3 8 FF00000000000000
51924.8 444 8 0000000000000005
51926.1 537 8 8080808080800000
51927.2 538 8 8080008080000080
51940.5 31C 8 00000000800084F3
51941.8 31D 8 000000000000001F
51971.7 444 8 0000000000000005
51987.3 3F1 8 0002000000000000
51988.5 663 8 7814E00E00AA0000
51989.7 31C 8 00000000800084F3
51991.0 31D 8 000000000000001F
52003.0 38C 8 000000000000007F
52004.4 38D 8 00000000000000E5
52005.6 39C 8 FF6F000000000000
52018.7 3C3 8 FF00000000000000
52020.0 444 8 0000000000000005
52034.5 523 8 CD1F7770450E0B02
52036.6 52E 5 603F000000
52037.8 31C 8 00000000800084F3
52039.0 31D 8 000000000000001F
52049.9 539 8 2302800008030000
52051.0 541 8 0000000000000000
52065.9 444 8 0000000000000005
52081.1 6C0 7 04030100000000
52082.2 3F1 8 0002000000000000
52083.3 663 8 7814E00E00AA0000
52084.6 31C 8 00000000800084F3
52096.7 31D 8 000000000000001F
52098.0 38C 8 000000000000007F
52099.2 38D 8 00000000000000E5
52112.3 6AB 8 00000000000043A1
52113.5 39C 8 FF6F000000000000
52114.7 3C3 8 FF00000000000000
52115.9 444 8 0000000000000005
52128.1 537 8 8080808080800000
52129.2 538 8 8080008080000080
52143.6 31C 8 00000000800084F3
52144.8 31D 8 000000000000001F
52174.9 444 8 0000000000000005
52190.3 3F1 8 0002000000000000
52191.5 663 8 7814E00E00AA0000
52192.7 31C 8 00000000800084F3
52193.8 31D 8 000000000000001F
52195.2 38C 8 000000000000007F
52206.1 38D 8 00000000000000E5
52207.2 39C 8 FF6F000000000000
52208.3 3C3 8 FF00000000000000
52221.8 444 8 0000000000000005
52237.3 31C 8 00000000800084F3
52238.5 31D 8 000000000000001F
52268.5 444 8 0000000000000005
52284.4 6C0 7 04030100000000
52285.7 3F1 8 0002000000000000
52286.9 484 8 0000000000000000
52288.0 523 8 CD1F7770450E0B02
52289.1 52E 5 603F000000
52290.5 585 8 902C00000000003F
52291.6 64C 2 0011
52292.7 663 8 7814E00E00AA0000
52293.9 6B2 8 FFFEFF0F880080D5
52295.2 31C 8 00000000800084F3
52296.4 31D 8 000000000000001F
52299.6 38C 8 000000000000007F
52300.8 38D 8 00000000000000E5
52302.0 5FB 8 1FFFFFFFFF1FF87E
52303.1 539 8 2302800008030000
52304.2 541 8 0000000000000000
52305.6 5FA 8 5B9DC7CC9C46F1FF
52306.7 6AB 8 00000000000043A1
52307.8 39C 8 FF6F000000000000
52315.5 3C3 8 FF00000000000000
52316.8 444 8 0000000000000005
52317.9 537 8 8080808080800000
52331.2 538 8 8080008080000080
52332.5 31C 8 00000000800084F3
52333.7 5EA 8 0000000000000016
52346.7 31D 8 000000000000001F
52347.9 5EB 8 0000000000000007
52349.1 5EC 8 000000000000000F
52350.3 66B 8 7700000000000000
52362.3 66C 8 DF09000000000000
52363.5 444 8 0000000000000005
52378.0 3F1 8 0002000000000000
52379.2 663 8 7814E00E00AA0000
52393.6 31C 8 00000000800084F3
52395.5 31D 8 000000000000001F
52396.7 38C 8 000000000000007F
52409.2 38D 8 00000000000000E5
52410.5 39C 8 FF6F000000000000
52411.7 3C3 8 FF00000000000000
52424.9 444 8 0000000000000005
52440.4 31C 8 00000000800084F3
52441.7 31D 8 000000000000001F
52471.6 444 8 0000000000000005
52487.3 6C0 7 04030100000000
52488.5 3F1 8 0002000000000000
52489.7 663 8 7814E00E00AA0000
52491.0 31C 8 00000000800084F3
52492.2 31D 8 000000000000001F
52502.9 38C 8 000000000000007F
52504.1 38D 8 00000000000000E5
52505.2 6AB 8 00000000000043A1
52506.4 39C 8 FF6F000000000000
52518.6 3C3 8 FF00000000000000
52520.0 444 8 0000000000000005
52521.3 537 8 8080808080800000
52534.3 538 8 8080008080000080
52535.6 523 8 CD1F7770450E0B02
52536.7 52E 5 603F000000
52537.9 31C 8 00000000800084F3
52549.6 31D 8 000000000000001F
52550.9 539 8 2302800008030000
52552.0 541 8 0000000000000000
52565.7 444 8 0000000000000005
52581.1 3F1 8 0002000000000000
52582.3 663 8 7814E00E00AA0000
52583.4 31C 8 00000000800084F3
52596.7 31D 8 000000000000001F
52598.7 38C 8 000000000000007F
52599.8 38D 8 00000000000000E5
52612.3 39C 8 FF6F000000000000
52613.5 3C3 8 FF00000000000000
52614.7 444 8 0000000000000005
52643.9 31C 8 00000000800084F3
52645.9 31D 8 000000000000001F
52674.9 444 8 0000000000000005
52690.3 6C0 7 04030100000000
52691.4 3F1 8 0002000000000000
52692.6 663 8 7814E00E00AA0000
52693.7 31C 8 00000000800084F3
52695.1 31D 8 000000000000001F
52696.3 38C 8 000000000000007F
52706.1 38D 8 00000000000000E5
52707.3 6AB 8 00000000000043A1
52708.4 39C 8 FF6F000000000000
52709.7 3C3 8 FF00000000000000
52721.9 444 8 0000000000000005
52723.8 537 8 8080808080800000
52725.5 538 8 8080008080000080
52738.9 31C 8 00000000800084F3
52743.3 31D 8 000000000000001F
52768.5 444 8 0000000000000005
52784.2 3F1 8 0002000000000000
52785.6 484 8 0000000000000000
52786.8 523 8 CD1F7770450E0B02
52787.9 52E 5 603F000000
52789.0 663 8 7814E00E00AA0000
52790.2 31C 8 00000000800084F3
52799.8 31D 8 000000000000001F
52801.1 38C 8 000000000000007F
52802.2 38D 8 00000000000000E5
52804.1 539 8 2302800008030000
52805.3 541 8 0000000000000000
52806.4 39C 8 FF6F000000000000
52815.5 3C3 8 FF00000000000000
52816.7 444 8 0000000000000005
52831.2 31C 8 00000000800084F3
52832.5 5EA 8 0000000000000016
52846.7 31D 8 000000000000001F
52848.0 5EB 8 0000000000000007
52849.1 5EC 8 000000000000000F
52850.3 66B 8 7700000000000000
52862.3 66C 8 DF09000000000000
52863.4 444 8 0000000000000005
52878.1 6C0 7 04030100000000
52879.3 3F1 8 0002000000000000
52880.3 663 8 7814E00E00AA0000
52893.6 31C 8 00000000800084F3
52894.9 31D 8 000000000000001F
52896.1 38C 8 000000000000007F
52909.2 38D 8 00000000000000E5
52910.3 6AB 8 00000000000043A1
52911.4 39C 8 FF6F000000000000
52912.5 3C3 8 FF00000000000000
52924.8 444 8 0000000000000005
52926.0 537 8 8080808080800000
52927.1 538 8 8080008080000080
52940.7 31C 8 00000000800084F3
52942.0 31D 8 000000000000001F
52971.7 444 8 0000000000000005
52987.3 3F1 8 0002000000000000
52988.4 663 8 7814E00E00AA0000
52989.9 31C 8 00000000800084F3
52991.4 31D 8 000000000000001F
53003.0 38C 8 000000000000007F
53005.2 38D 8 00000000000000E5
53006.3 39C 8 FF6F000000000000
53018.5 3C3 8 FF00000000000000
53019.7 444 8 0000000000000005
53034.3 523 8 CD1F7770450E0B02
53035.6 52E 5 603F000000
53036.8 31C 8 00000000800084F3
53049.9 31D 8 000000000000001F
53051.2 539 8 2302800008030000
53052.3 541 8 0000000000000000
53065.7 444 8 0000000000000005
53080.9 6C0 7 04030100000000
53082.1 3F1 8 0002000000000000
53083.3 663 8 7814E00E00AA0000
53084.5 31C 8 00000000800084F3
53096.9 31D 8 000000000000001F
53098.2 38C 8 000000000000007F
53099.4 38D 8 00000000000000E5
53112.4 6AB 8 00000000000043A1
53113.6 39C 8 FF6F000000000000
53114.8 3C3 8 FF00000000000000
53116.0 444 8 0000000000000005
53128.1 537 8 8080808080800000
53129.3 538 8 8080008080000080
53143.7 31C 8 00000000800084F3
53144.9 31D 8 000000000000001F
53174.7 444 8 0000000000000005
53190.3 3F1 8 0002000000000000
53191.5 663 8 7814E00E00AA0000
53192.6 31C 8 00000000800084F3
53193.8 31D 8 000000000000001F
53195.2 38C 8 000000000000007F
53206.1 38D 8 00000000000000E5
53208.0 39C 8 FF6F000000000000
53209.1 3C3 8 FF00000000000000
53221.7 444 8 0000000000000005
53237.4 31C 8 00000000800084F3
53238.6 31D 8 000000000000001F
53268.6 444 8 0000000000000005
53284.4 6C0 7 04030100000000
53285.7 3F1 8 0002000000000000
53286.9 484 8 0000000000000000
53288.0 523 8 CD1F7770450E0B02
53289.1 52E 5 603F000000
53290.5 585 8 902C00000000003F
53291.6 64C 2 0011
53292.7 663 8 7814E00E00AA0000
53293.8 6B2 8 FFFEFF0F880000D6
53295.1 31C 8 00000000800084F3
53300.0 31D 8 000000000000001F
53301.3 38C 8 000000000000007F
53302.5 38D 8 00000000000000E5
53303.6 5FB 8 1FFFFFFFFF1FF87E
53304.8 539 8 2302800008030000
53306.0 541 8 0000000000000000
53307.2 5FA 8 5B9DC7CC9C46F1FF
53308.3 6AB 8 00000000000043A1
53309.4 39C 8 FF6F000000000000
53315.6 3C3 8 FF00000000000000
53316.7 444 8 0000000000000005
53317.9 537 8 8080808080800000
53331.1 538 8 8080008080000080
53332.3 31C 8 00000000800084F3
53333.5 5EA 8 0000000000000016
53347.0 31D 8 000000000000001F
53348.5 5EB 8 0000000000000007
53349.7 5EC 8 000000000000000F
53351.0 66B 8 7700000000000000
53362.4 66C 8 DF09000000000000
53363.5 444 8 0000000000000005
53378.1 3F1 8 0002000000000000
53379.3 663 8 7814E00E00AA0000
53393.6 31C 8 00000000800084F3
53394.9 31D 8 000000000000001F
53396.1 38C 8 000000000000007F
53409.3 38D 8 00000000000000E5
53410.8 39C 8 FF6F000000000000
53412.2 3C3 8 FF00000000000000
53424.8 444 8 0000000000000005
53440.6 31C 8 00000000800084F3
53441.8 31D 8 000000000000001F
53471.8 444 8 0000000000000005
53487.4 6C0 7 04030100000000
53488.6 3F1 8 0002000000000000
53489.8 663 8 7814E00E00AA0000
53491.2 31C 8 00000000800084F3
53492.4 31D 8 000000000000001F
53503.1 38C 8 000000000000007F
53504.3 38D 8 00000000000000E5
53505.6 6AB 8 00000000000043A1
53506.8 39C 8 FF6F000000000000
53518.7 3C3 8 FF00000000000000
53520.0 444 8 0000000000000005
53521.3 537 8 8080808080800000
53534.4 538 8 8080008080000080
53535.7 523 8 CD1F7770450E0B02
53536.8 52E 5 603F000000
53538.0 31C 8 00000000800084F3
53549.8 31D 8 000000000000001F
53551.0 539 8 2302800008030000
53552.1 541 8 0000000000000000
53565.9 444 8 0000000000000005
53581.1 3F1 8 0002000000000000
53582.6 663 8 7814E00E00AA0000
53583.8 31C 8 00000000800084F3
53596.9 31D 8 000000000000001F
53598.1 38C 8 000000000000007F
53599.2 38D 8 00000000000000E5
53612.2 39C 8 FF6F000000000000
53613.5 3C3 8 FF00000000000000
53614.6 444 8 0000000000000005
53643.6 31C 8 00000000800084F3
53644.8 31D 8 000000000000001F
53674.9 444 8 0000000000000005
53690.3 6C0 7 04030100000000
53691.5 3F1 8 0002000000000000
53692.6 663 8 7814E00E00AA0000
53693.8 31C 8 00000000800084F3
53695.2 31D 8 000000000000001F
53696.3 38C 8 000000000000007F
53706.1 38D 8 00000000000000E5
53707.2 6AB 8 00000000000043A1
53708.4 39C 8 FF6F000000000000
53709.6 3C3 8 FF00000000000000
53721.8 444 8 0000000000000005
53723.0 537 8 8080808080800000
53724.2 538 8 8080008080000080
53737.7 31C 8 00000000800084F3
53739.7 31D 8 000000000000001F
53768.8 444 8 0000000000000005
53784.3 3F1 8 0002000000000000
53785.7 484 8 0000000000000000
53786.9 523 8 CD1F7770450E0B02
53788.0 52E 5 603F000000
53790.0 663 8 7814E00E00AA0000
53791.2 31C 8 00000000800084F3
53799.8 31D 8 000000000000001F
53801.2 38C 8 000000000000007F
53802.4 38D 8 00000000000000E5
53803.5 539 8 2302800008030000
53804.8 541 8 0000000000000000
53805.9 39C 8 FF6F000000000000
53815.5 3C3 8 FF00000000000000
53816.8 444 8 0000000000000005
53831.1 31C 8 00000000800084F3
53832.3 5EA 8 0000000000000016
53846.7 31D 8 000000000000001F
53847.9 5EB 8 0000000000000007
53849.0 5EC 8 000000000000000F
53850.1 66B 8 7700000000000000
53862.3 66C 8 DF09000000000000
53863.5 444 8 0000000000000005
53878.0 6C0 7 04030100000000
53879.2 3F1 8 0002000000000000
53880.6 663 8 7814E00E00AA0000
53893.5 31C 8 00000000800084F3
53894.9 31D 8 000000000000001F
53896.2 38C 8 000000000000007F
53909.2 38D 8 00000000000000E5
53910.5 6AB 8 00000000000043A1
53911.6 39C 8 FF6F000000000000
53912.7 3C3 8 FF00000000000000
53924.8 444 8 0000000000000005
53926.0 537 8 8080808080800000
53927.1 538 8 8080008080000080
53940.5 31C 8 00000000800084F3
53941.7 31D 8 000000000000001F
53971.7 444 8 0000000000000005
53987.3 3F1 8 0002000000000000
53988.5 663 8 7814E00E00AA0000
53989.7 31C 8 00000000800084F3
53990.8 31D 8 000000000000001F
54003.0 38C 8 000000000000007F
54004.2 38D 8 00000000000000E5
54005.6 39C 8 FF6F000000000000
54018.5 3C3 8 FF00000000000000
54019.7 444 8 0000000000000005
54034.2 523 8 CD1F7770450E0B02
54035.4 52E 5 603F000000
54036.5 31C 8 00000000800084F3
54049.8 31D 8 000000000000001F
54051.1 539 8 2302800008030000
54052.2 541 8 0000000000000000
54065.5 444 8 0000000000000005
54081.1 6C0 7 04030100000000
54082.3 3F1 8 0002000000000000
54083.4 663 8 7814E00E00AA0000
54084.7 31C 8 00000000800084F3
54096.7 31D 8 000000000000001F
54097.9 38C 8 000000000000007F
54099.3 38D 8 00000000000000E5
54112.3 6AB 8 00000000000043A1
54115.3 39C 8 FF6F000000000000
54116.5 3C3 8 FF00000000000000
54117.6 444 8 0000000000000005
54128.3 537 8 8080808080800000
54129.5 538 8 8080008080000080
54143.5 31C 8 00000000800084F3
54144.9 31D 8 000000000000001F
54175.0 444 8 0000000000000005
54190.5 3F1 8 0002000000000000
54192.4 663 8 7814E00E00AA0000
54193.6 31C 8 00000000800084F3
54194.9 31D 8 000000000000001F
54196.1 38C 8 000000000000007F
54206.1 38D 8 00000000000000E5
54207.2 39C 8 FF6F000000000000
54208.4 3C3 8 FF00000000000000
54221.8 444 8 0000000000000005
54237.3 31C 8 00000000800084F3
54238.5 31D 8 000000000000001F
54268.7 444 8 0000000000000005
54284.3 6C0 7 04030100000000
54285.5 3F1 8 0002000000000000
54286.7 484 8 0000000000000000
54287.8 523 8 CD1F7770450E0B02
54288.9 52E 5 603F000000
54290.0 585 8 902C00000000003F
54291.1 64C 2 0011
54292.2 663 8 7814E00E00AA0000
54293.3 6B2 8 FFFEFF0F880080D6
54294.5 31C 8 00000000800084F3
54299.7 31D 8 000000000000001F
54300.9 38C 8 000000000000007F
54302.1 38D 8 00000000000000E5
54303.2 5FB 8 1FFFFFFFFF1FF87E
54304.3 539 8 2302800008030000
54305.4 541 8 0000000000000000
54306.5 5FA 8 5B9DC7CC9C46F1FF
54307.6 6AB 8 00000000000043A1
54308.8 39C 8 FF6F000000000000
54315.6 3C3 8 FF00000000000000
54316.8 444 8 0000000000000005
54318.0 537 8 8080808080800000
54331.1 538 8 8080008080000080
54333.0 31C 8 00000000800084F3
54334.2 5EA 8 0000000000000016
54346.8 31D 8 000000000000001F
54348.2 5EB 8 0000000000000007
54349.2 5EC 8 000000000000000F
54350.4 66B 8 7700000000000000
54362.3 66C 8 DF09000000000000
54363.6 444 8 0000000000000005
54378.0 3F1 8 0002000000000000
54379.2 663 8 7814E00E00AA0000
54393.5 31C 8 00000000800084F3
54394.7 31D 8 000000000000001F
54395.9 38C 8 000000000000007F
54409.3 38D 8 00000000000000E5
54410.9 39C 8 FF6F000000000000
54412.0 3C3 8 FF00000000000000
54424.8 444 8 0000000000000005
54440.5 31C 8 00000000800084F3
54441.7 31D 8 000000000000001F
54471.8 444 8 0000000000000005
54487.3 6C0 7 04030100000000
54488.5 3F1 8 0002000000000000
54489.7 663 8 7814E00E00AA0000
54491.0 31C 8 00000000800084F3
54492.1 31D 8 000000000000001F
54502.9 38C 8 000000000000007F
54504.1 38D 8 00000000000000E5
54505.4 6AB 8 00000000000043A1
54506.5 39C 8 FF6F000000000000
54518.6 3C3 8 FF00000000000000
54519.8 444 8 0000000000000005
54521.1 537 8 8080808080800000
54534.2 538 8 8080008080000080
54535.4 523 8 CD1F7770450E0B02
54537.3 52E 5 603F000000
54538.5 31C 8 00000000800084F3
54549.9 31D 8 000000000000001F
54551.2 539 8 2302800008030000
54552.4 541 8 0000000000000000
54565.5 444 8 0000000000000005
54581.7 3F1 8 0002000000000000
54582.8 663 8 7814E00E00AA0000
54584.0 31C 8 00000000800084F3
54596.8 31D 8 000000000000001F
54598.0 38C 8 000000000000007F
54599.2 38D 8 00000000000000E5
54612.4 39C 8 FF6F000000000000
54613.5 3C3 8 FF00000000000000
54614.7 444 8 0000000000000005
54643.6 31C 8 00000000800084F3
54644.8 31D 8 000000000000001F
54675.0 444 8 0000000000000005
54690.4 6C0 7 04030100000000
54691.5 3F1 8 0002000000000000
54692.7 663 8 7814E00E00AA0000
54693.9 31C 8 00000000800084F3
54695.2 31D 8 000000000000001F
54696.4 38C 8 000000000000007F
54706.2 38D 8 00000000000000E5
54707.3 6AB 8 00000000000043A1
54708.4 39C 8 FF6F000000000000
54709.7 3C3 8 FF00000000000000
54721.7 444 8 0000000000000005
54722.8 537 8 8080808080800000
54724.0 538 8 8080008080000080
54737.6 31C 8 00000000800084F3
54739.5 31D 8 000000000000001F
54768.6 444 8 0000000000000005
54784.9 3F1 8 0002000000000000
54787.1 484 8 0000000000000000
54788.4 523 8 CD1F7770450E0B02
54789.6 52E 5 603F000000
54790.9 663 8 7814E00E00AA0000
54792.0 31C 8 00000000800084F3
54799.9 31D 8 000000000000001F
54801.1 38C 8 000000000000007F
54802.2 38D 8 00000000000000E5
54803.3 539 8 2302800008030000
54804.6 541 8 0000000000000000
54805.9 39C 8 FF6F000000000000
54815.5 3C3 8 FF00000000000000
54816.7 444 8 0000000000000005
54831.1 31C 8 00000000800084F3
54832.3 5EA 8 0000000000000016
54846.7 31D 8 000000000000001F
54847.9 5EB 8 0000000000000007
54849.0 5EC 8 000000000000000F
54850.1 66B 8 7700000000000000
54862.3 66C 8 DF09000000000000
54863.5 444 8 0000000000000005
54878.0 6C0 7 04030100000000
54879.2 3F1 8 0002000000000000
54880.4 663 8 7814E00E00AA0000
54893.6 31C 8 00000000800084F3
54895.3 31D 8 000000000000001F
54896.6 38C 8 000000000000007F
54909.2 38D 8 00000000000000E5
54910.4 6AB 8 00000000000043A1
54911.5 39C 8 FF6F000000000000
54912.7 3C3 8 FF00000000000000
54924.9 444 8 0000000000000005
54926.9 537 8 8080808080800000
54928.0 538 8 8080008080000080
54940.5 31C 8 00000000800084F3
54941.8 31D 8 000000000000001F
54971.7 444 8 0000000000000005
54987.3 3F1 8 0002000000000000
54988.5 663 8 7814E00E00AA0000
54989.7 31C 8 00000000800084F3
54991.1 31D 8 000000000000001F
55003.0 38C 8 000000000000007F
55004.2 38D 8 00000000000000E5
55005.5 39C 8 FF6F000000000000
55018.6 3C3 8 FF00000000000000
55019.7 444 8 0000000000000005
55034.2 523 8 CD1F7770450E0B02
55035.7 52E 5 603F000000
55036.8 31C 8 00000000800084F3
55049.8 31D 8 000000000000001F
55051.0 539 8 2302800008030000
55052.2 541 8 0000000000000000
55065.5 444 8 0000000000000005
55081.1 6C0 7 04030100000000
55082.3 3F1 8 0002000000000000
55083.4 663 8 7814E00E00AA0000
55084.9 31C 8 00000000800084F3
55096.7 31D 8 000000000000001F
55097.9 38C 8 000000000000007F
55099.2 38D 8 00000000000000E5
55112.3 6AB 8 00000000000043A1
55113.4 39C 8 FF6F000000000000
55114.7 3C3 8 FF00000000000000
55115.9 444 8 0000000000000005
55128.1 537 8 8080808080800000
55130.1 538 8 8080008080000080
55143.7 31C 8 00000000800084F3
55144.9 31D 8 000000000000001F
55175.0 444 8 0000000000000005
55190.4 3F1 8 0002000000000000
55191.6 663 8 7814E00E00AA0000
55192.8 31C 8 00000000800084F3
55193.9 31D 8 000000000000001F
55195.3 38C 8 000000000000007F
55205.9 38D 8 00000000000000E5
55207.7 39C 8 FF6F000000000000
55209.8 3C3 8 FF00000000000000
55221.8 444 8 0000000000000005
55237.3 31C 8 00000000800084F3
55238.5 31D 8 000000000000001F
55268.5 444 8 0000000000000005
55284.2 6C0 7 04030100000000
55285.6 3F1 8 0002000000000000
55286.8 484 8 0000000000000000
55287.9 523 8 CD1F7770450E0B02
55289.0 52E 5 603F000000
55290.2 585 8 902C00000000003F
55291.3 64C 2 0011
55292.4 663 8 7814E00E00AA0000
55293.5 6B2 8 FFFEFF0F880000D7
55294.7 31C 8 00000000800084F3
55299.7 31D 8 000000000000001F
55301.0 38C 8 000000000000007F
55302.1 38D 8 00000000000000E5
55303.2 5FB 8 1FFFFFFFFF1FF87E
55304.4 539 8 2302800008030000
55305.5 541 8 0000000000000000
55306.6 5FA 8 5B9DC7CC9C46F1FF
55307.7 6AB 8 00000000000043A1
55315.3 39C 8 FF6F000000000000
55316.5 3C3 8 FF00000000000000
55317.6 444 8 0000000000000005
55318.8 537 8 8080808080800000
55331.1 538 8 8080008080000080
55332.3 31C 8 00000000800084F3
55333.5 5EA 8 0000000000000016
55346.7 31D 8 000000000000001F
55347.9 5EB 8 0000000000000007
55349.0 5EC 8 000000000000000F
55350.0 66B 8 7700000000000000
55362.4 66C 8 DF09000000000000
55363.8 444 8 0000000000000005
55377.9 3F1 8 0002000000000000
55379.2 663 8 7814E00E00AA0000
55393.5 31C 8 00000000800084F3
55394.8 31D 8 000000000000001F
55396.0 38C 8 000000000000007F
55409.2 38D 8 00000000000000E5
55410.7 39C 8 FF6F000000000000
55411.8 3C3 8 FF00000000000000
55424.8 444 8 0000000000000005
55440.5 31C 8 00000000800084F3
55441.8 31D 8 000000000000001F
55471.8 444 8 0000000000000005
55487.3 6C0 7 04030100000000
55488.5 3F1 8 0002000000000000
55489.8 663 8 7814E00E00AA0000
55491.0 31C 8 00000000800084F3
55492.3 31D 8 000000000000001F
55503.1 38C 8 000000000000007F
55504.4 38D 8 00000000000000E5
55505.7 6AB 8 00000000000043A1
55507.6 39C 8 FF6F000000000000
55518.6 3C3 8 FF00000000000000
55520.0 444 8 0000000000000005
55521.2 537 8 8080808080800000
55534.2 538 8 8080008080000080
55535.4 523 8 CD1F7770450E0B02
55536.5 52E 5 603F000000
55537.6 31C 8 00000000800084F3
55549.8 31D 8 000000000000001F
55551.1 539 8 2302800008030000
55552.2 541 8 0000000000000000
55565.5 444 8 0000000000000005
55581.1 3F1 8 0002000000000000
55582.2 663 8 7814E00E00AA0000
55583.4 31C 8 00000000800084F3
55596.7 31D 8 000000000000001F
55597.9 38C 8 000000000000007F
55599.0 38D 8 00000000000000E5
55612.4 39C 8 FF6F000000000000
55613.5 3C3 8 FF00000000000000
55614.8 444 8 0000000000000005
55643.5 31C 8 00000000800084F3
55644.8 31D 8 000000000000001F
55674.8 444 8 0000000000000005
55690.3 6C0 7 04030100000000
55691.6 3F1 8 0002000000000000
55692.7 663 8 7814E00E00AA0000
55693.9 31C 8 00000000800084F3
55695.3 31D 8 000000000000001F
55696.5 38C 8 000000000000007F
55706.1 38D 8 00000000000000E5
55707.3 6AB 8 00000000000043A1
55708.4 39C 8 FF6F000000000000
55711.2 3C3 8 FF00000000000000
55721.8 444 8 0000000000000005
55723.2 537 8 8080808080800000
55724.3 538 8 8080008080000080
55737.5 31C 8 00000000800084F3
55738.9 31D 8 000000000000001F
55768.7 444 8 0000000000000005
55784.3 3F1 8 0002000000000000
55786.0 484 8 0000000000000000
55787.3 523 8 CD1F7770450E0B02
55788.4 52E 5 603F000000
55789.6 663 8 7814E00E00AA0000
55790.7 31C 8 00000000800084F3
55799.8 31D 8 000000000000001F
55801.1 38C 8 000000000000007F
55802.3 38D 8 00000000000000E5
55803.4 539 8 2302800008030000
55804.7 541 8 0000000000000000
55806.0 39C 8 FF6F000000000000
55815.5 3C3 8 FF00000000000000
55816.7 444 8 0000000000000005
55831.1 31C 8 00000000800084F3
55832.3 5EA 8 0000000000000016
55846.7 31D 8 000000000000001F
55847.9 5EB 8 0000000000000007
55849.0 5EC 8 000000000000000F
55850.3 66B 8 7700000000000000
55862.3 66C 8 DF09000000000000
55863.4 444 8 0000000000000005
55878.1 6C0 7 04030100000000
55879.3 3F1 8 0002000000000000
55880.6 663 8 7814E00E00AA0000
55893.6 31C 8 00000000800084F3
55894.9 31D 8 000000000000001F
55896.9 38C 8 000000000000007F
55909.7 38D 8 00000000000000E5
55911.8 6AB 8 00000000000043A1
55912.9 39C 8 FF6F000000000000
55914.1 3C3 8 FF00000000000000
55924.8 444 8 0000000000000005
55926.0 537 8 8080808080800000
55927.1 538 8 8080008080000080
55940.6 31C 8 00000000800084F3
55941.8 31D 8 000000000000001F
55971.8 444 8 0000000000000005
55987.3 3F1 8 0002000000000000
55988.4 663 8 7814E00E00AA0000
55989.6 31C 8 00000000800084F3
55991.0 31D 8 000000000000001F
56003.1 38C 8 000000000000007F
56004.4 38D 8 00000000000000E5
56005.7 39C 8 FF6F000000000000
56018.8 3C3 8 FF00000000000000
56020.8 444 8 0000000000000005
56034.2 523 8 CD1F7770450E0B02
56035.5 52E 5 603F000000
56036.6 31C 8 00000000800084F3
56049.9 31D 8 000000000000001F
56051.2 539 8 2402800008030000
56052.3 541 8 0000000000000000
56065.5 444 8 0000000000000005
56081.1 6C0 7 04030100000000
56082.3 3F1 8 0002000000000000
56083.4 663 8 7814E00E00AA0000
56084.6 31C 8 00000000800084F3
56096.7 31D 8 000000000000001F
56097.9 38C 8 000000000000007F
56100.1 38D 8 00000000000000E5
56112.4 6AB 8 00000000000043A1
56113.5 39C 8 FF6F000000000000
56114.8 3C3 8 FF00000000000000
56116.1 444 8 0000000000000005
56128.0 537 8 8080808080800000
56129.2 538 8 8080008080000080
56143.5 31C 8 00000000800084F3
56144.8 31D 8 000000000000001F
56174.8 444 8 0000000000000005
56190.2 3F1 8 0002000000000000
56191.5 663 8 7814E00E00AA0000
56192.6 31C 8 00000000800084F3
56193.8 31D 8 000000000000001F
56195.1 38C 8 000000000000007F
56206.1 38D 8 00000000000000E5
56207.3 39C 8 FF6F000000000000
56208.4 3C3 8 FF00000000000000
56221.7 444 8 0000000000000005
56237.3 31C 8 00000000800084F3
56238.5 31D 8 000000000000001F
56268.5 444 8 0000000000000005
56284.2 6C0 7 04030100000000
56285.6 3F1 8 0002000000000000
56286.8 484 8 0000000000000000
56287.9 523 8 CD1F7770450E0B02
56289.0 52E 5 603F000000
56290.3 585 8 902C00000000003F
56291.3 64C 2 0011
56292.4 663 8 7814E00E00AA0000
56293.5 6B2 8 FFFEFF0F880080D7
56294.8 31C 8 00000000800084F3
56299.7 31D 8 000000000000001F
56302.0 38C 8 000000000000007F
56303.2 38D 8 00000000000000E5
56304.4 5FB 8 1FFFFFFFFF1FF87E
56305.6 539 8 2402800008030000
56306.7 541 8 0000000000000000
56307.8 5FA 8 5B9DC7CC9C46F1FF
56315.3 39C 8 FF6F000000000000
56316.5 6AB 8 00000000000043A1
56317.6 3C3 8 FF00000000000000
56318.8 444 8 0000000000000005
56320.0 537 8 8080808080800000
56331.1 538 8 8080008080000080
56332.3 31C 8 00000000800084F3
56333.5 5EA 8 0000000000000016
56346.7 31D 8 000000000000001F
56347.9 5EB 8 0000000000000007
56349.0 5EC 8 000000000000000F
56350.2 66B 8 7700000000000000
56362.3 66C 8 DF09000000000000
56363.5 444 8 0000000000000005
56378.2 3F1 8 0002000000000000
56379.5 663 8 7814E00E00AA0000
56393.6 31C 8 00000000800084F3
56394.9 31D 8 000000000000001F
56396.3 38C 8 000000000000007F
56409.2 38D 8 00000000000000E5
56410.3 39C 8 FF6F000000000000
56411.5 3C3 8 FF00000000000000
56424.8 444 8 0000000000000005
56440.5 31C 8 00000000800084F3
56441.7 31D 8 000000000000001F
56471.7 444 8 0000000000000005
56487.3 6C0 7 04030100000000
56488.4 3F1 8 0002000000000000
56489.6 663 8 7814E00E00AA0000
56491.5 31C 8 00000000800084F3
56492.7 31D 8 000000000000001F
56502.9 38C 8 000000000000007F
56504.2 38D 8 00000000000000E5
56505.6 6AB 8 00000000000043A1
56506.8 39C 8 FF6F000000000000
56518.7 3C3 8 FF00000000000000
56520.0 444 8 0000000000000005
56521.3 537 8 8080808080800000
56534.2 538 8 8080008080000080
56535.6 523 8 CD1F7770450E0B02
56536.8 52E 5 603F000000
56537.9 31C 8 00000000800084F3
56549.6 31D 8 000000000000001F
56550.9 539 8 2402800008030000
56552.1 541 8 0000000000000000
56565.5 444 8 0000000000000005
56581.1 3F1 8 0002000000000000
56582.3 663 8 7814E00E00AA0000
56583.4 31C 8 00000000800084F3
56596.7 31D 8 000000000000001F
56597.9 38C 8 000000000000007F
56599.1 38D 8 00000000000000E5
56612.4 39C 8 FF6F000000000000
56613.6 3C3 8 FF00000000000000
56614.7 444 8 0000000000000005
56643.5 31C 8 00000000800084F3
56644.7 31D 8 000000000000001F
56674.8 444 8 0000000000000005
56690.5 6C0 7 04030100000000
56691.7 3F1 8 0002000000000000
56692.8 663 8 7814E00E00AA0000
56694.0 31C 8 00000000800084F3
56696.1 31D 8 000000000000001F
56697.3 38C 8 000000000000007F
56706.1 38D 8 00000000000000E5
56707.3 6AB 8 00000000000043A1
56708.4 39C 8 FF6F000000000000
56709.6 3C3 8 FF00000000000000
56721.7 444 8 0000000000000005
56722.9 537 8 8080808080800000
56724.1 538 8 8080008080000080
56737.3 31C 8 00000000800084F3
56738.5 31D 8 000000000000001F
56768.8 444 8 0000000000000005
56784.1 3F1 8 0002000000000000
56785.8 484 8 0000000000000000
56786.9 523 8 CD1F7770450E0B02
56788.1 52E 5 603F000000
56789.2 663 8 7814E00E00AA0000
56790.3 31C 8 00000000800084F3
56799.6 31D 8 000000000000001F
56801.2 38C 8 000000000000007F
56802.3 38D 8 00000000000000E5
56803.5 539 8 2402800008030000
56804.8 541 8 0000000000000000
56815.6 39C 8 FF6F000000000000
56816.8 3C3 8 FF00000000000000
56817.9 444 8 0000000000000005
56831.1 31C 8 00000000800084F3
56835.1 5EA 8 0000000000000016
56846.7 31D 8 000000000000001F
56847.9 5EB 8 0000000000000007
56849.0 5EC 8 000000000000000F
56850.1 66B 8 7700000000000000
56862.1 66C 8 DF09000000000000
56863.5 444 8 0000000000000005
56877.9 6C0 7 04030100000000
56879.1 3F1 8 0002000000000000
56880.2 663 8 7814E00E00AA0000
56893.6 31C 8 00000000800084F3
56894.9 31D 8 000000000000001F
56896.2 38C 8 000000000000007F
56909.2 38D 8 00000000000000E5
56910.3 6AB 8 00000000000043A1
56911.4 39C 8 FF6F000000000000
56912.5 3C3 8 FF00000000000000
56924.8 444 8 0000000000000005
56926.0 537 8 8080808080800000
56927.1 538 8 8080008080000080
56940.5 31C 8 00000000800084F3
56941.8 31D 8 000000000000001F
56971.7 444 8 0000000000000005
56987.3 3F1 8 0002000000000000
56988.5 663 8 7814E00E00AA0000
56989.7 31C 8 00000000800084F3
56991.0 31D 8 000000000000001F
57003.0 38C 8 000000000000007F
57004.2 38D 8 00000000000000E5
57005.5 39C 8 FF6F000000000000
57018.5 3C3 8 FF00000000000000
57019.7 444 8 0000000000000005
57034.3 523 8 CD1F7770450E0B02
57035.7 52E 5 603F000000
57036.8 31C 8 00000000800084F3
57049.6 31D 8 000000000000001F
57050.9 539 8 2402800008030000
57052.0 541 8 0000000000000000
57065.6 444 8 0000000000000005
57081.2 6C0 7 04030100000000
57083.1 3F1 8 0002000000000000
57084.3 663 8 7814E00E00AA0000
57085.7 31C 8 00000000800084F3
57096.8 31D 8 000000000000001F
57098.0 38C 8 000000000000007F
57099.2 38D 8 00000000000000E5
57112.3 6AB 8 00000000000043A1
57113.4 39C 8 FF6F000000000000
57114.7 3C3 8 FF00000000000000
57116.0 444 8 0000000000000005
57128.1 537 8 8080808080800000
57129.2 538 8 8080008080000080
57143.7 31C 8 00000000800084F3
57145.8 31D 8 000000000000001F
57175.0 444 8 0000000000000005
57190.3 3F1 8 0002000000000000
57191.5 663 8 7814E00E00AA0000
57192.7 31C 8 00000000800084F3
57194.0 31D 8 000000000000001F
57195.4 38C 8 000000000000007F
57206.1 38D 8 00000000000000E5
57207.2 39C 8 FF6F000000000000
57208.4 3C3 8 FF00000000000000
57221.7 444 8 0000000000000005
57237.3 31C 8 00000000800084F3
57238.5 31D 8 000000000000001F
57268.6 444 8 0000000000000005
57284.4 6C0 7 04030100000000
57285.7 3F1 8 0002000000000000
57286.9 484 8 0000000000000000
57288.0 523 8 CD1F7770450E0B02
57289.1 52E 5 603F000000
57290.4 585 8 902C00000000003F
57292.3 64C 2 0011
57293.5 663 8 7814E00E00AA0000
57294.8 6B2 8 FFFEFF0F880000D8
57296.0 31C 8 00000000800084F3
57299.8 31D 8 000000000000001F
57301.4 38C 8 000000000000007F
57302.6 38D 8 00000000000000E5
57303.8 5FB 8 1FFFFFFFFF1FF87E
57305.1 539 8 2402800008030000
57306.2 541 8 0000000000000000
57315.4 39C 8 FF6F000000000000
57316.5 5FA 8 5B9DC7CC9C46F1FF
57317.5 6AB 8 00000000000043A1
57318.6 3C3 8 FF00000000000000
57319.9 444 8 0000000000000005
57321.2 537 8 8080808080800000
57330.9 538 8 8080008080000080
57332.1 31C 8 00000000800084F3
57333.3 5EA 8 0000000000000016
57346.7 31D 8 000000000000001F
57348.0 5EB 8 0000000000000007
57349.1 5EC 8 000000000000000F
57350.3 66B 8 7700000000000000
57362.3 66C 8 DF09000000000000
57369.0 444 8 0000000000000005
57378.1 3F1 8 0002000000000000
57379.4 663 8 7814E00E00AA0000
57393.7 31C 8 00000000800084F3
57395.1 31D 8 000000000000001F
57396.3 38C 8 000000000000007F
57409.2 38D 8 00000000000000E5
57410.4 39C 8 FF6F000000000000
57411.6 3C3 8 FF00000000000000
57424.8 444 8 0000000000000005
57440.6 31C 8 00000000800084F3
57441.8 31D 8 000000000000001F
57471.7 444 8 0000000000000005
57487.3 6C0 7 04030100000000
57488.5 3F1 8 0002000000000000
57489.7 663 8 7814E00E00AA0000
57491.0 31C 8 00000000800084F3
57492.2 31D 8 000000000000001F
57503.0 38C 8 000000000000007F
57504.3 38D 8 00000000000000E5
57505.5 6AB 8 00000000000043A1
57506.6 39C 8 FF6F000000000000
57518.5 3C3 8 FF00000000000000
57519.8 444 8 0000000000000005
57520.9 537 8 8080808080800000
57534.2 538 8 8080008080000080
57535.6 523 8 CD1F7770450E0B02
57536.7 52E 5 603F000000
57537.8 31C 8 00000000800084F3
57549.6 31D 8 000000000000001F
57550.9 539 8 2402800008030000
57552.1 541 8 0000000000000000
57565.6 444 8 0000000000000005
57581.1 3F1 8 0002000000000000
57582.3 663 8 7814E00E00AA0000
57583.4 31C 8 00000000800084F3
57596.8 31D 8 000000000000001F
57598.1 38C 8 000000000000007F
57599.2 38D 8 00000000000000E5
57612.5 39C 8 FF6F000000000000
57613.6 3C3 8 FF00000000000000
57614.8 444 8 0000000000000005
57644.0 31C 8 00000000800084F3
57646.2 31D 8 000000000000001F
57674.8 444 8 0000000000000005
57690.3 6C0 7 04030100000000
57691.4 3F1 8 0002000000000000
57692.6 663 8 7814E00E00AA0000
57693.7 31C 8 00000000800084F3
57695.1 31D 8 000000000000001F
57696.3 38C 8 000000000000007F
57706.1 38D 8 00000000000000E5
57707.2 6AB 8 00000000000043A1
57708.3 39C 8 FF6F000000000000
57709.5 3C3 8 FF00000000000000
57721.8 444 8 0000000000000005
57722.9 537 8 8080808080800000
57724.1 538 8 8080008080000080
57737.4 31C 8 00000000800084F3
57738.6 31D 8 000000000000001F
57771.1 444 8 0000000000000005
57784.3 3F1 8 0002000000000000
57785.6 484 8 0000000000000000
57786.8 523 8 CD1F7770450E0B02
57787.9 52E 5 603F000000
57789.0 663 8 7814E00E00AA0000
57790.4 31C 8 00000000800084F3
57799.7 31D 8 000000000000001F
57801.1 38C 8 000000000000007F
57802.2 38D 8 00000000000000E5
57803.4 539 8 2402800008030000
57804.6 541 8 0000000000000000
57815.5 39C 8 FF6F000000000000
57817.1 3C3 8 FF00000000000000
57818.3 444 8 0000000000000005
57831.1 31C 8 00000000800084F3
57833.0 5EA 8 0000000000000016
57846.8 31D 8 000000000000001F
57848.0 5EB 8 0000000000000007
57849.1 5EC 8 000000000000000F
57850.3 66B 8 7700000000000000
57862.3 66C 8 DF09000000000000
57863.5 444 8 0000000000000005
57878.0 6C0 7 04030100000000
57879.3 3F1 8 0002000000000000
57880.8 663 8 7814E00E00AA0000
57893.5 31C 8 00000000800084F3
57894.8 31D 8 000000000000001F
57896.0 38C 8 000000000000007F
57909.2 38D 8 00000000000000E5
57910.6 6AB 8 00000000000043A1
57911.7 39C 8 FF6F000000000000
57912.9 3C3 8 FF00000000000000
57924.8 444 8 0000000000000005
57926.0 537 8 8080808080800000
57927.1 538 8 8080008080000080
57940.5 31C 8 00000000800084F3
57941.7 31D 8 000000000000001F
57971.7 444 8 0000000000000005
57987.3 3F1 8 0002000000000000
57988.5 663 8 7814E00E00AA0000
57989.8 31C 8 00000000800084F3
57991.2 31D 8 000000000000001F
58003.0 38C 8 000000000000007F
58004.3 38D 8 00000000000000E5
58005.7 39C 8 FF6F000000000000
58018.6 3C3 8 FF00000000000000
58019.7 444 8 0000000000000005
58034.3 523 8 CD1F7770450E0B02
58035.7 52E 5 603F000000
58037.6 31C 8 00000000800084F3
58049.6 31D 8 000000000000001F
58051.0 539 8 2402800008030000
58052.1 541 8 0000000000000000
58065.5 444 8 0000000000000005
58081.1 6C0 7 04030100000000
58082.2 3F1 8 0002000000000000
58083.4 663 8 7814E00E00AA0000
58084.7 31C 8 00000000800084F3
58096.7 31D 8 000000000000001F
58097.9 38C 8 000000000000007F
58099.1 38D 8 00000000000000E5
58112.3 6AB 8 00000000000043A1
58113.4 39C 8 FF6F000000000000
58114.7 3C3 8 FF00000000000000
58116.0 444 8 0000000000000005
58128.2 537 8 8080808080800000
58129.3 538 8 8080008080000080
58143.9 31C 8 00000000800084F3
58145.2 31D 8 000000000000001F
58175.1 444 8 0000000000000005
58190.3 3F1 8 0002000000000000
58194.3 663 8 7814E00E00AA0000
58195.7 31C 8 00000000800084F3
58196.9 31D 8 000000000000001F
58198.1 38C 8 000000000000007F
58206.1 38D 8 00000000000000E5
58207.2 39C 8 FF6F000000000000
58208.4 3C3 8 FF00000000000000
58221.7 444 8 0000000000000005
58237.4 31C 8 00000000800084F3
58238.5 31D 8 000000000000001F
58268.7 444 8 0000000000000005
58284.5 6C0 7 04030100000000
58285.8 3F1 8 0002000000000000
58287.0 484 8 0000000000000000
58288.1 523 8 CD1F7770450E0B02
58289.2 52E 5 603F000000
58290.5 585 8 902C00000000003F
58291.6 64C 2 0011
58292.7 663 8 7814E00E00AA0000
58293.9 6B2 8 FFFEFF0F880080D8
58295.1 31C 8 00000000800084F3
58299.9 31D 8 000000000000001F
58301.5 38C 8 000000000000007F
58302.7 38D 8 00000000000000E5
58303.9 5FB 8 1FFFFFFFFF1FF87E
58305.2 539 8 2402800008030000
58315.3 39C 8 FF6F000000000000
58316.6 541 8 0000000000000000
58317.7 5FA 8 5B9DC7CC9C46F1FF
58318.7 6AB 8 00000000000043A1
58320.0 3C3 8 FF00000000000000
58321.3 444 8 0000000000000005
58322.5 537 8 8080808080800000
58331.1 538 8 8080008080000080
58332.6 31C 8 00000000800084F3
58333.8 5EA 8 0000000000000016
58346.6 31D 8 000000000000001F
58347.9 5EB 8 0000000000000007
58349.0 5EC 8 000000000000000F
58350.0 66B 8 7700000000000000
58362.3 66C 8 DF09000000000000
58363.5 444 8 0000000000000005
58378.0 3F1 8 0002000000000000
58379.3 663 8 7814E00E00AA0000
58393.7 31C 8 00000000800084F3
58395.9 31D 8 000000000000001F
58397.1 38C 8 000000000000007F
58409.4 38D 8 00000000000000E5
58410.7 39C 8 FF6F000000000000
58411.9 3C3 8 FF00000000000000
58425.0 444 8 0000000000000005
58440.5 31C 8 00000000800084F3
58441.8 31D 8 000000000000001F
58471.7 444 8 0000000000000005
58487.3 6C0 7 04030100000000
58488.4 3F1 8 0002000000000000
58489.7 663 8 7814E00E00AA0000
58490.8 31C 8 00000000800084F3
58492.0 31D 8 000000000000001F
58503.0 38C 8 000000000000007F
58504.2 38D 8 00000000000000E5
58505.6 6AB 8 00000000000043A1
58506.8 39C 8 FF6F000000000000
58518.7 3C3 8 FF00000000000000
58519.9 444 8 0000000000000005
58521.1 537 8 8080808080800000
58534.2 538 8 8080008080000080
58535.6 523 8 CD1F7770450E0B02
58536.7 52E 5 603F000000
58537.8 31C 8 00000000800084F3
58549.9 31D 8 000000000000001F
58551.5 539 8 2402800008030000
58552.6 541 8 0000000000000000
58565.4 444 8 0000000000000005
58581.1 3F1 8 0002000000000000
58582.3 663 8 7814E00E00AA0000
58583.4 31C 8 00000000800084F3
58596.8 31D 8 000000000000001F
58598.8 38C 8 000000000000007F
58600.0 38D 8 00000000000000E5
58612.4 39C 8 FF6F000000000000
58613.6 3C3 8 FF00000000000000
58614.8 444 8 0000000000000005
58643.5 31C 8 00000000800084F3
58644.7 31D 8 000000000000001F
58659.8 444 8 0000000000000005
58690.3 6C0 7 04030100000000
58691.5 3F1 8 0002000000000000
58692.7 663 8 7814E00E00AA0000
58693.9 31C 8 00000000800084F3
58695.3 31D 8 000000000000001F
58696.5 38C 8 000000000000007F
58706.1 38D 8 00000000000000E5
58707.2 6AB 8 00000000000043A1
58708.4 39C 8 FF6F000000000000
58709.6 3C3 8 FF00000000000000
58721.7 444 8 0000000000000005
58722.9 537 8 8080808080800000
58724.1 538 8 8080008080000080
58737.4 31C 8 00000000800084F3
58738.6 31D 8 000000000000001F
58768.8 444 8 0000000000000005
58784.6 3F1 8 0002000000000000
58786.1 484 8 0000000000000000
58787.5 523 8 CD1F7770450E0B02
58788.8 52E 5 603F000000
58790.1 663 8 7814E00E00AA0000
58791.3 31C 8 00000000800084F3
58793.3 31D 8 000000000000001F
58800.0 38C 8 000000000000007F
58801.6 38D 8 00000000000000E5
58802.8 539 8 2402800008030000
58803.9 39C 8 FF6F000000000000
58805.3 541 8 0000000000000000
58815.5 3C3 8 FF00000000000000
58816.8 444 8 0000000000000005
58831.1 31C 8 00000000800084F3
58832.3 5EA 8 0000000000000016
58846.7 31D 8 000000000000001F
58848.3 5EB 8 0000000000000007
58849.4 5EC 8 000000000000000F
58850.7 66B 8 7700000000000000
58862.3 66C 8 DF09000000000000
58863.5 444 8 0000000000000005
58878.0 6C0 7 04030100000000
58879.2 3F1 8 0002000000000000
58880.5 663 8 7814E00E00AA0000
58893.6 31C 8 00000000800084F3
58895.1 31D 8 000000000000001F
58896.3 38C 8 000000000000007F
58909.2 38D 8 00000000000000E5
58910.6 6AB 8 00000000000043A1
58911.7 39C 8 FF6F000000000000
58912.8 3C3 8 FF00000000000000
58924.9 444 8 0000000000000005
58926.3 537 8 8080808080800000
58927.4 538 8 8080008080000080
58940.5 31C 8 00000000800084F3
58941.7 31D 8 000000000000001F
58971.7 444 8 0000000000000005
58987.3 3F1 8 0002000000000000
58988.4 663 8 7814E00E00AA0000
58989.7 31C 8 00000000800084F3
58991.0 31D 8 000000000000001F
59003.0 38C 8 000000000000007F
59004.2 38D 8 00000000000000E5
59005.3 39C 8 FF6F000000000000
59018.7 3C3 8 FF00000000000000
59019.9 444 8 0000000000000005
59034.2 523 8 CD1F7770450E0B02
59035.6 52E 5 603F000000
59036.8 31C 8 00000000800084F3
59049.9 31D 8 000000000000001F
59051.3 539 8 2402800008030000
59052.4 541 8 0000000000000000
59065.5 444 8 0000000000000005
59081.1 6C0 7 04030100000000
59082.3 3F1 8 0002000000000000
59083.5 663 8 7814E00E00AA0000
59084.8 31C 8 00000000800084F3
59096.7 31D 8 000000000000001F
59097.9 38C 8 000000000000007F
59099.0 38D 8 00000000000000E5
59112.4 6AB 8 00000000000043A1
59113.6 39C 8 FF6F000000000000
59114.8 3C3 8 FF00000000000000
59116.1 444 8 0000000000000005
59128.2 537 8 8080808080800000
59130.5 538 8 8080008080000080
59143.7 31C 8 00000000800084F3
59144.9 31D 8 000000000000001F
59175.1 444 8 0000000000000005
59190.5 3F1 8 0002000000000000
59191.7 663 8 7814E00E00AA0000
59192.8 31C 8 00000000800084F3
59194.0 31D 8 000000000000001F
59195.4 38C 8 000000000000007F
59206.1 38D 8 00000000000000E5
59207.3 39C 8 FF6F000000000000
59208.4 3C3 8 FF00000000000000
59221.7 444 8 0000000000000005
59237.3 31C 8 00000000800084F3
59238.5 31D 8 000000000000001F
59268.6 444 8 0000000000000005
59284.3 6C0 7 04030100000000
59285.6 3F1 8 0002000000000000
59286.8 484 8 0000000000000000
59288.0 523 8 CD1F7770450E0B02
59289.1 52E 5 603F000000
59290.4 585 8 902C00000000003F
59291.5 64C 2 0011
59292.7 663 8 7814E00E00AA0000
59293.8 6B2 8 FFFEFF0F880000D9
59295.1 31C 8 00000000800084F3
59300.1 31D 8 000000000000001F
59301.8 38C 8 000000000000007F
59303.0 38D 8 00000000000000E5
59304.2 5FB 8 1FFFFFFFFF1FF87E
59315.3 39C 8 FF6F000000000000
59316.5 539 8 2402800008030000
59317.6 541 8 0000000000000000
59318.8 5FA 8 5B9DC7CC9C46F1FF
59320.9 6AB 8 00000000000043A1
59322.1 3C3 8 FF00000000000000
59323.2 444 8 0000000000000005
59324.5 537 8 8080808080800000
59331.1 538 8 8080008080000080
59332.3 31C 8 00000000800084F3
59333.5 5EA 8 0000000000000016
59346.7 31D 8 000000000000001F
59347.9 5EB 8 0000000000000007
59349.1 5EC 8 000000000000000F
59350.1 66B 8 7700000000000000
59362.3 66C 8 DF09000000000000
59363.5 444 8 0000000000000005
59378.2 3F1 8 0002000000000000
59380.2 663 8 7814E00E00AA0000
59393.6 31C 8 00000000800084F3
59394.8 31D 8 000000000000001F
59396.1 38C 8 000000000000007F
59409.2 38D 8 00000000000000E5
59410.6 39C 8 FF6F000000000000
59411.8 3C3 8 FF00000000000000
59425.0 444 8 0000000000000005
59440.6 31C 8 00000000800084F3
59441.9 31D 8 000000000000001F
59471.7 444 8 0000000000000005
59487.4 6C0 7 04030100000000
59488.5 3F1 8 0002000000000000
59489.7 663 8 7814E00E00AA0000
59490.9 31C 8 00000000800084F3
59492.1 31D 8 000000000000001F
59503.0 38C 8 000000000000007F
59505.1 38D 8 00000000000000E5
59506.4 39C 8 FF6F000000000000
59507.6 6AB 8 00000000000043A1
59518.6 3C3 8 FF00000000000000
59519.9 444 8 0000000000000005
59521.2 537 8 8080808080800000
59534.3 538 8 8080008080000080
59535.7 523 8 CD1F7770450E0B02
59536.9 52E 5 603F000000
59538.0 31C 8 00000000800084F3
59549.9 31D 8 000000000000001F
59551.3 539 8 2402800008030000
59565.6 541 8 0000000000000000
59569.9 444 8 0000000000000005
59581.0 3F1 8 0002000000000000
59582.2 663 8 7814E00E00AA0000
59583.4 31C 8 00000000800084F3
59596.7 31D 8 000000000000001F
59597.9 38C 8 000000000000007F
59599.1 38D 8 00000000000000E5
59612.4 39C 8 FF6F000000000000
59613.6 3C3 8 FF00000000000000
59614.8 444 8 0000000000000005
59643.6 31C 8 00000000800084F3
59644.7 31D 8 000000000000001F
59675.1 444 8 0000000000000005
59690.3 6C0 7 04030100000000
59691.4 3F1 8 0002000000000000
59692.6 663 8 7814E00E00AA0000
59693.8 31C 8 00000000800084F3
59695.1 31D 8 000000000000001F
59697.1 38C 8 000000000000007F
59706.0 38D 8 00000000000000E5
59707.2 39C 8 FF6F000000000000
59708.4 6AB 8 00000000000043A1
59709.5 3C3 8 FF00000000000000
59721.8 444 8 0000000000000005
59723.0 537 8 8080808080800000
59724.1 538 8 8080008080000080
59737.5 31C 8 00000000800084F3
59738.8 31D 8 000000000000001F
59768.8 444 8 0000000000000005
59784.6 3F1 8 0002000000000000
59786.0 484 8 0000000000000000
59787.1 523 8 CD1F7770450E0B02
59788.3 52E 5 603F000000
59789.4 663 8 7814E00E00AA0000
59790.8 31C 8 00000000800084F3
59792.0 31D 8 000000000000001F
59800.1 38C 8 000000000000007F
59801.7 38D 8 00000000000000E5
59802.8 39C 8 FF6F000000000000
59804.0 539 8 2402800008030000
59815.6 541 8 0000000000000000
59816.8 3C3 8 FF00000000000000
59818.0 444 8 0000000000000005
59831.1 31C 8 00000000800084F3
59832.3 5EA 8 0000000000000016
59846.8 31D 8 000000000000001F
59848.0 5EB 8 0000000000000007
59849.0 5EC 8 000000000000000F
59850.1 66B 8 7700000000000000
59862.3 66C 8 DF09000000000000
59864.2 444 8 0000000000000005
59878.0 6C0 7 04030100000000
59879.2 3F1 8 0002000000000000
59880.4 663 8 7814E00E00AA0000
59893.6 31C 8 00000000800084F3
59894.9 31D 8 000000000000001F
59896.1 38C 8 000000000000007F
59909.1 38D 8 00000000000000E5
59910.7 39C 8 FF6F000000000000
59911.8 6AB 8 00000000000043A1
59913.0 3C3 8 FF00000000000000
59924.8 444 8 0000000000000005
59926.0 537 8 8080808080800000
59927.2 538 8 8080008080000080
59940.4 31C 8 00000000800084F3
59941.7 31D 8 000000000000001F
59971.7 444 8 0000000000000005
59987.3 3F1 8 0002000000000000
59988.5 663 8 7814E00E00AA0000
59989.8 31C 8 00000000800084F3
59991.0 31D 8 000000000000001F
60003.0 38C 8 000000000000007F
60004.2 38D 8 00000000000000E5
60005.7 39C 8 FF6F000000000000
60018.5 3C3 8 FF00000000000000
60019.8 444 8 0000000000000005
60034.2 523 8 CD1F7770450E0B02
60035.7 52E 5 603F000000
60036.8 31C 8 00000000800084F3
60049.9 31D 8 000000000000001F
60065.5 539 8 2402800008030000
60066.7 541 8 0000000000000000
60067.9 444 8 0000000000000005
60081.1 6C0 7 04030100000000
60082.3 3F1 8 0002000000000000
60083.5 663 8 7814E00E00AA0000
60084.8 31C 8 00000000800084F3
60096.7 31D 8 000000000000001F
60097.9 38C 8 000000000000007F
60099.1 38D 8 00000000000000E5
60112.3 39C 8 FF6F000000000000
60113.5 6AB 8 00000000000043A1
60114.7 3C3 8 FF00000000000000
60116.0 444 8 0000000000000005
60128.1 537 8 8080808080800000
60129.2 538 8 8080008080000080
60143.7 31C 8 00000000800084F3
60144.9 31D 8 000000000000001F
60174.8 444 8 0000000000000005
60190.3 3F1 8 0002000000000000
60191.6 663 8 7814E00E00AA0000
60192.7 31C 8 00000000800084F3
60193.9 31D 8 000000000000001F
60195.4 38C 8 000000000000007F
60206.1 38D 8 00000000000000E5
60207.7 39C 8 FF6F000000000000
60209.5 3C3 8 FF00000000000000
60221.7 444 8 0000000000000005
60237.3 31C 8 00000000800084F3
60238.5 31D 8 000000000000001F
60268.5 444 8 0000000000000005
60284.2 6C0 7 04030100000000
60285.5 3F1 8 0002000000000000
60286.7 484 8 0000000000000000
60287.8 523 8 CD1F7770450E0B02
60289.0 52E 5 603F000000
60290.2 585 8 902C00000000003F
60291.4 64C 2 0011
60292.5 663 8 7814E00E00AA0000
60293.6 6B2 8 FFFEFF0F880080D9
60294.9 31C 8 00000000800084F3
60299.9 31D 8 000000000000001F
60301.4 38C 8 000000000000007F
60302.8 38D 8 00000000000000E5
60303.9 39C 8 FF6F000000000000
60315.2 5FB 8 1FFFFFFFFF1FF87E
60316.5 539 8 2402800008030000
60317.6 541 8 0000000000000000
60318.7 5FA 8 5B9DC7CC9C46F1FF
60320.0 6AB 8 00000000000043A1
60321.3 3C3 8 FF00000000000000
60322.4 444 8 0000000000000005
60323.6 537 8 8080808080800000
60331.0 538 8 8080008080000080
60332.2 31C 8 00000000800084F3
60333.4 5EA 8 0000000000000016
60346.7 31D 8 000000000000001F
60347.9 5EB 8 0000000000000007
60349.0 5EC 8 000000000000000F
60350.2 66B 8 7700000000000000
60362.3 66C 8 DF09000000000000
60363.4 444 8 0000000000000005
60378.0 3F1 8 0002000000000000
60379.2 663 8 7814E00E00AA0000
60393.6 31C 8 00000000800084F3
60394.9 31D 8 000000000000001F
60396.3 38C 8 000000000000007F
60409.2 38D 8 00000000000000E5
60410.3 39C 8 FF6F000000000000
60411.4 3C3 8 FF00000000000000
60424.9 444 8 0000000000000005
60440.7 31C 8 00000000800084F3
60441.9 31D 8 000000000000001F
60471.8 444 8 0000000000000005
60487.1 6C0 7 04030100000000
60488.4 3F1 8 0002000000000000
60489.5 663 8 7814E00E00AA0000
60490.8 31C 8 00000000800084F3
60492.0 31D 8 000000000000001F
60503.0 38C 8 000000000000007F
60504.7 38D 8 00000000000000E5
60506.0 39C 8 FF6F000000000000
60507.2 6AB 8 00000000000043A1
60518.7 3C3 8 FF00000000000000
60519.9 444 8 0000000000000005
60521.1 537 8 8080808080800000
60534.3 538 8 8080008080000080
60535.5 523 8 CD1F7770450E0B02
60536.7 52E 5 603F000000
60537.8 31C 8 00000000800084F3
60550.0 31D 8 000000000000001F
60565.8 539 8 2402800008030000
60567.0 541 8 0000000000000000
60568.1 444 8 0000000000000005
60581.1 3F1 8 0002000000000000
60582.3 663 8 7814E00E00AA0000
60583.5 31C 8 00000000800084F3
60596.7 31D 8 000000000000001F
60597.9 38C 8 000000000000007F
60599.0 38D 8 00000000000000E5
60612.3 39C 8 FF6F000000000000
60613.7 3C3 8 FF00000000000000
60615.1 444 8 0000000000000005
60643.7 31C 8 00000000800084F3
60644.9 31D 8 000000000000001F
60675.6 444 8 0000000000000005
60690.3 6C0 7 04030100000000
60691.4 3F1 8 0002000000000000
60692.6 663 8 7814E00E00AA0000
60693.7 31C 8 00000000800084F3
60695.1 31D 8 000000000000001F
60696.3 38C 8 000000000000007F
60706.1 38D 8 00000000000000E5
60707.3 39C 8 FF6F000000000000
60708.5 6AB 8 00000000000043A1
60709.6 3C3 8 FF00000000000000
60721.7 444 8 0000000000000005
60723.1 537 8 8080808080800000
60724.3 538 8 8080008080000080
60737.3 31C 8 00000000800084F3
60738.5 31D 8 000000000000001F
60768.7 444 8 0000000000000005
60784.8 3F1 8 0002000000000000
60786.8 484 8 0000000000000000
60789.5 523 8 CD1F7770450E0B02
60790.8 52E 5 603F000000
60792.0 663 8 7814E00E00AA0000
60793.1 31C 8 00000000800084F3
60794.3 31D 8 000000000000001F
60800.1 38C 8 000000000000007F
60803.0 38D 8 00000000000000E5
60804.6 39C 8 FF6F000000000000
60815.5 539 8 2402800008030000
60816.6 541 8 0000000000000000
60817.7 3C3 8 FF00000000000000
60818.9 444 8 0000000000000005
60831.1 31C 8 00000000800084F3
60832.3 5EA 8 0000000000000016
60846.5 31D 8 000000000000001F
60847.7 5EB 8 0000000000000007
60848.9 5EC 8 000000000000000F
60850.0 66B 8 7700000000000000
60862.3 66C 8 DF09000000000000
60863.5 444 8 0000000000000005
60878.0 6C0 7 04030100000000
60879.1 3F1 8 0002000000000000
60880.3 663 8 7814E00E00AA0000
60893.6 31C 8 00000000800084F3
60894.9 31D 8 000000000000001F
60896.3 38C 8 000000000000007F
60909.2 38D 8 00000000000000E5
60910.3 39C 8 FF6F000000000000
60911.4 6AB 8 00000000000043A1
60912.6 3C3 8 FF00000000000000
60924.9 444 8 0000000000000005
60932.7 537 8 8080808080800000
60934.9 538 8 8080008080000080
60940.4 31C 8 00000000800084F3
60941.7 31D 8 000000000000001F
60971.7 444 8 0000000000000005
60987.3 3F1 8 0002000000000000
60988.5 663 8 7814E00E00AA0000
60989.8 31C 8 00000000800084F3
60991.2 31D 8 000000000000001F
61003.1 38C 8 000000000000007F
61004.4 38D 8 00000000000000E5
61005.5 39C 8 FF6F000000000000
61023.3 3C3 8 FF00000000000000
61024.5 444 8 0000000000000005
61038.7 523 8 CD1F7770450E0B02
61039.9 52E 5 603F000000
61041.1 31C 8 00000000800084F3
61042.3 31D 8 000000000000001F
61054.4 539 8 2402800008030000
61055.6 541 8 0000000000000000
61085.4 444 8 0000000000000005
61086.7 6C0 7 04030100000000
61087.8 3F1 8 0002000000000000
61089.0 663 8 7814E00E00AA0000
61090.2 31C 8 00000000800084F3
61091.5 31D 8 000000000000001F
61101.4 38C 8 000000000000007F
61103.0 38D 8 00000000000000E5
61104.7 39C 8 FF6F000000000000
61106.2 6AB 8 00000000000043A1
61117.0 3C3 8 FF00000000000000
61118.1 444 8 0000000000000005
61120.3 537 8 8080808080800000
61132.4 538 8 8080008080000080
61133.5 31C 8 00000000800084F3
61148.0 31D 8 000000000000001F
61163.7 444 8 0000000000000005
61179.6 3F1 8 0002000000000000
61180.9 663 8 7814E00E00AA0000
61194.8 31C 8 00000000800084F3
61196.2 31D 8 000000000000001F
61197.4 38C 8 000000000000007F
61198.5 38D 8 00000000000000E5
61210.5 39C 8 FF6F000000000000
61212.0 3C3 8 FF00000000000000
61213.6 444 8 0000000000000005
61241.9 31C 8 00000000800084F3
61243.1 31D 8 000000000000001F
61273.3 444 8 0000000000000005
61288.8 6C0 7 04030100000000
61290.2 3F1 8 0002000000000000
61291.4 484 8 0000000000000000
61292.5 523 8 CD1F7770450E0B02
61293.7 52E 5 603F000000
61294.9 585 8 902C00000000003F
61296.1 64C 2 0011
61297.2 663 8 7814E00E00AA0000
61298.4 6B2 8 FFFEFF0F880000DA
61299.5 31C 8 00000000800084F3
61301.2 31D 8 000000000000001F
61304.4 38C 8 000000000000007F
61305.8 38D 8 00000000000000E5
61306.9 39C 8 FF6F000000000000
61308.9 5FB 8 1FFFFFFFFF1FF87E
61310.1 539 8 2402800008030000
61311.3 541 8 0000000000000000
61312.5 5FA 8 5B9DC7CC9C46F1FF
61313.6 6AB 8 00000000000043A1
61319.9 3C3 8 FF00000000000000
61321.3 444 8 0000000000000005
61322.5 537 8 8080808080800000
61323.6 538 8 8080008080000080
61335.4 31C 8 00000000800084F3
61336.6 5EA 8 0000000000000016
61337.7 31D 8 000000000000001F
61338.9 5EB 8 0000000000000007
61351.2 5EC 8 000000000000000F
61352.3 66B 8 7700000000000000
61353.5 66C 8 DF09000000000000
61366.8 444 8 0000000000000005
61382.4 3F1 8 0002000000000000
61383.5 663 8 7814E00E00AA0000
61384.9 31C 8 00000000800084F3
61398.0 31D 8 000000000000001F
61399.3 38C 8 000000000000007F
61400.8 38D 8 00000000000000E5
61413.6 39C 8 FF6F000000000000
61414.8 3C3 8 FF00000000000000
61415.9 444 8 0000000000000005
61445.0 31C 8 00000000800084F3
61446.2 31D 8 000000000000001F
61460.3 444 8 0000000000000005
61476.0 6C0 7 04030100000000
61477.3 3F1 8 0002000000000000
61478.5 663 8 7814E00E00AA0000
61491.8 31C 8 00000000800084F3
61493.1 31D 8 000000000000001F
61494.3 38C 8 000000000000007F
61507.6 38D 8 00000000000000E5
61508.8 39C 8 FF6F000000000000
61510.1 6AB 8 00000000000043A1
61511.2 3C3 8 FF00000000000000
61523.0 444 8 0000000000000005
61524.2 537 8 8080808080800000
61525.4 538 8 8080008080000080
61538.8 523 8 CD1F7770450E0B02
61539.9 52E 5 603F000000
61541.0 31C 8 00000000800084F3
61542.2 31D 8 000000000000001F
61554.4 539 8 2402800008030000
61555.6 541 8 0000000000000000
61570.5 444 8 0000000000000005
61586.6 3F1 8 0002000000000000
61587.8 663 8 7814E00E00AA0000
61589.0 31C 8 00000000800084F3
61590.2 31D 8 000000000000001F
61602.4 38C 8 000000000000007F
61603.6 38D 8 00000000000000E5
61604.8 39C 8 FF6F000000000000
61618.3 3C3 8 FF00000000000000
61620.3 444 8 0000000000000005
61633.5 31C 8 00000000800084F3
61649.3 31D 8 000000000000001F
61664.9 444 8 0000000000000005
61680.6 6C0 7 04030100000000
61682.6 3F1 8 0002000000000000
61683.8 663 8 7814E00E00AA0000
61685.2 31C 8 00000000800084F3
61696.2 31D 8 000000000000001F
61697.4 38C 8 000000000000007F
61698.6 38D 8 00000000000000E5
61712.1 39C 8 FF6F000000000000
61713.5 6AB 8 00000000000043A1
61714.7 3C3 8 FF00000000000000
61716.0 444 8 0000000000000005
61727.4 537 8 8080808080800000
61728.5 538 8 8080008080000080
61743.0 31C 8 00000000800084F3
61744.3 31D 8 000000000000001F
61774.4 444 8 0000000000000005
61790.5 3F1 8 0002000000000000
61792.4 484 8 0000000000000000
61794.2 523 8 CD1F7770450E0B02
61795.6 52E 5 603F000000
61796.7 663 8 7814E00E00AA0000
61797.9 31C 8 00000000800084F3
61799.1 31D 8 000000000000001F
61800.6 38C 8 000000000000007F
61805.4 38D 8 00000000000000E5
61806.5 39C 8 FF6F000000000000
61807.7 539 8 2402800008030000
61808.8 541 8 0000000000000000
61810.1 3C3 8 FF00000000000000
61821.1 444 8 0000000000000005
61836.7 31C 8 00000000800084F3
61838.0 5EA 8 0000000000000016
61840.0 31D 8 000000000000001F
61841.2 5EB 8 0000000000000007
61852.5 5EC 8 000000000000000F
61853.6 66B 8 7700000000000000
61854.7 66C 8 DF09000000000000
61868.1 444 8 0000000000000005
61883.7 6C0 7 04030100000000
61885.0 3F1 8 0002000000000000
61886.2 663 8 7814E00E00AA0000
61887.4 31C 8 00000000800084F3
61899.2 31D 8 000000000000001F
61900.7 38C 8 000000000000007F
61901.9 38D 8 00000000000000E5
61914.8 39C 8 FF6F000000000000
61916.0 6AB 8 00000000000043A1
61917.1 3C3 8 FF00000000000000
61918.2 444 8 0000000000000005
61919.4 537 8 8080808080800000
61930.3 538 8 8080008080000080
61931.5 31C 8 00000000800084F3
61946.1 31D 8 000000000000001F
61961.7 444 8 0000000000000005
61977.4 3F1 8 0002000000000000
61978.6 663 8 7814E00E00AA0000
61993.0 31C 8 00000000800084F3
61994.2 31D 8 000000000000001F
61995.6 38C 8 000000000000007F
62008.6 38D 8 00000000000000E5
62009.9 39C 8 FF6F000000000000
62011.2 3C3 8 FF00000000000000
62024.2 444 8 0000000000000005
62039.9 523 8 CD1F7770450E0B02
62041.1 52E 5 603F000000
62042.2 31C 8 00000000800084F3
62043.4 31D 8 000000000000001F
62055.5 539 8 2402800008030000
62056.7 541 8 0000000000000000
62071.1 444 8 0000000000000005
62086.7 6C0 7 04030100000000
62088.0 3F1 8 0002000000000000
62089.1 663 8 7814E00E00AA0000
62090.4 31C 8 00000000800084F3
62091.5 31D 8 000000000000001F
62102.4 38C 8 000000000000007F
62103.7 38D 8 00000000000000E5
62104.9 39C 8 FF6F000000000000
62106.1 6AB 8 00000000000043A1
62118.1 3C3 8 FF00000000000000
62119.3 444 8 0000000000000005
62120.7 537 8 8080808080800000
62133.6 538 8 8080008080000080
62135.1 31C 8 00000000800084F3
62149.2 31D 8 000000000000001F
62165.0 444 8 0000000000000005
62180.3 3F1 8 0002000000000000
62181.6 663 8 7814E00E00AA0000
62182.7 31C 8 00000000800084F3
62196.1 31D 8 000000000000001F
62197.4 38C 8 000000000000007F
62198.5 38D 8 00000000000000E5
62211.7 39C 8 FF6F000000000000
62212.9 3C3 8 FF00000000000000
62214.9 444 8 0000000000000005
62243.1 31C 8 00000000800084F3
62244.3 31D 8 000000000000001F
62274.3 444 8 0000000000000005
62290.0 6C0 7 04030100000000
62293.8 3F1 8 0002000000000000
62294.9 484 8 0000000000000000
62296.1 523 8 CD1F7770450E0B02
62297.3 52E 5 603F000000
62298.4 585 8 902C00000000003F
62299.6 64C 2 0011
62301.0 663 8 7814E00E00AA0000
62302.1 6B2 8 FFFEFF0F880080DA
62303.2 31C 8 00000000800084F3
62304.4 31D 8 000000000000001F
62305.8 38C 8 000000000000007F
62321.1 38D 8 00000000000000E5
62322.3 39C 8 FF6F000000000000
62323.5 5FB 8 1FFFFFFFFF1FF87E
62324.6 539 8 2402800008030000
62325.7 541 8 0000000000000000
62326.9 5FA 8 5B9DC7CC9C46F1FF
62328.0 6AB 8 0000000000003AA1
62329.1 3C3 8 FF00000000000000
62330.4 444 8 0000000000000005
62331.6 537 8 8080808080800000
62332.7 538 8 8080008080000080
62336.7 31C 8 00000000800084F3
62338.0 5EA 8 0000000000000016
62339.1 31D 8 000000000000001F
62340.3 5EB 8 0000000000000007
62352.4 5EC 8 000000000000000F
62353.5 66B 8 7700000000000000
62355.5 66C 8 DF09000000000000
62368.0 444 8 0000000000000005
62383.7 3F1 8 0002000000000000
62384.9 663 8 7814E00E00AA0000
62386.0 31C 8 00000000800084F3
62399.4 31D 8 000000000000001F
62401.1 38C 8 000000000000007F
62402.3 38D 8 00000000000000E5
62414.9 39C 8 FF6F000000000000
62416.1 3C3 8 FF00000000000000
62417.2 444 8 0000000000000005
62430.4 31C 8 00000000800084F3
62446.3 31D 8 000000000000001F
62461.7 444 8 0000000000000005
62477.4 6C0 7 04030100000000
62478.5 3F1 8 0002000000000000
62479.7 663 8 7814E00E00AA0000
62493.2 31C 8 00000000800084F3
62494.7 31D 8 000000000000001F
62496.0 38C 8 000000000000007F
62508.8 38D 8 00000000000000E5
62510.2 39C 8 FF6F000000000000
62511.5 6AB 8 00000000000025A1
62512.7 3C3 8 FF00000000000000
62524.2 444 8 0000000000000005
62525.4 537 8 8080808080800000
62527.0 538 8 8080008080000080
62540.0 523 8 CD1F7770450E0B02
62541.2 52E 5 603F000000
62542.4 31C 8 00000000800084F3
62544.4 31D 8 000000000000001F
62555.6 539 8 2402800008030000
62556.8 541 8 0000000000000000
62571.1 444 8 0000000000000005
62586.7 3F1 8 0002000000000000
62587.9 663 8 7814E00E00AA0000
62589.0 31C 8 00000000800084F3
62590.4 31D 8 000000000000001F
62602.4 38C 8 000000000000007F
62603.5 38D 8 00000000000000E5
62604.8 39C 8 FF6F000000000000
62618.0 3C3 8 FF00000000000000
62619.2 444 8 0000000000000005
62633.8 31C 8 00000000800084F3
62649.4 31D 8 000000000000001F
62665.0 444 8 0000000000000005
62680.5 6C0 7 04030100000000
62681.6 3F1 8 0002000000000000
62682.8 663 8 7814E00E00AA0000
62684.0 31C 8 00000000800084F3
62696.2 31D 8 000000000000001F
62697.4 38C 8 000000000000007F
62698.6 38D 8 00000000000000E5
62712.2 39C 8 FF6F000000000000
62713.4 6AB 8 00000000000025A1
62714.6 3C3 8 FF00000000000000
62715.9 444 8 0000000000000005
62727.3 537 8 8080808080800000
62728.5 538 8 8080008080000080
62743.1 31C 8 00000000800084F3
62745.1 31D 8 000000000000001F
62774.3 444 8 0000000000000005
62790.0 3F1 8 0002000000000000
62791.4 484 8 0000000000000000
62792.5 523 8 CD1F7770450E0B02
62793.6 52E 5 603F000000
62794.9 663 8 7814E00E00AA0000
62796.3 31C 8 00000000800084F3
62797.5 31D 8 000000000000001F
62798.7 38C 8 000000000000007F
62805.8 38D 8 00000000000000E5
62807.1 39C 8 FF6F000000000000
62808.2 539 8 2402800008030000
62809.3 541 8 0000000000000000
62810.7 3C3 8 FF00000000000000
62821.1 444 8 0000000000000005
62836.7 31C 8 00000000800084F3
62838.0 5EA 8 0000000000000016
62839.1 31D 8 000000000000001F
62840.3 5EB 8 0000000000000007
62852.1 5EC 8 000000000000000F
62853.4 66B 8 7700000000000000
62854.6 66C 8 DF09000000000000
62868.0 444 8 0000000000000005
62883.6 6C0 7 04030100000000
62885.0 3F1 8 0002000000000000
62886.2 663 8 7814E00E00AA0000
62887.4 31C 8 00000000800084F3
62899.4 31D 8 000000000000001F
62900.9 38C 8 000000000000007F
62902.1 38D 8 00000000000000E5
62914.8 39C 8 FF6F000000000000
62916.8 6AB 8 00000000000025A1
62917.9 3C3 8 FF00000000000000
62919.1 444 8 0000000000000005
62920.3 537 8 8080808080800000
62930.4 538 8 8080008080000080
62931.7 31C 8 00000000800084F3
62946.2 31D 8 000000000000001F
62961.7 444 8 0000000000000005
62977.3 3F1 8 0002000000000000
62978.6 663 8 7814E00E00AA0000
62993.1 31C 8 00000000800084F3
62994.5 31D 8 000000000000001F
62995.8 38C 8 000000000000007F
63008.6 38D 8 00000000000000E5
63009.8 39C 8 FF6F000000000000
63011.0 3C3 8 FF00000000000000
63024.3 444 8 0000000000000005
63039.9 523 8 CD1F7770450E0B02
63041.1 52E 5 603F000000
63042.2 31C 8 00000000800084F3
63043.4 31D 8 000000000000001F
63055.6 539 8 2402800008030000
63056.7 541 8 0000000000000000
63071.1 444 8 0000000000000005
63086.8 6C0 7 04030100000000
63088.0 3F1 8 0002000000000000
63089.1 663 8 7814E00E00AA0000
63090.4 31C 8 00000000800084F3
63091.5 31D 8 000000000000001F
63102.4 38C 8 000000000000007F
63103.6 38D 8 00000000000000E5
63105.6 39C 8 FF6F000000000000
63106.8 6AB 8 00000000000025A1
63118.0 3C3 8 FF00000000000000
63119.3 444 8 0000000000000005
63120.6 537 8 8080808080800000
63133.6 538 8 8080008080000080
63135.1 31C 8 00000000800084F3
63149.3 31D 8 000000000000001F
63165.0 444 8 0000000000000005
63180.3 3F1 8 0002000000000000
63181.5 663 8 7814E00E00AA0000
63182.6 31C 8 00000000800084F3
63196.2 31D 8 000000000000001F
63197.4 38C 8 000000000000007F
63198.6 38D 8 00000000000000E5
63212.0 39C 8 FF6F000000000000
63213.3 3C3 8 FF00000000000000
63214.4 444 8 0000000000000005
63243.1 31C 8 00000000800084F3
63244.4 31D 8 000000000000001F
63281.0 444 8 0000000000000005
63282.4 6C0 7 04030100000000
63283.5 3F1 8 0002000000000000
63284.9 484 8 0000000000000000
63286.2 523 8 CD1F7770450E0B02
63287.3 52E 5 603F000000
63288.4 585 8 902C00000000003F
63289.6 64C 2 0011
63290.9 663 8 7814E00E00AA0000
63292.0 6B2 8 FFFEFF0F880000DB
63293.2 31C 8 00000000800084F3
63296.6 31D 8 000000000000001F
63297.9 38C 8 000000000000007F
63299.1 38D 8 00000000000000E5
63312.3 39C 8 FF6F000000000000
63313.6 5FB 8 1FFFFFFFFF1FF87E
63314.8 539 8 2402800008030000
63316.1 541 8 0000000000000000
63317.2 5FA 8 5B9DC7CC9C46F1FF
63318.4 6AB 8 00000000000025A1
63319.5 3C3 8 FF00000000000000
63320.7 444 8 0000000000000005
63327.8 537 8 8080808080800000
63329.0 538 8 8080008080000080
63343.5 31C 8 00000000800084F3
63344.9 5EA 8 0000000000000016
63346.1 31D 8 000000000000001F
63347.3 5EB 8 0000000000000007
63348.4 5EC 8 000000000000000F
63359.1 66B 8 7700000000000000
63360.2 66C 8 DF09000000000000
63374.7 444 8 0000000000000005
63390.1 3F1 8 0002000000000000
63391.3 663 8 7814E00E00AA0000
63392.5 31C 8 00000000800084F3
63393.7 31D 8 000000000000001F
63395.0 38C 8 000000000000007F
63406.1 38D 8 00000000000000E5
63407.2 39C 8 FF6F000000000000
63408.4 3C3 8 FF00000000000000
63421.7 444 8 0000000000000005
63437.4 31C 8 00000000800084F3
63439.0 31D 8 000000000000001F
63468.5 444 8 0000000000000005
63484.4 6C0 7 04030100000000
63487.3 3F1 8 0002000000000000
63489.9 663 8 7814E00E00AA0000
63493.5 31C 8 00000000800084F3
63499.8 31D 8 000000000000001F
63501.3 38C 8 000000000000007F
63502.5 38D 8 00000000000000E5
63503.6 39C 8 FF6F000000000000
63515.1 6AB 8 00000000000025A1
63516.4 3C3 8 FF00000000000000
63517.6 444 8 0000000000000005
63518.8 537 8 8080808080800000
63530.9 538 8 8080008080000080
63532.1 523 8 CD1F7770450E0B02
63533.3 52E 5 603F000000
63534.5 31C 8 00000000800084F3
63546.6 31D 8 000000000000001F
63562.2 539 8 2402800008030000
63563.4 541 8 0000000000000000
63564.5 444 8 0000000000000005
63577.8 3F1 8 0002000000000000
63579.0 663 8 7814E00E00AA0000
63593.4 31C 8 00000000800084F3
63595.0 31D 8 000000000000001F
63596.3 38C 8 000000000000007F
63609.1 38D 8 00000000000000E5
63610.3 39C 8 FF6F000000000000
63611.4 3C3 8 FF00000000000000
63624.7 444 8 0000000000000005
63640.3 31C 8 00000000800084F3
63641.6 31D 8 000000000000001F
63671.7 444 8 0000000000000005
63687.2 6C0 7 04030100000000
63688.5 3F1 8 0002000000000000
63689.8 663 8 7814E00E00AA0000
63690.9 31C 8 00000000800084F3
63692.1 31D 8 000000000000001F
63702.7 38C 8 000000000000007F
63703.9 38D 8 00000000000000E5
63705.2 39C 8 FF6F000000000000
63706.3 6AB 8 00000000000025A1
63718.4 3C3 8 FF00000000000000
63719.7 444 8 0000000000000005
63720.9 537 8 8080808080800000
63734.4 538 8 8080008080000080
63735.8 31C 8 00000000800084F3
63749.9 31D 8 000000000000001F
63765.3 444 8 0000000000000005
63780.9 3F1 8 0002000000000000
63782.2 484 8 0000000000000000
63783.3 523 8 CD1F7770450E0B02
63784.5 52E 5 603F000000
63785.9 663 8 7814E00E00AA0000
63787.1 31C 8 00000000800084F3
63796.7 31D 8 000000000000001F
63797.9 38C 8 000000000000007F
63799.1 38D 8 00000000000000E5
63812.5 39C 8 FF6F000000000000
63814.4 539 8 2402800008030000
63816.1 541 8 0000000000000000
63818.2 3C3 8 FF00000000000000
63819.4 444 8 0000000000000005
63843.3 31C 8 00000000800084F3
63844.6 5EA 8 0000000000000016
63845.9 31D 8 000000000000001F
63847.1 5EB 8 0000000000000007
63848.3 5EC 8 000000000000000F
63859.3 66B 8 7700000000000000
63861.3 66C 8 DF09000000000000
63874.8 444 8 0000000000000005
63890.1 6C0 7 04030100000000
63891.4 3F1 8 0002000000000000
63892.6 663 8 7814E00E00AA0000
63893.9 31C 8 00000000800084F3
63895.0 31D 8 000000000000001F
63896.2 38C 8 000000000000007F
63905.9 38D 8 00000000000000E5
63907.1 39C 8 FF6F000000000000
63908.3 6AB 8 00000000000041A1
63909.5 3C3 8 FF00000000000000
63921.6 444 8 0000000000000005
63922.8 537 8 8080808080800000
63923.9 538 8 8080008080000080
63937.2 31C 8 00000000800084F3
63938.7 31D 8 000000000000001F
63968.4 444 8 0000000000000005
63984.1 3F1 8 0002000000000000
63985.6 663 8 7814E00E00AA0000
63986.8 31C 8 00000000800084F3
63999.7 31D 8 000000000000001F
64000.9 38C 8 000000000000007F
64003.0 38D 8 00000000000000E5
64004.2 39C 8 FF6F000000000000
64015.3 3C3 8 FF00000000000000
64016.5 444 8 0000000000000005
64031.0 523 8 CD1F7770450E0B02
64032.2 52E 5 603F000000
64033.3 31C 8 00000000800084F3
64046.6 31D 8 000000000000001F
64062.2 539 8 2402800008030000
64063.4 541 8 0000000000000000
64064.5 444 8 0000000000000005
64077.8 6C0 7 04030100000000
64078.9 3F1 8 0002000000000000
64080.2 663 8 7814E00E00AA0000
64093.4 31C 8 00000000800084F3
64094.8 31D 8 000000000000001F
64096.0 38C 8 000000000000007F
64109.1 38D 8 00000000000000E5
64110.5 39C 8 FF6F000000000000
64111.7 6AB 8 00000000000041A1
64112.8 3C3 8 FF00000000000000
64124.7 444 8 0000000000000005
64125.9 537 8 8080808080800000
64127.2 538 8 8080008080000080
64140.4 31C 8 00000000800084F3
64141.6 31D 8 000000000000001F
64171.6 444 8 0000000000000005
64187.4 3F1 8 0002000000000000
64188.9 663 8 7814E00E00AA0000
64190.2 31C 8 00000000800084F3
64191.5 31D 8 000000000000001F
64204.0 38C 8 000000000000007F
64205.5 38D 8 00000000000000E5
64207.4 39C 8 FF6F000000000000
64218.6 3C3 8 FF00000000000000
64220.0 444 8 0000000000000005
64234.7 31C 8 00000000800084F3
64249.8 31D 8 000000000000001F
64265.6 444 8 0000000000000005
64281.1 6C0 7 04030100000000
64282.2 3F1 8 0002000000000000
64283.5 484 8 0000000000000000
64284.7 523 8 CD1F7770450E0B02
64285.9 52E 5 603F000000
64287.1 585 8 902C00000000003F
64288.2 64C 2 0011
64289.3 663 8 7814E00E00AA0000
64290.7 6B2 8 FFFEFF0F880080DB
64291.8 31C 8 00000000800084F3
64296.6 31D 8 000000000000001F
64297.9 38C 8 000000000000007F
64299.0 38D 8 00000000000000E5
64312.3 39C 8 FF6F000000000000
64313.5 5FB 8 1FFFFFFFFF1FF87E
64314.7 539 8 2402800008030000
64316.0 541 8 0000000000000000
64317.1 5FA 8 5B9DC7CC9C46F1FF
64318.2 6AB 8 00000000000041A1
64319.4 3C3 8 FF00000000000000
64320.8 444 8 0000000000000005
64327.9 537 8 8080808080800000
64329.0 538 8 8080008080000080
64343.5 31C 8 00000000800084F3
64345.7 5EA 8 0000000000000016
64346.8 31D 8 000000000000001F
64348.0 5EB 8 0000000000000007
64349.1 5EC 8 000000000000000F
64359.4 66B 8 7700000000000000
64360.8 66C 8 DF09000000000000
64374.7 444 8 0000000000000005
64390.1 3F1 8 0002000000000000
64391.5 663 8 7814E00E00AA0000
64392.6 31C 8 00000000800084F3
64393.8 31D 8 000000000000001F
64395.2 38C 8 000000000000007F
64406.1 38D 8 00000000000000E5
64407.3 39C 8 FF6F000000000000
64408.5 3C3 8 FF00000000000000
64421.6 444 8 0000000000000005
64437.4 31C 8 00000000800084F3
64438.9 31D 8 000000000000001F
64468.6 444 8 0000000000000005
64484.2 6C0 7 04030100000000
64485.5 3F1 8 0002000000000000
64486.7 663 8 7814E00E00AA0000
64487.8 31C 8 00000000800084F3
64500.0 31D 8 000000000000001F
64501.6 38C 8 000000000000007F
64502.8 38D 8 00000000000000E5
64504.0 39C 8 FF6F000000000000
64515.2 6AB 8 00000000000041A1
64516.3 3C3 8 FF00000000000000
64517.5 444 8 0000000000000005
64518.7 537 8 8080808080800000
64531.0 538 8 8080008080000080
64532.2 523 8 CD1F7770450E0B02
64533.3 52E 5 603F000000
64534.6 31C 8 00000000800084F3
64546.7 31D 8 000000000000001F
64562.3 539 8 2402800008030000
64563.4 541 8 0000000000000000
64564.6 444 8 0000000000000005
64577.8 3F1 8 0002000000000000
64579.0 663 8 7814E00E00AA0000
64593.5 31C 8 00000000800084F3
64594.7 31D 8 000000000000001F
64596.0 38C 8 000000000000007F
64609.2 38D 8 00000000000000E5
64610.5 39C 8 FF6F000000000000
64611.7 3C3 8 FF00000000000000
64624.8 444 8 0000000000000005
64640.4 31C 8 00000000800084F3
64641.6 31D 8 000000000000001F
64671.7 444 8 0000000000000005
64687.3 6C0 7 04030100000000
64688.5 3F1 8 0002000000000000
64689.7 663 8 7814E00E00AA0000
64691.1 31C 8 00000000800084F3
64692.3 31D 8 000000000000001F
64702.8 38C 8 000000000000007F
64703.9 38D 8 00000000000000E5
64705.3 39C 8 FF6F000000000000
64706.4 6AB 8 00000000000038A1
64718.4 3C3 8 FF00000000000000
64720.6 444 8 0000000000000005
64721.9 537 8 8080808080800000
64735.2 538 8 8080008080000080
64737.0 31C 8 00000000800084F3
64738.5 31D 8 000000000000001F
64765.8 444 8 0000000000000005
64781.1 3F1 8 0002000000000000
64782.4 484 8 0000000000000000
64783.5 523 8 CD1F7770450E0B02
64784.7 52E 5 603F000000
64786.0 663 8 7814E00E00AA0000
64787.2 31C 8 00000000800084F3
64796.7 31D 8 000000000000001F
64797.9 38C 8 000000000000007F
64799.0 38D 8 00000000000000E5
64812.4 39C 8 FF6F000000000000
64813.8 539 8 2402800008030000
64815.3 541 8 0000000000000000
64816.4 3C3 8 FF00000000000000
64817.6 444 8 0000000000000005
64843.4 31C 8 00000000800084F3
64845.0 5EA 8 0000000000000016
64846.3 31D 8 000000000000001F
64847.5 5EB 8 0000000000000007
64848.6 5EC 8 000000000000000F
64859.3 66B 8 7700000000000000
64860.7 66C 8 DF09000000000000
64874.7 444 8 0000000000000005
64890.1 6C0 7 04030100000000
64891.4 3F1 8 0002000000000000
64892.5 663 8 7814E00E00AA0000
64893.7 31C 8 00000000800084F3
64896.0 31D 8 000000000000001F
64897.2 38C 8 000000000000007F
64905.9 38D 8 00000000000000E5
64907.1 39C 8 FF6F000000000000
64908.3 6AB 8 00000000000025A1
64909.4 3C3 8 FF00000000000000
64921.6 444 8 0000000000000005
64922.9 537 8 8080808080800000
64924.0 538 8 8080008080000080
64937.2 31C 8 00000000800084F3
64938.4 31D 8 000000000000001F
64968.5 444 8 0000000000000005
64984.1 3F1 8 0002000000000000
64985.7 663 8 7814E00E00AA0000
64986.9 31C 8 00000000800084F3
64999.8 31D 8 000000000000001F
65001.2 38C 8 000000000000007F
65002.4 38D 8 00000000000000E5
65015.5 39C 8 FF6F000000000000
65018.5 3C3 8 FF00000000000000
65019.6 444 8 0000000000000005
65031.0 523 8 CD1F7770450E0B02
65032.1 52E 5 603F000000
65033.3 31C 8 00000000800084F3
65046.6 31D 8 000000000000001F
65062.2 539 8 2402800008030000
65063.4 541 8 0000000000000000
65064.5 444 8 0000000000000005
65077.8 6C0 7 04030100000000
65079.0 3F1 8 0002000000000000
65081.2 663 8 7814E00E00AA0000
65093.4 31C 8 00000000800084F3
65094.7 31D 8 000000000000001F
65095.9 38C 8 000000000000007F
65109.1 38D 8 00000000000000E5
65110.5 39C 8 FF6F000000000000
65111.6 6AB 8 00000000000025A1
65112.7 3C3 8 FF00000000000000
65124.7 444 8 0000000000000005
65125.9 537 8 8080808080800000
65127.0 538 8 8080008080000080
65140.3 31C 8 00000000800084F3
65141.6 31D 8 000000000000001F
65171.8 444 8 0000000000000005
65187.2 3F1 8 0002000000000000
65188.4 663 8 7814E00E00AA0000
65189.6 31C 8 00000000800084F3
65191.0 31D 8 000000000000001F
65202.8 38C 8 000000000000007F
65204.0 38D 8 00000000000000E5
65205.3 39C 8 FF6F000000000000
65218.7 3C3 8 FF00000000000000
65220.5 444 8 0000000000000005
65234.2 31C 8 00000000800084F3
65249.7 31D 8 000000000000001F
65265.6 444 8 0000000000000005
65281.1 6C0 7 04030100000000
65282.3 3F1 8 0002000000000000
65283.4 484 8 0000000000000000
65284.6 523 8 CD1F7770450E0B02
65286.0 52E 5 603F000000
65287.1 585 8 902C00000000003F
65288.2 64C 2 0011
65289.3 663 8 7814E00E00AA0000
65290.8 6B2 8 FFFEFF0F880000DC
65292.6 31C 8 00000000800084F3
65296.7 31D 8 000000000000001F
65297.9 38C 8 000000000000007F
65299.0 38D 8 00000000000000E5
65312.2 39C 8 FF6F000000000000
65313.4 5FB 8 1FFFFFFFFF1FF87E
65314.7 539 8 2402800008030000
65316.0 541 8 0000000000000000
65317.1 5FA 8 5B9DC7CC9C46F1FF
65318.2 6AB 8 00000000000025A1
65319.3 3C3 8 FF00000000000000
65320.8 444 8 0000000000000005
65327.8 537 8 8080808080800000
65329.0 538 8 8080008080000080
65343.4 31C 8 00000000800084F3
65344.8 5EA 8 0000000000000016
65346.1 31D 8 000000000000001F
65347.3 5EB 8 0000000000000007
65348.5 5EC 8 000000000000000F
65359.1 66B 8 7700000000000000
65360.3 66C 8 DF09000000000000
65374.7 444 8 0000000000000005
65390.1 3F1 8 0002000000000000
65391.4 663 8 7814E00E00AA0000
65392.6 31C 8 00000000800084F3
65393.8 31D 8 000000000000001F
65395.0 38C 8 000000000000007F
65405.9 38D 8 00000000000000E5
65407.1 39C 8 FF6F000000000000
65408.3 3C3 8 FF00000000000000
65421.7 444 8 0000000000000005
65437.3 31C 8 00000000800084F3
65439.6 31D 8 000000000000001F
65468.6 444 8 0000000000000005
65484.3 6C0 7 04030100000000
65485.6 3F1 8 0002000000000000
65486.8 663 8 7814E00E00AA0000
65487.9 31C 8 00000000800084F3
65499.7 31D 8 000000000000001F
65501.1 38C 8 000000000000007F
65502.4 38D 8 00000000000000E5
65515.0 39C 8 FF6F000000000000
65516.3 6AB 8 00000000000025A1
65517.4 3C3 8 FF00000000000000
65518.5 444 8 0000000000000005
65519.8 537 8 8080808080800000
65531.1 538 8 8080008080000080
65532.3 523 8 CD1F7770450E0B02
65533.4 52E 5 603F000000
65534.6 31C 8 00000000800084F3
65546.6 31D 8 000000000000001F
65562.2 539 8 2402800008030000
65563.4 541 8 0000000000000000
65564.5 444 8 0000000000000005
65577.8 3F1 8 0002000000000000
65579.0 663 8 7814E00E00AA0000
65593.5 31C 8 00000000800084F3
65594.7 31D 8 000000000000001F
65596.1 38C 8 000000000000007F
65609.2 38D 8 00000000000000E5
65610.5 39C 8 FF6F000000000000
65611.7 3C3 8 FF00000000000000
65624.7 444 8 0000000000000005
65640.3 31C 8 00000000800084F3
65641.5 31D 8 000000000000001F
65671.8 444 8 0000000000000005
65687.2 6C0 7 04030100000000
65688.4 3F1 8 0002000000000000
65689.5 663 8 7814E00E00AA0000
65690.9 31C 8 00000000800084F3
65692.1 31D 8 000000000000001F
65702.9 38C 8 000000000000007F
65704.1 38D 8 00000000000000E5
65705.5 39C 8 FF6F000000000000
65706.6 6AB 8 00000000000025A1
65718.5 3C3 8 FF00000000000000
65719.6 444 8 0000000000000005
65721.0 537 8 8080808080800000
65734.2 538 8 8080008080000080
65735.5 31C 8 00000000800084F3
65749.7 31D 8 000000000000001F
65765.9 444 8 0000000000000005
65781.2 3F1 8 0002000000000000
65782.4 484 8 0000000000000000
65783.5 523 8 CD1F7770450E0B02
65784.8 52E 5 603F000000
65786.0 663 8 7814E00E00AA0000
65787.5 31C 8 00000000800084F3
65797.3 31D 8 000000000000001F
65798.7 38C 8 000000000000007F
65800.8 38D 8 00000000000000E5
65812.3 39C 8 FF6F000000000000
65813.5 539 8 2402800008030000
65815.2 541 8 0000000000000000
65816.4 3C3 8 FF00000000000000
65817.5 444 8 0000000000000005
65843.4 31C 8 00000000800084F3
65845.3 5EA 8 0000000000000016
65846.5 31D 8 000000000000001F
65847.8 5EB 8 0000000000000007
65848.9 5EC 8 000000000000000F
65859.3 66B 8 7700000000000000
65860.6 66C 8 DF09000000000000
65874.7 444 8 0000000000000005
65890.1 6C0 7 04030100000000
65891.4 3F1 8 0002000000000000
65892.6 663 8 7814E00E00AA0000
65893.7 31C 8 00000000800084F3
65895.1 31D 8 000000000000001F
65896.4 38C 8 000000000000007F
65906.0 38D 8 00000000000000E5
65907.2 39C 8 FF6F000000000000
65908.3 6AB 8 00000000000025A1
65909.4 3C3 8 FF00000000000000
65921.6 444 8 0000000000000005
65922.8 537 8 8080808080800000
65923.8 538 8 8080008080000080
65937.2 31C 8 00000000800084F3
65938.4 31D 8 000000000000001F
65968.5 444 8 0000000000000005
65984.1 3F1 8 0002000000000000
65985.8 663 8 7814E00E00AA0000
65987.0 31C 8 00000000800084F3
65999.7 31D 8 000000000000001F
66001.7 38C 8 000000000000007F
66002.9 38D 8 00000000000000E5
66015.3 39C 8 FF6F000000000000
66016.4 3C3 8 FF00000000000000
66017.5 444 8 0000000000000005
66030.9 523 8 CD1F7770450E0B02
66032.2 52E 5 603F000000
66033.3 31C 8 00000000800084F3
66046.6 31D 8 000000000000001F
66062.3 539 8 2402800008030000
66063.5 541 8 0000000000000000
66064.6 444 8 0000000000000005
66078.2 6C0 7 04030100000000
66079.6 3F1 8 0002000000000000
66081.0 663 8 7814E00E00AA0000
66093.5 31C 8 00000000800084F3
66094.9 31D 8 000000000000001F
66096.4 38C 8 000000000000007F
66109.2 38D 8 00000000000000E5
66110.6 39C 8 FF6F000000000000
66111.8 6AB 8 00000000000025A1
66112.8 3C3 8 FF00000000000000
66124.8 444 8 0000000000000005
66126.0 537 8 8080808080800000
66127.2 538 8 8080008080000080
66141.0 31C 8 00000000800084F3
66143.4 31D 8 000000000000001F
66171.8 444 8 0000000000000005
66187.2 3F1 8 0002000000000000
66188.4 663 8 7814E00E00AA0000
66189.6 31C 8 00000000800084F3
66191.5 31D 8 000000000000001F
66202.8 38C 8 000000000000007F
66204.0 38D 8 00000000000000E5
66205.3 39C 8 FF6F000000000000
66218.6 3C3 8 FF00000000000000
66219.7 444 8 0000000000000005
66234.2 31C 8 00000000800084F3
66249.7 31D 8 000000000000001F
66265.6 444 8 0000000000000005
66281.1 6C0 7 04030100000000
66282.3 3F1 8 0002000000000000
66283.5 484 8 0000000000000000
66284.6 523 8 CD1F7770450E0B02
66285.9 52E 5 603F000000
66287.1 585 8 902C00000000003F
66288.2 64C 2 0011
66289.3 663 8 7814E00E00AA0000
66290.7 6B2 8 FFFEFF0F880080DC
66291.8 31C 8 00000000800084F3
66296.6 31D 8 000000000000001F
66297.9 38C 8 000000000000007F
66299.0 38D 8 00000000000000E5
66312.2 39C 8 FF6F000000000000
66313.4 5FB 8 1FFFFFFFFF1FF87E
66314.5 539 8 2402800008030000
66315.9 541 8 0000000000000000
66317.0 5FA 8 5B9DC7CC9C46F1FF
66318.1 6AB 8 00000000000038A1
66319.3 3C3 8 FF00000000000000
66320.5 444 8 0000000000000005
66327.7 537 8 8080808080800000
66330.1 538 8 8080008080000080
66343.6 31C 8 00000000800084F3
66345.0 5EA 8 0000000000000016
66346.2 31D 8 000000000000001F
66347.5 5EB 8 0000000000000007
66348.6 5EC 8 000000000000000F
66359.1 66B 8 7700000000000000
66360.3 66C 8 DF09000000000000
66374.8 444 8 0000000000000005
66390.0 3F1 8 0002000000000000
66391.2 663 8 7814E00E00AA0000
66392.4 31C 8 00000000800084F3
66393.6 31D 8 000000000000001F
66395.0 38C 8 000000000000007F
66406.0 38D 8 00000000000000E5
66407.2 39C 8 FF6F000000000000
66408.3 3C3 8 FF00000000000000
66421.6 444 8 0000000000000005
66437.2 31C 8 00000000800084F3
66438.4 31D 8 000000000000001F
66468.4 444 8 0000000000000005
66484.1 6C0 7 04030100000000
66485.3 3F1 8 0002000000000000
66486.4 663 8 7814E00E00AA0000
66487.6 31C 8 00000000800084F3
66499.8 31D 8 000000000000001F
66501.1 38C 8 000000000000007F
66502.3 38D 8 00000000000000E5
66515.0 39C 8 FF6F000000000000
66516.2 6AB 8 00000000000041A1
66517.4 3C3 8 FF00000000000000
66518.6 444 8 0000000000000005
66520.3 537 8 8080808080800000
66531.0 538 8 8080008080000080
66532.2 523 8 CD1F7770450E0B02
66533.3 52E 5 603F000000
66534.5 31C 8 00000000800084F3
66546.6 31D 8 000000000000001F
66562.2 539 8 2402800008030000
66563.3 541 8 0000000000000000
66564.5 444 8 0000000000000005
66577.8 3F1 8 0002000000000000
66579.0 663 8 7814E00E00AA0000
66593.6 31C 8 00000000800084F3
66595.0 31D 8 000000000000001F
66596.3 38C 8 000000000000007F
66609.3 38D 8 00000000000000E5
66610.6 39C 8 FF6F000000000000
66611.8 3C3 8 FF00000000000000
66624.8 444 8 0000000000000005
66640.4 31C 8 00000000800084F3
66641.6 31D 8 000000000000001F
66671.8 444 8 0000000000000005
66687.2 6C0 7 04030100000000
66688.4 3F1 8 0002000000000000
66689.5 663 8 7814E00E00AA0000
66690.9 31C 8 00000000800084F3
66692.1 31D 8 000000000000001F
66702.7 38C 8 000000000000007F
66704.0 38D 8 00000000000000E5
66705.4 39C 8 FF6F000000000000
66706.5 6AB 8 00000000000041A1
66718.6 3C3 8 FF00000000000000
66719.8 444 8 0000000000000005
66721.2 537 8 8080808080800000
66734.4 538 8 8080008080000080
66735.8 31C 8 00000000800084F3
66749.8 31D 8 000000000000001F
66765.3 444 8 0000000000000005
66781.1 3F1 8 0002000000000000
66782.2 484 8 0000000000000000
66783.4 523 8 CD1F7770450E0B02
66784.6 52E 5 603F000000
66785.9 663 8 7814E00E00AA0000
66787.1 31C 8 00000000800084F3
66797.1 31D 8 000000000000001F
66798.5 38C 8 000000000000007F
66799.8 38D 8 00000000000000E5
66812.3 39C 8 FF6F000000000000
66813.5 539 8 2402800008030000
66814.7 541 8 0000000000000000
66815.8 3C3 8 FF00000000000000
66817.0 444 8 0000000000000005
66844.1 31C 8 00000000800084F3
66846.3 5EA 8 0000000000000016
66848.0 31D 8 000000000000001F
66849.2 5EB 8 0000000000000007
66850.5 5EC 8 000000000000000F
66859.4 66B 8 7700000000000000
66861.2 66C 8 DF09000000000000
66874.9 444 8 0000000000000005
66890.1 6C0 7 04030100000000
66891.3 3F1 8 0002000000000000
66892.5 663 8 7814E00E00AA0000
66894.3 31C 8 00000000800084F3
66895.5 31D 8 000000000000001F
66896.7 38C 8 000000000000007F
66905.7 38D 8 00000000000000E5
66907.0 39C 8 FF6F000000000000
66908.2 6AB 8 00000000000041A1
66909.3 3C3 8 FF00000000000000
66921.6 444 8 0000000000000005
66922.9 537 8 8080808080800000
66923.9 538 8 8080008080000080
66937.2 31C 8 00000000800084F3
66938.4 31D 8 000000000000001F
66968.5 444 8 0000000000000005
66984.1 3F1 8 0002000000000000
66985.5 663 8 7814E00E00AA0000
66986.7 31C 8 00000000800084F3
66999.6 31D 8 000000000000001F
67000.9 38C 8 000000000000007F
67002.1 38D 8 00000000000000E5
67015.5 39C 8 FF6F000000000000
67016.6 3C3 8 FF00000000000000
67017.8 444 8 0000000000000005
67031.0 523 8 CD1F7770450E0B02
67032.1 52E 5 603F000000
67033.3 31C 8 00000000800084F3
67046.7 31D 8 000000000000001F
67062.2 539 8 2402800008030000
67063.4 541 8 0000000000000000
67064.5 444 8 0000000000000005
67077.9 6C0 7 04030100000000
67079.1 3F1 8 0002000000000000
67080.9 663 8 7814E00E00AA0000
67093.4 31C 8 00000000800084F3
67094.9 31D 8 000000000000001F
67096.3 38C 8 000000000000007F
67109.1 38D 8 00000000000000E5
67110.3 39C 8 FF6F000000000000
67111.7 6AB 8 00000000000041A1
67113.0 3C3 8 FF00000000000000
67124.8 444 8 0000000000000005
67126.0 537 8 8080808080800000
67127.2 538 8 8080008080000080
67140.5 31C 8 00000000800084F3
67142.0 31D 8 000000000000001F
67171.6 444 8 0000000000000005
67187.2 3F1 8 0002000000000000
67188.4 663 8 7814E00E00AA0000
67189.5 31C 8 00000000800084F3
67191.0 31D 8 000000000000001F
67203.0 38C 8 000000000000007F
67204.4 38D 8 00000000000000E5
67205.7 39C 8 FF6F000000000000
67218.6 3C3 8 FF00000000000000
67219.8 444 8 0000000000000005
67234.2 31C 8 00000000800084F3
67249.8 31D 8 000000000000001F
67265.4 444 8 0000000000000005
67281.0 6C0 7 04030100000000
67282.2 3F1 8 0002000000000000
67283.4 484 8 0000000000000000
67285.3 523 8 CD1F7770450E0B02
67286.5 52E 5 603F000000
67287.6 585 8 902C00000000003F
67288.7 64C 2 0011
67289.9 663 8 7814E00E00AA0000
67291.2 6B2 8 FFFEFF0F880000DD
67292.3 31C 8 00000000800084F3
67296.6 31D 8 000000000000001F
67297.9 38C 8 000000000000007F
67299.1 38D 8 00000000000000E5
67312.2 39C 8 FF6F000000000000
67313.4 5FB 8 1FFFFFFFFF1FF87E
67314.6 539 8 2402800008030000
67315.9 541 8 0000000000000000
67317.0 5FA 8 5B9DC7CC9C46F1FF
67318.5 6AB 8 00000000000041A1
67319.6 3C3 8 FF00000000000000
67321.0 444 8 0000000000000005
67327.9 537 8 8080808080800000
67329.2 538 8 8080008080000080
67343.5 31C 8 00000000800084F3
67344.9 5EA 8 0000000000000016
67346.2 31D 8 000000000000001F
67347.4 5EB 8 0000000000000007
67348.5 5EC 8 000000000000000F
67359.3 66B 8 7700000000000000
67360.6 66C 8 DF09000000000000
67374.7 444 8 0000000000000005
67390.1 3F1 8 0002000000000000
67391.4 663 8 7814E00E00AA0000
67392.5 31C 8 00000000800084F3
67393.9 31D 8 000000000000001F
67395.2 38C 8 000000000000007F
67405.9 38D 8 00000000000000E5
67407.3 39C 8 FF6F000000000000
67408.4 3C3 8 FF00000000000000
67421.7 444 8 0000000000000005
67437.3 31C 8 00000000800084F3
67438.5 31D 8 000000000000001F
67468.7 444 8 0000000000000005
67484.3 6C0 7 04030100000000
67485.8 3F1 8 0002000000000000
67487.0 663 8 7814E00E00AA0000
67488.1 31C 8 00000000800084F3
67499.8 31D 8 000000000000001F
67501.3 38C 8 000000000000007F
67503.2 38D 8 00000000000000E5
67515.1 39C 8 FF6F000000000000
67516.2 6AB 8 00000000000041A1
67517.4 3C3 8 FF00000000000000
67518.5 444 8 0000000000000005
67519.8 537 8 8080808080800000
67531.4 538 8 8080008080000080
67532.9 523 8 CD1F7770450E0B02
67534.1 52E 5 603F000000
67535.5 31C 8 00000000800084F3
67546.8 31D 8 000000000000001F
67562.2 539 8 2402800008030000
67563.3 541 8 0000000000000000
67564.5 444 8 0000000000000005
67578.0 3F1 8 0002000000000000
67579.5 663 8 7814E00E00AA0000
67593.4 31C 8 00000000800084F3
67594.7 31D 8 000000000000001F
67596.6 38C 8 000000000000007F
67609.2 38D 8 00000000000000E5
67610.5 39C 8 FF6F000000000000
67611.6 3C3 8 FF00000000000000
67624.7 444 8 0000000000000005
67640.3 31C 8 00000000800084F3
67641.5 31D 8 000000000000001F
67671.7 444 8 0000000000000005
67687.4 6C0 7 04030100000000
67688.6 3F1 8 0002000000000000
67689.8 663 8 7814E00E00AA0000
67691.2 31C 8 00000000800084F3
67692.4 31D 8 000000000000001F
67702.6 38C 8 000000000000007F
67703.9 38D 8 00000000000000E5
67705.2 39C 8 FF6F000000000000
67706.4 6AB 8 00000000000041A1
67718.6 3C3 8 FF00000000000000
67719.9 444 8 0000000000000005
67721.3 537 8 8080808080800000
67734.3 538 8 8080008080000080
67742.6 31C 8 00000000800084F3
67749.7 31D 8 000000000000001F
67765.4 444 8 0000000000000005
67781.1 3F1 8 0002000000000000
67782.2 484 8 0000000000000000
67783.5 523 8 CD1F7770450E0B02
67784.7 52E 5 603F000000
67786.0 663 8 7814E00E00AA0000
67787.2 31C 8 00000000800084F3
67797.3 31D 8 000000000000001F
67798.5 38C 8 000000000000007F
67799.7 38D 8 00000000000000E5
67812.2 39C 8 FF6F000000000000
67813.4 539 8 2402800008030000
67814.5 541 8 0000000000000000
67815.6 3C3 8 FF00000000000000
67816.8 444 8 0000000000000005
67843.4 31C 8 00000000800084F3
67844.7 5EA 8 0000000000000016
67846.0 31D 8 000000000000001F
67847.2 5EB 8 0000000000000007
67848.3 5EC 8 000000000000000F
67859.4 66B 8 7700000000000000
67861.4 66C 8 DF09000000000000
67874.7 444 8 0000000000000005
67890.1 6C0 7 04030100000000
67891.4 3F1 8 0002000000000000
67892.5 663 8 7814E00E00AA0000
67893.7 31C 8 00000000800084F3
67895.1 31D 8 000000000000001F
67896.4 38C 8 000000000000007F
67906.0 38D 8 00000000000000E5
67907.2 39C 8 FF6F000000000000
67908.4 6AB 8 00000000000041A1
67909.5 3C3 8 FF00000000000000
67922.0 444 8 0000000000000005
67923.3 537 8 8080808080800000
67924.4 538 8 8080008080000080
67937.3 31C 8 00000000800084F3
67938.6 31D 8 000000000000001F
67968.5 444 8 0000000000000005
67984.1 3F1 8 0002000000000000
67985.4 663 8 7814E00E00AA0000
67986.5 31C 8 00000000800084F3
67999.9 31D 8 000000000000001F
68001.3 38C 8 000000000000007F
68002.4 38D 8 00000000000000E5
68015.3 39C 8 FF6F000000000000
68016.5 3C3 8 FF00000000000000
68017.7 444 8 0000000000000005
68031.2 523 8 CD1F7770450E0B02
68032.4 52E 5 603F000000
68033.5 31C 8 00000000800084F3
68046.6 31D 8 000000000000001F
68062.2 539 8 2402800008030000
68063.4 541 8 0000000000000000
68064.4 444 8 0000000000000005
68077.8 6C0 7 04030100000000
68079.0 3F1 8 0002000000000000
68080.2 663 8 7814E00E00AA0000
68093.5 31C 8 00000000800084F3
68095.1 31D 8 000000000000001F
68096.5 38C 8 000000000000007F
68109.2 38D 8 00000000000000E5
68110.4 39C 8 FF6F000000000000
68111.5 6AB 8 00000000000041A1
68112.6 3C3 8 FF00000000000000
68124.7 444 8 0000000000000005
68125.9 537 8 8080808080800000
68127.0 538 8 8080008080000080
68140.3 31C 8 00000000800084F3
68142.2 31D 8 000000000000001F
68171.7 444 8 0000000000000005
68187.4 3F1 8 0002000000000000
68188.6 663 8 7814E00E00AA0000
68189.8 31C 8 00000000800084F3
68191.2 31D 8 000000000000001F
68202.9 38C 8 000000000000007F
68204.3 38D 8 00000000000000E5
68205.7 39C 8 FF6F000000000000
68218.6 3C3 8 FF00000000000000
68219.9 444 8 0000000000000005
68234.2 31C 8 00000000800084F3
68249.8 31D 8 000000000000001F
68265.5 444 8 0000000000000005
68281.1 6C0 7 04030100000000
68282.2 3F1 8 0002000000000000
68283.4 484 8 0000000000000000
68284.6 523 8 CD1F7770450E0B02
68285.9 52E 5 603F000000
68287.0 585 8 902C00000000003F
68288.2 64C 2 0011
68289.3 663 8 7814E00E00AA0000
68290.6 6B2 8 FFFEFF0F880080DD
68291.8 31C 8 00000000800084F3
68296.6 31D 8 000000000000001F
68297.9 38C 8 000000000000007F
68299.0 38D 8 00000000000000E5
68312.3 39C 8 FF6F000000000000
68313.7 5FB 8 1FFFFFFFFF1FF87E
68315.1 539 8 2402800008030000
68316.4 541 8 0000000000000000
68317.5 5FA 8 5B9DC7CC9C46F1FF
68319.2 6AB 8 00000000000041A1
68320.5 3C3 8 FF00000000000000
68321.7 444 8 0000000000000005
68327.8 537 8 8080808080800000
68329.0 538 8 8080008080000080
68343.5 31C 8 00000000800084F3
68344.9 5EA 8 0000000000000016
68346.2 31D 8 000000000000001F
68347.4 5EB 8 0000000000000007
68348.5 5EC 8 000000000000000F
68359.0 66B 8 7700000000000000
68360.4 66C 8 DF09000000000000
68374.7 444 8 0000000000000005
68390.1 3F1 8 0002000000000000
68391.3 663 8 7814E00E00AA0000
68392.4 31C 8 00000000800084F3
68393.6 31D 8 000000000000001F
68394.9 38C 8 000000000000007F
68405.9 38D 8 00000000000000E5
68407.2 39C 8 FF6F000000000000
68408.3 3C3 8 FF00000000000000
68421.7 444 8 0000000000000005
68437.1 31C 8 00000000800084F3
68438.4 31D 8 000000000000001F
68468.7 444 8 0000000000000005
68484.3 6C0 7 04030100000000
68485.5 3F1 8 0002000000000000
68486.7 663 8 7814E00E00AA0000
68487.8 31C 8 00000000800084F3
68499.7 31D 8 000000000000001F
68501.6 38C 8 000000000000007F
68502.8 38D 8 00000000000000E5
68515.1 39C 8 FF6F000000000000
68516.4 6AB 8 00000000000041A1
68517.5 3C3 8 FF00000000000000
68518.7 444 8 0000000000000005
68519.9 537 8 8080808080800000
68531.1 538 8 8080008080000080
68532.3 523 8 CD1F7770450E0B02
68533.4 52E 5 603F000000
68534.5 31C 8 00000000800084F3
68546.7 31D 8 000000000000001F
68562.2 539 8 2402800008030000
68563.3 541 8 0000000000000000
68564.4 444 8 0000000000000005
68577.8 3F1 8 0002000000000000
68579.0 663 8 7814E00E00AA0000
68593.6 31C 8 00000000800084F3
68595.1 31D 8 000000000000001F
68596.3 38C 8 000000000000007F
68609.3 38D 8 00000000000000E5
68610.8 39C 8 FF6F000000000000
68611.9 3C3 8 FF00000000000000
68624.7 444 8 0000000000000005
68640.4 31C 8 00000000800084F3
68641.6 31D 8 000000000000001F
68671.7 444 8 0000000000000005
68687.5 6C0 7 04030100000000
68688.6 3F1 8 0002000000000000
68689.8 663 8 7814E00E00AA0000
68691.1 31C 8 00000000800084F3
68693.0 31D 8 000000000000001F
68702.7 38C 8 000000000000007F
68704.0 38D 8 00000000000000E5
68705.4 39C 8 FF6F000000000000
68706.6 6AB 8 00000000000041A1
68718.6 3C3 8 FF00000000000000
68719.7 444 8 0000000000000005
68721.1 537 8 8080808080800000
68734.3 538 8 8080008080000080
68735.8 31C 8 00000000800084F3
68749.9 31D 8 000000000000001F
68765.5 444 8 0000000000000005
68781.1 3F1 8 0002000000000000
68782.3 484 8 0000000000000000
68783.4 523 8 CD1F7770450E0B02
68784.6 52E 5 603F000000
68785.9 663 8 7814E00E00AA0000
68787.1 31C 8 00000000800084F3
68796.7 31D 8 000000000000001F
68797.9 38C 8 000000000000007F
68799.0 38D 8 00000000000000E5
68812.3 39C 8 FF6F000000000000
68813.5 539 8 2402800008030000
68814.7 541 8 0000000000000000
68815.8 3C3 8 FF00000000000000
68816.9 444 8 0000000000000005
68843.4 31C 8 00000000800084F3
68844.7 5EA 8 0000000000000016
68846.0 31D 8 000000000000001F
68847.2 5EB 8 0000000000000007
68848.3 5EC 8 000000000000000F
68859.5 66B 8 7700000000000000
68861.4 66C 8 DF09000000000000
68874.8 444 8 0000000000000005
68890.1 6C0 7 04030100000000
68891.4 3F1 8 0002000000000000
68892.6 663 8 7814E00E00AA0000
68893.8 31C 8 00000000800084F3
68895.1 31D 8 000000000000001F
68896.4 38C 8 000000000000007F
68906.0 38D 8 00000000000000E5
68907.2 39C 8 FF6F000000000000
68908.4 6AB 8 00000000000041A1
68909.5 3C3 8 FF00000000000000
68921.7 444 8 0000000000000005
68922.9 537 8 8080808080800000
68924.0 538 8 8080008080000080
68937.2 31C 8 00000000800084F3
68938.4 31D 8 000000000000001F
68968.4 444 8 0000000000000005
68984.0 3F1 8 0002000000000000
68985.7 663 8 7814E00E00AA0000
68987.1 31C 8 00000000800084F3
68999.9 31D 8 000000000000001F
69001.3 38C 8 000000000000007F
69002.5 38D 8 00000000000000E5
69015.3 39C 8 FF6F000000000000
69016.5 3C3 8 FF00000000000000
69017.6 444 8 0000000000000005
69030.9 523 8 CD1F7770450E0B02
69032.2 52E 5 603F000000
69033.3 31C 8 00000000800084F3
69046.6 31D 8 000000000000001F
69062.2 539 8 2402800008030000
69063.3 541 8 0000000000000000
69064.5 444 8 0000000000000005
69077.8 6C0 7 04030100000000
69079.0 3F1 8 0002000000000000
69080.3 663 8 7814E00E00AA0000
69093.4 31C 8 00000000800084F3
69094.7 31D 8 000000000000001F
69095.9 38C 8 000000000000007F
69109.2 38D 8 00000000000000E5
69110.5 39C 8 FF6F000000000000
69116.6 6AB 8 00000000000041A1
69117.7 3C3 8 FF00000000000000
69124.7 444 8 0000000000000005
69125.9 537 8 8080808080800000
69127.0 538 8 8080008080000080
69140.3 31C 8 00000000800084F3
69141.6 31D 8 000000000000001F
69171.6 444 8 0000000000000005
69187.2 3F1 8 0002000000000000
69188.4 663 8 7814E00E00AA0000
69189.6 31C 8 00000000800084F3
69191.1 31D 8 000000000000001F
69202.8 38C 8 000000000000007F
69204.0 38D 8 00000000000000E5
69205.4 39C 8 FF6F000000000000
69218.5 3C3 8 FF00000000000000
69219.7 444 8 0000000000000005
69234.4 31C 8 00000000800084F3
69249.9 31D 8 000000000000001F
69265.7 444 8 0000000000000005
69281.0 6C0 7 04030100000000
69282.2 3F1 8 0002000000000000
69283.4 484 8 0000000000000000
69284.5 523 8 CD1F7770450E0B02
69285.9 52E 5 603F000000
69287.0 585 8 902C00000000003F
69288.1 64C 2 0011
69289.2 663 8 7814E00E00AA0000
69290.5 6B2 8 FFFEFF0F880002C0
69291.6 31C 8 00000000800084F3
69296.7 31D 8 000000000000001F
69298.0 38C 8 000000000000007F
69299.1 38D 8 00000000000000E5
69312.3 39C 8 FF6F000000000000
69313.5 5FB 8 1FFFFFFFFF1FF87E
69314.9 539 8 2402800008030000
69316.2 541 8 0000000000000000
69317.3 5FA 8 5B9DC7CC9C46F1FF
69318.5 6AB 8 00000000000041A1
69319.6 3C3 8 FF00000000000000
69321.1 444 8 0000000000000005
69327.8 537 8 8080808080800000
69329.0 538 8 8080008080000080
69343.4 31C 8 00000000800084F3
69344.7 5EA 8 0000000000000016
69346.0 31D 8 000000000000001F
69347.2 5EB 8 0000000000000007
69348.3 5EC 8 000000000000000F
69359.1 66B 8 7700000000000000
69360.4 66C 8 DF09000000000000
69374.7 444 8 0000000000000005
69390.1 3F1 8 0002000000000000
69391.3 663 8 7814E00E00AA0000
69392.4 31C 8 00000000800084F3
69393.6 31D 8 000000000000001F
69395.0 38C 8 000000000000007F
69406.0 38D 8 00000000000000E5
69407.2 39C 8 FF6F000000000000
69408.3 3C3 8 FF00000000000000
69421.6 444 8 0000000000000005
69437.2 31C 8 00000000800084F3
69438.5 31D 8 000000000000001F
69468.4 444 8 0000000000000005
69484.2 6C0 7 04030100000000
69485.7 3F1 8 0002000000000000
69486.9 663 8 7814E00E00AA0000
69488.0 31C 8 00000000800084F3
69499.7 31D 8 000000000000001F
69501.0 38C 8 000000000000007F
69502.1 38D 8 00000000000000E5
69515.3 39C 8 FF6F000000000000
69517.0 6AB 8 00000000000041A1
69518.3 3C3 8 FF00000000000000
69519.7 444 8 0000000000000005
69520.9 537 8 8080808080800000
69530.8 538 8 8080008080000080
69532.0 523 8 CD1F7770450E0B02
69533.1 52E 5 603F000000
69534.2 31C 8 00000000800084F3
69546.6 31D 8 000000000000001F
69562.3 539 8 2402800008030000
69563.8 541 8 0000000000000000
69565.6 444 8 0000000000000005
69577.9 3F1 8 0002000000000000
69579.1 663 8 7814E00E00AA0000
69593.5 31C 8 00000000800084F3
69594.7 31D 8 000000000000001F
69596.1 38C 8 000000000000007F
69609.3 38D 8 00000000000000E5
69610.8 39C 8 FF6F000000000000
69612.0 3C3 8 FF00000000000000
69624.7 444 8 0000000000000005
69640.3 31C 8 00000000800084F3
69641.5 31D 8 000000000000001F
69671.8 444 8 0000000000000005
69687.3 6C0 7 04030100000000
69688.5 3F1 8 0002000000000000
69689.6 663 8 7814E00E00AA0000
69691.0 31C 8 00000000800084F3
69692.2 31D 8 000000000000001F
69703.0 38C 8 000000000000007F
69704.5 38D 8 00000000000000E5
69705.9 39C 8 FF6F000000000000
69707.0 6AB 8 00000000000041A1
69718.4 3C3 8 FF00000000000000
69719.6 444 8 0000000000000005
69721.0 537 8 8080808080800000
69734.2 538 8 8080008080000080
69735.7 31C 8 00000000800084F3
69749.7 31D 8 000000000000001F
69765.4 444 8 0000000000000005
69781.2 3F1 8 0002000000000000
69782.7 484 8 0000000000000000
69783.8 523 8 CD1F7770450E0B02
69785.1 52E 5 603F000000
69786.3 663 8 7814E00E00AA0000
69787.4 31C 8 00000000800084F3
69796.7 31D 8 000000000000001F
69797.9 38C 8 000000000000007F
69799.0 38D 8 00000000000000E5
69812.3 39C 8 FF6F000000000000
69813.5 539 8 2402800008030000
69814.6 541 8 0000000000000000
69815.7 3C3 8 FF00000000000000
69817.0 444 8 0000000000000005
69843.6 31C 8 00000000800084F3
69844.9 5EA 8 0000000000000016
69846.1 31D 8 000000000000001F
69847.4 5EB 8 0000000000000007
69848.5 5EC 8 000000000000000F
69859.4 66B 8 7700000000000000
69860.8 66C 8 DF09000000000000
69875.1 444 8 0000000000000005
69890.3 6C0 7 04030100000000
69891.8 3F1 8 0002000000000000
69893.0 663 8 7814E00E00AA0000
69894.1 31C 8 00000000800084F3
69895.5 31D 8 000000000000001F
69896.7 38C 8 000000000000007F
69906.0 38D 8 00000000000000E5
69907.2 39C 8 FF6F000000000000
69908.3 6AB 8 00000000000041A1
69909.5 3C3 8 FF00000000000000
69921.7 444 8 0000000000000005
69923.0 537 8 8080808080800000
69924.2 538 8 8080008080000080
69937.4 31C 8 00000000800084F3
69938.6 31D 8 000000000000001F
69968.5 444 8 0000000000000005
69984.2 3F1 8 0002000000000000
69985.5 663 8 7814E00E00AA0000
69986.7 31C 8 00000000800084F3
69999.8 31D 8 000000000000001F
70001.2 38C 8 000000000000007F
70002.3 38D 8 00000000000000E5
70015.4 39C 8 FF6F000000000000
70016.5 3C3 8 FF00000000000000
70017.7 444 8 0000000000000005
70031.0 523 8 CD1F7770450E0B02
70032.2 52E 5 603F000000
70033.3 31C 8 00000000800084F3
70047.2 31D 8 000000000000001F
70062.3 539 8 2402800008030000
70063.5 541 8 0000000000000000
70064.7 444 8 0000000000000005
70077.9 6C0 7 04030100000000
70079.1 3F1 8 0002000000000000
70080.2 663 8 7814E00E00AA0000
70093.5 31C 8 00000000800084F3
70094.9 31D 8 000000000000001F
70096.2 38C 8 000000000000007F
70108.8 38D 8 00000000000000E5
70110.1 39C 8 FF6F000000000000
70111.3 6AB 8 00000000000041A1
70113.0 3C3 8 FF00000000000000
70124.7 444 8 0000000000000005
70126.1 537 8 8080808080800000
70127.2 538 8 8080008080000080
70140.3 31C 8 00000000800084F3
70141.6 31D 8 000000000000001F
70171.6 444 8 0000000000000005
70187.3 3F1 8 0002000000000000
70188.5 663 8 7814E00E00AA0000
70189.7 31C 8 00000000800084F3
70191.0 31D 8 000000000000001F
70202.8 38C 8 000000000000007F
70204.0 38D 8 00000000000000E5
70205.3 39C 8 FF6F000000000000
70218.4 3C3 8 FF00000000000000
70219.8 444 8 0000000000000005
70234.1 31C 8 00000000800084F3
70249.7 31D 8 000000000000001F
70265.4 444 8 0000000000000005
70281.0 6C0 7 04030100000000
70282.2 3F1 8 0002000000000000
70283.4 484 8 0000000000000000
70284.5 523 8 CD1F7770450E0B02
70285.6 52E 5 603F000000
70286.7 585 8 902C00000000003F
70287.9 64C 2 0011
70288.9 663 8 7814E00E00AA0000
70290.2 6B2 8 FFFEFF0F880082C0
70291.5 31C 8 00000000800084F3
70296.6 31D 8 000000000000001F
70298.5 38C 8 000000000000007F
70299.6 38D 8 00000000000000E5
70312.2 39C 8 FF6F000000000000
70313.4 5FB 8 1FFFFFFFFF1FF87E
70314.5 539 8 2402800008030000
70315.8 541 8 0000000000000000
70316.9 5FA 8 5B9DC7CC9C46F1FF
70318.0 6AB 8 00000000000041A1
70319.2 3C3 8 FF00000000000000
70320.3 444 8 0000000000000005
70327.8 537 8 8080808080800000
70329.0 538 8 8080008080000080
70343.5 31C 8 00000000800084F3
70344.9 5EA 8 0000000000000016
70346.2 31D 8 000000000000001F
70347.4 5EB 8 0000000000000007
70348.5 5EC 8 000000000000000F
70359.2 66B 8 7700000000000000
70360.5 66C 8 DF09000000000000
70374.7 444 8 0000000000000005
70390.1 3F1 8 0002000000000000
70391.5 663 8 7814E00E00AA0000
70392.6 31C 8 00000000800084F3
70393.8 31D 8 000000000000001F
70395.1 38C 8 000000000000007F
70406.0 38D 8 00000000000000E5
70407.2 39C 8 FF6F000000000000
70408.3 3C3 8 FF00000000000000
70422.0 444 8 0000000000000005
70437.2 31C 8 00000000800084F3
70438.5 31D 8 000000000000001F
70468.6 444 8 0000000000000005
70484.1 6C0 7 04030100000000
70485.3 3F1 8 0002000000000000
70486.4 663 8 7814E00E00AA0000
70487.6 31C 8 00000000800084F3
70500.0 31D 8 000000000000001F
70501.6 38C 8 000000000000007F
70502.7 38D 8 00000000000000E5
70504.2 39C 8 FF6F000000000000
70515.0 6AB 8 00000000000041A1
70516.2 3C3 8 FF00000000000000
70517.4 444 8 0000000000000005
70518.6 537 8 8080808080800000
70531.1 538 8 8080008080000080
70532.9 523 8 CD1F7770450E0B02
70534.2 52E 5 603F000000
70535.5 31C 8 00000000800084F3
70546.6 31D 8 000000000000001F
70562.2 539 8 2402800008030000
70563.4 541 8 0000000000000000
70564.5 444 8 0000000000000005
70577.8 3F1 8 0002000000000000
70580.0 663 8 7814E00E00AA0000
70593.6 31C 8 00000000800084F3
70595.0 31D 8 000000000000001F
70596.2 38C 8 000000000000007F
70609.3 38D 8 00000000000000E5
70610.7 39C 8 FF6F000000000000
70611.8 3C3 8 FF00000000000000
70624.7 444 8 0000000000000005
70640.3 31C 8 00000000800084F3
70641.6 31D 8 000000000000001F
70671.7 444 8 0000000000000005
70687.3 6C0 7 04030100000000
70688.5 3F1 8 0002000000000000
70689.7 663 8 7814E00E00AA0000
70691.1 31C 8 00000000800084F3
70692.3 31D 8 000000000000001F
70702.8 38C 8 000000000000007F
70704.4 38D 8 00000000000000E5
70705.9 39C 8 FF6F000000000000
70718.4 6AB 8 00000000000041A1
70719.6 3C3 8 FF00000000000000
70721.0 444 8 0000000000000005
70722.2 537 8 8080808080800000
70734.2 538 8 8080008080000080
70735.8 31C 8 00000000800084F3
70749.7 31D 8 000000000000001F
70765.3 444 8 0000000000000005
70781.3 3F1 8 0002000000000000
70782.4 484 8 0000000000000000
70783.6 523 8 CD1F7770450E0B02
70784.8 52E 5 603F000000
70786.1 663 8 7814E00E00AA0000
70787.2 31C 8 00000000800084F3
70796.7 31D 8 000000000000001F
70797.9 38C 8 000000000000007F
70799.0 38D 8 00000000000000E5
70812.3 39C 8 FF6F000000000000
70813.6 539 8 2402800008030000
70814.7 541 8 0000000000000000
70815.9 3C3 8 FF00000000000000
70817.0 444 8 0000000000000005
70843.5 31C 8 00000000800084F3
70844.8 5EA 8 0000000000000016
70846.1 31D 8 000000000000001F
70847.3 5EB 8 0000000000000007
70848.4 5EC 8 000000000000000F
70859.9 66B 8 7700000000000000
70861.1 66C 8 DF09000000000000
70862.3 444 8 0000000000000005
70890.4 6C0 7 04030100000000
70892.2 3F1 8 0002000000000000
70894.2 663 8 7814E00E00AA0000
70895.6 31C 8 00000000800084F3
70896.9 31D 8 000000000000001F
70898.1 38C 8 000000000000007F
70906.0 38D 8 00000000000000E5
70907.2 39C 8 FF6F000000000000
70908.4 6AB 8 00000000000041A1
70909.5 3C3 8 FF00000000000000
70921.6 444 8 0000000000000005
70922.9 537 8 8080808080800000
70924.0 538 8 8080008080000080
70937.2 31C 8 00000000800084F3
70938.4 31D 8 000000000000001F
70968.5 444 8 0000000000000005
70984.1 3F1 8 0002000000000000
70985.3 663 8 7814E00E00AA0000
70986.5 31C 8 00000000800084F3
70999.8 31D 8 000000000000001F
71001.1 38C 8 000000000000007F
71002.3 38D 8 00000000000000E5
71015.3 39C 8 FF6F000000000000
71016.5 3C3 8 FF00000000000000
71017.7 444 8 0000000000000005
71031.0 523 8 CD1F7770450E0B02
71032.2 52E 5 603F000000
71033.4 31C 8 00000000800084F3
71046.6 31D 8 000000000000001F
71062.2 539 8 2402800008030000
71063.3 541 8 0000000000000000
71064.5 444 8 0000000000000005
71077.9 6C0 7 04030100000000
71079.1 3F1 8 0002000000000000
71080.3 663 8 7814E00E00AA0000
71093.9 31C 8 00000000800084F3
71095.3 31D 8 000000000000001F
71096.5 38C 8 000000000000007F
71109.0 38D 8 00000000000000E5
71111.2 39C 8 FF6F000000000000
71112.6 6AB 8 00000000000041A1
71113.8 3C3 8 FF00000000000000
71124.9 444 8 0000000000000005
71126.1 537 8 8080808080800000
71127.2 538 8 8080008080000080
71140.5 31C 8 00000000800084F3
71141.7 31D 8 000000000000001F
71171.6 444 8 0000000000000005
71187.2 3F1 8 0002000000000000
71188.4 663 8 7814E00E00AA0000
71189.5 31C 8 00000000800084F3
71190.8 31D 8 000000000000001F
71202.8 38C 8 000000000000007F
71204.7 38D 8 00000000000000E5
71206.0 39C 8 FF6F000000000000
71218.5 3C3 8 FF00000000000000
71219.7 444 8 0000000000000005
71234.2 31C 8 00000000800084F3
71249.7 31D 8 000000000000001F
71265.4 444 8 0000000000000005
71281.0 6C0 7 04030100000000
71282.2 3F1 8 0002000000000000
71283.3 484 8 0000000000000000
71284.5 523 8 CD1F7770450E0B02
71285.7 52E 5 603F000000
71286.9 585 8 902C00000000003F
71287.9 64C 2 0011
71289.0 663 8 7814E00E00AA0000
71290.3 6B2 8 FFFEFF0F880002C1
71291.5 31C 8 00000000800084F3
71296.8 31D 8 000000000000001F
71299.6 38C 8 000000000000007F
71302.3 38D 8 00000000000000E5
71312.2 39C 8 FF6F000000000000
71313.5 5FB 8 1FFFFFFFFF1FF87E
71314.7 539 8 2402800008030000
71316.1 541 8 0000000000000000
71317.4 5FA 8 5B9DC7CC9C46F1FF
71318.5 6AB 8 00000000000041A1
71319.7 3C3 8 FF00000000000000
71321.2 444 8 0000000000000005
71327.9 537 8 8080808080800000
71329.1 538 8 8080008080000080
71343.6 31C 8 00000000800084F3
71345.2 5EA 8 0000000000000016
71347.1 31D 8 000000000000001F
71348.3 5EB 8 0000000000000007
71349.5 5EC 8 000000000000000F
71359.3 66B 8 7700000000000000
71360.4 66C 8 DF09000000000000
71374.7 444 8 0000000000000005
71390.2 3F1 8 0002000000000000
71391.6 663 8 7814E00E00AA0000
71392.8 31C 8 00000000800084F3
71394.0 31D 8 000000000000001F
71395.2 38C 8 000000000000007F
71405.9 38D 8 00000000000000E5
71407.1 39C 8 FF6F000000000000
71408.3 3C3 8 FF00000000000000
71421.6 444 8 0000000000000005
71437.2 31C 8 00000000800084F3
71438.4 31D 8 000000000000001F
71468.4 444 8 0000000000000005
71484.2 6C0 7 04030100000000
71485.3 3F1 8 0002000000000000
71486.4 663 8 7814E00E00AA0000
71487.6 31C 8 00000000800084F3
71499.7 31D 8 000000000000001F
71501.2 38C 8 000000000000007F
71502.3 38D 8 00000000000000E5
71515.3 39C 8 FF6F000000000000
71516.8 6AB 8 00000000000041A1
71518.0 3C3 8 FF00000000000000
71519.1 444 8 0000000000000005
71520.5 537 8 8080808080800000
71531.2 538 8 8080008080000080
71533.1 523 8 CD1F7770450E0B02
71534.2 52E 5 603F000000
71535.6 31C 8 00000000800084F3
71546.9 31D 8 000000000000001F
71562.8 539 8 2402800008030000
71563.9 541 8 0000000000000000
71565.0 444 8 0000000000000005
71578.7 3F1 8 0002000000000000
71579.9 663 8 7814E00E00AA0000
71594.3 31C 8 00000000800084F3
71595.7 31D 8 000000000000001F
71596.9 38C 8 000000000000007F
71610.3 38D 8 00000000000000E5
71611.8 39C 8 FF6F000000000000
71613.1 3C3 8 FF00000000000000
71614.3 444 8 0000000000000005
71657.6 31C 8 00000000800084F3
71660.1 31D 8 000000000000001F
71672.5 444 8 0000000000000005
71687.9 6C0 7 04030100000000
71689.4 3F1 8 0002000000000000
71690.8 663 8 7814E00E00AA0000
71692.0 31C 8 00000000800084F3
71693.4 31D 8 000000000000001F
71703.5 38C 8 000000000000007F
71704.9 38D 8 00000000000000E5
71706.2 39C 8 FF6F000000000000
71707.3 6AB 8 00000000000041A1
71719.1 3C3 8 FF00000000000000
71720.7 444 8 0000000000000005
71722.8 537 8 8080808080800000
71734.8 538 8 8080008080000080
71736.0 31C 8 00000000800084F3
71737.1 31D 8 000000000000001F
71765.9 444 8 0000000000000005
71781.6 3F1 8 0002000000000000
71782.9 484 8 0000000000000000
71783.9 523 8 CD1F7770450E0B02
71785.2 52E 5 603F000000
71786.4 663 8 7814E00E00AA0000
71787.6 31C 8 00000000800084F3
71797.5 31D 8 000000000000001F
71799.1 38C 8 000000000000007F
71800.5 38D 8 00000000000000E5
71813.0 39C 8 FF6F000000000000
71814.2 539 8 2402800008030000
71815.3 541 8 0000000000000000
71816.5 3C3 8 FF00000000000000
71817.7 444 8 0000000000000005
71844.3 31C 8 00000000800084F3
71845.5 5EA 8 0000000000000016
71846.6 31D 8 000000000000001F
71847.8 5EB 8 0000000000000007
71848.9 5EC 8 000000000000000F
71860.1 66B 8 7700000000000000
71861.4 66C 8 DF09000000000000
71862.6 444 8 0000000000000005
71891.3 6C0 7 04030100000000
71892.7 3F1 8 0002000000000000
71893.9 663 8 7814E00E00AA0000
71895.1 31C 8 00000000800084F3
71897.0 31D 8 000000000000001F
71898.3 38C 8 000000000000007F
71906.8 38D 8 00000000000000E5
71908.0 39C 8 FF6F000000000000
71909.2 6AB 8 00000000000041A1
71910.4 3C3 8 FF00000000000000
71922.5 444 8 0000000000000005
71923.7 537 8 8080808080800000
71924.8 538 8 8080008080000080
71938.0 31C 8 00000000800084F3
71939.2 31D 8 000000000000001F
71969.3 444 8 0000000000000005
71985.2 3F1 8 0002000000000000
71986.7 663 8 7814E00E00AA0000
71987.8 31C 8 00000000800084F3
71989.1 31D 8 000000000000001F
72000.3 38C 8 000000000000007F
72001.6 38D 8 00000000000000E5
72002.7 39C 8 FF6F000000000000
72016.1 3C3 8 FF00000000000000
72017.3 444 8 0000000000000005
72031.8 523 8 CD1F7770450E0B02
72032.9 52E 5 603F000000
72034.1 31C 8 00000000800084F3
72047.6 31D 8 000000000000001F
72063.2 539 8 2402800008030000
72064.6 541 8 0000000000000000
72066.0 444 8 0000000000000005
72078.7 6C0 7 04030100000000
72079.9 3F1 8 0002000000000000
72081.2 663 8 7814E00E00AA0000
72094.5 31C 8 00000000800084F3
72096.1 31D 8 000000000000001F
72097.3 38C 8 000000000000007F
72110.3 38D 8 00000000000000E5
72111.9 39C 8 FF6F000000000000
72113.2 6AB 8 00000000000041A1
72114.3 3C3 8 FF00000000000000
72115.8 444 8 0000000000000005
72125.5 537 8 8080808080800000
72126.7 538 8 8080008080000080
72142.2 31C 8 00000000800084F3
72144.0 31D 8 000000000000001F
72172.6 444 8 0000000000000005
72188.2 3F1 8 0002000000000000
72189.4 663 8 7814E00E00AA0000
72190.7 31C 8 00000000800084F3
72191.9 31D 8 000000000000001F
72203.8 38C 8 000000000000007F
72205.3 38D 8 00000000000000E5
72206.5 39C 8 FF6F000000000000
72219.5 3C3 8 FF00000000000000
72220.7 444 8 0000000000000005
72235.2 31C 8 00000000800084F3
72238.2 31D 8 000000000000001F
72266.4 444 8 0000000000000005
72281.8 6C0 7 04030100000000
72283.0 3F1 8 0002000000000000
72284.1 484 8 0000000000000000
72285.4 523 8 CD1F7770450E0B02
72286.5 52E 5 603F000000
72288.2 585 8 902C00000000003F
72289.4 64C 2 0011
72290.5 663 8 7814E00E00AA0000
72291.7 6B2 8 FFFEFF0F880082C1
72292.7 31C 8 00000000800084F3
72297.5 31D 8 000000000000001F
72298.7 38C 8 000000000000007F
72299.9 38D 8 00000000000000E5
72313.1 39C 8 FF6F000000000000
72314.3 5FB 8 1FFFFFFFFF1FF87E
72315.3 539 8 2402800008030000
72316.5 541 8 0000000000000000
72317.6 5FA 8 5B9DC7CC9C46F1FF
72318.7 6AB 8 00000000000041A1
72319.9 3C3 8 FF00000000000000
72321.2 444 8 0000000000000005
72328.6 537 8 8080808080800000
72330.0 538 8 8080008080000080
72344.2 31C 8 00000000800084F3
72345.5 5EA 8 0000000000000016
72346.5 31D 8 000000000000001F
72347.7 5EB 8 0000000000000007
72348.9 5EC 8 000000000000000F
72360.1 66B 8 7700000000000000
72361.4 66C 8 DF09000000000000
72362.5 444 8 0000000000000005
72391.1 3F1 8 0002000000000000
72392.3 663 8 7814E00E00AA0000
72393.5 31C 8 00000000800084F3
72394.8 31D 8 000000000000001F
72396.0 38C 8 000000000000007F
72406.7 38D 8 00000000000000E5
72408.6 39C 8 FF6F000000000000
72409.9 3C3 8 FF00000000000000
72422.5 444 8 0000000000000005
72438.0 31C 8 00000000800084F3
72439.2 31D 8 000000000000001F
72469.2 444 8 0000000000000005
72485.1 6C0 7 04030100000000
72486.4 3F1 8 0002000000000000
72487.5 663 8 7814E00E00AA0000
72488.7 31C 8 00000000800084F3
72490.0 31D 8 000000000000001F
72500.3 38C 8 000000000000007F
72501.5 38D 8 00000000000000E5
72502.6 39C 8 FF6F000000000000
72516.2 6AB 8 00000000000041A1
72517.6 3C3 8 FF00000000000000
72518.7 444 8 0000000000000005
72520.0 537 8 8080808080800000
72531.7 538 8 8080008080000080
72532.9 523 8 CD1F7770450E0B02
72534.1 52E 5 603F000000
72535.1 31C 8 00000000800084F3
72547.5 31D 8 000000000000001F
72563.2 539 8 2402800008030000
72564.4 541 8 0000000000000000
72565.6 444 8 0000000000000005
72578.6 3F1 8 0002000000000000
72579.9 663 8 7814E00E00AA0000
72594.3 31C 8 00000000800084F3
72595.9 31D 8 000000000000001F
72597.7 38C 8 000000000000007F
72610.1 38D 8 00000000000000E5
72611.6 39C 8 FF6F000000000000
72612.8 3C3 8 FF00000000000000
72613.9 444 8 0000000000000005
72641.2 31C 8 00000000800084F3
72642.4 31D 8 000000000000001F
72672.7 444 8 0000000000000005
72688.2 6C0 7 04030100000000
72689.3 3F1 8 0002000000000000
72690.7 663 8 7814E00E00AA0000
72691.8 31C 8 00000000800084F3
72693.1 31D 8 000000000000001F
72704.0 38C 8 000000000000007F
72705.6 38D 8 00000000000000E5
72706.8 39C 8 FF6F000000000000
72707.9 6AB 8 00000000000041A1
72719.3 3C3 8 FF00000000000000
72720.6 444 8 0000000000000005
72721.8 537 8 8080808080800000
72735.1 538 8 8080008080000080
72736.5 31C 8 00000000800084F3
72737.7 31D 8 000000000000001F
72766.2 444 8 0000000000000005
72782.0 3F1 8 0002000000000000
72784.0 484 8 0000000000000000
72786.1 523 8 CD1F7770450E0B02
72787.9 52E 5 603F000000
72791.2 663 8 7814E00E00AA0000
72792.4 31C 8 00000000800084F3
72798.1 31D 8 000000000000001F
72799.4 38C 8 000000000000007F
72800.6 38D 8 00000000000000E5
72813.2 39C 8 FF6F000000000000
72814.4 539 8 2402800008030000
72815.5 541 8 0000000000000000
72816.7 3C3 8 FF00000000000000
72817.9 444 8 0000000000000005
72844.2 31C 8 00000000800084F3
72845.7 5EA 8 0000000000000016
72846.8 31D 8 000000000000001F
72848.0 5EB 8 0000000000000007
72849.2 5EC 8 000000000000000F
72860.4 66B 8 7700000000000000
72861.8 66C 8 DF09000000000000
72863.0 444 8 0000000000000005
72891.2 6C0 7 04030100000000
72892.4 3F1 8 0002000000000000
72893.5 663 8 7814E00E00AA0000
72894.8 31C 8 00000000800084F3
72896.2 31D 8 000000000000001F
72897.4 38C 8 000000000000007F
72907.0 38D 8 00000000000000E5
72908.6 39C 8 FF6F000000000000
72909.8 6AB 8 00000000000041A1
72911.0 3C3 8 FF00000000000000
72922.5 444 8 0000000000000005
72923.8 537 8 8080808080800000
72924.9 538 8 8080008080000080
72938.0 31C 8 00000000800084F3
72939.2 31D 8 000000000000001F
72969.2 444 8 0000000000000005
72985.1 3F1 8 0002000000000000
72986.5 663 8 7814E00E00AA0000
72987.7 31C 8 00000000800084F3
72988.9 31D 8 000000000000001F
73000.3 38C 8 000000000000007F
73001.6 38D 8 00000000000000E5
73002.8 39C 8 FF6F000000000000
73016.1 3C3 8 FF00000000000000
73017.3 444 8 0000000000000005
73032.1 523 8 CD1F7770450E0B02
73033.6 52E 5 603F000000
73034.8 31C 8 00000000800084F3
73047.4 31D 8 000000000000001F
73063.1 539 8 2402800008030000
73064.3 541 8 0000000000000000
73065.4 444 8 0000000000000005
73078.6 6C0 7 04030100000000
73080.0 3F1 8 0002000000000000
73081.3 663 8 7814E00E00AA0000
73094.3 31C 8 00000000800084F3
73095.7 31D 8 000000000000001F
73096.9 38C 8 000000000000007F
73110.2 38D 8 00000000000000E5
73111.6 39C 8 FF6F000000000000
73112.8 6AB 8 00000000000041A1
73113.9 3C3 8 FF00000000000000
73115.3 444 8 0000000000000005
73125.7 537 8 8080808080800000
73127.1 538 8 8080008080000080
73141.3 31C 8 00000000800084F3
73143.3 31D 8 000000000000001F
73172.5 444 8 0000000000000005
73188.1 3F1 8 0002000000000000
73192.3 663 8 7814E00E00AA0000
73193.5 31C 8 00000000800084F3
73194.7 31D 8 000000000000001F
73204.0 38C 8 000000000000007F
73205.6 38D 8 00000000000000E5
73207.3 39C 8 FF6F000000000000
73219.4 3C3 8 FF00000000000000
73220.6 444 8 0000000000000005
73235.1 31C 8 00000000800084F3
73236.5 31D 8 000000000000001F
73266.3 444 8 0000000000000005
73281.9 6C0 7 04030100000000
73283.1 3F1 8 0002000000000000
73284.3 484 8 0000000000000000
73285.3 523 8 CD1F7770450E0B02
73286.4 52E 5 603F000000
73287.5 585 8 902C00000000003F
73288.6 64C 2 0011
73289.8 663 8 7814E00E00AA0000
73291.0 6B2 8 FFFEFF0F880002C2
73292.1 31C 8 00000000800084F3
73297.6 31D 8 000000000000001F
73298.9 38C 8 000000000000007F
73300.2 38D 8 00000000000000E5
73313.0 39C 8 FF6F000000000000
73314.2 5FB 8 1FFFFFFFFF1FF87E
73315.4 539 8 2402800008030000
73316.5 541 8 0000000000000000
73318.3 5FA 8 5B9DC7CC9C46F1FF
73319.5 3C3 8 FF00000000000000
73320.9 6AB 8 00000000000041A1
73322.1 444 8 0000000000000005
73328.7 537 8 8080808080800000
73329.9 538 8 8080008080000080
73344.3 31C 8 00000000800084F3
73345.8 5EA 8 0000000000000016
73346.9 31D 8 000000000000001F
73348.1 5EB 8 0000000000000007
73349.3 5EC 8 000000000000000F
73360.1 66B 8 7700000000000000
73361.4 66C 8 DF09000000000000
73362.5 444 8 0000000000000005
73391.2 3F1 8 0002000000000000
73392.4 663 8 7814E00E00AA0000
73393.5 31C 8 00000000800084F3
73394.8 31D 8 000000000000001F
73396.2 38C 8 000000000000007F
73406.7 38D 8 00000000000000E5
73407.9 39C 8 FF6F000000000000
73409.1 3C3 8 FF00000000000000
73422.5 444 8 0000000000000005
73438.0 31C 8 00000000800084F3
73439.2 31D 8 000000000000001F
73469.2 444 8 0000000000000005
73485.1 6C0 7 04030100000000
73486.4 3F1 8 0002000000000000
73487.6 663 8 7814E00E00AA0000
73488.8 31C 8 00000000800084F3
73490.2 31D 8 000000000000001F
73500.3 38C 8 000000000000007F
73501.6 38D 8 00000000000000E5
73502.8 39C 8 FF6F000000000000
73516.2 6AB 8 00000000000041A1
73517.4 3C3 8 FF00000000000000
73518.6 444 8 0000000000000005
73519.8 537 8 8080808080800000
73532.0 538 8 8080008080000080
73533.3 523 8 CD1F7770450E0B02
73534.5 52E 5 603F000000
73535.9 31C 8 00000000800084F3
73547.5 31D 8 000000000000001F
73563.0 539 8 2402800008030000
73564.2 541 8 0000000000000000
73565.3 444 8 0000000000000005
73578.6 3F1 8 0002000000000000
73580.0 663 8 7814E00E00AA0000
73594.3 31C 8 00000000800084F3
73595.7 31D 8 000000000000001F
73596.9 38C 8 000000000000007F
73610.0 38D 8 00000000000000E5
73611.4 39C 8 FF6F000000000000
73612.6 3C3 8 FF00000000000000
73613.7 444 8 0000000000000005
73641.2 31C 8 00000000800084F3
73642.5 31D 8 000000000000001F
73672.5 444 8 0000000000000005
73688.0 6C0 7 04030100000000
73689.2 3F1 8 0002000000000000
73690.4 663 8 7814E00E00AA0000
73692.4 31C 8 00000000800084F3
73693.7 31D 8 000000000000001F
73703.4 38C 8 000000000000007F
73704.8 38D 8 00000000000000E5
73705.9 39C 8 FF6F000000000000
73719.2 6AB 8 00000000000041A1
73720.4 3C3 8 FF00000000000000
73721.5 444 8 0000000000000005
73722.7 537 8 8080808080800000
73734.9 538 8 8080008080000080
73736.3 31C 8 00000000800084F3
73737.6 31D 8 000000000000001F
73766.3 444 8 0000000000000005
73781.8 3F1 8 0002000000000000
73783.0 484 8 0000000000000000
73784.1 523 8 CD1F7770450E0B02
73785.3 52E 5 603F000000
73786.5 663 8 7814E00E00AA0000
73787.7 31C 8 00000000800084F3
73797.7 31D 8 000000000000001F
73798.9 38C 8 000000000000007F
73800.2 38D 8 00000000000000E5
73812.8 39C 8 FF6F000000000000
73814.0 539 8 2402800008030000
73815.2 541 8 0000000000000000
73816.3 3C3 8 FF00000000000000
73817.4 444 8 0000000000000005
73844.3 31C 8 00000000800084F3
73845.6 5EA 8 0000000000000016
73846.7 31D 8 000000000000001F
73847.9 5EB 8 0000000000000007
73849.7 5EC 8 000000000000000F
73860.4 66B 8 7700000000000000
73861.8 66C 8 DF09000000000000
73863.0 444 8 0000000000000005
73891.1 6C0 7 04030100000000
73892.3 3F1 8 0002000000000000
73893.5 663 8 7814E00E00AA0000
73894.8 31C 8 00000000800084F3
73896.1 31D 8 000000000000001F
73897.4 38C 8 000000000000007F
73906.9 38D 8 00000000000000E5
73908.4 39C 8 FF6F000000000000
73909.6 6AB 8 00000000000041A1
73911.0 3C3 8 FF00000000000000
73922.6 444 8 0000000000000005
73924.6 537 8 8080808080800000
73925.7 538 8 8080008080000080
73938.1 31C 8 00000000800084F3
73939.4 31D 8 000000000000001F
73969.2 444 8 0000000000000005
73985.1 3F1 8 0002000000000000
73986.4 663 8 7814E00E00AA0000
73987.6 31C 8 00000000800084F3
73988.8 31D 8 000000000000001F
74000.2 38C 8 000000000000007F
74001.5 38D 8 00000000000000E5
74002.6 39C 8 FF6F000000000000
74016.3 3C3 8 FF00000000000000
74017.5 444 8 0000000000000005
74031.8 523 8 CD1F7770450E0B02
74033.0 52E 5 603F000000
74035.0 31C 8 00000000800084F3
74047.5 31D 8 000000000000001F
74063.1 539 8 2402800008030000
74064.3 541 8 0000000000000000
74065.4 444 8 0000000000000005
74078.6 6C0 7 04030100000000
74079.9 3F1 8 0002000000000000
74081.3 663 8 7814E00E00AA0000
74094.3 31C 8 00000000800084F3
74095.5 31D 8 000000000000001F
74096.7 38C 8 000000000000007F
74110.0 38D 8 00000000000000E5
74111.4 39C 8 FF6F000000000000
74112.6 6AB 8 00000000000041A1
74113.8 3C3 8 FF00000000000000
74115.1 444 8 0000000000000005
74125.5 537 8 8080808080800000
74126.7 538 8 8080008080000080
74141.2 31C 8 00000000800084F3
74142.7 31D 8 000000000000001F
74172.6 444 8 0000000000000005
74188.0 3F1 8 0002000000000000
74189.2 663 8 7814E00E00AA0000
74190.3 31C 8 00000000800084F3
74191.5 31D 8 000000000000001F
74203.6 38C 8 000000000000007F
74205.0 38D 8 00000000000000E5
74206.3 39C 8 FF6F000000000000
74219.2 3C3 8 FF00000000000000
74220.4 444 8 0000000000000005
74235.2 31C 8 00000000800084F3
74236.6 31D 8 000000000000001F
74266.1 444 8 0000000000000005
74281.8 6C0 7 04030100000000
74283.0 3F1 8 0002000000000000
74284.2 484 8 0000000000000000
74285.4 523 8 CD1F7770450E0B02
74286.5 52E 5 603F000000
74287.7 585 8 902C00000000003F
74288.7 64C 2 0011
74290.0 663 8 7814E00E00AA0000
74291.3 6B2 8 FFFEFF0F880082C2
74292.4 31C 8 00000000800084F3
74297.5 31D 8 000000000000001F
74298.8 38C 8 000000000000007F
74300.0 38D 8 00000000000000E5
74312.9 39C 8 FF6F000000000000
74314.1 5FB 8 1FFFFFFFFF1FF87E
74315.1 539 8 2402800008030000
74316.4 541 8 0000000000000000
74317.6 3C3 8 FF00000000000000
74318.7 5FA 8 5B9DC7CC9C46F1FF
74319.9 6AB 8 00000000000041A1
74321.2 444 8 0000000000000005
74328.7 537 8 8080808080800000
74329.9 538 8 8080008080000080
74344.4 31C 8 00000000800084F3
74345.7 5EA 8 0000000000000016
74346.7 31D 8 000000000000001F
74347.9 5EB 8 0000000000000007
74349.0 5EC 8 000000000000000F
74360.1 66B 8 7700000000000000
74362.1 66C 8 DF09000000000000
74363.3 444 8 0000000000000005
74391.1 3F1 8 0002000000000000
74392.4 663 8 7814E00E00AA0000
74393.5 31C 8 00000000800084F3
74394.9 31D 8 000000000000001F
74396.3 38C 8 000000000000007F
74406.9 38D 8 00000000000000E5
74408.3 39C 8 FF6F000000000000
74409.4 3C3 8 FF00000000000000
74422.4 444 8 0000000000000005
74438.0 31C 8 00000000800084F3
74439.2 31D 8 000000000000001F
74469.3 444 8 0000000000000005
74485.1 6C0 7 04030100000000
74486.4 3F1 8 0002000000000000
74487.6 663 8 7814E00E00AA0000
74488.8 31C 8 00000000800084F3
74490.1 31D 8 000000000000001F
74500.3 38C 8 000000000000007F
74501.6 38D 8 00000000000000E5
74502.8 39C 8 FF6F000000000000
74516.1 6AB 8 00000000000041A1
74517.3 3C3 8 FF00000000000000
74518.5 444 8 0000000000000005
74519.8 537 8 8080808080800000
74532.0 538 8 8080008080000080
74533.4 523 8 CD1F7770450E0B02
74534.6 52E 5 603F000000
74535.9 31C 8 00000000800084F3
74547.4 31D 8 000000000000001F
74563.3 539 8 2402800008030000
74572.2 541 8 0000000000000000
74573.9 444 8 0000000000000005
74578.8 3F1 8 0002000000000000
74580.2 663 8 7814E00E00AA0000
74594.5 31C 8 00000000800084F3
74595.8 31D 8 000000000000001F
74597.1 38C 8 000000000000007F
74610.2 38D 8 00000000000000E5
74611.5 39C 8 FF6F000000000000
74612.7 3C3 8 FF00000000000000
74613.8 444 8 0000000000000005
74641.1 31C 8 00000000800084F3
74642.3 31D 8 000000000000001F
74672.4 444 8 0000000000000005
74688.1 6C0 7 04030100000000
74689.2 3F1 8 0002000000000000
74690.3 663 8 7814E00E00AA0000
74691.5 31C 8 00000000800084F3
74692.7 31D 8 000000000000001F
74703.4 38C 8 000000000000007F
74704.7 38D 8 00000000000000E5
74706.0 39C 8 FF6F000000000000
74719.4 6AB 8 00000000000041A1
74720.7 3C3 8 FF00000000000000
74721.9 444 8 0000000000000005
74723.1 537 8 8080808080800000
74735.2 538 8 8080008080000080
74736.6 31C 8 00000000800084F3
74737.9 31D 8 000000000000001F
74766.1 444 8 0000000000000005
74782.2 3F1 8 0002000000000000
74783.6 484 8 0000000000000000
74784.9 523 8 CD1F7770450E0B02
74786.2 52E 5 603F000000
74787.4 663 8 7814E00E00AA0000
74788.6 31C 8 00000000800084F3
74797.6 31D 8 000000000000001F
74799.5 38C 8 000000000000007F
74800.9 38D 8 00000000000000E5
74813.1 39C 8 FF6F000000000000
74814.4 539 8 2402800008030000
74815.5 541 8 0000000000000000
74816.6 3C3 8 FF00000000000000
74817.7 444 8 0000000000000005
74844.3 31C 8 00000000800084F3
74846.0 5EA 8 0000000000000016
74847.2 31D 8 000000000000001F
74848.4 5EB 8 0000000000000007
74849.5 5EC 8 000000000000000F
74860.6 66B 8 7700000000000000
74862.0 66C 8 DF09000000000000
74863.3 444 8 0000000000000005
74891.2 6C0 7 04030100000000
74892.4 3F1 8 0002000000000000
74893.5 663 8 7814E00E00AA0000
74894.8 31C 8 00000000800084F3
74896.1 31D 8 000000000000001F
74897.4 38C 8 000000000000007F
74906.7 38D 8 00000000000000E5
74907.9 39C 8 FF6F000000000000
74909.9 6AB 8 00000000000041A1
74911.0 3C3 8 FF00000000000000
74922.6 444 8 0000000000000005
74923.9 537 8 8080808080800000
74925.0 538 8 8080008080000080
74938.2 31C 8 00000000800084F3
74940.3 31D 8 000000000000001F
74969.2 444 8 0000000000000005
74985.1 3F1 8 0002000000000000
74986.5 663 8 7814E00E00AA0000
74987.6 31C 8 00000000800084F3
74988.8 31D 8 000000000000001F
75000.3 38C 8 000000000000007F
75001.6 38D 8 00000000000000E5
75002.8 39C 8 FF6F000000000000
75016.1 3C3 8 FF00000000000000
75017.3 444 8 0000000000000005
75031.9 523 8 CD1F7770450E0B02
75033.9 52E 5 603F000000
75035.2 31C 8 00000000800084F3
75047.6 31D 8 000000000000001F
75063.0 539 8 2402800008030000
75064.2 541 8 0000000000000000
75065.4 444 8 0000000000000005
75078.7 6C0 7 04030100000000
75080.0 3F1 8 0002000000000000
75081.3 663 8 7814E00E00AA0000
75094.3 31C 8 00000000800084F3
75095.8 31D 8 000000000000001F
75097.0 38C 8 000000000000007F
75110.2 38D 8 00000000000000E5
75111.7 39C 8 FF6F000000000000
75112.9 6AB 8 00000000000041A1
75114.0 3C3 8 FF00000000000000
75115.3 444 8 0000000000000005
75125.6 537 8 8080808080800000
75126.7 538 8 8080008080000080
75141.1 31C 8 00000000800084F3
75142.4 31D 8 000000000000001F
75172.5 444 8 0000000000000005
75188.1 3F1 8 0002000000000000
75189.3 663 8 7814E00E00AA0000
75190.6 31C 8 00000000800084F3
75191.9 31D 8 000000000000001F
75203.6 38C 8 000000000000007F
75205.5 38D 8 00000000000000E5
75207.2 39C 8 FF6F000000000000
75219.4 3C3 8 FF00000000000000
75220.6 444 8 0000000000000005
75235.2 31C 8 00000000800084F3
75236.7 31D 8 000000000000001F
75266.4 444 8 0000000000000005
75281.8 6C0 7 04030100000000
75283.0 3F1 8 0002000000000000
75284.1 484 8 0000000000000000
75285.3 523 8 CD1F7770450E0B02
75286.5 52E 5 603F000000
75287.7 585 8 902C00000000003F
75288.8 64C 2 0011
75290.0 663 8 7814E00E00AA0000
75291.3 6B2 8 FFFEFF0F880002C3
75293.1 31C 8 00000000800084F3
75297.4 31D 8 000000000000001F
75298.7 38C 8 000000000000007F
75299.9 38D 8 00000000000000E5
75313.0 39C 8 FF6F000000000000
75314.2 5FB 8 1FFFFFFFFF1FF87E
75315.4 539 8 2502800008030000
75316.5 3C3 8 FF00000000000000
75317.7 541 8 0000000000000000
75318.8 5FA 8 5B9DC7CC9C46F1FF
75320.0 6AB 8 00000000000041A1
75321.2 444 8 0000000000000005
75328.5 537 8 8080808080800000
75329.8 538 8 8080008080000080
75344.5 31C 8 00000000800084F3
75346.1 5EA 8 0000000000000016
75347.3 31D 8 000000000000001F
75348.5 5EB 8 0000000000000007
75349.6 5EC 8 000000000000000F
75360.0 66B 8 7700000000000000
75361.3 66C 8 DF09000000000000
75362.5 444 8 0000000000000005
75391.2 3F1 8 0002000000000000
75392.4 663 8 7814E00E00AA0000
75393.6 31C 8 00000000800084F3
75394.9 31D 8 000000000000001F
75396.1 38C 8 000000000000007F
75406.8 38D 8 00000000000000E5
75408.0 39C 8 FF6F000000000000
75409.2 3C3 8 FF00000000000000
75422.5 444 8 0000000000000005
75438.0 31C 8 00000000800084F3
75439.3 31D 8 000000000000001F
75469.2 444 8 0000000000000005
75485.2 6C0 7 04030100000000
75486.5 3F1 8 0002000000000000
75487.7 663 8 7814E00E00AA0000
75488.8 31C 8 00000000800084F3
75490.2 31D 8 000000000000001F
75500.3 38C 8 000000000000007F
75501.7 38D 8 00000000000000E5
75502.9 39C 8 FF6F000000000000
75516.1 6AB 8 00000000000041A1
75517.3 3C3 8 FF00000000000000
75518.5 444 8 0000000000000005
75519.7 537 8 8080808080800000
75532.0 538 8 8080008080000080
75533.4 523 8 CD1F7770450E0B02
75534.5 52E 5 603F000000
75535.9 31C 8 00000000800084F3
75547.4 31D 8 000000000000001F
75563.0 539 8 2502800008030000
75564.2 541 8 0000000000000000
75565.3 444 8 0000000000000005
75578.6 3F1 8 0002000000000000
75579.9 663 8 7814E00E00AA0000
75594.3 31C 8 00000000800084F3
75595.7 31D 8 000000000000001F
75596.9 38C 8 000000000000007F
75610.3 38D 8 00000000000000E5
75611.8 39C 8 FF6F000000000000
75613.3 3C3 8 FF00000000000000
75615.2 444 8 0000000000000005
75641.3 31C 8 00000000800084F3
75642.6 31D 8 000000000000001F
75672.5 444 8 0000000000000005
75688.0 6C0 7 04030100000000
75689.2 3F1 8 0002000000000000
75690.5 663 8 7814E00E00AA0000
75691.7 31C 8 00000000800084F3
75692.9 31D 8 000000000000001F
75703.4 38C 8 000000000000007F
75704.7 38D 8 00000000000000E5
75706.0 39C 8 FF6F000000000000
75719.3 6AB 8 00000000000041A1
75720.7 3C3 8 FF00000000000000
75721.9 444 8 0000000000000005
75723.1 537 8 8080808080800000
75735.3 538 8 8080008080000080
75736.7 31C 8 00000000800084F3
75738.0 31D 8 000000000000001F
75766.1 444 8 0000000000000005
75781.8 3F1 8 0002000000000000
75783.0 484 8 0000000000000000
75784.1 523 8 CD1F7770450E0B02
75785.6 52E 5 603F000000
75786.7 663 8 7814E00E00AA0000
75787.9 31C 8 00000000800084F3
75797.6 31D 8 000000000000001F
75798.9 38C 8 000000000000007F
75800.1 38D 8 00000000000000E5
75813.7 39C 8 FF6F000000000000
75814.9 539 8 2502800008030000
75816.0 3C3 8 FF00000000000000
75817.2 541 8 0000000000000000
75818.3 444 8 0000000000000005
75844.3 31C 8 00000000800084F3
75845.8 5EA 8 0000000000000016
75847.0 31D 8 000000000000001F
75848.2 5EB 8 0000000000000007
75849.3 5EC 8 000000000000000F
75860.8 66B 8 7700000000000000
75862.6 66C 8 DF09000000000000
75864.2 444 8 0000000000000005
75875.7 6C0 7 04030100000000
75891.3 3F1 8 0002000000000000
75892.5 663 8 7814E00E00AA0000
75893.7 31C 8 00000000800084F3
75895.0 31D 8 000000000000001F
75896.3 38C 8 000000000000007F
75907.0 38D 8 00000000000000E5
75908.2 39C 8 FF6F000000000000
75909.4 6AB 8 00000000000041A1
75910.7 3C3 8 FF00000000000000
75922.5 444 8 0000000000000005
75926.5 537 8 8080808080800000
75927.6 538 8 8080008080000080
75938.6 31C 8 00000000800084F3
75940.6 31D 8 000000000000001F
75969.4 444 8 0000000000000005
75985.2 3F1 8 0002000000000000
75986.6 663 8 7814E00E00AA0000
75988.4 31C 8 00000000800084F3
75989.7 31D 8 000000000000001F
76000.3 38C 8 000000000000007F
76001.6 38D 8 00000000000000E5
76002.8 39C 8 FF6F000000000000
76016.3 3C3 8 FF00000000000000
76017.5 444 8 0000000000000005
76036.7 523 8 CD1F7770450E0B02
76037.9 52E 5 603F000000
76039.0 31C 8 00000000800084F3
76040.2 31D 8 000000000000001F
76067.6 539 8 2502800008030000
76068.8 541 8 0000000000000000
76070.0 444 8 0000000000000005
76083.3 6C0 7 04030100000000
76084.5 3F1 8 0002000000000000
76085.8 663 8 7814E00E00AA0000
76087.0 31C 8 00000000800084F3
76099.0 31D 8 000000000000001F
76100.3 38C 8 000000000000007F
76101.4 38D 8 00000000000000E5
76114.8 39C 8 FF6F000000000000
76116.2 6AB 8 00000000000041A1
76117.3 3C3 8 FF00000000000000
76118.5 444 8 0000000000000005
76130.2 537 8 8080808080800000
76131.6 538 8 8080008080000080
76132.7 31C 8 00000000800084F3
76145.9 31D 8 000000000000001F
76161.6 444 8 0000000000000005
76176.7 3F1 8 0002000000000000
76178.7 663 8 7814E00E00AA0000
76192.6 31C 8 00000000800084F3
76193.9 31D 8 000000000000001F
76195.1 38C 8 000000000000007F
76208.2 38D 8 00000000000000E5
76209.4 39C 8 FF6F000000000000
76211.0 3C3 8 FF00000000000000
76223.9 444 8 0000000000000005
76239.5 31C 8 00000000800084F3
76240.7 31D 8 000000000000001F
76271.1 444 8 0000000000000005
76286.5 6C0 7 04030100000000
76287.7 3F1 8 0002000000000000
76288.8 484 8 0000000000000000
76290.0 523 8 CD1F7770450E0B02
76291.3 52E 5 603F000000
76292.5 585 8 902C00000000003F
76293.6 64C 2 0011
76294.7 663 8 7814E00E00AA0000
76296.1 6B2 8 FFFEFF0F880082C3
76297.2 31C 8 00000000800084F3
76298.4 31D 8 000000000000001F
76302.0 38C 8 000000000000007F
76303.2 38D 8 00000000000000E5
76304.4 39C 8 FF6F000000000000
76317.7 5FB 8 1FFFFFFFFF1FF87E
76318.9 3C3 8 FF00000000000000
76320.1 539 8 2502800008030000
76321.4 541 8 0000000000000000
76322.5 5FA 8 5B9DC7CC9C46F1FF
76323.6 6AB 8 00000000000041A1
76325.5 444 8 0000000000000005
76326.7 537 8 8080808080800000
76333.2 538 8 8080008080000080
76334.4 31C 8 00000000800084F3
76336.0 5EA 8 0000000000000016
76349.0 31D 8 000000000000001F
76350.3 5EB 8 0000000000000007
76351.5 5EC 8 000000000000000F
76352.6 66B 8 7700000000000000
76364.5 66C 8 DF09000000000000
76365.6 444 8 0000000000000005
76380.8 3F1 8 0002000000000000
76383.7 663 8 7814E00E00AA0000
76385.6 31C 8 00000000800084F3
76395.6 31D 8 000000000000001F
76396.9 38C 8 000000000000007F
76398.2 38D 8 00000000000000E5
76411.4 39C 8 FF6F000000000000
76412.7 3C3 8 FF00000000000000
76413.8 444 8 0000000000000005
76442.7 31C 8 00000000800084F3
76443.9 31D 8 000000000000001F
76474.1 444 8 0000000000000005
76489.5 6C0 7 04030100000000
76490.8 3F1 8 0002000000000000
76492.0 663 8 7814E00E00AA0000
76493.1 31C 8 00000000800084F3
76494.3 31D 8 000000000000001F
76505.1 38C 8 000000000000007F
76506.4 38D 8 00000000000000E5
76507.6 39C 8 FF6F000000000000
76509.6 6AB 8 00000000000044A1
76510.9 3C3 8 FF00000000000000
76520.5 444 8 0000000000000005
76521.8 537 8 8080808080800000
76523.0 538 8 8080008080000080
76536.6 523 8 CD1F7770450E0B02
76538.0 52E 5 603F000000
76539.1 31C 8 00000000800084F3
76540.3 31D 8 000000000000001F
76567.6 539 8 2502800008030000
76568.8 541 8 0000000000000000
76569.9 444 8 0000000000000005
76583.2 3F1 8 0002000000000000
76584.4 663 8 7814E00E00AA0000
76585.6 31C 8 00000000800084F3
76598.9 31D 8 000000000000001F
76600.5 38C 8 000000000000007F
76601.7 38D 8 00000000000000E5
76614.5 39C 8 FF6F000000000000
76615.7 3C3 8 FF00000000000000
76616.8 444 8 0000000000000005
76630.2 31C 8 00000000800084F3
76645.7 31D 8 000000000000001F
76661.5 444 8 0000000000000005
76676.9 6C0 7 04030100000000
76678.1 3F1 8 0002000000000000
76679.3 663 8 7814E00E00AA0000
76692.6 31C 8 00000000800084F3
76693.9 31D 8 000000000000001F
76695.1 38C 8 000000000000007F
76708.3 38D 8 00000000000000E5
76709.4 39C 8 FF6F000000000000
76711.0 3C3 8 FF00000000000000
76712.2 6AB 8 00000000000044A1
76723.9 444 8 0000000000000005
76725.2 537 8 8080808080800000
76726.4 538 8 8080008080000080
76739.5 31C 8 00000000800084F3
76740.7 31D 8 000000000000001F
76770.7 444 8 0000000000000005
76786.5 3F1 8 0002000000000000
76787.7 484 8 0000000000000000
76788.9 523 8 CD1F7770450E0B02
76790.1 52E 5 603F000000
76791.2 663 8 7814E00E00AA0000
76792.4 31C 8 00000000800084F3
76793.6 31D 8 000000000000001F
76802.0 38C 8 000000000000007F
76803.2 38D 8 00000000000000E5
76804.3 39C 8 FF6F000000000000
76817.6 3C3 8 FF00000000000000
76818.8 539 8 2502800008030000
76820.0 541 8 0000000000000000
76821.1 444 8 0000000000000005
76833.3 31C 8 00000000800084F3
76834.8 5EA 8 0000000000000016
76848.9 31D 8 000000000000001F
76850.4 5EB 8 0000000000000007
76851.7 5EC 8 000000000000000F
76852.8 66B 8 7700000000000000
76864.5 66C 8 DF09000000000000
76866.5 444 8 0000000000000005
76880.2 6C0 7 04030100000000
76881.5 3F1 8 0002000000000000
76882.7 663 8 7814E00E00AA0000
76883.9 31C 8 00000000800084F3
76895.5 31D 8 000000000000001F
76896.8 38C 8 000000000000007F
76898.0 38D 8 00000000000000E5
76911.4 39C 8 FF6F000000000000
76912.7 3C3 8 FF00000000000000
76913.9 6AB 8 00000000000044A1
76915.2 444 8 0000000000000005
76927.2 537 8 8080808080800000
76928.4 538 8 8080008080000080
76942.7 31C 8 00000000800084F3
76944.1 31D 8 000000000000001F
76974.2 444 8 0000000000000005
76989.5 3F1 8 0002000000000000
76990.9 663 8 7814E00E00AA0000
76992.1 31C 8 00000000800084F3
76993.3 31D 8 000000000000001F
77005.0 38C 8 000000000000007F
77006.2 38D 8 00000000000000E5
77007.4 39C 8 FF6F000000000000
77008.6 3C3 8 FF00000000000000
77020.7 444 8 0000000000000005
77036.4 523 8 CD1F7770450E0B02
77037.6 52E 5 603F000000
77038.8 31C 8 00000000800084F3
77040.0 31D 8 000000000000001F
77067.6 539 8 2502800008030000
77068.8 541 8 0000000000000000
77069.9 444 8 0000000000000005
77083.3 6C0 7 04030100000000
77084.5 3F1 8 0002000000000000
77085.6 663 8 7814E00E00AA0000
77086.8 31C 8 00000000800084F3
77098.9 31D 8 000000000000001F
77100.3 38C 8 000000000000007F
77101.6 38D 8 00000000000000E5
77114.5 39C 8 FF6F000000000000
77115.7 3C3 8 FF00000000000000
77116.9 6AB 8 00000000000044A1
77118.0 444 8 0000000000000005
77130.2 537 8 8080808080800000
77131.6 538 8 8080008080000080
77132.8 31C 8 00000000800084F3
77145.8 31D 8 000000000000001F
77161.6 444 8 0000000000000005
77176.8 3F1 8 0002000000000000
77178.1 663 8 7814E00E00AA0000
77192.7 31C 8 00000000800084F3
77193.9 31D 8 000000000000001F
77195.2 38C 8 000000000000007F
77208.3 38D 8 00000000000000E5
77209.5 39C 8 FF6F000000000000
77210.7 3C3 8 FF00000000000000
77223.9 444 8 0000000000000005
77239.5 31C 8 00000000800084F3
77240.7 31D 8 000000000000001F
77270.8 444 8 0000000000000005
77286.5 6C0 7 04030100000000
77290.5 3F1 8 0002000000000000
77291.7 484 8 0000000000000000
77292.9 523 8 CD1F7770450E0B02
77294.0 52E 5 603F000000
77295.1 585 8 902C00000000003F
77296.2 64C 2 0011
77297.4 663 8 7814E00E00AA0000
77298.6 6B2 8 FFFEFF0F880002C4
77299.7 31C 8 00000000800084F3
77301.2 31D 8 000000000000001F
77317.6 38C 8 000000000000007F
77318.8 38D 8 00000000000000E5
77320.0 39C 8 FF6F000000000000
77321.3 3C3 8 FF00000000000000
77322.5 5FB 8 1FFFFFFFFF1FF87E
77323.7 539 8 2502800008030000
77324.8 541 8 0000000000000000
77325.9 5FA 8 5B9DC7CC9C46F1FF
77327.0 6AB 8 00000000000044A1
77328.2 444 8 0000000000000005
77329.5 537 8 8080808080800000
77333.3 538 8 8080008080000080
77334.5 31C 8 00000000800084F3
77335.7 5EA 8 0000000000000016
77348.9 31D 8 000000000000001F
77350.4 5EB 8 0000000000000007
77351.6 5EC 8 000000000000000F
77352.8 66B 8 7700000000000000
77364.5 66C 8 DF09000000000000
77365.6 444 8 0000000000000005
77381.0 3F1 8 0002000000000000
77382.3 663 8 7814E00E00AA0000
77383.5 31C 8 00000000800084F3
77395.5 31D 8 000000000000001F
77396.7 38C 8 000000000000007F
77397.9 38D 8 00000000000000E5
77411.5 39C 8 FF6F000000000000
77412.7 3C3 8 FF00000000000000
77413.8 444 8 0000000000000005
77442.6 31C 8 00000000800084F3
77443.9 31D 8 000000000000001F
77474.0 444 8 0000000000000005
77489.5 6C0 7 04030100000000
77490.8 3F1 8 0002000000000000
77492.0 663 8 7814E00E00AA0000
77493.2 31C 8 00000000800084F3
77494.4 31D 8 000000000000001F
77505.1 38C 8 000000000000007F
77506.5 38D 8 00000000000000E5
77507.7 39C 8 FF6F000000000000
77508.8 3C3 8 FF00000000000000
77510.0 6AB 8 00000000000044A1
77520.5 444 8 0000000000000005
77521.8 537 8 8080808080800000
77522.9 538 8 8080008080000080
77536.4 523 8 CD1F7770450E0B02
77537.6 52E 5 603F000000
77538.7 31C 8 00000000800084F3
77540.0 31D 8 000000000000001F
77567.6 539 8 2502800008030000
77568.8 541 8 0000000000000000
77570.7 444 8 0000000000000005
77583.2 3F1 8 0002000000000000
77584.4 663 8 7814E00E00AA0000
77585.5 31C 8 00000000800084F3
77598.9 31D 8 000000000000001F
77600.4 38C 8 000000000000007F
77601.7 38D 8 00000000000000E5
77614.6 39C 8 FF6F000000000000
77615.8 3C3 8 FF00000000000000
77616.9 444 8 0000000000000005
77630.3 31C 8 00000000800084F3
77645.7 31D 8 000000000000001F
77661.6 444 8 0000000000000005
77676.8 6C0 7 04030100000000
77678.0 3F1 8 0002000000000000
77679.1 663 8 7814E00E00AA0000
77692.8 31C 8 00000000800084F3
77694.5 31D 8 000000000000001F
77695.9 38C 8 000000000000007F
77708.5 38D 8 00000000000000E5
77709.7 39C 8 FF6F000000000000
77711.1 3C3 8 FF00000000000000
77712.2 6AB 8 00000000000044A1
77724.1 444 8 0000000000000005
77725.3 537 8 8080808080800000
77726.5 538 8 8080008080000080
77739.6 31C 8 00000000800084F3
77740.8 31D 8 000000000000001F
77770.8 444 8 0000000000000005
77786.5 3F1 8 0002000000000000
77787.7 484 8 0000000000000000
77788.8 523 8 CD1F7770450E0B02
77790.0 52E 5 603F000000
77791.3 663 8 7814E00E00AA0000
77792.5 31C 8 00000000800084F3
77793.7 31D 8 000000000000001F
77802.0 38C 8 000000000000007F
77803.1 38D 8 00000000000000E5
77804.3 39C 8 FF6F000000000000
77817.6 3C3 8 FF00000000000000
77818.8 539 8 2502800008030000
77820.0 541 8 0000000000000000
77821.1 444 8 0000000000000005
77833.2 31C 8 00000000800084F3
77834.5 5EA 8 0000000000000016
77849.0 31D 8 000000000000001F
77850.4 5EB 8 0000000000000007
77851.5 5EC 8 000000000000000F
77852.7 66B 8 7700000000000000
77864.9 66C 8 DF09000000000000
77866.0 444 8 0000000000000005
77880.3 6C0 7 04030100000000
77881.7 3F1 8 0002000000000000
77882.9 663 8 7814E00E00AA0000
77884.0 31C 8 00000000800084F3
77895.5 31D 8 000000000000001F
77896.7 38C 8 000000000000007F
77897.9 38D 8 00000000000000E5
77911.8 39C 8 FF6F000000000000
77913.0 3C3 8 FF00000000000000
77914.1 6AB 8 00000000000044A1
77916.2 444 8 0000000000000005
77927.0 537 8 8080808080800000
77928.1 538 8 8080008080000080
77942.6 31C 8 00000000800084F3
77943.8 31D 8 000000000000001F
77974.9 444 8 0000000000000005
77989.7 3F1 8 0002000000000000
77991.4 663 8 7814E00E00AA0000
77992.6 31C 8 00000000800084F3
77993.8 31D 8 000000000000001F
78005.2 38C 8 000000000000007F
78006.5 38D 8 00000000000000E5
78007.7 39C 8 FF6F000000000000
78009.0 3C3 8 FF00000000000000
78020.8 444 8 0000000000000005
78036.5 523 8 CD1F7770450E0B02
78037.8 52E 5 603F000000
78038.9 31C 8 00000000800084F3
78040.2 31D 8 000000000000001F
78067.7 539 8 2502800008030000
78068.9 541 8 0000000000000000
78070.1 444 8 0000000000000005
78083.2 6C0 7 04030100000000
78084.4 3F1 8 0002000000000000
78085.9 663 8 7814E00E00AA0000
78087.0 31C 8 00000000800084F3
78099.0 31D 8 000000000000001F
78100.3 38C 8 000000000000007F
78101.5 38D 8 00000000000000E5
78114.5 39C 8 FF6F000000000000
78116.8 3C3 8 FF00000000000000
78117.9 6AB 8 00000000000044A1
78119.1 444 8 0000000000000005
78130.2 537 8 8080808080800000
78131.7 538 8 8080008080000080
78132.8 31C 8 00000000800084F3
78145.8 31D 8 000000000000001F
78161.5 444 8 0000000000000005
78176.8 3F1 8 0002000000000000
78178.1 663 8 7814E00E00AA0000
78192.6 31C 8 00000000800084F3
78193.9 31D 8 000000000000001F
78195.2 38C 8 000000000000007F
78208.3 38D 8 00000000000000E5
78209.9 39C 8 FF6F000000000000
78211.2 3C3 8 FF00000000000000
78224.0 444 8 0000000000000005
78239.5 31C 8 00000000800084F3
78240.7 31D 8 000000000000001F
78271.2 444 8 0000000000000005
78286.6 6C0 7 04030100000000
78287.8 3F1 8 0002000000000000
78289.0 484 8 0000000000000000
78290.3 523 8 CD1F7770450E0B02
78291.6 52E 5 603F000000
78292.7 585 8 902C00000000003F
78293.8 64C 2 0011
78295.1 663 8 7814E00E00AA0000
78296.4 6B2 8 FFFEFF0F880082C4
78297.6 31C 8 00000000800084F3
78299.6 31D 8 000000000000001F
78302.1 38C 8 000000000000007F
78303.3 38D 8 00000000000000E5
78304.5 39C 8 FF6F000000000000
78317.6 3C3 8 FF00000000000000
78318.8 5FB 8 1FFFFFFFFF1FF87E
78320.1 539 8 2502800008030000
78321.4 541 8 0000000000000000
78322.5 5FA 8 5B9DC7CC9C46F1FF
78323.6 6AB 8 00000000000044A1
78324.7 444 8 0000000000000005
78326.0 537 8 8080808080800000
78333.2 538 8 8080008080000080
78334.4 31C 8 00000000800084F3
78335.8 5EA 8 0000000000000016
78348.9 31D 8 000000000000001F
78350.4 5EB 8 0000000000000007
78351.7 5EC 8 000000000000000F
78352.8 66B 8 7700000000000000
78364.7 66C 8 DF09000000000000
78366.5 444 8 0000000000000005
78380.2 3F1 8 0002000000000000
78381.5 663 8 7814E00E00AA0000
78382.7 31C 8 00000000800084F3
78395.6 31D 8 000000000000001F
78396.8 38C 8 000000000000007F
78398.0 38D 8 00000000000000E5
78411.4 39C 8 FF6F000000000000
78412.6 3C3 8 FF00000000000000
78413.8 444 8 0000000000000005
78442.6 31C 8 00000000800084F3
78443.9 31D 8 000000000000001F
78473.9 444 8 0000000000000005
78489.4 6C0 7 04030100000000
78490.6 3F1 8 0002000000000000
78491.7 663 8 7814E00E00AA0000
78492.9 31C 8 00000000800084F3
78494.1 31D 8 000000000000001F
78505.2 38C 8 000000000000007F
78506.5 38D 8 00000000000000E5
78507.6 39C 8 FF6F000000000000
78508.8 3C3 8 FF00000000000000
78520.5 6AB 8 00000000000044A1
78521.7 444 8 0000000000000005
78522.9 537 8 8080808080800000
78524.1 538 8 8080008080000080
78536.6 523 8 CD1F7770450E0B02
78537.8 52E 5 603F000000
78538.9 31C 8 00000000800084F3
78540.1 31D 8 000000000000001F
78567.5 539 8 2502800008030000
78569.0 541 8 0000000000000000
78570.2 444 8 0000000000000005
78583.3 3F1 8 0002000000000000
78584.8 663 8 7814E00E00AA0000
78586.2 31C 8 00000000800084F3
78599.0 31D 8 000000000000001F
78600.3 38C 8 000000000000007F
78601.6 38D 8 00000000000000E5
78614.7 39C 8 FF6F000000000000
78615.9 3C3 8 FF00000000000000
78617.1 444 8 0000000000000005
78630.3 31C 8 00000000800084F3
78645.8 31D 8 000000000000001F
78661.5 444 8 0000000000000005
78677.0 6C0 7 04030100000000
78678.3 3F1 8 0002000000000000
78679.5 663 8 7814E00E00AA0000
78692.6 31C 8 00000000800084F3
78693.8 31D 8 000000000000001F
78695.2 38C 8 000000000000007F
78708.4 38D 8 00000000000000E5
78710.0 39C 8 FF6F000000000000
78711.3 3C3 8 FF00000000000000
78712.5 6AB 8 00000000000044A1
78724.0 444 8 0000000000000005
78725.2 537 8 8080808080800000
78726.3 538 8 8080008080000080
78739.5 31C 8 00000000800084F3
78740.7 31D 8 000000000000001F
78770.8 444 8 0000000000000005
78786.6 3F1 8 0002000000000000
78787.9 484 8 0000000000000000
78789.0 523 8 CD1F7770450E0B02
78790.2 52E 5 603F000000
78791.4 663 8 7814E00E00AA0000
78792.6 31C 8 00000000800084F3
78793.8 31D 8 000000000000001F
78802.1 38C 8 000000000000007F
78803.3 38D 8 00000000000000E5
78804.5 39C 8 FF6F000000000000
78817.7 3C3 8 FF00000000000000
78819.7 539 8 2502800008030000
78820.8 541 8 0000000000000000
78822.0 444 8 0000000000000005
78833.2 31C 8 00000000800084F3
78834.5 5EA 8 0000000000000016
78849.0 31D 8 000000000000001F
78850.3 5EB 8 0000000000000007
78851.5 5EC 8 000000000000000F
78852.6 66B 8 7700000000000000
78864.8 66C 8 DF09000000000000
78865.9 444 8 0000000000000005
78880.3 6C0 7 04030100000000
78881.7 3F1 8 0002000000000000
78882.9 663 8 7814E00E00AA0000
78884.0 31C 8 00000000800084F3
78895.5 31D 8 000000000000001F
78896.7 38C 8 000000000000007F
78897.9 38D 8 00000000000000E5
78911.6 39C 8 FF6F000000000000
78912.7 3C3 8 FF00000000000000
78913.9 6AB 8 00000000000044A1
78915.2 444 8 0000000000000005
78927.1 537 8 8080808080800000
78928.2 538 8 8080008080000080
78942.6 31C 8 00000000800084F3
78943.8 31D 8 000000000000001F
78974.1 444 8 0000000000000005
78989.6 3F1 8 0002000000000000
78990.9 663 8 7814E00E00AA0000
78992.1 31C 8 00000000800084F3
78993.3 31D 8 000000000000001F
79005.7 38C 8 000000000000007F
79007.2 38D 8 00000000000000E5
79008.5 39C 8 FF6F000000000000
79009.6 3C3 8 FF00000000000000
79020.8 444 8 0000000000000005
79036.6 523 8 CD1F7770450E0B02
79037.8 52E 5 603F000000
79038.9 31C 8 00000000800084F3
79040.1 31D 8 000000000000001F
79067.8 539 8 2502800008030000
79069.2 541 8 0000000000000000
79070.3 444 8 0000000000000005
79083.4 6C0 7 04030100000000
79084.6 3F1 8 0002000000000000
79086.2 663 8 7814E00E00AA0000
79087.4 31C 8 00000000800084F3
79099.1 31D 8 000000000000001F
79100.4 38C 8 000000000000007F
79101.6 38D 8 00000000000000E5
79114.7 39C 8 FF6F000000000000
79116.3 3C3 8 FF00000000000000
79117.5 6AB 8 00000000000044A1
79118.6 444 8 0000000000000005
79130.2 537 8 8080808080800000
79131.7 538 8 8080008080000080
79132.8 31C 8 00000000800084F3
79145.8 31D 8 000000000000001F
79161.9 444 8 0000000000000005
79176.8 3F1 8 0002000000000000
79178.1 663 8 7814E00E00AA0000
79192.6 31C 8 00000000800084F3
79193.8 31D 8 000000000000001F
79195.2 38C 8 000000000000007F
79210.1 38D 8 00000000000000E5
79211.5 39C 8 FF6F000000000000
79212.9 3C3 8 FF00000000000000
79224.1 444 8 0000000000000005
79239.5 31C 8 00000000800084F3
79240.8 31D 8 000000000000001F
79271.0 444 8 0000000000000005
79286.6 6C0 7 04030100000000
79287.8 3F1 8 0002000000000000
79289.0 484 8 0000000000000000
79290.2 523 8 CD1F7770450E0B02
79291.5 52E 5 603F000000
79292.6 585 8 902C00000000003F
79293.7 64C 2 0011
79295.0 663 8 7814E00E00AA0000
79296.3 6B2 8 FFFEFF0F880002C5
79297.4 31C 8 00000000800084F3
79298.6 31D 8 000000000000001F
79302.0 38C 8 000000000000007F
79303.3 38D 8 00000000000000E5
79304.4 39C 8 FF6F000000000000
79317.7 3C3 8 FF00000000000000
79319.0 5FB 8 1FFFFFFFFF1FF87E
79320.4 539 8 2502800008030000
79321.6 541 8 0000000000000000
79322.8 5FA 8 5B9DC7CC9C46F1FF
79323.9 6AB 8 00000000000044A1
79325.1 444 8 0000000000000005
79326.3 537 8 8080808080800000
79333.4 538 8 8080008080000080
79334.6 31C 8 00000000800084F3
79336.1 5EA 8 0000000000000016
79349.2 31D 8 000000000000001F
79350.4 5EB 8 0000000000000007
79351.6 5EC 8 000000000000000F
79352.7 66B 8 7700000000000000
79364.5 66C 8 DF09000000000000
79365.6 444 8 0000000000000005
79380.5 3F1 8 0002000000000000
79382.0 663 8 7814E00E00AA0000
79383.2 31C 8 00000000800084F3
79395.5 31D 8 000000000000001F
79396.7 38C 8 000000000000007F
79397.9 38D 8 00000000000000E5
79411.4 39C 8 FF6F000000000000
79412.7 3C3 8 FF00000000000000
79413.8 444 8 0000000000000005
79442.6 31C 8 00000000800084F3
79443.8 31D 8 000000000000001F
79473.9 444 8 0000000000000005
79489.6 6C0 7 04030100000000
79491.5 3F1 8 0002000000000000
79492.8 663 8 7814E00E00AA0000
79494.1 31C 8 00000000800084F3
79495.5 31D 8 000000000000001F
79505.0 38C 8 000000000000007F
79506.3 38D 8 00000000000000E5
79507.4 39C 8 FF6F000000000000
79508.6 3C3 8 FF00000000000000
79520.5 6AB 8 00000000000044A1
79521.8 444 8 0000000000000005
79523.0 537 8 8080808080800000
79524.1 538 8 8080008080000080
79536.3 523 8 CD1F7770450E0B02
79537.5 52E 5 603F000000
79538.7 31C 8 00000000800084F3
79539.9 31D 8 000000000000001F
79567.8 539 8 2502800008030000
79569.3 541 8 0000000000000000
79570.4 444 8 0000000000000005
79583.2 3F1 8 0002000000000000
79584.6 663 8 7814E00E00AA0000
79586.1 31C 8 00000000800084F3
79599.0 31D 8 000000000000001F
79600.3 38C 8 000000000000007F
79601.4 38D 8 00000000000000E5
79614.5 39C 8 FF6F000000000000
79615.8 3C3 8 FF00000000000000
79616.9 444 8 0000000000000005
79630.4 31C 8 00000000800084F3
79645.9 31D 8 000000000000001F
79661.8 444 8 0000000000000005
79677.0 6C0 7 04030100000000
79678.2 3F1 8 0002000000000000
79679.4 663 8 7814E00E00AA0000
79692.9 31C 8 00000000800084F3
79694.1 31D 8 000000000000001F
79695.5 38C 8 000000000000007F
79708.6 38D 8 00000000000000E5
79711.0 39C 8 FF6F000000000000
79712.2 3C3 8 FF00000000000000
79713.3 6AB 8 00000000000044A1
79724.2 444 8 0000000000000005
79725.4 537 8 8080808080800000
79726.6 538 8 8080008080000080
79739.7 31C 8 00000000800084F3
79740.9 31D 8 000000000000001F
79770.9 444 8 0000000000000005
79786.7 3F1 8 0002000000000000
79787.9 484 8 0000000000000000
79789.0 523 8 CD1F7770450E0B02
79790.3 52E 5 603F000000
79791.5 663 8 7814E00E00AA0000
79792.7 31C 8 00000000800084F3
79793.9 31D 8 000000000000001F
79802.2 38C 8 000000000000007F
79803.4 38D 8 00000000000000E5
79804.5 39C 8 FF6F000000000000
79817.8 3C3 8 FF00000000000000
79819.0 539 8 2502800008030000
79820.1 541 8 0000000000000000
79821.2 444 8 0000000000000005
79833.4 31C 8 00000000800084F3
79834.7 5EA 8 0000000000000016
79849.2 31D 8 000000000000001F
79850.6 5EB 8 0000000000000007
79851.8 5EC 8 000000000000000F
79852.9 66B 8 7700000000000000
79865.0 66C 8 DF09000000000000
79866.1 444 8 0000000000000005
79880.5 6C0 7 04030100000000
79881.8 3F1 8 0002000000000000
79883.0 663 8 7814E00E00AA0000
79884.2 31C 8 00000000800084F3
79895.9 31D 8 000000000000001F
79897.1 38C 8 000000000000007F
79898.3 38D 8 00000000000000E5
79911.7 39C 8 FF6F000000000000
79912.9 3C3 8 FF00000000000000
79914.0 6AB 8 00000000000044A1
79915.3 444 8 0000000000000005
79927.2 537 8 8080808080800000
79928.4 538 8 8080008080000080
79942.8 31C 8 00000000800084F3
79944.0 31D 8 000000000000001F
79974.2 444 8 0000000000000005
79989.7 3F1 8 0002000000000000
79991.2 663 8 7814E00E00AA0000
79992.4 31C 8 00000000800084F3
79993.6 31D 8 000000000000001F
80005.7 38C 8 000000000000007F
80010.2 38D 8 00000000000000E5
80011.5 39C 8 FF6F000000000000
80012.7 3C3 8 FF00000000000000
80021.1 444 8 0000000000000005
80036.8 523 8 CD1F7770450E0B02
80038.0 52E 5 603F000000
80039.1 31C 8 00000000800084F3
80040.4 31D 8 000000000000001F
80067.8 539 8 2502800008030000
80069.8 541 8 0000000000000000
80071.0 444 8 0000000000000005
80083.4 6C0 7 04030100000000
80084.6 3F1 8 0002000000000000
80086.1 663 8 7814E00E00AA0000
80087.3 31C 8 00000000800084F3
80099.2 31D 8 000000000000001F
80100.6 38C 8 000000000000007F
80101.8 38D 8 00000000000000E5
80115.1 39C 8 FF6F000000000000
80116.6 3C3 8 FF00000000000000
80117.8 6AB 8 00000000000044A1
80119.1 444 8 0000000000000005
80120.5 537 8 8080808080800000
80130.5 538 8 8080008080000080
80131.8 31C 8 00000000800084F3
80146.0 31D 8 000000000000001F
80161.9 444 8 0000000000000005
80176.9 3F1 8 0002000000000000
80178.1 663 8 7814E00E00AA0000
80192.9 31C 8 00000000800084F3
80194.1 31D 8 000000000000001F
80195.6 38C 8 000000000000007F
80208.6 38D 8 00000000000000E5
80210.4 39C 8 FF6F000000000000
80212.2 3C3 8 FF00000000000000
80224.3 444 8 0000000000000005
80239.7 31C 8 00000000800084F3
80240.9 31D 8 000000000000001F
80271.0 444 8 0000000000000005
80286.7 6C0 7 04030100000000
80287.9 3F1 8 0002000000000000
80289.1 484 8 0000000000000000
80290.3 523 8 CD1F7770450E0B02
80291.6 52E 5 603F000000
80292.9 585 8 902C00000000003F
80294.0 64C 2 0011
80295.3 663 8 7814E00E00AA0000
80296.6 6B2 8 FFFEFF0F880082C5
80297.8 31C 8 00000000800084F3
80299.0 31D 8 000000000000001F
80302.1 38C 8 000000000000007F
80303.4 38D 8 00000000000000E5
80304.6 39C 8 FF6F000000000000
80317.8 3C3 8 FF00000000000000
80319.0 5FB 8 1FFFFFFFFF1FF87E
80320.3 539 8 2502800008030000
80321.6 541 8 0000000000000000
80322.7 5FA 8 5B9DC7CC9C46F1FF
80323.8 6AB 8 00000000000044A1
80324.9 444 8 0000000000000005
80326.2 537 8 8080808080800000
80333.4 538 8 8080008080000080
80334.7 31C 8 00000000800084F3
80336.0 5EA 8 0000000000000016
80349.1 31D 8 000000000000001F
80350.4 5EB 8 0000000000000007
80351.7 5EC 8 000000000000000F
80352.8 66B 8 7700000000000000
80364.7 66C 8 DF09000000000000
80365.9 444 8 0000000000000005
80380.4 3F1 8 0002000000000000
80381.8 663 8 7814E00E00AA0000
80383.7 31C 8 00000000800084F3
80395.9 31D 8 000000000000001F
80397.2 38C 8 000000000000007F
80398.4 38D 8 00000000000000E5
80411.7 39C 8 FF6F000000000000
80412.9 3C3 8 FF00000000000000
80414.1 444 8 0000000000000005
80442.8 31C 8 00000000800084F3
80444.1 31D 8 000000000000001F
80474.2 444 8 0000000000000005
80489.7 6C0 7 04030100000000
80491.1 3F1 8 0002000000000000
80492.3 663 8 7814E00E00AA0000
80493.4 31C 8 00000000800084F3
80494.7 31D 8 000000000000001F
80505.1 38C 8 000000000000007F
80506.4 38D 8 00000000000000E5
80507.7 39C 8 FF6F000000000000
80508.9 3C3 8 FF00000000000000
80520.6 6AB 8 00000000000044A1
80521.9 444 8 0000000000000005
80523.1 537 8 8080808080800000
80524.3 538 8 8080008080000080
80536.7 523 8 CD1F7770450E0B02
80537.9 52E 5 603F000000
80539.0 31C 8 00000000800084F3
80540.3 31D 8 000000000000001F
80568.0 539 8 2502800008030000
80569.5 541 8 0000000000000000
80570.6 444 8 0000000000000005
80583.4 3F1 8 0002000000000000
80584.6 663 8 7814E00E00AA0000
80586.0 31C 8 00000000800084F3
80599.4 31D 8 000000000000001F
80601.5 38C 8 000000000000007F
80603.6 38D 8 00000000000000E5
80614.6 39C 8 FF6F000000000000
80615.8 3C3 8 FF00000000000000
80617.0 444 8 0000000000000005
80630.4 31C 8 00000000800084F3
80645.9 31D 8 000000000000001F
80661.6 444 8 0000000000000005
80677.3 6C0 7 04030100000000
80678.5 3F1 8 0002000000000000
80679.8 663 8 7814E00E00AA0000
80692.8 31C 8 00000000800084F3
80694.1 31D 8 000000000000001F
80695.4 38C 8 000000000000007F
80708.4 38D 8 00000000000000E5
80709.6 39C 8 FF6F000000000000
80710.8 3C3 8 FF00000000000000
80712.0 6AB 8 00000000000044A1
80724.1 444 8 0000000000000005
80725.3 537 8 8080808080800000
80726.4 538 8 8080008080000080
80739.7 31C 8 00000000800084F3
80741.0 31D 8 000000000000001F
80770.9 444 8 0000000000000005
80786.7 3F1 8 0002000000000000
80788.7 484 8 0000000000000000
80789.9 523 8 CD1F7770450E0B02
80791.1 52E 5 603F000000
80792.2 663 8 7814E00E00AA0000
80793.4 31C 8 00000000800084F3
80794.6 31D 8 000000000000001F
80802.2 38C 8 000000000000007F
80803.4 38D 8 00000000000000E5
80804.6 39C 8 FF6F000000000000
80818.0 3C3 8 FF00000000000000
80819.2 539 8 2502800008030000
80820.3 541 8 0000000000000000
80821.4 444 8 0000000000000005
80833.4 31C 8 00000000800084F3
80834.8 5EA 8 0000000000000016
80849.1 31D 8 000000000000001F
80850.7 5EB 8 0000000000000007
80851.9 5EC 8 000000000000000F
80853.0 66B 8 7700000000000000
80864.7 66C 8 DF09000000000000
80865.9 444 8 0000000000000005
80880.2 6C0 7 04030100000000
80881.6 3F1 8 0002000000000000
80882.7 663 8 7814E00E00AA0000
80883.9 31C 8 00000000800084F3
80895.9 31D 8 000000000000001F
80897.2 38C 8 000000000000007F
80898.4 38D 8 00000000000000E5
80911.6 39C 8 FF6F000000000000
80912.9 3C3 8 FF00000000000000
80914.1 6AB 8 00000000000044A1
80915.3 444 8 0000000000000005
80927.3 537 8 8080808080800000
80928.5 538 8 8080008080000080
80942.8 31C 8 00000000800084F3
80944.0 31D 8 000000000000001F
80974.4 444 8 0000000000000005
80989.8 3F1 8 0002000000000000
80991.2 663 8 7814E00E00AA0000
80992.4 31C 8 00000000800084F3
80993.7 31D 8 000000000000001F
81005.1 38C 8 000000000000007F
81006.6 38D 8 00000000000000E5
81007.7 39C 8 FF6F000000000000
81009.0 3C3 8 FF00000000000000
81020.9 444 8 0000000000000005
81037.0 523 8 CD1F7770450E0B02
81038.4 52E 5 603F000000
81039.5 31C 8 00000000800084F3
81040.8 31D 8 000000000000001F
81067.8 539 8 2502800008030000
81068.9 541 8 0000000000000000
81070.1 444 8 0000000000000005
81083.5 6C0 7 04030100000000
81084.7 3F1 8 0002000000000000
81086.1 663 8 7814E00E00AA0000
81087.3 31C 8 00000000800084F3
81099.3 31D 8 000000000000001F
81100.8 38C 8 000000000000007F
81102.0 38D 8 00000000000000E5
81114.7 39C 8 FF6F000000000000
81116.9 3C3 8 FF00000000000000
81118.1 6AB 8 00000000000044A1
81119.2 444 8 0000000000000005
81130.2 537 8 8080808080800000
81131.6 538 8 8080008080000080
81132.9 31C 8 00000000800084F3
81146.9 31D 8 000000000000001F
81161.9 444 8 0000000000000005
81177.0 3F1 8 0002000000000000
81178.3 663 8 7814E00E00AA0000
81192.9 31C 8 00000000800084F3
81194.2 31D 8 000000000000001F
81195.6 38C 8 000000000000007F
81208.5 38D 8 00000000000000E5
81209.7 39C 8 FF6F000000000000
81211.1 3C3 8 FF00000000000000
81224.3 444 8 0000000000000005
81239.8 31C 8 00000000800084F3
81241.4 31D 8 000000000000001F
81271.3 444 8 0000000000000005
81286.7 6C0 7 04030100000000
81287.9 3F1 8 0002000000000000
81289.1 484 8 0000000000000000
81290.3 523 8 CD1F7770450E0B02
81291.6 52E 5 603F000000
81292.7 585 8 902C00000000003F
81293.8 64C 2 0011
81295.0 663 8 7814E00E00AA0000
81296.3 6B2 8 FFFEFF0F880002C6
81297.4 31C 8 00000000800084F3
81298.6 31D 8 000000000000001F
81302.2 38C 8 000000000000007F
81303.6 38D 8 00000000000000E5
81304.7 39C 8 FF6F000000000000
81317.8 3C3 8 FF00000000000000
81319.0 5FB 8 1FFFFFFFFF1FF87E
81320.3 539 8 2502800008030000
81321.6 541 8 0000000000000000
81322.7 5FA 8 5B9DC7CC9C46F1FF
81323.8 6AB 8 00000000000044A1
81325.0 444 8 0000000000000005
81326.2 537 8 8080808080800000
81333.4 538 8 8080008080000080
81334.6 31C 8 00000000800084F3
81336.0 5EA 8 0000000000000016
81349.0 31D 8 000000000000001F
81350.3 5EB 8 0000000000000007
81351.5 5EC 8 000000000000000F
81352.6 66B 8 7700000000000000
81364.7 66C 8 DF09000000000000
81372.8 444 8 0000000000000005
81380.3 3F1 8 0002000000000000
81381.6 663 8 7814E00E00AA0000
81382.8 31C 8 00000000800084F3
81395.6 31D 8 000000000000001F
81396.9 38C 8 000000000000007F
81398.1 38D 8 00000000000000E5
81411.5 39C 8 FF6F000000000000
81412.8 3C3 8 FF00000000000000
81414.0 444 8 0000000000000005
81442.8 31C 8 00000000800084F3
81444.0 31D 8 000000000000001F
81474.2 444 8 0000000000000005
81489.6 6C0 7 04030100000000
81491.0 3F1 8 0002000000000000
81492.2 663 8 7814E00E00AA0000
81493.4 31C 8 00000000800084F3
81494.6 31D 8 000000000000001F
81505.1 38C 8 000000000000007F
81506.3 38D 8 00000000000000E5
81507.5 39C 8 FF6F000000000000
81508.7 3C3 8 FF00000000000000
81520.6 6AB 8 00000000000044A1
81521.9 444 8 0000000000000005
81523.2 537 8 8080808080800000
81524.3 538 8 8080008080000080
81536.6 523 8 CD1F7770450E0B02
81537.8 52E 5 603F000000
81538.9 31C 8 00000000800084F3
81540.2 31D 8 000000000000001F
81568.5 539 8 2502800008030000
81569.9 541 8 0000000000000000
81571.1 444 8 0000000000000005
81584.4 3F1 8 0002000000000000
81585.6 663 8 7814E00E00AA0000
81586.7 31C 8 00000000800084F3
81600.7 31D 8 000000000000001F
81602.0 38C 8 000000000000007F
81603.1 38D 8 00000000000000E5
81604.3 39C 8 FF6F000000000000
81615.8 3C3 8 FF00000000000000
81617.0 444 8 0000000000000005
81631.4 31C 8 00000000800084F3
81647.0 31D 8 000000000000001F
81662.7 444 8 0000000000000005
81678.3 6C0 7 04030100000000
81679.5 3F1 8 0002000000000000
81680.6 663 8 7814E00E00AA0000
81693.9 31C 8 00000000800084F3
81695.3 31D 8 000000000000001F
81696.6 38C 8 000000000000007F
81709.9 38D 8 00000000000000E5
81711.4 39C 8 FF6F000000000000
81712.6 3C3 8 FF00000000000000
81714.1 6AB 8 00000000000044A1
81725.3 444 8 0000000000000005
81726.6 537 8 8080808080800000
81727.7 538 8 8080008080000080
81740.8 31C 8 00000000800084F3
81742.0 31D 8 000000000000001F
81772.0 444 8 0000000000000005
81787.5 3F1 8 0002000000000000
81788.8 484 8 0000000000000000
81789.9 523 8 CD1F7770450E0B02
81791.0 52E 5 603F000000
81792.1 663 8 7814E00E00AA0000
81793.3 31C 8 00000000800084F3
81794.5 31D 8 000000000000001F
81803.3 38C 8 000000000000007F
81804.5 38D 8 00000000000000E5
81805.8 39C 8 FF6F000000000000
81818.9 3C3 8 FF00000000000000
81820.2 539 8 2502800008030000
81822.1 541 8 0000000000000000
81823.3 444 8 0000000000000005
81834.5 31C 8 00000000800084F3
81835.9 5EA 8 0000000000000016
81850.4 31D 8 000000000000001F
81851.8 5EB 8 0000000000000007
81852.9 5EC 8 000000000000000F
81854.0 66B 8 7700000000000000
81855.1 66C 8 DF09000000000000
81866.0 444 8 0000000000000005
81881.4 6C0 7 04030100000000
81882.6 3F1 8 0002000000000000
81883.8 663 8 7814E00E00AA0000
81885.2 31C 8 00000000800084F3
81897.1 31D 8 000000000000001F
81898.3 38C 8 000000000000007F
81899.5 38D 8 00000000000000E5
81912.9 39C 8 FF6F000000000000
81914.3 3C3 8 FF00000000000000
81915.8 6AB 8 00000000000044A1
81917.2 444 8 0000000000000005
81928.3 537 8 8080808080800000
81929.4 538 8 8080008080000080
81943.9 31C 8 00000000800084F3
81945.1 31D 8 000000000000001F
81975.5 444 8 0000000000000005
81990.6 3F1 8 0002000000000000
81991.8 663 8 7814E00E00AA0000
81993.0 31C 8 00000000800084F3
81994.2 31D 8 000000000000001F
81996.5 38C 8 000000000000007F
82006.5 38D 8 00000000000000E5
82007.8 39C 8 FF6F000000000000
82008.9 3C3 8 FF00000000000000
82022.0 444 8 0000000000000005
82037.9 523 8 CD1F7770450E0B02
82039.1 52E 5 603F000000
82040.2 31C 8 00000000800084F3
82041.4 31D 8 000000000000001F
82069.0 539 8 2502800008030000
82070.2 541 8 0000000000000000
82071.3 444 8 0000000000000005
82084.5 6C0 7 04030100000000
82085.9 3F1 8 0002000000000000
82087.0 663 8 7814E00E00AA0000
82088.2 31C 8 00000000800084F3
82100.5 31D 8 000000000000001F
82101.9 38C 8 000000000000007F
82103.0 38D 8 00000000000000E5
82104.2 39C 8 FF6F000000000000
82115.5 3C3 8 FF00000000000000
82116.8 6AB 8 00000000000044A1
82118.0 444 8 0000000000000005
82119.3 537 8 8080808080800000
82131.4 538 8 8080008080000080
82132.6 31C 8 00000000800084F3
82147.0 31D 8 000000000000001F
82162.8 444 8 0000000000000005
82178.3 3F1 8 0002000000000000
82179.5 663 8 7814E00E00AA0000
82193.9 31C 8 00000000800084F3
82195.1 31D 8 000000000000001F
82196.4 38C 8 000000000000007F
82209.5 38D 8 00000000000000E5
82210.9 39C 8 FF6F000000000000
82212.0 3C3 8 FF00000000000000
82225.2 444 8 0000000000000005
82240.9 31C 8 00000000800084F3
82242.3 31D 8 000000000000001F
82272.3 444 8 0000000000000005
82287.9 6C0 7 04030100000000
82289.4 3F1 8 0002000000000000
82290.5 484 8 0000000000000000
82291.5 523 8 CD1F7770450E0B02
82292.7 52E 5 603F000000
82293.8 585 8 902C00000000003F
82295.0 64C 2 0011
82296.1 663 8 7814E00E00AA0000
82297.3 6B2 8 FFFEFF0F880082C6
82298.4 31C 8 00000000800084F3
82299.6 31D 8 000000000000001F
82303.3 38C 8 000000000000007F
82304.6 38D 8 00000000000000E5
82305.8 39C 8 FF6F000000000000
82318.9 3C3 8 FF00000000000000
82320.2 5FB 8 1FFFFFFFFF1FF87E
82321.4 539 8 2502800008030000
82322.6 541 8 0000000000000000
82323.7 5FA 8 5B9DC7CC9C46F1FF
82324.9 6AB 8 00000000000044A1
82326.0 444 8 0000000000000005
82327.2 537 8 8080808080800000
82334.5 538 8 8080008080000080
82336.0 31C 8 00000000800084F3
82337.2 5EA 8 0000000000000016
82350.4 31D 8 000000000000001F
82351.7 5EB 8 0000000000000007
82352.9 5EC 8 000000000000000F
82354.0 66B 8 7700000000000000
82355.1 66C 8 DF09000000000000
82365.8 444 8 0000000000000005
82381.4 3F1 8 0002000000000000
82382.7 663 8 7814E00E00AA0000
82383.8 31C 8 00000000800084F3
82397.0 31D 8 000000000000001F
82398.3 38C 8 000000000000007F
82399.4 38D 8 00000000000000E5
82412.7 39C 8 FF6F000000000000
82414.0 3C3 8 FF00000000000000
82415.2 444 8 0000000000000005
82443.9 31C 8 00000000800084F3
82445.2 31D 8 000000000000001F
82475.3 444 8 0000000000000005
82490.5 6C0 7 04030100000000
82491.8 3F1 8 0002000000000000
82492.9 663 8 7814E00E00AA0000
82494.1 31C 8 00000000800084F3
82495.5 31D 8 000000000000001F
82496.8 38C 8 000000000000007F
82506.5 38D 8 00000000000000E5
82507.9 39C 8 FF6F000000000000
82509.1 3C3 8 FF00000000000000
82522.0 6AB 8 00000000000044A1
82523.3 444 8 0000000000000005
82524.5 537 8 8080808080800000
82525.7 538 8 8080008080000080
82537.7 523 8 CD1F7770450E0B02
82539.0 52E 5 603F000000
82540.1 31C 8 00000000800084F3
82541.4 31D 8 000000000000001F
82569.0 539 8 2502800008030000
82570.3 541 8 0000000000000000
82571.4 444 8 0000000000000005
82584.5 3F1 8 0002000000000000
82585.9 663 8 7814E00E00AA0000
82587.1 31C 8 00000000800084F3
82600.5 31D 8 000000000000001F
82601.9 38C 8 000000000000007F
82603.0 38D 8 00000000000000E5
82604.2 39C 8 FF6F000000000000
82615.9 3C3 8 FF00000000000000
82617.1 444 8 0000000000000005
82631.5 31C 8 00000000800084F3
82647.1 31D 8 000000000000001F
82662.8 444 8 0000000000000005
82678.3 6C0 7 04030100000000
82679.5 3F1 8 0002000000000000
82680.9 663 8 7814E00E00AA0000
82693.9 31C 8 00000000800084F3
82695.2 31D 8 000000000000001F
82696.5 38C 8 000000000000007F
82709.5 38D 8 00000000000000E5
82711.7 39C 8 FF6F000000000000
82712.9 3C3 8 FF00000000000000
82714.1 6AB 8 0000000000003BA1
82725.3 444 8 0000000000000005
82726.7 537 8 8080808080800000
82727.8 538 8 8080008080000080
82740.8 31C 8 00000000800084F3
82745.2 31D 8 000000000000001F
82771.9 444 8 0000000000000005
82787.9 3F1 8 0002000000000000
82789.1 484 8 0000000000000000
82790.4 523 8 CD1F7770450E0B02
82791.6 52E 5 603F000000
82792.7 663 8 7814E00E00AA0000
82793.9 31C 8 00000000800084F3
82795.3 31D 8 000000000000001F
82803.3 38C 8 000000000000007F
82804.5 38D 8 00000000000000E5
82805.9 39C 8 FF6F000000000000
82819.0 3C3 8 FF00000000000000
82820.2 539 8 2502800008030000
82821.5 541 8 0000000000000000
82822.6 444 8 0000000000000005
82834.8 31C 8 00000000800084F3
82836.9 5EA 8 0000000000000016
82850.4 31D 8 000000000000001F
82851.9 5EB 8 0000000000000007
82853.1 5EC 8 000000000000000F
82854.2 66B 8 7700000000000000
82855.4 66C 8 DF09000000000000
82866.0 444 8 0000000000000005
82881.4 6C0 7 04030100000000
82882.7 3F1 8 0002000000000000
82883.8 663 8 7814E00E00AA0000
82885.1 31C 8 00000000800084F3
82897.0 31D 8 000000000000001F
82898.3 38C 8 000000000000007F
82899.5 38D 8 00000000000000E5
82912.9 39C 8 FF6F000000000000
82914.1 3C3 8 FF00000000000000
82915.4 6AB 8 0000000000003BA1
82916.6 444 8 0000000000000005
82928.3 537 8 8080808080800000
82929.5 538 8 8080008080000080
82943.9 31C 8 00000000800084F3
82945.2 31D 8 000000000000001F
82975.4 444 8 0000000000000005
82990.5 3F1 8 0002000000000000
82991.8 663 8 7814E00E00AA0000
82993.0 31C 8 00000000800084F3
82994.3 31D 8 000000000000001F
82995.6 38C 8 000000000000007F
83006.4 38D 8 00000000000000E5
83007.6 39C 8 FF6F000000000000
83008.8 3C3 8 FF00000000000000
83022.0 444 8 0000000000000005
83037.9 523 8 CD1F7770450E0B02
83039.1 52E 5 603F000000
83040.2 31C 8 00000000800084F3
83041.4 31D 8 000000000000001F
83068.9 539 8 2502800008030000
83071.0 541 8 0000000000000000
83072.2 444 8 0000000000000005
83084.6 6C0 7 04030100000000
83085.7 3F1 8 0002000000000000
83086.9 663 8 7814E00E00AA0000
83088.1 31C 8 00000000800084F3
83100.4 31D 8 000000000000001F
83101.8 38C 8 000000000000007F
83102.9 38D 8 00000000000000E5
83104.1 39C 8 FF6F000000000000
83115.5 3C3 8 FF00000000000000
83116.7 6AB 8 0000000000003BA1
83117.9 444 8 0000000000000005
83119.1 537 8 8080808080800000
83131.4 538 8 8080008080000080
83132.6 31C 8 00000000800084F3
83147.1 31D 8 000000000000001F
83163.2 444 8 0000000000000005
83178.5 3F1 8 0002000000000000
83179.7 663 8 7814E00E00AA0000
83193.9 31C 8 00000000800084F3
83195.2 31D 8 000000000000001F
83196.5 38C 8 000000000000007F
83209.6 38D 8 00000000000000E5
83211.0 39C 8 FF6F000000000000
83212.2 3C3 8 FF00000000000000
83225.3 444 8 0000000000000005
83240.8 31C 8 00000000800084F3
83242.0 31D 8 000000000000001F
83272.3 444 8 0000000000000005
83288.3 6C0 7 04030100000000
83289.5 3F1 8 0002000000000000
83291.4 484 8 0000000000000000
83292.7 523 8 CD1F7770450E0B02
83293.8 52E 5 603F000000
83295.1 585 8 902C00000000003F
83297.0 64C 2 0011
83299.5 663 8 7814E00E00AA0000
83301.6 6B2 8 FFFEFF0F880002C7
83302.8 31C 8 00000000800084F3
83304.2 31D 8 000000000000001F
83319.0 38C 8 000000000000007F
83320.4 38D 8 00000000000000E5
83321.6 39C 8 FF6F000000000000
83322.7 3C3 8 FF00000000000000
83323.9 5FB 8 1FFFFFFFFF1FF87E
83325.0 539 8 2502800008030000
83326.2 541 8 0000000000000000
83327.3 5FA 8 5B9DC7CC9C46F1FF
83328.4 6AB 8 0000000000003BA1
83329.5 444 8 0000000000000005
83330.8 537 8 8080808080800000
83334.5 538 8 8080008080000080
83336.0 31C 8 00000000800084F3
83337.2 5EA 8 0000000000000016
83350.5 31D 8 000000000000001F
83351.9 5EB 8 0000000000000007
83353.1 5EC 8 000000000000000F
83354.3 66B 8 7700000000000000
83355.4 66C 8 DF09000000000000
83365.8 444 8 0000000000000005
83381.4 3F1 8 0002000000000000
83382.6 663 8 7814E00E00AA0000
83383.8 31C 8 00000000800084F3
83397.2 31D 8 000000000000001F
83398.5 38C 8 000000000000007F
83399.6 38D 8 00000000000000E5
83412.7 39C 8 FF6F000000000000
83414.0 3C3 8 FF00000000000000
83415.1 444 8 0000000000000005
83443.9 31C 8 00000000800084F3
83445.2 31D 8 000000000000001F
83475.3 444 8 0000000000000005
83490.5 6C0 7 04030100000000
83491.9 3F1 8 0002000000000000
83493.0 663 8 7814E00E00AA0000
83494.2 31C 8 00000000800084F3
83495.5 31D 8 000000000000001F
83496.6 38C 8 000000000000007F
83506.4 38D 8 00000000000000E5
83507.7 39C 8 FF6F000000000000
83508.9 3C3 8 FF00000000000000
83522.0 6AB 8 0000000000003BA1
83523.2 444 8 0000000000000005
83524.5 537 8 8080808080800000
83525.6 538 8 8080008080000080
83537.8 523 8 CD1F7770450E0B02
83538.9 52E 5 603F000000
83540.1 31C 8 00000000800084F3
83541.3 31D 8 000000000000001F
83569.0 539 8 2502800008030000
83570.4 541 8 0000000000000000
83571.5 444 8 0000000000000005
83584.5 3F1 8 0002000000000000
83586.0 663 8 7814E00E00AA0000
83587.7 31C 8 00000000800084F3
83600.6 31D 8 000000000000001F
83602.1 38C 8 000000000000007F
83603.3 38D 8 00000000000000E5
83604.5 39C 8 FF6F000000000000
83615.8 3C3 8 FF00000000000000
83617.0 444 8 0000000000000005
83631.4 31C 8 00000000800084F3
83647.0 31D 8 000000000000001F
83662.8 444 8 0000000000000005
83678.3 6C0 7 04030100000000
83679.5 3F1 8 0002000000000000
83680.8 663 8 7814E00E00AA0000
83693.9 31C 8 00000000800084F3
83695.2 31D 8 000000000000001F
83696.7 38C 8 000000000000007F
83709.6 38D 8 00000000000000E5
83711.1 39C 8 FF6F000000000000
83712.6 3C3 8 FF00000000000000
83714.0 6AB 8 00000000000044A1
83725.2 444 8 0000000000000005
83726.5 537 8 8080808080800000
83727.7 538 8 8080008080000080
83740.7 31C 8 00000000800084F3
83742.0 31D 8 000000000000001F
83772.0 444 8 0000000000000005
83787.8 3F1 8 0002000000000000
83789.1 484 8 0000000000000000
83790.3 523 8 CD1F7770450E0B02
83792.2 52E 5 603F000000
83793.4 663 8 7814E00E00AA0000
83794.6 31C 8 00000000800084F3
83796.0 31D 8 000000000000001F
83803.3 38C 8 000000000000007F
83804.5 38D 8 00000000000000E5
83805.8 39C 8 FF6F000000000000
83819.0 3C3 8 FF00000000000000
83820.2 539 8 2502800008030000
83821.3 541 8 0000000000000000
83822.4 444 8 0000000000000005
83834.7 31C 8 00000000800084F3
83836.1 5EA 8 0000000000000016
83850.6 31D 8 000000000000001F
83851.9 5EB 8 0000000000000007
83853.1 5EC 8 000000000000000F
83854.2 66B 8 7700000000000000
83855.3 66C 8 DF09000000000000
83865.9 444 8 0000000000000005
83881.5 6C0 7 04030100000000
83882.7 3F1 8 0002000000000000
83883.9 663 8 7814E00E00AA0000
83885.2 31C 8 00000000800084F3
83897.0 31D 8 000000000000001F
83898.3 38C 8 000000000000007F
83899.4 38D 8 00000000000000E5
83912.7 39C 8 FF6F000000000000
83913.9 3C3 8 FF00000000000000
83915.2 6AB 8 00000000000044A1
83916.5 444 8 0000000000000005
83928.4 537 8 8080808080800000
83930.3 538 8 8080008080000080
83944.0 31C 8 00000000800084F3
83945.4 31D 8 000000000000001F
83975.4 444 8 0000000000000005
83990.6 3F1 8 0002000000000000
83991.8 663 8 7814E00E00AA0000
83993.0 31C 8 00000000800084F3
83994.3 31D 8 000000000000001F
83995.7 38C 8 000000000000007F
84006.4 38D 8 00000000000000E5
84007.6 39C 8 FF6F000000000000
84008.8 3C3 8 FF00000000000000
84022.0 444 8 0000000000000005
84037.8 523 8 CD1F7770450E0B02
84039.0 52E 5 603F000000
84040.1 31C 8 00000000800084F3
84041.3 31D 8 000000000000001F
84069.3 539 8 2502800008030000
84070.6 541 8 0000000000000000
84071.8 444 8 0000000000000005
84084.7 6C0 7 04030100000000
84086.1 3F1 8 0002000000000000
84087.3 663 8 7814E00E00AA0000
84088.4 31C 8 00000000800084F3
84100.5 31D 8 000000000000001F
84105.0 38C 8 000000000000007F
84106.3 38D 8 00000000000000E5
84107.7 39C 8 FF6F000000000000
84115.6 3C3 8 FF00000000000000
84116.8 6AB 8 00000000000044A1
84118.5 444 8 0000000000000005
84119.9 537 8 8080808080800000
84131.5 538 8 8080008080000080
84132.7 31C 8 00000000800084F3
84147.1 31D 8 000000000000001F
84163.0 444 8 0000000000000005
84178.3 3F1 8 0002000000000000
84179.5 663 8 7814E00E00AA0000
84193.9 31C 8 00000000800084F3
84195.2 31D 8 000000000000001F
84196.5 38C 8 000000000000007F
84209.5 38D 8 00000000000000E5
84210.9 39C 8 FF6F000000000000
84212.1 3C3 8 FF00000000000000
84225.4 444 8 0000000000000005
84240.9 31C 8 00000000800084F3
84242.1 31D 8 000000000000001F
84273.7 444 8 0000000000000005
84287.9 6C0 7 04030100000000
84289.0 3F1 8 0002000000000000
84290.3 484 8 0000000000000000
84291.5 523 8 CD1F7770450E0B02
84292.7 52E 5 603F000000
84293.8 585 8 902C00000000003F
84295.0 64C 2 0011
84296.3 663 8 7814E00E00AA0000
84297.4 6B2 8 FFFEFF0F880082C7
84298.5 31C 8 00000000800084F3
84299.8 31D 8 000000000000001F
84303.3 38C 8 000000000000007F
84304.4 38D 8 00000000000000E5
84306.4 39C 8 FF6F000000000000
84318.9 3C3 8 FF00000000000000
84320.3 5FB 8 1FFFFFFFFF1FF87E
84321.3 539 8 2502800008030000
84322.5 541 8 0000000000000000
84323.6 5FA 8 5B9DC7CC9C46F1FF
84324.7 6AB 8 00000000000044A1
84325.9 444 8 0000000000000005
84327.1 537 8 8080808080800000
84334.5 538 8 8080008080000080
84335.8 31C 8 00000000800084F3
84337.0 5EA 8 0000000000000016
84350.4 31D 8 000000000000001F
84351.8 5EB 8 0000000000000007
84353.0 5EC 8 000000000000000F
84354.1 66B 8 7700000000000000
84355.3 66C 8 DF09000000000000
84365.8 444 8 0000000000000005
84381.6 3F1 8 0002000000000000
84382.9 663 8 7814E00E00AA0000
84384.1 31C 8 00000000800084F3
84397.0 31D 8 000000000000001F
84398.3 38C 8 000000000000007F
84399.4 38D 8 00000000000000E5
84412.8 39C 8 FF6F000000000000
84414.0 3C3 8 FF00000000000000
84415.1 444 8 0000000000000005
84443.9 31C 8 00000000800084F3
84445.2 31D 8 000000000000001F
84475.2 444 8 0000000000000005
84490.5 6C0 7 04030100000000
84492.4 3F1 8 0002000000000000
84493.6 663 8 7814E00E00AA0000
84494.7 31C 8 00000000800084F3
84496.2 31D 8 000000000000001F
84497.4 38C 8 000000000000007F
84506.4 38D 8 00000000000000E5
84507.6 39C 8 FF6F000000000000
84508.8 3C3 8 FF00000000000000
84522.0 6AB 8 00000000000044A1
84523.2 444 8 0000000000000005
84524.4 537 8 8080808080800000
84525.6 538 8 8080008080000080
84537.7 523 8 CD1F7770450E0B02
84538.9 52E 5 603F000000
84540.0 31C 8 00000000800084F3
84541.3 31D 8 000000000000001F
84569.2 539 8 2502800008030000
84570.6 541 8 0000000000000000
84571.7 444 8 0000000000000005
84584.5 3F1 8 0002000000000000
84585.8 663 8 7814E00E00AA0000
84587.0 31C 8 00000000800084F3
84600.5 31D 8 000000000000001F
84601.9 38C 8 000000000000007F
84603.1 38D 8 00000000000000E5
84604.3 39C 8 FF6F000000000000
84615.8 3C3 8 FF00000000000000
84617.0 444 8 0000000000000005
84631.4 31C 8 00000000800084F3
84647.1 31D 8 000000000000001F
84662.7 444 8 0000000000000005
84678.3 6C0 7 04030100000000
84679.4 3F1 8 0002000000000000
84680.8 663 8 7814E00E00AA0000
84693.9 31C 8 00000000800084F3
84695.1 31D 8 000000000000001F
84696.3 38C 8 000000000000007F
84709.5 38D 8 00000000000000E5
84710.8 39C 8 FF6F000000000000
84712.2 3C3 8 FF00000000000000
84713.3 6AB 8 00000000000044A1
84725.2 444 8 0000000000000005
84726.5 537 8 8080808080800000
84727.7 538 8 8080008080000080
84740.8 31C 8 00000000800084F3
84742.2 31D 8 000000000000001F
84772.0 444 8 0000000000000005
84787.8 3F1 8 0002000000000000
84789.0 484 8 0000000000000000
84790.2 523 8 CD1F7770450E0B02
84791.5 52E 5 603F000000
84792.6 663 8 7814E00E00AA0000
84793.8 31C 8 00000000800084F3
84795.1 31D 8 000000000000001F
84803.3 38C 8 000000000000007F
84804.5 38D 8 00000000000000E5
84805.6 39C 8 FF6F000000000000
84818.9 3C3 8 FF00000000000000
84820.1 539 8 2502800008030000
84821.3 541 8 0000000000000000
84823.0 444 8 0000000000000005
84834.7 31C 8 00000000800084F3
84836.2 5EA 8 0000000000000016
84850.3 31D 8 000000000000001F
84851.7 5EB 8 0000000000000007
84852.9 5EC 8 000000000000000F
84854.0 66B 8 7700000000000000
84855.1 66C 8 DF09000000000000
84865.9 444 8 0000000000000005
84881.4 6C0 7 04030100000000
84882.6 3F1 8 0002000000000000
84883.8 663 8 7814E00E00AA0000
84885.0 31C 8 00000000800084F3
84897.0 31D 8 000000000000001F
84898.3 38C 8 000000000000007F
84899.4 38D 8 00000000000000E5
84912.8 39C 8 FF6F000000000000
84914.0 3C3 8 FF00000000000000
84915.4 6AB 8 00000000000044A1
84916.6 444 8 0000000000000005
84928.5 537 8 8080808080800000
84929.8 538 8 8080008080000080
84944.1 31C 8 00000000800084F3
84945.3 31D 8 000000000000001F
84975.4 444 8 0000000000000005
84990.8 3F1 8 0002000000000000
84992.8 663 8 7814E00E00AA0000
84994.6 31C 8 00000000800084F3
84996.2 31D 8 000000000000001F
84997.6 38C 8 000000000000007F
85006.4 38D 8 00000000000000E5
85008.4 39C 8 FF6F000000000000
85009.6 3C3 8 FF00000000000000
85022.0 444 8 0000000000000005
85037.7 523 8 CD1F7770450E0B02
85038.9 52E 5 603F000000
85040.1 31C 8 00000000800084F3
85041.3 31D 8 000000000000001F
85069.3 539 8 2502800008030000
85071.2 541 8 0000000000000000
85072.5 444 8 0000000000000005
85084.5 6C0 7 04030100000000
85085.9 3F1 8 0002000000000000
85087.1 663 8 7814E00E00AA0000
85088.3 31C 8 00000000800084F3
85100.2 31D 8 000000000000001F
85101.7 38C 8 000000000000007F
85102.9 38D 8 00000000000000E5
85104.1 39C 8 FF6F000000000000
85115.5 3C3 8 FF00000000000000
85116.8 6AB 8 00000000000044A1
85118.0 444 8 0000000000000005
85119.2 537 8 8080808080800000
85131.4 538 8 8080008080000080
85132.6 31C 8 00000000800084F3
85147.0 31D 8 000000000000001F
85162.9 444 8 0000000000000005
85178.3 3F1 8 0002000000000000
85179.5 663 8 7814E00E00AA0000
85194.0 31C 8 00000000800084F3
85195.3 31D 8 000000000000001F
85197.3 38C 8 000000000000007F
85209.5 38D 8 00000000000000E5
85211.0 39C 8 FF6F000000000000
85212.4 3C3 8 FF00000000000000
85225.2 444 8 0000000000000005
85240.7 31C 8 00000000800084F3
85242.0 31D 8 000000000000001F
85272.1 444 8 0000000000000005
85287.8 6C0 7 04030100000000
85289.0 3F1 8 0002000000000000
85290.2 484 8 0000000000000000
85291.3 523 8 CD1F7770450E0B02
85292.4 52E 5 603F000000
85293.6 585 8 902C00000000003F
85294.7 64C 2 0011
85296.0 663 8 7814E00E00AA0000
85297.2 6B2 8 FFFEFF0F880002C8
85298.3 31C 8 00000000800084F3
85299.5 31D 8 000000000000001F
85303.3 38C 8 000000000000007F
85304.5 38D 8 00000000000000E5
85305.6 39C 8 FF6F000000000000
85319.2 3C3 8 FF00000000000000
85320.4 5FB 8 1FFFFFFFFF1FF87E
85321.6 539 8 2502800008030000
85322.7 541 8 0000000000000000
85323.8 5FA 8 5B9DC7CC9C46F1FF
85325.0 6AB 8 00000000000044A1
85326.1 444 8 0000000000000005
85327.3 537 8 8080808080800000
85334.6 538 8 8080008080000080
85336.6 31C 8 00000000800084F3
85337.9 5EA 8 0000000000000016
85350.4 31D 8 000000000000001F
85351.8 5EB 8 0000000000000007
85352.9 5EC 8 000000000000000F
85354.1 66B 8 7700000000000000
85355.2 66C 8 DF09000000000000
85365.8 444 8 0000000000000005
85381.5 3F1 8 0002000000000000
85384.3 663 8 7814E00E00AA0000
85385.5 31C 8 00000000800084F3
85397.0 31D 8 000000000000001F
85398.3 38C 8 000000000000007F
85399.5 38D 8 00000000000000E5
85412.7 39C 8 FF6F000000000000
85414.0 3C3 8 FF00000000000000
85415.2 444 8 0000000000000005
85443.9 31C 8 00000000800084F3
85445.2 31D 8 000000000000001F
85475.3 444 8 0000000000000005
85490.5 6C0 7 04030100000000
85491.7 3F1 8 0002000000000000
85492.9 663 8 7814E00E00AA0000
85494.1 31C 8 00000000800084F3
85495.3 31D 8 000000000000001F
85496.5 38C 8 000000000000007F
85506.4 38D 8 00000000000000E5
85507.8 39C 8 FF6F000000000000
85509.1 3C3 8 FF00000000000000
85522.0 6AB 8 00000000000044A1
85523.2 444 8 0000000000000005
85524.9 537 8 8080808080800000
85526.2 538 8 8080008080000080
85537.7 523 8 CD1F7770450E0B02
85538.9 52E 5 603F000000
85540.1 31C 8 00000000800084F3
85541.3 31D 8 000000000000001F
85569.0 539 8 2502800008030000
85570.4 541 8 0000000000000000
85571.4 444 8 0000000000000005
85584.6 3F1 8 0002000000000000
85586.0 663 8 7814E00E00AA0000
85587.2 31C 8 00000000800084F3
85600.5 31D 8 000000000000001F
85601.9 38C 8 000000000000007F
85603.1 38D 8 00000000000000E5
85604.3 39C 8 FF6F000000000000
85615.8 3C3 8 FF00000000000000
85617.0 444 8 0000000000000005
85631.4 31C 8 00000000800084F3
85647.0 31D 8 000000000000001F
85662.8 444 8 0000000000000005
85678.3 6C0 7 04030100000000
85679.5 3F1 8 0002000000000000
85680.9 663 8 7814E00E00AA0000
85694.0 31C 8 00000000800084F3
85695.3 31D 8 000000000000001F
85696.6 38C 8 000000000000007F
85709.6 38D 8 00000000000000E5
85710.9 39C 8 FF6F000000000000
85712.1 3C3 8 FF00000000000000
85713.9 6AB 8 00000000000044A1
85725.3 444 8 0000000000000005
85726.5 537 8 8080808080800000
85727.7 538 8 8080008080000080
85740.8 31C 8 00000000800084F3
85742.0 31D 8 000000000000001F
85772.0 444 8 0000000000000005
85787.9 3F1 8 0002000000000000
85789.4 484 8 0000000000000000
85790.7 523 8 CD1F7770450E0B02
85791.9 52E 5 603F000000
85793.0 663 8 7814E00E00AA0000
85794.2 31C 8 00000000800084F3
85795.6 31D 8 000000000000001F
85803.3 38C 8 000000000000007F
85804.4 38D 8 00000000000000E5
85805.8 39C 8 FF6F000000000000
85818.9 3C3 8 FF00000000000000
85820.1 539 8 2502800008030000
85821.3 541 8 0000000000000000
85822.4 444 8 0000000000000005
85834.6 31C 8 00000000800084F3
85836.0 5EA 8 0000000000000016
85850.3 31D 8 000000000000001F
85851.7 5EB 8 0000000000000007
85852.9 5EC 8 000000000000000F
85854.0 66B 8 7700000000000000
85855.1 66C 8 DF09000000000000
85865.8 444 8 0000000000000005
85881.4 6C0 7 04030100000000
85882.6 3F1 8 0002000000000000
85884.4 663 8 7814E00E00AA0000
85885.5 31C 8 00000000800084F3
85897.0 31D 8 000000000000001F
85898.3 38C 8 000000000000007F
85899.4 38D 8 00000000000000E5
85912.7 39C 8 FF6F000000000000
85913.9 3C3 8 FF00000000000000
85915.3 6AB 8 00000000000044A1
85916.5 444 8 0000000000000005
85928.4 537 8 8080808080800000
85929.7 538 8 8080008080000080
85943.9 31C 8 00000000800084F3
85945.2 31D 8 000000000000001F
85975.1 444 8 0000000000000005
85990.5 3F1 8 0002000000000000
85991.9 663 8 7814E00E00AA0000
85993.1 31C 8 00000000800084F3
85994.4 31D 8 000000000000001F
85995.7 38C 8 000000000000007F
86006.5 38D 8 00000000000000E5
86008.5 39C 8 FF6F000000000000
86009.8 3C3 8 FF00000000000000
86022.0 444 8 0000000000000005
86037.7 523 8 CD1F7770450E0B02
86038.9 52E 5 603F000000
86040.1 31C 8 00000000800084F3
86041.3 31D 8 000000000000001F
86068.9 539 8 2502800008030000
86070.1 541 8 0000000000000000
86071.2 444 8 0000000000000005
86084.6 6C0 7 04030100000000
86086.1 3F1 8 0002000000000000
86087.3 663 8 7814E00E00AA0000
86088.5 31C 8 00000000800084F3
86100.6 31D 8 000000000000001F
86102.0 38C 8 000000000000007F
86103.1 38D 8 00000000000000E5
86104.2 39C 8 FF6F000000000000
86115.6 3C3 8 FF00000000000000
86116.9 6AB 8 00000000000044A1
86118.1 444 8 0000000000000005
86119.3 537 8 8080808080800000
86131.4 538 8 8080008080000080
86132.6 31C 8 00000000800084F3
86147.0 31D 8 000000000000001F
86162.7 444 8 0000000000000005
86178.4 3F1 8 0002000000000000
86179.6 663 8 7814E00E00AA0000
86194.0 31C 8 00000000800084F3
86195.6 31D 8 000000000000001F
86196.9 38C 8 000000000000007F
86209.5 38D 8 00000000000000E5
86211.1 39C 8 FF6F000000000000
86212.3 3C3 8 FF00000000000000
86225.5 444 8 0000000000000005
86240.9 31C 8 00000000800084F3
86242.2 31D 8 000000000000001F
86272.2 444 8 0000000000000005
86287.7 6C0 7 04030100000000
86289.6 3F1 8 0002000000000000
86290.9 484 8 0000000000000000
86292.0 523 8 CD1F7770450E0B02
86293.1 52E 5 603F000000
86294.4 585 8 902C00000000003F
86295.9 64C 2 0011
86297.1 663 8 7814E00E00AA0000
86298.3 6B2 8 FFFEFF0F880082C8
86299.4 31C 8 00000000800084F3
86300.7 31D 8 000000000000001F
86303.3 38C 8 000000000000007F
86304.5 38D 8 00000000000000E5
86306.0 39C 8 FF6F000000000000
86318.9 3C3 8 FF00000000000000
86320.2 5FB 8 1FFFFFFFFF1FF87E
86321.3 539 8 2502800008030000
86322.5 541 8 0000000000000000
86323.6 5FA 8 5B9DC7CC9C46F1FF
86324.7 6AB 8 00000000000044A1
86325.9 444 8 0000000000000005
86327.1 537 8 8080808080800000
86334.5 538 8 8080008080000080
86335.8 31C 8 00000000800084F3
86337.4 5EA 8 0000000000000016
86350.6 31D 8 000000000000001F
86351.9 5EB 8 0000000000000007
86353.1 5EC 8 000000000000000F
86354.2 66B 8 7700000000000000
86355.4 66C 8 DF09000000000000
86365.8 444 8 0000000000000005
86381.4 3F1 8 0002000000000000
86382.6 663 8 7814E00E00AA0000
86383.8 31C 8 00000000800084F3
86397.0 31D 8 000000000000001F
86398.3 38C 8 000000000000007F
86399.4 38D 8 00000000000000E5
86412.8 39C 8 FF6F000000000000
86414.0 3C3 8 FF00000000000000
86415.2 444 8 0000000000000005
86443.9 31C 8 00000000800084F3
86445.4 31D 8 000000000000001F
86475.5 444 8 0000000000000005
86490.6 6C0 7 04030100000000
86492.1 3F1 8 0002000000000000
86493.4 663 8 7814E00E00AA0000
86494.5 31C 8 00000000800084F3
86496.0 31D 8 000000000000001F
86497.3 38C 8 000000000000007F
86506.4 38D 8 00000000000000E5
86507.6 39C 8 FF6F000000000000
86509.1 3C3 8 FF00000000000000
86522.1 6AB 8 00000000000044A1
86523.4 444 8 0000000000000005
86524.7 537 8 8080808080800000
86525.9 538 8 8080008080000080
86537.9 523 8 CD1F7770450E0B02
86539.0 52E 5 603F000000
86540.2 31C 8 00000000800084F3
86541.4 31D 8 000000000000001F
86568.9 539 8 2502800008030000
86570.1 541 8 0000000000000000
86571.2 444 8 0000000000000005
86584.7 3F1 8 0002000000000000
86587.0 663 8 7814E00E00AA0000
86588.2 31C 8 00000000800084F3
86600.4 31D 8 000000000000001F
86601.8 38C 8 000000000000007F
86603.0 38D 8 00000000000000E5
86604.1 39C 8 FF6F000000000000
86616.0 3C3 8 FF00000000000000
86617.2 444 8 0000000000000005
86631.4 31C 8 00000000800084F3
86647.1 31D 8 000000000000001F
86663.1 444 8 0000000000000005
86678.3 6C0 7 04030100000000
86679.4 3F1 8 0002000000000000
86680.8 663 8 7814E00E00AA0000
86693.9 31C 8 00000000800084F3
86695.2 31D 8 000000000000001F
86696.5 38C 8 000000000000007F
86709.7 38D 8 00000000000000E5
86711.1 39C 8 FF6F000000000000
86712.4 3C3 8 FF00000000000000
86713.6 6AB 8 00000000000044A1
86725.7 444 8 0000000000000005
86727.0 537 8 8080808080800000
86728.1 538 8 8080008080000080
86740.9 31C 8 00000000800084F3
86742.5 31D 8 000000000000001F
86772.2 444 8 0000000000000005
86787.8 3F1 8 0002000000000000
86789.0 484 8 0000000000000000
86791.0 523 8 CD1F7770450E0B02
86792.2 52E 5 603F000000
86793.3 663 8 7814E00E00AA0000
86794.5 31C 8 00000000800084F3
86796.0 31D 8 000000000000001F
86803.3 38C 8 000000000000007F
86804.9 38D 8 00000000000000E5
86806.3 39C 8 FF6F000000000000
86818.9 3C3 8 FF00000000000000
86822.8 539 8 2502800008030000
86823.9 541 8 0000000000000000
86825.0 444 8 0000000000000005
86834.5 31C 8 00000000800084F3
86836.0 5EA 8 0000000000000016
86850.4 31D 8 000000000000001F
86851.8 5EB 8 0000000000000007
86853.0 5EC 8 000000000000000F
86854.1 66B 8 7700000000000000
86855.2 66C 8 DF09000000000000
86866.1 444 8 0000000000000005
86881.5 6C0 7 04030100000000
86882.6 3F1 8 0002000000000000
86883.8 663 8 7814E00E00AA0000
86885.0 31C 8 00000000800084F3
86897.1 31D 8 000000000000001F
86898.4 38C 8 000000000000007F
86899.6 38D 8 00000000000000E5
86912.8 39C 8 FF6F000000000000
86914.0 3C3 8 FF00000000000000
86915.3 6AB 8 00000000000044A1
86916.6 444 8 0000000000000005
86928.3 537 8 8080808080800000
86929.5 538 8 8080008080000080
86943.9 31C 8 00000000800084F3
86945.1 31D 8 000000000000001F
86975.4 444 8 0000000000000005
86990.7 3F1 8 0002000000000000
86992.0 663 8 7814E00E00AA0000
86993.3 31C 8 00000000800084F3
86994.7 31D 8 000000000000001F
86996.2 38C 8 000000000000007F
87006.6 38D 8 00000000000000E5
87008.6 39C 8 FF6F000000000000
87010.6 3C3 8 FF00000000000000
87022.1 444 8 0000000000000005
87037.7 523 8 CD1F7770450E0B02
87038.9 52E 5 603F000000
87040.0 31C 8 00000000800084F3
87041.2 31D 8 000000000000001F
87069.0 539 8 2502800008030000
87070.3 541 8 0000000000000000
87071.4 444 8 0000000000000005
87084.6 6C0 7 04030100000000
87086.1 3F1 8 0002000000000000
87087.3 663 8 7814E00E00AA0000
87088.5 31C 8 00000000800084F3
87100.4 31D 8 000000000000001F
87101.8 38C 8 000000000000007F
87103.0 38D 8 00000000000000E5
87104.2 39C 8 FF6F000000000000
87115.6 3C3 8 FF00000000000000
87117.6 6AB 8 00000000000044A1
87118.8 444 8 0000000000000005
87120.2 537 8 8080808080800000
87131.4 538 8 8080008080000080
87132.6 31C 8 00000000800084F3
87147.0 31D 8 000000000000001F
87162.8 444 8 0000000000000005
87178.4 3F1 8 0002000000000000
87179.6 663 8 7814E00E00AA0000
87194.2 31C 8 00000000800084F3
87195.4 31D 8 000000000000001F
87196.7 38C 8 000000000000007F
87209.7 38D 8 00000000000000E5
87211.0 39C 8 FF6F000000000000
87212.2 3C3 8 FF00000000000000
87225.2 444 8 0000000000000005
87240.8 31C 8 00000000800084F3
87242.1 31D 8 000000000000001F
87272.1 444 8 0000000000000005
87287.7 6C0 7 04030100000000
87289.0 3F1 8 0002000000000000
87290.2 484 8 0000000000000000
87291.3 523 8 CD1F7770450E0B02
87292.5 52E 5 603F000000
87293.6 585 8 902C00000000003F
87294.8 64C 2 0011
87296.1 663 8 7814E00E00AA0000
87297.3 6B2 8 FFFEFF0F880002C9
87298.4 31C 8 00000000800084F3
87299.7 31D 8 000000000000001F
87303.6 38C 8 000000000000007F
87306.8 38D 8 00000000000000E5
87308.3 39C 8 FF6F000000000000
87318.8 3C3 8 FF00000000000000
87320.1 5FB 8 1FFFFFFFFF1FF87E
87321.5 539 8 2502800008030000
87322.6 541 8 0000000000000000
87323.8 5FA 8 5B9DC7CC9C46F1FF
87325.0 6AB 8 00000000000044A1
87326.1 444 8 0000000000000005
87327.3 537 8 8080808080800000
87334.5 538 8 8080008080000080
87335.7 31C 8 00000000800084F3
87337.0 5EA 8 0000000000000016
87350.5 31D 8 000000000000001F
87351.9 5EB 8 0000000000000007
87353.0 5EC 8 000000000000000F
87354.2 66B 8 7700000000000000
87355.3 66C 8 DF09000000000000
87365.7 444 8 0000000000000005
87381.4 3F1 8 0002000000000000
87382.6 663 8 7814E00E00AA0000
87383.8 31C 8 00000000800084F3
87397.0 31D 8 000000000000001F
87398.3 38C 8 000000000000007F
87399.5 38D 8 00000000000000E5
87412.9 39C 8 FF6F000000000000
87414.0 3C3 8 FF00000000000000
87415.2 444 8 0000000000000005
87443.9 31C 8 00000000800084F3
87445.2 31D 8 000000000000001F
87475.2 444 8 0000000000000005
87490.5 6C0 7 04030100000000
87491.8 3F1 8 0002000000000000
87493.0 663 8 7814E00E00AA0000
87494.2 31C 8 00000000800084F3
87495.4 31D 8 000000000000001F
87496.8 38C 8 000000000000007F
87506.4 38D 8 00000000000000E5
87507.6 39C 8 FF6F000000000000
87508.9 3C3 8 FF00000000000000
87522.0 6AB 8 00000000000044A1
87523.3 444 8 0000000000000005
87524.6 537 8 8080808080800000
87525.8 538 8 8080008080000080
87537.7 523 8 CD1F7770450E0B02
87538.9 52E 5 603F000000
87540.1 31C 8 00000000800084F3
87541.3 31D 8 000000000000001F
87568.9 539 8 2502800008030000
87570.1 541 8 0000000000000000
87571.2 444 8 0000000000000005
87584.6 3F1 8 0002000000000000
87585.9 663 8 7814E00E00AA0000
87587.1 31C 8 00000000800084F3
87600.4 31D 8 000000000000001F
87602.0 38C 8 000000000000007F
87603.2 38D 8 00000000000000E5
87604.3 39C 8 FF6F000000000000
87615.8 3C3 8 FF00000000000000
87617.0 444 8 0000000000000005
87631.4 31C 8 00000000800084F3
87647.0 31D 8 000000000000001F
87662.7 444 8 0000000000000005
87678.3 6C0 7 04030100000000
87679.5 3F1 8 0002000000000000
87680.8 663 8 7814E00E00AA0000
87693.9 31C 8 00000000800084F3
87695.2 31D 8 000000000000001F
87696.5 38C 8 000000000000007F
87709.6 38D 8 00000000000000E5
87711.0 39C 8 FF6F000000000000
87712.2 3C3 8 FF00000000000000
87713.3 6AB 8 00000000000044A1
87725.2 444 8 0000000000000005
87726.5 537 8 8080808080800000
87727.6 538 8 8080008080000080
87740.8 31C 8 00000000800084F3
87742.0 31D 8 000000000000001F
87772.0 444 8 0000000000000005
87787.7 3F1 8 0002000000000000
87788.9 484 8 0000000000000000
87790.1 523 8 CD1F7770450E0B02
87791.4 52E 5 603F000000
87792.6 663 8 7814E00E00AA0000
87793.8 31C 8 00000000800084F3
87795.1 31D 8 000000000000001F
87803.3 38C 8 000000000000007F
87804.5 38D 8 00000000000000E5
87805.6 39C 8 FF6F000000000000
87819.0 3C3 8 FF00000000000000
87820.2 539 8 2502800008030000
87822.0 541 8 0000000000000000
87823.2 444 8 0000000000000005
87834.5 31C 8 00000000800084F3
87836.0 5EA 8 0000000000000016
87850.4 31D 8 000000000000001F
87851.8 5EB 8 0000000000000007
87853.0 5EC 8 000000000000000F
87854.2 66B 8 7700000000000000
87855.3 66C 8 DF09000000000000
87865.9 444 8 0000000000000005
87881.4 6C0 7 04030100000000
87882.6 3F1 8 0002000000000000
87883.8 663 8 7814E00E00AA0000
87885.0 31C 8 00000000800084F3
87897.0 31D 8 000000000000001F
87898.3 38C 8 000000000000007F
87899.5 38D 8 00000000000000E5
87912.7 39C 8 FF6F000000000000
87914.0 3C3 8 FF00000000000000
87915.4 6AB 8 00000000000044A1
87916.6 444 8 0000000000000005
87928.3 537 8 8080808080800000
87929.5 538 8 8080008080000080
87944.0 31C 8 00000000800084F3
87945.3 31D 8 000000000000001F
87975.4 444 8 0000000000000005
87990.5 3F1 8 0002000000000000
87991.8 663 8 7814E00E00AA0000
87993.0 31C 8 00000000800084F3
87994.3 31D 8 000000000000001F
87996.4 38C 8 000000000000007F
88006.4 38D 8 00000000000000E5
88007.6 39C 8 FF6F000000000000
88008.8 3C3 8 FF00000000000000
88022.0 444 8 0000000000000005
88037.9 523 8 CD1F7770450E0B02
88039.1 52E 5 603F000000
88040.3 31C 8 00000000800084F3
88041.5 31D 8 000000000000001F
88069.1 539 8 2502800008030000
88070.4 541 8 0000000000000000
88071.6 444 8 0000000000000005
88084.6 6C0 7 04030100000000
88085.9 3F1 8 0002000000000000
88087.1 663 8 7814E00E00AA0000
88088.3 31C 8 00000000800084F3
88100.5 31D 8 000000000000001F
88101.9 38C 8 000000000000007F
88103.1 38D 8 00000000000000E5
88104.3 39C 8 FF6F000000000000
88115.7 3C3 8 FF00000000000000
88116.8 6AB 8 00000000000044A1
88118.0 444 8 0000000000000005
88119.2 537 8 8080808080800000
88131.9 538 8 8080008080000080
88133.3 31C 8 00000000800084F3
88147.1 31D 8 000000000000001F
88162.8 444 8 0000000000000005
88178.3 3F1 8 0002000000000000
88179.6 663 8 7814E00E00AA0000
88194.0 31C 8 00000000800084F3
88202.3 31D 8 000000000000001F
88203.7 38C 8 000000000000007F
88209.5 38D 8 00000000000000E5
88210.8 39C 8 FF6F000000000000
88212.0 3C3 8 FF00000000000000
88225.4 444 8 0000000000000005
88240.8 31C 8 00000000800084F3
88242.1 31D 8 000000000000001F
88272.3 444 8 0000000000000005
88287.9 6C0 7 04030100000000
88289.0 3F1 8 0002000000000000
88290.3 484 8 0000000000000000
88291.6 523 8 CD1F7770450E0B02
88292.7 52E 5 603F000000
88293.9 585 8 902C00000000003F
88295.0 64C 2 0011
88296.4 663 8 7814E00E00AA0000
88297.6 6B2 8 FFFEFF0F880082C9
88298.7 31C 8 00000000800084F3
88299.9 31D 8 000000000000001F
88303.4 38C 8 000000000000007F
88304.7 38D 8 00000000000000E5
88306.0 39C 8 FF6F000000000000
88318.9 3C3 8 FF00000000000000
88320.1 5FB 8 1FFFFFFFFF1FF87E
88321.3 539 8 2502800008030000
88322.4 541 8 0000000000000000
88323.6 5FA 8 5B9DC7CC9C46F1FF
88324.7 6AB 8 00000000000044A1
88325.8 444 8 0000000000000005
88327.1 537 8 8080808080800000
88334.5 538 8 8080008080000080
88336.5 31C 8 00000000800084F3
88337.8 5EA 8 0000000000000016
88350.4 31D 8 000000000000001F
88351.8 5EB 8 0000000000000007
88352.9 5EC 8 000000000000000F
88354.1 66B 8 7700000000000000
88355.2 66C 8 DF09000000000000
88365.8 444 8 0000000000000005
88381.4 3F1 8 0002000000000000
88382.6 663 8 7814E00E00AA0000
88383.7 31C 8 00000000800084F3
88397.0 31D 8 000000000000001F
88398.3 38C 8 000000000000007F
88399.5 38D 8 00000000000000E5
88412.8 39C 8 FF6F000000000000
88414.2 3C3 8 FF00000000000000
88415.5 444 8 0000000000000005
88443.9 31C 8 00000000800084F3
88445.2 31D 8 000000000000001F
88475.3 444 8 0000000000000005
88490.6 6C0 7 04030100000000
88491.9 3F1 8 0002000000000000
88493.1 663 8 7814E00E00AA0000
88494.3 31C 8 00000000800084F3
88495.5 31D 8 000000000000001F
88496.7 38C 8 000000000000007F
88506.4 38D 8 00000000000000E5
88507.6 39C 8 FF6F000000000000
88508.7 3C3 8 FF00000000000000
88522.0 6AB 8 00000000000044A1
88523.2 444 8 0000000000000005
88524.4 537 8 8080808080800000
88525.6 538 8 8080008080000080
88537.9 523 8 CD1F7770450E0B02
88539.1 52E 5 603F000000
88540.2 31C 8 00000000800084F3
88541.4 31D 8 000000000000001F
88568.9 539 8 2502800008030000
88570.1 541 8 0000000000000000
88571.3 444 8 0000000000000005
88584.6 3F1 8 0002000000000000
88585.9 663 8 7814E00E00AA0000
88587.2 31C 8 00000000800084F3
88600.5 31D 8 000000000000001F
88601.9 38C 8 000000000000007F
88603.2 38D 8 00000000000000E5
88604.4 39C 8 FF6F000000000000
88615.9 3C3 8 FF00000000000000
88617.1 444 8 0000000000000005
88631.4 31C 8 00000000800084F3
88647.1 31D 8 000000000000001F
88662.8 444 8 0000000000000005
88678.1 6C0 7 04030100000000
88679.3 3F1 8 0002000000000000
88680.5 663 8 7814E00E00AA0000
88693.9 31C 8 00000000800084F3
88695.4 31D 8 000000000000001F
88696.7 38C 8 000000000000007F
88709.6 38D 8 00000000000000E5
88711.5 39C 8 FF6F000000000000
88712.7 3C3 8 FF00000000000000
88713.8 6AB 8 00000000000041A1
88725.3 444 8 0000000000000005
88726.5 537 8 8080808080800000
88727.6 538 8 8080008080000080
88740.8 31C 8 00000000800084F3
88742.0 31D 8 000000000000001F
88772.2 444 8 0000000000000005
88787.7 3F1 8 0002000000000000
88789.0 484 8 0000000000000000
88790.2 523 8 CD1F7770450E0B02
88791.5 52E 5 603F000000
88792.6 663 8 7814E00E00AA0000
88793.8 31C 8 00000000800084F3
88795.3 31D 8 000000000000001F
88803.3 38C 8 000000000000007F
88804.5 38D 8 00000000000000E5
88805.6 39C 8 FF6F000000000000
88818.9 3C3 8 FF00000000000000
88820.4 539 8 2502800008030000
88821.7 541 8 0000000000000000
88823.0 444 8 0000000000000005
88834.6 31C 8 00000000800084F3
88836.3 5EA 8 0000000000000016
88850.4 31D 8 000000000000001F
88851.8 5EB 8 0000000000000007
88852.9 5EC 8 000000000000000F
88854.1 66B 8 7700000000000000
88855.2 66C 8 DF09000000000000
88865.8 444 8 0000000000000005
88881.4 6C0 7 04030100000000
88882.6 3F1 8 0002000000000000
88883.9 663 8 7814E00E00AA0000
88885.2 31C 8 00000000800084F3
88897.0 31D 8 000000000000001F
88898.3 38C 8 000000000000007F
88899.5 38D 8 00000000000000E5
88912.9 39C 8 FF6F000000000000
88914.0 3C3 8 FF00000000000000
88915.3 6AB 8 00000000000041A1
88916.5 444 8 0000000000000005
88928.4 537 8 8080808080800000
88930.4 538 8 8080008080000080
88943.9 31C 8 00000000800084F3
88945.1 31D 8 000000000000001F
88975.3 444 8 0000000000000005
88990.7 3F1 8 0002000000000000
88992.1 663 8 7814E00E00AA0000
88993.3 31C 8 00000000800084F3
88994.5 31D 8 000000000000001F
88996.0 38C 8 000000000000007F
89006.5 38D 8 00000000000000E5
89007.7 39C 8 FF6F000000000000
89008.9 3C3 8 FF00000000000000
89022.1 444 8 0000000000000005
89037.9 523 8 CD1F7770450E0B02
89039.8 52E 5 603F000000
89041.7 31C 8 00000000800084F3
89043.4 31D 8 000000000000001F
89068.9 539 8 2502800008030000
89070.7 541 8 0000000000000000
89071.8 444 8 0000000000000005
89084.5 6C0 7 04030100000000
89085.9 3F1 8 0002000000000000
89087.1 663 8 7814E00E00AA0000
89088.3 31C 8 00000000800084F3
89100.4 31D 8 000000000000001F
89102.2 38C 8 000000000000007F
89104.2 38D 8 00000000000000E5
89105.6 39C 8 FF6F000000000000
89115.6 3C3 8 FF00000000000000
89116.8 6AB 8 00000000000041A1
89118.0 444 8 0000000000000005
89119.3 537 8 8080808080800000
89131.3 538 8 8080008080000080
89132.7 31C 8 00000000800084F3
89153.3 31D 8 000000000000001F
89169.0 444 8 0000000000000005
89184.5 3F1 8 0002000000000000
89185.9 663 8 7814E00E00AA0000
89187.1 31C 8 00000000800084F3
89200.1 31D 8 000000000000001F
89202.0 38C 8 000000000000007F
89203.2 38D 8 00000000000000E5
89204.4 39C 8 FF6F000000000000
89215.8 3C3 8 FF00000000000000
89217.3 444 8 0000000000000005
89231.3 31C 8 00000000800084F3
89246.8 31D 8 000000000000001F
89262.6 444 8 0000000000000005
89278.0 6C0 7 04030100000000
89279.2 3F1 8 0002000000000000
89280.4 484 8 0000000000000000
89281.6 523 8 CD1F7770450E0B02
89282.7 52E 5 603F000000
89283.9 585 8 902C00000000003F
89285.0 64C 2 0011
89286.2 663 8 7814E00E00AA0000
89287.3 6B2 8 FFFEFF0F880002CA
89293.9 31C 8 00000000800084F3
89295.4 31D 8 000000000000001F
89296.7 38C 8 000000000000007F
89309.2 38D 8 00000000000000E5
89310.6 39C 8 FF6F000000000000
89311.9 3C3 8 FF00000000000000
89313.1 5FB 8 1FFFFFFFFF1FF87E
89314.1 539 8 2502800008030000
89315.4 541 8 0000000000000000
89325.0 5FA 8 5B9DC7CC9C46F1FF
89326.2 6AB 8 00000000000041A1
89327.4 444 8 0000000000000005
89328.6 537 8 8080808080800000
89329.8 538 8 8080008080000080
89340.7 31C 8 00000000800084F3
89342.0 5EA 8 0000000000000016
89343.2 31D 8 000000000000001F
89344.4 5EB 8 0000000000000007
89345.6 5EC 8 000000000000000F
89356.3 66B 8 7700000000000000
89357.5 66C 8 DF09000000000000
89371.9 444 8 0000000000000005
89387.6 3F1 8 0002000000000000
89389.5 663 8 7814E00E00AA0000
89390.8 31C 8 00000000800084F3
89392.0 31D 8 000000000000001F
89403.3 38C 8 000000000000007F
89404.5 38D 8 00000000000000E5
89405.6 39C 8 FF6F000000000000
89419.0 3C3 8 FF00000000000000
89420.2 444 8 0000000000000005
89434.7 31C 8 00000000800084F3
89450.0 31D 8 000000000000001F
89465.8 444 8 0000000000000005
89481.5 6C0 7 04030100000000
89482.6 3F1 8 0002000000000000
89483.8 663 8 7814E00E00AA0000
89485.0 31C 8 00000000800084F3
89496.9 31D 8 000000000000001F
89498.1 38C 8 000000000000007F
89499.3 38D 8 00000000000000E5
89512.5 39C 8 FF6F000000000000
89513.8 3C3 8 FF00000000000000
89515.1 6AB 8 00000000000041A1
89516.2 444 8 0000000000000005
89528.3 537 8 8080808080800000
89529.7 538 8 8080008080000080
89531.1 523 8 CD1F7770450E0B02
89532.4 52E 5 603F000000
89543.9 31C 8 00000000800084F3
89548.3 31D 8 000000000000001F
89559.3 539 8 2502800008030000
89560.6 541 8 0000000000000000
89575.0 444 8 0000000000000005
89590.6 3F1 8 0002000000000000
89592.0 663 8 7814E00E00AA0000
89593.2 31C 8 00000000800084F3
89594.5 31D 8 000000000000001F
89595.7 38C 8 000000000000007F
89606.5 38D 8 00000000000000E5
89608.0 39C 8 FF6F000000000000
89609.2 3C3 8 FF00000000000000
89621.9 444 8 0000000000000005
89637.5 31C 8 00000000800084F3
89638.8 31D 8 000000000000001F
89668.8 444 8 0000000000000005
89684.5 6C0 7 04030100000000
89685.7 3F1 8 0002000000000000
89686.8 663 8 7814E00E00AA0000
89688.0 31C 8 00000000800084F3
89700.2 31D 8 000000000000001F
89701.6 38C 8 000000000000007F
89702.8 38D 8 00000000000000E5
89715.4 39C 8 FF6F000000000000
89716.6 3C3 8 FF00000000000000
89717.8 6AB 8 00000000000041A1
89719.0 444 8 0000000000000005
89720.4 537 8 8080808080800000
89731.4 538 8 8080008080000080
89732.6 31C 8 00000000800084F3
89746.9 31D 8 000000000000001F
89762.5 444 8 0000000000000005
89778.3 3F1 8 0002000000000000
89779.5 484 8 0000000000000000
89780.7 523 8 CD1F7770450E0B02
89781.9 52E 5 603F000000
89783.0 663 8 7814E00E00AA0000
89793.8 31C 8 00000000800084F3
89795.1 31D 8 000000000000001F
89796.4 38C 8 000000000000007F
89809.3 38D 8 00000000000000E5
89810.6 39C 8 FF6F000000000000
89811.9 3C3 8 FF00000000000000
89813.1 539 8 2502800008030000
89814.3 541 8 0000000000000000
89825.0 444 8 0000000000000005
89840.6 31C 8 00000000800084F3
89842.0 5EA 8 0000000000000016
89843.0 31D 8 000000000000001F
89844.3 5EB 8 0000000000000007
89845.4 5EC 8 000000000000000F
89856.4 66B 8 7700000000000000
89857.9 66C 8 DF09000000000000
89871.9 444 8 0000000000000005
89887.6 6C0 7 04030100000000
89888.7 3F1 8 0002000000000000
89889.9 663 8 7814E00E00AA0000
89891.2 31C 8 00000000800084F3
89892.5 31D 8 000000000000001F
89903.2 38C 8 000000000000007F
89904.5 38D 8 00000000000000E5
89905.8 39C 8 FF6F000000000000
89918.8 3C3 8 FF00000000000000
89920.8 6AB 8 00000000000041A1
89922.0 444 8 0000000000000005
89923.2 537 8 8080808080800000
89934.5 538 8 8080008080000080
89935.8 31C 8 00000000800084F3
89950.2 31D 8 000000000000001F
89965.9 444 8 0000000000000005
89981.3 3F1 8 0002000000000000
89982.5 663 8 7814E00E00AA0000
89983.7 31C 8 00000000800084F3
89996.9 31D 8 000000000000001F
89998.1 38C 8 000000000000007F
89999.3 38D 8 00000000000000E5
90012.6 39C 8 FF6F000000000000
90013.8 3C3 8 FF00000000000000
90015.0 444 8 0000000000000005
90028.4 523 8 CD1F7770450E0B02
90029.6 52E 5 603F000000
90044.2 31C 8 00000000800084F3
90046.2 31D 8 000000000000001F
90059.3 539 8 2502800008030000
90060.7 541 8 0000000000000000
90075.1 444 8 0000000000000005
90090.6 6C0 7 04030100000000
90092.0 3F1 8 0002000000000000
90093.5 663 8 7814E00E00AA0000
90094.9 31C 8 00000000800084F3
90096.4 31D 8 000000000000001F
90097.7 38C 8 000000000000007F
90106.3 38D 8 00000000000000E5
90108.2 39C 8 FF6F000000000000
90109.3 3C3 8 FF00000000000000
90121.9 6AB 8 00000000000041A1
90123.1 444 8 0000000000000005
90124.4 537 8 8080808080800000
90125.5 538 8 8080008080000080
90137.6 31C 8 00000000800084F3
90138.8 31D 8 000000000000001F
90168.9 444 8 0000000000000005
90184.5 3F1 8 0002000000000000
90186.0 663 8 7814E00E00AA0000
90187.2 31C 8 00000000800084F3
90200.2 31D 8 000000000000001F
90201.5 38C 8 000000000000007F
90202.6 38D 8 00000000000000E5
90203.8 39C 8 FF6F000000000000
90215.9 3C3 8 FF00000000000000
90217.2 444 8 0000000000000005
90231.5 31C 8 00000000800084F3
90246.9 31D 8 000000000000001F
90262.7 444 8 0000000000000005
90278.1 6C0 7 04030100000000
90279.4 3F1 8 0002000000000000
90280.6 484 8 0000000000000000
90281.9 523 8 CD1F7770450E0B02
90283.0 52E 5 603F000000
90284.1 585 8 902C00000000003F
90285.4 64C 2 0011
90286.6 663 8 7814E00E00AA0000
90287.8 6B2 8 FFFEFF0F880082CA
90293.8 31C 8 00000000800084F3
90295.1 31D 8 000000000000001F
90296.4 38C 8 000000000000007F
90309.2 38D 8 00000000000000E5
90310.6 39C 8 FF6F000000000000
90311.8 3C3 8 FF00000000000000
90313.0 5FB 8 1FFFFFFFFF1FF87E
90314.1 539 8 2502800008030000
90325.1 541 8 0000000000000000
90326.3 5FA 8 5B9DC7CC9C46F1FF
90327.4 6AB 8 00000000000041A1
90328.5 444 8 0000000000000005
90329.8 537 8 8080808080800000
90331.3 538 8 8080008080000080
90340.5 31C 8 00000000800084F3
90341.8 5EA 8 0000000000000016
90342.9 31D 8 000000000000001F
90344.2 5EB 8 0000000000000007
90345.4 5EC 8 000000000000000F
90356.3 66B 8 7700000000000000
90357.5 66C 8 DF09000000000000
90371.9 444 8 0000000000000005
90387.6 3F1 8 0002000000000000
90388.8 663 8 7814E00E00AA0000
90390.0 31C 8 00000000800084F3
90391.3 31D 8 000000000000001F
90403.3 38C 8 000000000000007F
90404.5 38D 8 00000000000000E5
90405.6 39C 8 FF6F000000000000
90418.8 3C3 8 FF00000000000000
90420.1 444 8 0000000000000005
90434.4 31C 8 00000000800084F3
90450.2 31D 8 000000000000001F
90465.7 444 8 0000000000000005
90481.2 6C0 7 04030100000000
90482.5 3F1 8 0002000000000000
90483.6 663 8 7814E00E00AA0000
90484.8 31C 8 00000000800084F3
90496.7 31D 8 000000000000001F
90497.9 38C 8 000000000000007F
90499.1 38D 8 00000000000000E5
90512.5 39C 8 FF6F000000000000
90513.7 3C3 8 FF00000000000000
90515.0 6AB 8 00000000000041A1
90516.3 444 8 0000000000000005
90528.2 537 8 8080808080800000
90529.4 538 8 8080008080000080
90530.6 523 8 CD1F7770450E0B02
90531.9 52E 5 603F000000
90543.9 31C 8 00000000800084F3
90545.2 31D 8 000000000000001F
90559.3 539 8 2502800008030000
90560.6 541 8 0000000000000000
90575.0 444 8 0000000000000005
90590.5 3F1 8 0002000000000000
90591.7 663 8 7814E00E00AA0000
90592.9 31C 8 00000000800084F3
90594.2 31D 8 000000000000001F
90595.3 38C 8 000000000000007F
90606.4 38D 8 00000000000000E5
90607.6 39C 8 FF6F000000000000
90608.8 3C3 8 FF00000000000000
90622.0 444 8 0000000000000005
90637.5 31C 8 00000000800084F3
90638.8 31D 8 000000000000001F
90668.8 444 8 0000000000000005
90684.4 6C0 7 04030100000000
90685.6 3F1 8 0002000000000000
90686.8 663 8 7814E00E00AA0000
90688.0 31C 8 00000000800084F3
90700.2 31D 8 000000000000001F
90701.6 38C 8 000000000000007F
90703.4 38D 8 00000000000000E5
90715.7 39C 8 FF6F000000000000
90716.9 3C3 8 FF00000000000000
90718.1 6AB 8 00000000000041A1
90719.3 444 8 0000000000000005
90720.5 537 8 8080808080800000
90731.5 538 8 8080008080000080
90732.6 31C 8 00000000800084F3
90746.8 31D 8 000000000000001F
90762.5 444 8 0000000000000005
90778.1 3F1 8 0002000000000000
90779.3 484 8 0000000000000000
90780.6 523 8 CD1F7770450E0B02
90781.8 52E 5 603F000000
90782.9 663 8 7814E00E00AA0000
90793.8 31C 8 00000000800084F3
90795.1 31D 8 000000000000001F
90796.5 38C 8 000000000000007F
90809.6 38D 8 00000000000000E5
90812.0 39C 8 FF6F000000000000
90813.2 3C3 8 FF00000000000000
90814.4 539 8 2502800008030000
90815.5 541 8 0000000000000000
90825.2 444 8 0000000000000005
90840.6 31C 8 00000000800084F3
90842.1 5EA 8 0000000000000016
90843.3 31D 8 000000000000001F
90844.5 5EB 8 0000000000000007
90845.8 5EC 8 000000000000000F
90856.7 66B 8 7700000000000000
90857.9 66C 8 DF09000000000000
90871.9 444 8 0000000000000005
90887.6 6C0 7 04030100000000
90889.1 3F1 8 0002000000000000
90890.4 663 8 7814E00E00AA0000
90891.7 31C 8 00000000800084F3
90892.9 31D 8 000000000000001F
90903.5 38C 8 000000000000007F
90904.9 38D 8 00000000000000E5
90906.4 39C 8 FF6F000000000000
90918.8 3C3 8 FF00000000000000
90920.1 6AB 8 00000000000041A1
90923.9 444 8 0000000000000005
90925.1 537 8 8080808080800000
90934.4 538 8 8080008080000080
90935.6 31C 8 00000000800084F3
90950.0 31D 8 000000000000001F
90965.8 444 8 0000000000000005
90981.3 3F1 8 0002000000000000
90982.6 663 8 7814E00E00AA0000
90984.5 31C 8 00000000800084F3
90997.0 31D 8 000000000000001F
90998.5 38C 8 000000000000007F
90999.6 38D 8 00000000000000E5
91012.6 39C 8 FF6F000000000000
91013.8 3C3 8 FF00000000000000
91015.0 444 8 0000000000000005
91028.3 523 8 CD1F7770450E0B02
91029.6 52E 5 603F000000
91048.4 31C 8 00000000800084F3
91049.8 31D 8 000000000000001F
91064.0 539 8 2502800008030000
91065.2 541 8 0000000000000000
91066.4 444 8 0000000000000005
91079.7 6C0 7 04030100000000
91081.0 3F1 8 0002000000000000
91082.1 663 8 7814E00E00AA0000
91095.3 31C 8 00000000800084F3
91096.6 31D 8 000000000000001F
91097.8 38C 8 000000000000007F
91099.0 38D 8 00000000000000E5
91110.7 39C 8 FF6F000000000000
91112.0 3C3 8 FF00000000000000
91113.1 6AB 8 00000000000041A1
91114.3 444 8 0000000000000005
91126.5 537 8 8080808080800000
91127.7 538 8 8080008080000080
91142.4 31C 8 00000000800084F3
91143.7 31D 8 000000000000001F
91173.4 444 8 0000000000000005
91189.0 3F1 8 0002000000000000
91190.4 663 8 7814E00E00AA0000
91191.7 31C 8 00000000800084F3
91193.0 31D 8 000000000000001F
91204.7 38C 8 000000000000007F
91206.0 38D 8 00000000000000E5
91207.2 39C 8 FF6F000000000000
91220.3 3C3 8 FF00000000000000
91221.5 444 8 0000000000000005
91236.0 31C 8 00000000800084F3
91237.8 31D 8 000000000000001F
91267.6 444 8 0000000000000005
91283.0 6C0 7 04030100000000
91284.1 3F1 8 0002000000000000
91285.5 484 8 0000000000000000
91286.6 523 8 CD1F7770450E0B02
91287.8 52E 5 603F000000
91288.9 585 8 902C00000000003F
91290.1 64C 2 0011
91291.4 663 8 7814E00E00AA0000
91292.6 6B2 8 FFFEFF0F880002CB
91293.7 31C 8 00000000800084F3
91298.4 31D 8 000000000000001F
91299.6 38C 8 000000000000007F
91301.0 38D 8 00000000000000E5
91313.9 39C 8 FF6F000000000000
91315.3 3C3 8 FF00000000000000
91316.6 5FB 8 1FFFFFFFFF1FF87E
91317.7 539 8 2502800008030000
91318.8 541 8 0000000000000000
91320.0 5FA 8 5B9DC7CC9C46F1FF
91322.0 444 8 0000000000000005
91323.4 6AB 8 00000000000041A1
91329.9 537 8 8080808080800000
91331.5 538 8 8080008080000080
91345.4 31C 8 00000000800084F3
91346.8 5EA 8 0000000000000016
91348.0 31D 8 000000000000001F
91349.2 5EB 8 0000000000000007
91350.4 5EC 8 000000000000000F
91351.7 66B 8 7700000000000000
91360.7 66C 8 DF09000000000000
91361.9 444 8 0000000000000005
91376.5 3F1 8 0002000000000000
91378.0 663 8 7814E00E00AA0000
91392.4 31C 8 00000000800084F3
91394.1 31D 8 000000000000001F
91395.4 38C 8 000000000000007F
91407.8 38D 8 00000000000000E5
91409.0 39C 8 FF6F000000000000
91410.2 3C3 8 FF00000000000000
91423.4 444 8 0000000000000005
91439.0 31C 8 00000000800084F3
91440.3 31D 8 000000000000001F
91470.3 444 8 0000000000000005
91485.7 6C0 7 04030100000000
91486.8 3F1 8 0002000000000000
91488.0 663 8 7814E00E00AA0000
91489.2 31C 8 00000000800084F3
91490.5 31D 8 000000000000001F
91501.6 38C 8 000000000000007F
91503.5 38D 8 00000000000000E5
91504.7 39C 8 FF6F000000000000
91517.5 3C3 8 FF00000000000000
91518.7 6AB 8 00000000000041A1
91519.8 444 8 0000000000000005
91521.3 537 8 8080808080800000
91532.8 538 8 8080008080000080
91533.9 523 8 CD1F7770450E0B02
91535.2 52E 5 603F000000
91536.4 31C 8 00000000800084F3
91548.6 31D 8 000000000000001F
91564.6 539 8 2502800008030000
91565.7 541 8 0000000000000000
91566.9 444 8 0000000000000005
91580.5 3F1 8 0002000000000000
91581.9 663 8 7814E00E00AA0000
91583.1 31C 8 00000000800084F3
91596.2 31D 8 000000000000001F
91597.4 38C 8 000000000000007F
91598.6 38D 8 00000000000000E5
91611.8 39C 8 FF6F000000000000
91613.0 3C3 8 FF00000000000000
91614.1 444 8 0000000000000005
91643.4 31C 8 00000000800084F3
91644.6 31D 8 000000000000001F
91674.3 444 8 0000000000000005
91689.9 6C0 7 04030100000000
91691.3 3F1 8 0002000000000000
91692.5 663 8 7814E00E00AA0000
91693.6 31C 8 00000000800084F3
91695.7 31D 8 000000000000001F
91705.6 38C 8 000000000000007F
91706.9 38D 8 00000000000000E5
91708.1 39C 8 FF6F000000000000
91709.4 3C3 8 FF00000000000000
91721.0 6AB 8 00000000000041A1
91722.1 444 8 0000000000000005
91723.4 537 8 8080808080800000
91724.5 538 8 8080008080000080
91736.9 31C 8 00000000800084F3
91738.2 31D 8 000000000000001F
91770.0 444 8 0000000000000005
91783.9 3F1 8 0002000000000000
91785.6 484 8 0000000000000000
91787.0 523 8 CD1F7770450E0B02
91788.6 52E 5 603F000000
91789.9 663 8 7814E00E00AA0000
91791.4 31C 8 00000000800084F3
91799.4 31D 8 000000000000001F
91800.7 38C 8 000000000000007F
91801.9 38D 8 00000000000000E5
91814.8 39C 8 FF6F000000000000
91816.2 3C3 8 FF00000000000000
91817.3 539 8 2502800008030000
91818.5 541 8 0000000000000000
91819.6 444 8 0000000000000005
91830.6 31C 8 00000000800084F3
91832.0 5EA 8 0000000000000016
91846.1 31D 8 000000000000001F
91847.5 5EB 8 0000000000000007
91849.5 5EC 8 000000000000000F
91850.8 66B 8 7700000000000000
91861.9 66C 8 DF09000000000000
91863.1 444 8 0000000000000005
91877.5 6C0 7 04030100000000
91878.7 3F1 8 0002000000000000
91879.8 663 8 7814E00E00AA0000
91893.0 31C 8 00000000800084F3
91895.2 31D 8 000000000000001F
91897.1 38C 8 000000000000007F
91908.7 38D 8 00000000000000E5
91910.0 39C 8 FF6F000000000000
91911.2 3C3 8 FF00000000000000
91924.3 6AB 8 00000000000041A1
91925.5 444 8 0000000000000005
91926.7 537 8 8080808080800000
91927.8 538 8 8080008080000080
91939.9 31C 8 00000000800084F3
91941.2 31D 8 000000000000001F
91971.1 444 8 0000000000000005
91986.8 3F1 8 0002000000000000
91988.0 663 8 7814E00E00AA0000
91989.2 31C 8 00000000800084F3
91990.4 31D 8 000000000000001F
92002.4 38C 8 000000000000007F
92003.6 38D 8 00000000000000E5
92004.8 39C 8 FF6F000000000000
92018.1 3C3 8 FF00000000000000
92019.4 444 8 0000000000000005
92033.7 523 8 CD1F7770450E0B02
92035.0 52E 5 603F000000
92037.7 31C 8 00000000800084F3
92049.4 31D 8 000000000000001F
92064.9 539 8 2502800008030000
92066.1 541 8 0000000000000000
92067.3 444 8 0000000000000005
92080.6 6C0 7 04030100000000
92081.8 3F1 8 0002000000000000
92083.0 663 8 7814E00E00AA0000
92084.1 31C 8 00000000800084F3
92096.1 31D 8 000000000000001F
92097.5 38C 8 000000000000007F
92098.6 38D 8 00000000000000E5
92111.8 39C 8 FF6F000000000000
92113.0 3C3 8 FF00000000000000
92114.3 6AB 8 00000000000041A1
92115.3 444 8 0000000000000005
92127.4 537 8 8080808080800000
92128.6 538 8 8080008080000080
92143.2 31C 8 00000000800084F3
92144.6 31D 8 000000000000001F
92174.3 444 8 0000000000000005
92189.9 3F1 8 0002000000000000
92191.2 663 8 7814E00E00AA0000
92192.5 31C 8 00000000800084F3
92193.8 31D 8 000000000000001F
92205.5 38C 8 000000000000007F
92206.8 38D 8 00000000000000E5
92208.0 39C 8 FF6F000000000000
92209.2 3C3 8 FF00000000000000
92221.1 444 8 0000000000000005
92236.8 31C 8 00000000800084F3
92238.1 31D 8 000000000000001F
92268.2 444 8 0000000000000005
92283.8 6C0 7 04030100000000
92287.5 3F1 8 0002000000000000
92288.6 484 8 0000000000000000
92289.7 523 8 CD1F7770450E0B02
92290.8 52E 5 603F000000
92291.9 585 8 902C00000000003F
92293.0 64C 2 0011
92294.1 663 8 7814E00E00AA0000
92295.4 6B2 8 FFFEFF0F880082CB
92296.9 31C 8 00000000800084F3
92314.9 31D 8 000000000000001F
92316.4 38C 8 000000000000007F
92317.6 38D 8 00000000000000E5
92318.8 39C 8 FF6F000000000000
92320.0 3C3 8 FF00000000000000
92321.1 5FB 8 1FFFFFFFFF1FF87E
92322.3 539 8 2502800008030000
92323.4 541 8 0000000000000000
92324.6 444 8 0000000000000005
92325.9 5FA 8 5B9DC7CC9C46F1FF
92327.0 6AB 8 00000000000041A1
92328.1 537 8 8080808080800000
92330.7 538 8 8080008080000080
92332.0 31C 8 00000000800084F3
92333.3 5EA 8 0000000000000016
92346.1 31D 8 000000000000001F
92347.4 5EB 8 0000000000000007
92348.5 5EC 8 000000000000000F
92350.5 66B 8 7700000000000000
92361.8 66C 8 DF09000000000000
92363.0 444 8 0000000000000005
92377.4 3F1 8 0002000000000000
92378.7 663 8 7814E00E00AA0000
92393.2 31C 8 00000000800084F3
92394.8 31D 8 000000000000001F
92396.4 38C 8 000000000000007F
92408.7 38D 8 00000000000000E5
92409.9 39C 8 FF6F000000000000
92411.3 3C3 8 FF00000000000000
92424.3 444 8 0000000000000005
92439.9 31C 8 00000000800084F3
92441.1 31D 8 000000000000001F
92471.2 444 8 0000000000000005
92486.8 6C0 7 04030100000000
92488.1 3F1 8 0002000000000000
92489.3 663 8 7814E00E00AA0000
92490.6 31C 8 00000000800084F3
92491.9 31D 8 000000000000001F
92502.4 38C 8 000000000000007F
92503.6 38D 8 00000000000000E5
92504.8 39C 8 FF6F000000000000
92518.2 3C3 8 FF00000000000000
92519.4 6AB 8 00000000000041A1
92520.7 444 8 0000000000000005
92521.9 537 8 8080808080800000
92533.7 538 8 8080008080000080
92534.8 523 8 CD1F7770450E0B02
92536.2 52E 5 603F000000
92537.3 31C 8 00000000800084F3
92549.3 31D 8 000000000000001F
92565.0 539 8 2502800008030000
92566.1 541 8 0000000000000000
92567.3 444 8 0000000000000005
92580.6 3F1 8 0002000000000000
92582.0 663 8 7814E00E00AA0000
92583.2 31C 8 00000000800084F3
92596.2 31D 8 000000000000001F
92597.4 38C 8 000000000000007F
92598.6 38D 8 00000000000000E5
92611.8 39C 8 FF6F000000000000
92613.0 3C3 8 FF00000000000000
92614.2 444 8 0000000000000005
92643.2 31C 8 00000000800084F3
92644.4 31D 8 000000000000001F
92674.6 444 8 0000000000000005
92689.9 6C0 7 04030100000000
92691.3 3F1 8 0002000000000000
92692.5 663 8 7814E00E00AA0000
92693.7 31C 8 00000000800084F3
92694.9 31D 8 000000000000001F
92705.4 38C 8 000000000000007F
92706.7 38D 8 00000000000000E5
92707.9 39C 8 FF6F000000000000
92709.1 3C3 8 FF00000000000000
92721.0 6AB 8 00000000000041A1
92722.1 444 8 0000000000000005
92723.4 537 8 8080808080800000
92724.5 538 8 8080008080000080
92737.0 31C 8 00000000800084F3
92738.3 31D 8 000000000000001F
92768.3 444 8 0000000000000005
92783.7 3F1 8 0002000000000000
92785.0 484 8 0000000000000000
92786.3 523 8 CD1F7770450E0B02
92787.4 52E 5 603F000000
92788.6 663 8 7814E00E00AA0000
92789.7 31C 8 00000000800084F3
92799.3 31D 8 000000000000001F
92800.8 38C 8 000000000000007F
92802.0 38D 8 00000000000000E5
92814.9 39C 8 FF6F000000000000
92816.1 3C3 8 FF00000000000000
92817.3 539 8 2502800008030000
92818.5 541 8 0000000000000000
92819.6 444 8 0000000000000005
92831.0 31C 8 00000000800084F3
92833.1 5EA 8 0000000000000016
92846.0 31D 8 000000000000001F
92847.2 5EB 8 0000000000000007
92848.5 5EC 8 000000000000000F
92849.6 66B 8 7700000000000000
92862.1 66C 8 DF09000000000000
92863.3 444 8 0000000000000005
92881.1 6C0 7 04030100000000
92883.3 3F1 8 0002000000000000
92886.8 663 8 7814E00E00AA0000
92893.1 31C 8 00000000800084F3
92894.5 31D 8 000000000000001F
92895.9 38C 8 000000000000007F
92908.7 38D 8 00000000000000E5
92910.0 39C 8 FF6F000000000000
92911.2 3C3 8 FF00000000000000
92924.3 6AB 8 00000000000041A1
92925.5 444 8 0000000000000005
92926.7 537 8 8080808080800000
92927.9 538 8 8080008080000080
92939.9 31C 8 00000000800084F3
92941.2 31D 8 000000000000001F
92971.3 444 8 0000000000000005
92986.8 3F1 8 0002000000000000
92988.0 663 8 7814E00E00AA0000
92989.1 31C 8 00000000800084F3
92990.5 31D 8 000000000000001F
93002.4 38C 8 000000000000007F
93003.6 38D 8 00000000000000E5
93004.8 39C 8 FF6F000000000000
93018.1 3C3 8 FF00000000000000
93019.4 444 8 0000000000000005
93033.7 523 8 CD1F7770450E0B02
93035.1 52E 5 603F000000
93036.4 31C 8 00000000800084F3
93049.4 31D 8 000000000000001F
93064.9 539 8 2502800008030000
93066.4 541 8 0000000000000000
93068.1 444 8 0000000000000005
93080.6 6C0 7 04030100000000
93081.9 3F1 8 0002000000000000
93083.1 663 8 7814E00E00AA0000
93084.4 31C 8 00000000800084F3
93096.2 31D 8 000000000000001F
93097.5 38C 8 000000000000007F
93098.7 38D 8 00000000000000E5
93111.8 39C 8 FF6F000000000000
93113.0 3C3 8 FF00000000000000
93114.2 6AB 8 00000000000041A1
93115.5 444 8 0000000000000005
93127.4 537 8 8080808080800000
93128.6 538 8 8080008080000080
93143.3 31C 8 00000000800084F3
93144.6 31D 8 000000000000001F
93174.3 444 8 0000000000000005
93189.9 3F1 8 0002000000000000
93191.2 663 8 7814E00E00AA0000
93192.3 31C 8 00000000800084F3
93193.6 31D 8 000000000000001F
93205.4 38C 8 000000000000007F
93206.7 38D 8 00000000000000E5
93207.9 39C 8 FF6F000000000000
93209.1 3C3 8 FF00000000000000
93221.2 444 8 0000000000000005
93236.8 31C 8 00000000800084F3
93238.1 31D 8 000000000000001F
93268.5 444 8 0000000000000005
93283.6 6C0 7 04030100000000
93285.0 3F1 8 0002000000000000
93286.4 484 8 0000000000000000
93287.5 523 8 CD1F7770450E0B02
93288.7 52E 5 603F000000
93290.6 585 8 902C00000000003F
93291.8 64C 2 0011
93292.9 663 8 7814E00E00AA0000
93294.1 6B2 8 FFFEFF0F880002CC
93295.4 31C 8 00000000800084F3
93299.3 31D 8 000000000000001F
93300.7 38C 8 000000000000007F
93302.0 38D 8 00000000000000E5
93315.0 39C 8 FF6F000000000000
93316.5 3C3 8 FF00000000000000
93317.6 5FB 8 1FFFFFFFFF1FF87E
93318.8 539 8 2502800008030000
93319.9 444 8 0000000000000005
93321.4 541 8 0000000000000000
93322.6 5FA 8 5B9DC7CC9C46F1FF
93323.7 6AB 8 00000000000041A1
93330.6 537 8 8080808080800000
93332.1 538 8 8080008080000080
93333.2 31C 8 00000000800084F3
93334.5 5EA 8 0000000000000016
93346.1 31D 8 000000000000001F
93347.5 5EB 8 0000000000000007
93348.5 5EC 8 000000000000000F
93349.8 66B 8 7700000000000000
93361.9 66C 8 DF09000000000000
93363.1 444 8 0000000000000005
93377.7 3F1 8 0002000000000000
93379.0 663 8 7814E00E00AA0000
93393.1 31C 8 00000000800084F3
93394.4 31D 8 000000000000001F
93395.7 38C 8 000000000000007F
93408.7 38D 8 00000000000000E5
93410.7 39C 8 FF6F000000000000
93411.9 3C3 8 FF00000000000000
93424.3 444 8 0000000000000005
93439.9 31C 8 00000000800084F3
93441.2 31D 8 000000000000001F
93471.2 444 8 0000000000000005
93486.8 6C0 7 04030100000000
93488.0 3F1 8 0002000000000000
93489.2 663 8 7814E00E00AA0000
93490.6 31C 8 00000000800084F3
93491.9 31D 8 000000000000001F
93502.4 38C 8 000000000000007F
93503.6 38D 8 00000000000000E5
93504.8 39C 8 FF6F000000000000
93518.1 3C3 8 FF00000000000000
93519.3 6AB 8 00000000000041A1
93520.5 444 8 0000000000000005
93521.7 537 8 8080808080800000
93533.6 538 8 8080008080000080
93534.8 523 8 CD1F7770450E0B02
93536.2 52E 5 603F000000
93537.3 31C 8 00000000800084F3
93549.3 31D 8 000000000000001F
93564.9 539 8 2502800008030000
93566.1 541 8 0000000000000000
93567.2 444 8 0000000000000005
93580.5 3F1 8 0002000000000000
93581.9 663 8 7814E00E00AA0000
93583.1 31C 8 00000000800084F3
93596.2 31D 8 000000000000001F
93598.2 38C 8 000000000000007F
93599.4 38D 8 00000000000000E5
93611.8 39C 8 FF6F000000000000
93613.0 3C3 8 FF00000000000000
93614.2 444 8 0000000000000005
93643.3 31C 8 00000000800084F3
93647.6 31D 8 000000000000001F
93674.4 444 8 0000000000000005
93689.9 6C0 7 04030100000000
93691.3 3F1 8 0002000000000000
93692.5 663 8 7814E00E00AA0000
93693.7 31C 8 00000000800084F3
93695.1 31D 8 000000000000001F
93705.4 38C 8 000000000000007F
93706.7 38D 8 00000000000000E5
93707.9 39C 8 FF6F000000000000
93709.1 3C3 8 FF00000000000000
93720.9 6AB 8 00000000000041A1
93722.1 444 8 0000000000000005
93723.3 537 8 8080808080800000
93724.5 538 8 8080008080000080
93736.8 31C 8 00000000800084F3
93738.3 31D 8 000000000000001F
93768.2 444 8 0000000000000005
93783.7 3F1 8 0002000000000000
93785.0 484 8 0000000000000000
93786.3 523 8 CD1F7770450E0B02
93787.4 52E 5 603F000000
93788.5 663 8 7814E00E00AA0000
93789.8 31C 8 00000000800084F3
93799.3 31D 8 000000000000001F
93800.7 38C 8 000000000000007F
93801.9 38D 8 00000000000000E5
93814.9 39C 8 FF6F000000000000
93816.1 3C3 8 FF00000000000000
93817.3 539 8 2502800008030000
93818.4 541 8 0000000000000000
93819.7 444 8 0000000000000005
93830.6 31C 8 00000000800084F3
93832.1 5EA 8 0000000000000016
93846.2 31D 8 000000000000001F
93847.4 5EB 8 0000000000000007
93848.5 5EC 8 000000000000000F
93849.7 66B 8 7700000000000000
93862.2 66C 8 DF09000000000000
93863.3 444 8 0000000000000005
93877.4 6C0 7 04030100000000
93878.6 3F1 8 0002000000000000
93879.8 663 8 7814E00E00AA0000
93893.5 31C 8 00000000800084F3
93895.6 31D 8 000000000000001F
93896.9 38C 8 000000000000007F
93908.9 38D 8 00000000000000E5
93910.4 39C 8 FF6F000000000000
93911.8 3C3 8 FF00000000000000
93924.4 6AB 8 00000000000041A1
93925.6 444 8 0000000000000005
93926.9 537 8 8080808080800000
93928.0 538 8 8080008080000080
93940.0 31C 8 00000000800084F3
93942.0 31D 8 000000000000001F
93971.1 444 8 0000000000000005
93986.8 3F1 8 0002000000000000
93988.0 663 8 7814E00E00AA0000
93989.2 31C 8 00000000800084F3
93990.6 31D 8 000000000000001F
94002.5 38C 8 000000000000007F
94003.9 38D 8 00000000000000E5
94005.4 39C 8 FF6F000000000000
94018.2 3C3 8 FF00000000000000
94019.5 444 8 0000000000000005
94033.6 523 8 CD1F7770450E0B02
94034.9 52E 5 603F000000
94036.4 31C 8 00000000800084F3
94049.4 31D 8 000000000000001F
94065.0 539 8 2502800008030000
94066.2 444 8 0000000000000005
94067.5 541 8 0000000000000000
94080.4 6C0 7 04030100000000
94081.6 3F1 8 0002000000000000
94082.8 663 8 7814E00E00AA0000
94084.0 31C 8 00000000800084F3
94096.1 31D 8 000000000000001F
94097.5 38C 8 000000000000007F
94098.7 38D 8 00000000000000E5
94111.8 39C 8 FF6F000000000000
94113.0 3C3 8 FF00000000000000
94114.2 6AB 8 00000000000041A1
94115.3 444 8 0000000000000005
94127.4 537 8 8080808080800000
94129.3 538 8 8080008080000080
94143.1 31C 8 00000000800084F3
94144.4 31D 8 000000000000001F
94174.5 444 8 0000000000000005
94189.9 3F1 8 0002000000000000
94191.3 663 8 7814E00E00AA0000
94192.5 31C 8 00000000800084F3
94193.8 31D 8 000000000000001F
94205.4 38C 8 000000000000007F
94206.7 38D 8 00000000000000E5
94207.8 39C 8 FF6F000000000000
94209.0 3C3 8 FF00000000000000
94221.2 444 8 0000000000000005
94236.8 31C 8 00000000800084F3
94238.0 31D 8 000000000000001F
94268.3 444 8 0000000000000005
94283.7 6C0 7 04030100000000
94285.0 3F1 8 0002000000000000
94286.2 484 8 0000000000000000
94287.3 523 8 CD1F7770450E0B02
94288.5 52E 5 603F000000
94289.6 585 8 902C00000000003F
94290.7 64C 2 0011
94291.7 663 8 7814E00E00AA0000
94292.9 6B2 8 FFFEFF0F880082CC
94294.0 31C 8 00000000800084F3
94299.3 31D 8 000000000000001F
94300.7 38C 8 000000000000007F
94302.0 38D 8 00000000000000E5
94315.0 39C 8 FF6F000000000000
94317.2 3C3 8 FF00000000000000
94318.4 5FB 8 1FFFFFFFFF1FF87E
94319.6 444 8 0000000000000005
94320.9 539 8 2502800008030000
94322.0 541 8 0000000000000000
94323.1 5FA 8 5B9DC7CC9C46F1FF
94324.2 6AB 8 00000000000041A1
94330.6 537 8 8080808080800000
94332.0 538 8 8080008080000080
94333.2 31C 8 00000000800084F3
94334.4 5EA 8 0000000000000016
94346.2 31D 8 000000000000001F
94347.5 5EB 8 0000000000000007
94348.6 5EC 8 000000000000000F
94349.7 66B 8 7700000000000000
94361.8 66C 8 DF09000000000000
94363.0 444 8 0000000000000005
94377.4 3F1 8 0002000000000000
94378.7 663 8 7814E00E00AA0000
94393.1 31C 8 00000000800084F3
94394.4 31D 8 000000000000001F
94395.6 38C 8 000000000000007F
94408.6 38D 8 00000000000000E5
94409.9 39C 8 FF6F000000000000
94411.3 3C3 8 FF00000000000000
94424.2 444 8 0000000000000005
94439.9 31C 8 00000000800084F3
94441.3 31D 8 000000000000001F
94471.7 444 8 0000000000000005
94486.8 6C0 7 04030100000000
94488.0 3F1 8 0002000000000000
94490.0 663 8 7814E00E00AA0000
94491.3 31C 8 00000000800084F3
94492.5 31D 8 000000000000001F
94502.5 38C 8 000000000000007F
94503.7 38D 8 00000000000000E5
94505.1 39C 8 FF6F000000000000
94518.2 3C3 8 FF00000000000000
94519.4 6AB 8 00000000000041A1
94520.7 444 8 0000000000000005
94522.0 537 8 8080808080800000
94533.7 538 8 8080008080000080
94534.8 523 8 CD1F7770450E0B02
94536.2 52E 5 603F000000
94537.4 31C 8 00000000800084F3
94549.3 31D 8 000000000000001F
94564.9 539 8 2502800008030000
94566.1 444 8 0000000000000005
94567.3 541 8 0000000000000000
94580.7 3F1 8 0002000000000000
94582.1 663 8 7814E00E00AA0000
94583.3 31C 8 00000000800084F3
94596.3 31D 8 000000000000001F
94597.5 38C 8 000000000000007F
94598.7 38D 8 00000000000000E5
94611.9 39C 8 FF6F000000000000
94613.2 3C3 8 FF00000000000000
94614.4 444 8 0000000000000005
94643.3 31C 8 00000000800084F3
94644.7 31D 8 000000000000001F
94674.4 444 8 0000000000000005
94690.1 6C0 7 04030100000000
94691.4 3F1 8 0002000000000000
94692.6 663 8 7814E00E00AA0000
94693.8 31C 8 00000000800084F3
94695.0 31D 8 000000000000001F
94705.5 38C 8 000000000000007F
94706.9 38D 8 00000000000000E5
94708.1 39C 8 FF6F000000000000
94709.3 3C3 8 FF00000000000000
94720.9 6AB 8 00000000000041A1
94722.1 444 8 0000000000000005
94723.4 537 8 8080808080800000
94724.5 538 8 8080008080000080
94736.9 31C 8 00000000800084F3
94738.1 31D 8 000000000000001F
94768.2 444 8 0000000000000005
94783.7 3F1 8 0002000000000000
94784.9 484 8 0000000000000000
94786.2 523 8 CD1F7770450E0B02
94787.4 52E 5 603F000000
94788.5 663 8 7814E00E00AA0000
94789.7 31C 8 00000000800084F3
94799.4 31D 8 000000000000001F
94800.8 38C 8 000000000000007F
94802.0 38D 8 00000000000000E5
94814.9 39C 8 FF6F000000000000
94816.1 3C3 8 FF00000000000000
94817.3 539 8 2502800008030000
94818.5 444 8 0000000000000005
94819.7 541 8 0000000000000000
94830.7 31C 8 00000000800084F3
94832.4 5EA 8 0000000000000016
94846.3 31D 8 000000000000001F
94847.5 5EB 8 0000000000000007
94848.6 5EC 8 000000000000000F
94849.7 66B 8 7700000000000000
94862.3 66C 8 DF09000000000000
94863.4 444 8 0000000000000005
94877.5 6C0 7 04030100000000
94878.6 3F1 8 0002000000000000
94879.8 663 8 7814E00E00AA0000
94893.2 31C 8 00000000800084F3
94894.4 31D 8 000000000000001F
94895.8 38C 8 000000000000007F
94908.7 38D 8 00000000000000E5
94909.8 39C 8 FF6F000000000000
94911.5 3C3 8 FF00000000000000
94924.3 444 8 0000000000000005
94926.0 6AB 8 00000000000041A1
94927.1 537 8 8080808080800000
94928.3 538 8 8080008080000080
94939.9 31C 8 00000000800084F3
94941.2 31D 8 000000000000001F
94971.5 444 8 0000000000000005
94986.8 3F1 8 0002000000000000
94988.0 663 8 7814E00E00AA0000
94989.2 31C 8 00000000800084F3
94990.6 31D 8 000000000000001F
95002.6 38C 8 000000000000007F
95011.5 38D 8 00000000000000E5
95013.6 39C 8 FF6F000000000000
95018.0 3C3 8 FF00000000000000
95019.3 444 8 0000000000000005
95033.7 523 8 CD1F7770450E0B02
95035.0 52E 5 603F000000
95036.3 31C 8 00000000800084F3
95049.3 31D 8 000000000000001F
95065.1 444 8 0000000000000005
95067.1 539 8 2502800008030000
95068.9 541 8 0000000000000000
95080.6 6C0 7 04030100000000
95082.0 3F1 8 0002000000000000
95083.2 663 8 7814E00E00AA0000
95084.4 31C 8 00000000800084F3
95096.2 31D 8 000000000000001F
95097.5 38C 8 000000000000007F
95098.7 38D 8 00000000000000E5
95111.9 39C 8 FF6F000000000000
95113.1 3C3 8 FF00000000000000
95114.3 444 8 0000000000000005
95115.5 6AB 8 00000000000041A1
95127.6 537 8 8080808080800000
95129.0 538 8 8080008080000080
95143.3 31C 8 00000000800084F3
95144.7 31D 8 000000000000001F
95174.3 444 8 0000000000000005
95190.0 3F1 8 0002000000000000
95191.7 663 8 7814E00E00AA0000
95192.9 31C 8 00000000800084F3
95194.1 31D 8 000000000000001F
95205.6 38C 8 000000000000007F
95207.1 38D 8 00000000000000E5
95208.5 39C 8 FF6F000000000000
95209.8 3C3 8 FF00000000000000
95221.1 444 8 0000000000000005
95236.8 31C 8 00000000800084F3
95238.1 31D 8 000000000000001F
95268.3 444 8 0000000000000005
95283.7 6C0 7 04030100000000
95284.9 3F1 8 0002000000000000
95286.2 484 8 0000000000000000
95287.3 523 8 CD1F7770450E0B02
95288.5 52E 5 603F000000
95289.6 585 8 902C00000000003F
95290.7 64C 2 0011
95291.8 663 8 7814E00E00AA0000
95293.0 6B2 8 FFFEFF0F880002CD
95294.1 31C 8 00000000800084F3
95299.3 31D 8 000000000000001F
95300.6 38C 8 000000000000007F
95301.8 38D 8 00000000000000E5
95315.0 39C 8 FF6F000000000000
95316.4 3C3 8 FF00000000000000
95317.6 444 8 0000000000000005
95318.9 5FB 8 1FFFFFFFFF1FF87E
95320.1 539 8 2502800008030000
95321.5 541 8 0000000000000000
95322.6 5FA 8 5B9DC7CC9C46F1FF
95323.8 6AB 8 00000000000041A1
95330.6 537 8 8080808080800000
95331.9 538 8 8080008080000080
95333.8 31C 8 00000000800084F3
95346.3 5EA 8 0000000000000016
95347.5 31D 8 000000000000001F
95348.7 5EB 8 0000000000000007
95349.9 5EC 8 000000000000000F
95351.1 66B 8 7700000000000000
95361.8 66C 8 DF09000000000000
95363.0 444 8 0000000000000005
95377.3 3F1 8 0002000000000000
95378.7 663 8 7814E00E00AA0000
95393.3 31C 8 00000000800084F3
95394.6 31D 8 000000000000001F
95396.0 38C 8 000000000000007F
95408.6 38D 8 00000000000000E5
95409.8 39C 8 FF6F000000000000
95411.2 3C3 8 FF00000000000000
95424.3 444 8 0000000000000005
95440.1 31C 8 00000000800084F3
95441.7 31D 8 000000000000001F
95471.3 444 8 0000000000000005
95486.9 6C0 7 04030100000000
95488.1 3F1 8 0002000000000000
95489.3 663 8 7814E00E00AA0000
95490.7 31C 8 00000000800084F3
95492.0 31D 8 000000000000001F
95502.5 38C 8 000000000000007F
95503.7 38D 8 00000000000000E5
95505.0 39C 8 FF6F000000000000
95518.2 3C3 8 FF00000000000000
95519.4 444 8 0000000000000005
95521.4 6AB 8 00000000000041A1
95522.5 537 8 8080808080800000
95533.8 538 8 8080008080000080
95535.4 523 8 CD1F7770450E0B02
95537.7 52E 5 603F000000
95539.1 31C 8 00000000800084F3
95549.3 31D 8 000000000000001F
95565.0 444 8 0000000000000005
95566.2 539 8 2502800008030000
95567.3 541 8 0000000000000000
95580.6 3F1 8 0002000000000000
95582.0 663 8 7814E00E00AA0000
95583.1 31C 8 00000000800084F3
95596.2 31D 8 000000000000001F
95597.4 38C 8 000000000000007F
95598.6 38D 8 00000000000000E5
95611.8 39C 8 FF6F000000000000
95613.0 3C3 8 FF00000000000000
95614.1 444 8 0000000000000005
95643.2 31C 8 00000000800084F3
95644.5 31D 8 000000000000001F
95674.5 444 8 0000000000000005
95689.9 6C0 7 04030100000000
95691.3 3F1 8 0002000000000000
95692.5 663 8 7814E00E00AA0000
95693.6 31C 8 00000000800084F3
95694.9 31D 8 000000000000001F
95705.4 38C 8 000000000000007F
95706.8 38D 8 00000000000000E5
95708.0 39C 8 FF6F000000000000
95709.9 3C3 8 FF00000000000000
95720.9 444 8 0000000000000005
95722.2 6AB 8 00000000000041A1
95723.3 537 8 8080808080800000
95724.5 538 8 8080008080000080
95736.8 31C 8 00000000800084F3
95738.0 31D 8 000000000000001F
95768.2 444 8 0000000000000005
95783.7 3F1 8 0002000000000000
95784.9 484 8 0000000000000000
95786.3 523 8 CD1F7770450E0B02
95787.4 52E 5 603F000000
95788.5 663 8 7814E00E00AA0000
95789.7 31C 8 00000000800084F3
95799.3 31D 8 000000000000001F
95800.6 38C 8 000000000000007F
95801.8 38D 8 00000000000000E5
95815.0 39C 8 FF6F000000000000
95816.2 3C3 8 FF00000000000000
95817.4 444 8 0000000000000005
95818.6 539 8 2502800008030000
95819.8 541 8 0000000000000000
95830.8 31C 8 00000000800084F3
95832.5 5EA 8 0000000000000016
95846.4 31D 8 000000000000001F
95847.6 5EB 8 0000000000000007
95848.8 5EC 8 000000000000000F
95849.9 66B 8 7700000000000000
95862.1 66C 8 DF09000000000000
95863.3 444 8 0000000000000005
95877.5 6C0 7 04030100000000
95879.4 3F1 8 0002000000000000
95880.7 663 8 7814E00E00AA0000
95893.2 31C 8 00000000800084F3
95894.5 31D 8 000000000000001F
95896.0 38C 8 000000000000007F
95908.7 38D 8 00000000000000E5
95909.9 39C 8 FF6F000000000000
95911.4 3C3 8 FF00000000000000
95924.3 444 8 0000000000000005
95925.5 6AB 8 00000000000041A1
95926.7 537 8 8080808080800000
95927.8 538 8 8080008080000080
95939.9 31C 8 00000000800084F3
95941.2 31D 8 000000000000001F
95971.3 444 8 0000000000000005
95986.9 3F1 8 0002000000000000
95988.0 663 8 7814E00E00AA0000
95989.2 31C 8 00000000800084F3
95990.5 31D 8 000000000000001F
96002.6 38C 8 000000000000007F
96004.1 38D 8 00000000000000E5
96005.4 39C 8 FF6F000000000000
96018.4 3C3 8 FF00000000000000
96020.4 444 8 0000000000000005
96033.7 523 8 CD1F7770450E0B02
96034.9 52E 5 603F000000
96036.5 31C 8 00000000800084F3
96049.4 31D 8 000000000000001F
96065.0 444 8 0000000000000005
96067.1 539 8 2502800008030000
96068.2 541 8 0000000000000000
96080.6 6C0 7 04030100000000
96082.6 3F1 8 0002000000000000
96084.5 663 8 7814E00E00AA0000
96086.0 31C 8 00000000800084F3
96096.3 31D 8 000000000000001F
96097.6 38C 8 000000000000007F
96098.8 38D 8 00000000000000E5
96111.9 39C 8 FF6F000000000000
96113.1 3C3 8 FF00000000000000
96114.3 444 8 0000000000000005
96115.5 6AB 8 00000000000041A1
96127.6 537 8 8080808080800000
96128.8 538 8 8080008080000080
96143.2 31C 8 00000000800084F3
96144.6 31D 8 000000000000001F
96174.4 444 8 0000000000000005
96189.9 3F1 8 0002000000000000
96191.5 663 8 7814E00E00AA0000
96192.7 31C 8 00000000800084F3
96194.0 31D 8 000000000000001F
96205.5 38C 8 000000000000007F
96206.9 38D 8 00000000000000E5
96208.2 39C 8 FF6F000000000000
96209.4 3C3 8 FF00000000000000
96221.2 444 8 0000000000000005
96236.9 31C 8 00000000800084F3
96238.3 31D 8 000000000000001F
96268.4 444 8 0000000000000005
96283.8 6C0 7 04030100000000
96285.3 3F1 8 0002000000000000
96286.7 484 8 0000000000000000
96288.0 523 8 CD1F7770450E0B02
96289.3 52E 5 603F000000
96290.7 585 8 902C00000000003F
96291.9 64C 2 0011
96293.2 663 8 7814E00E00AA0000
96294.5 6B2 8 FFFEFF0F880082CD
96295.8 31C 8 00000000800084F3
96299.4 31D 8 000000000000001F
96300.8 38C 8 000000000000007F
96302.1 38D 8 00000000000000E5
96315.1 39C 8 FF6F000000000000
96316.5 3C3 8 FF00000000000000
96317.9 444 8 0000000000000005
96319.3 5FB 8 1FFFFFFFFF1FF87E
96320.6 539 8 2502800008030000
96321.9 541 8 0000000000000000
96323.2 5FA 8 5B9DC7CC9C46F1FF
96324.5 6AB 8 00000000000041A1
96325.7 537 8 8080808080800000
96330.7 538 8 8080008080000080
96332.0 31C 8 00000000800084F3
96333.4 5EA 8 0000000000000016
96346.5 31D 8 000000000000001F
96347.9 5EB 8 0000000000000007
96349.2 5EC 8 000000000000000F
96350.5 66B 8 7700000000000000
96362.0 66C 8 DF09000000000000
96364.9 444 8 0000000000000005
96377.6 3F1 8 0002000000000000
96380.0 663 8 7814E00E00AA0000
96393.3 31C 8 00000000800084F3
96394.7 31D 8 000000000000001F
96396.2 38C 8 000000000000007F
96408.9 38D 8 00000000000000E5
96410.5 39C 8 FF6F000000000000
96411.8 3C3 8 FF00000000000000
96424.5 444 8 0000000000000005
96440.2 31C 8 00000000800084F3
96441.6 31D 8 000000000000001F
96471.5 444 8 0000000000000005
96487.0 6C0 7 04030100000000
96488.4 3F1 8 0002000000000000
96489.8 663 8 7814E00E00AA0000
96491.0 31C 8 00000000800084F3
96492.4 31D 8 000000000000001F
96502.7 38C 8 000000000000007F
96504.1 38D 8 00000000000000E5
96505.5 39C 8 FF6F000000000000
96518.3 3C3 8 FF00000000000000
96519.7 444 8 0000000000000005
96521.1 6AB 8 00000000000041A1
96522.4 537 8 8080808080800000
96534.1 538 8 8080008080000080
96535.5 523 8 CD1F7770450E0B02
96536.8 52E 5 603F000000
96538.1 31C 8 00000000800084F3
96549.5 31D 8 000000000000001F
96565.2 444 8 0000000000000005
96566.6 539 8 2502800008030000
96568.0 541 8 0000000000000000
96580.6 3F1 8 0002000000000000
96582.8 663 8 7814E00E00AA0000
96584.1 31C 8 00000000800084F3
96596.5 31D 8 000000000000001F
96597.8 38C 8 000000000000007F
96599.0 38D 8 00000000000000E5
96612.0 39C 8 FF6F000000000000
96613.2 3C3 8 FF00000000000000
96614.4 444 8 0000000000000005
96643.7 31C 8 00000000800084F3
96644.9 31D 8 000000000000001F
96674.5 444 8 0000000000000005
96690.2 6C0 7 04030100000000
96691.5 3F1 8 0002000000000000
96692.7 663 8 7814E00E00AA0000
96693.9 31C 8 00000000800084F3
96695.3 31D 8 000000000000001F
96705.9 38C 8 000000000000007F
96707.2 38D 8 00000000000000E5
96708.4 39C 8 FF6F000000000000
96709.6 3C3 8 FF00000000000000
96721.5 444 8 0000000000000005
96722.7 6AB 8 00000000000041A1
96723.8 537 8 8080808080800000
96725.0 538 8 8080008080000080
96737.2 31C 8 00000000800084F3
96738.6 31D 8 000000000000001F
96768.4 444 8 0000000000000005
96783.9 3F1 8 0002000000000000
96785.2 484 8 0000000000000000
96787.2 523 8 CD1F7770450E0B02
96788.4 52E 5 603F000000
96789.5 663 8 7814E00E00AA0000
96790.9 31C 8 00000000800084F3
96799.8 31D 8 000000000000001F
96801.2 38C 8 000000000000007F
96802.4 38D 8 00000000000000E5
96815.2 39C 8 FF6F000000000000
96816.5 3C3 8 FF00000000000000
96817.7 444 8 0000000000000005
96818.9 539 8 2502800008030000
96820.1 541 8 0000000000000000
96831.0 31C 8 00000000800084F3
96832.6 5EA 8 0000000000000016
96846.4 31D 8 000000000000001F
96847.6 5EB 8 0000000000000007
96848.7 5EC 8 000000000000000F
96849.9 66B 8 7700000000000000
96862.2 66C 8 DF09000000000000
96863.4 444 8 0000000000000005
96877.4 6C0 7 04030100000000
96878.5 3F1 8 0002000000000000
96879.7 663 8 7814E00E00AA0000
96893.5 31C 8 00000000800084F3
96895.1 31D 8 000000000000001F
96896.7 38C 8 000000000000007F
96909.0 38D 8 00000000000000E5
96910.2 39C 8 FF6F000000000000
96911.7 3C3 8 FF00000000000000
96924.5 444 8 0000000000000005
96925.8 6AB 8 00000000000041A1
96927.8 537 8 8080808080800000
96928.9 538 8 8080008080000080
96940.1 31C 8 00000000800084F3
96941.4 31D 8 000000000000001F
96971.4 444 8 0000000000000005
96987.0 3F1 8 0002000000000000
96988.2 663 8 7814E00E00AA0000
96989.3 31C 8 00000000800084F3
96990.6 31D 8 000000000000001F
97002.6 38C 8 000000000000007F
97003.9 38D 8 00000000000000E5
97005.2 39C 8 FF6F000000000000
97018.2 3C3 8 FF00000000000000
97019.5 444 8 0000000000000005
97033.8 523 8 CD1F7770450E0B02
97035.1 52E 5 603F000000
97036.2 31C 8 00000000800084F3
97049.5 31D 8 000000000000001F
97065.1 444 8 0000000000000005
97066.4 539 8 2502800008030000
97067.5 541 8 0000000000000000
97080.7 6C0 7 04030100000000
97082.7 3F1 8 0002000000000000
97083.9 663 8 7814E00E00AA0000
97085.2 31C 8 00000000800084F3
97096.6 31D 8 000000000000001F
97097.9 38C 8 000000000000007F
97099.1 38D 8 00000000000000E5
97112.0 39C 8 FF6F000000000000
97113.3 3C3 8 FF00000000000000
97115.4 444 8 0000000000000005
97116.8 6AB 8 00000000000041A1
97127.7 537 8 8080808080800000
97128.9 538 8 8080008080000080
97143.4 31C 8 00000000800084F3
97144.7 31D 8 000000000000001F
97174.5 444 8 0000000000000005
97190.1 3F1 8 0002000000000000
97191.5 663 8 7814E00E00AA0000
97192.7 31C 8 00000000800084F3
97193.9 31D 8 000000000000001F
97205.6 38C 8 000000000000007F
97206.9 38D 8 00000000000000E5
97208.0 39C 8 FF6F000000000000
97209.2 3C3 8 FF00000000000000
97221.5 444 8 0000000000000005
97236.9 31C 8 00000000800084F3
97238.3 31D 8 000000000000001F
97268.4 444 8 0000000000000005
97283.9 6C0 7 04030100000000
97285.2 3F1 8 0002000000000000
97286.5 484 8 0000000000000000
97287.7 523 8 CD1F7770450E0B02
97288.8 52E 5 603F000000
97289.9 585 8 902C00000000003F
97291.1 64C 2 0011
97292.2 663 8 7814E00E00AA0000
97293.4 6B2 8 FFFEFF0F880002CE
97294.5 31C 8 00000000800084F3
97299.4 31D 8 000000000000001F
97301.5 38C 8 000000000000007F
97302.7 38D 8 00000000000000E5
97315.2 39C 8 FF6F000000000000
97316.6 3C3 8 FF00000000000000
97317.9 444 8 0000000000000005
97319.1 5FB 8 1FFFFFFFFF1FF87E
97320.2 539 8 2502800008030000
97321.4 541 8 0000000000000000
97322.5 5FA 8 5B9DC7CC9C46F1FF
97323.6 6AB 8 00000000000041A1
97324.8 537 8 8080808080800000
97330.6 538 8 8080008080000080
97332.1 31C 8 00000000800084F3
97333.3 5EA 8 0000000000000016
97346.6 31D 8 000000000000001F
97348.0 5EB 8 0000000000000007
97349.2 5EC 8 000000000000000F
97350.6 66B 8 7700000000000000
97362.0 66C 8 DF09000000000000
97363.2 444 8 0000000000000005
97377.6 3F1 8 0002000000000000
97378.8 663 8 7814E00E00AA0000
97393.3 31C 8 00000000800084F3
97394.6 31D 8 000000000000001F
97395.9 38C 8 000000000000007F
97408.8 38D 8 00000000000000E5
97410.1 39C 8 FF6F000000000000
97411.3 3C3 8 FF00000000000000
97424.5 444 8 0000000000000005
97440.1 31C 8 00000000800084F3
97441.4 31D 8 000000000000001F
97471.5 444 8 0000000000000005
97487.0 6C0 7 04030100000000
97488.2 3F1 8 0002000000000000
97489.3 663 8 7814E00E00AA0000
97490.6 31C 8 00000000800084F3
97492.0 31D 8 000000000000001F
97502.6 38C 8 000000000000007F
97503.9 38D 8 00000000000000E5
97505.2 39C 8 FF6F000000000000
97518.3 3C3 8 FF00000000000000
97519.5 444 8 0000000000000005
97520.8 6AB 8 00000000000041A1
97521.9 537 8 8080808080800000
97533.8 538 8 8080008080000080
97535.1 523 8 CD1F7770450E0B02
97536.5 52E 5 603F000000
97537.7 31C 8 00000000800084F3
97549.5 31D 8 000000000000001F
97565.2 444 8 0000000000000005
97566.4 539 8 2502800008030000
97567.5 541 8 0000000000000000
97580.6 3F1 8 0002000000000000
97582.1 663 8 7814E00E00AA0000
97583.3 31C 8 00000000800084F3
97596.3 31D 8 000000000000001F
97597.6 38C 8 000000000000007F
97598.8 38D 8 00000000000000E5
97611.8 39C 8 FF6F000000000000
97613.1 3C3 8 FF00000000000000
97614.3 444 8 0000000000000005
97643.4 31C 8 00000000800084F3
97644.7 31D 8 000000000000001F
97674.7 444 8 0000000000000005
97690.1 6C0 7 04030100000000
97691.6 3F1 8 0002000000000000
97692.8 663 8 7814E00E00AA0000
97693.9 31C 8 00000000800084F3
97695.3 31D 8 000000000000001F
97705.6 38C 8 000000000000007F
97706.8 38D 8 00000000000000E5
97708.0 39C 8 FF6F000000000000
97709.2 3C3 8 FF00000000000000
97721.4 444 8 0000000000000005
97724.3 6AB 8 00000000000041A1
97725.4 537 8 8080808080800000
97726.6 538 8 8080008080000080
97737.0 31C 8 00000000800084F3
97738.3 31D 8 000000000000001F
97768.3 444 8 0000000000000005
97783.8 3F1 8 0002000000000000
97785.1 484 8 0000000000000000
97786.4 523 8 CD1F7770450E0B02
97787.6 52E 5 603F000000
97788.7 663 8 7814E00E00AA0000
97789.8 31C 8 00000000800084F3
97799.4 31D 8 000000000000001F
97800.8 38C 8 000000000000007F
97802.1 38D 8 00000000000000E5
97815.1 39C 8 FF6F000000000000
97816.3 3C3 8 FF00000000000000
97818.3 444 8 0000000000000005
97819.5 539 8 2502800008030000
97820.7 541 8 0000000000000000
97830.9 31C 8 00000000800084F3
97832.6 5EA 8 0000000000000016
97846.6 31D 8 000000000000001F
97847.8 5EB 8 0000000000000007
97848.9 5EC 8 000000000000000F
97850.1 66B 8 7700000000000000
97862.4 66C 8 DF09000000000000
97863.6 444 8 0000000000000005
97877.7 6C0 7 04030100000000
97878.8 3F1 8 0002000000000000
97880.0 663 8 7814E00E00AA0000
97893.5 31C 8 00000000800084F3
97894.8 31D 8 000000000000001F
97896.2 38C 8 000000000000007F
97908.9 38D 8 00000000000000E5
97910.1 39C 8 FF6F000000000000
97911.6 3C3 8 FF00000000000000
97924.6 444 8 0000000000000005
97925.9 6AB 8 00000000000041A1
97927.0 537 8 8080808080800000
97928.2 538 8 8080008080000080
97940.1 31C 8 00000000800084F3
97941.4 31D 8 000000000000001F
97971.4 444 8 0000000000000005
97987.0 3F1 8 0002000000000000
97988.2 663 8 7814E00E00AA0000
97989.4 31C 8 00000000800084F3
97991.7 31D 8 000000000000001F
98002.6 38C 8 000000000000007F
98004.1 38D 8 00000000000000E5
98005.5 39C 8 FF6F000000000000
98018.4 3C3 8 FF00000000000000
98019.6 444 8 0000000000000005
98034.1 523 8 CD1F7770450E0B02
98035.4 52E 5 603F000000
98036.7 31C 8 00000000800084F3
98049.5 31D 8 000000000000001F
98065.1 444 8 0000000000000005
98066.4 539 8 2502800008030000
98067.5 541 8 0000000000000000
98080.9 6C0 7 04030100000000
98082.8 3F1 8 0002000000000000
98084.6 663 8 7814E00E00AA0000
98086.1 31C 8 00000000800084F3
98096.4 31D 8 000000000000001F
98097.7 38C 8 000000000000007F
98098.9 38D 8 00000000000000E5
98112.1 39C 8 FF6F000000000000
98113.5 3C3 8 FF00000000000000
98115.0 444 8 0000000000000005
98116.5 6AB 8 00000000000041A1
98127.7 537 8 8080808080800000
98128.9 538 8 8080008080000080
98143.5 31C 8 00000000800084F3
98144.8 31D 8 000000000000001F
98174.6 444 8 0000000000000005
98190.3 3F1 8 0002000000000000
98192.3 663 8 7814E00E00AA0000
98193.5 31C 8 00000000800084F3
98194.8 31D 8 000000000000001F
98205.8 38C 8 000000000000007F
98207.0 38D 8 00000000000000E5
98208.2 39C 8 FF6F000000000000
98209.4 3C3 8 FF00000000000000
98221.3 444 8 0000000000000005
98237.1 31C 8 00000000800084F3
98238.4 31D 8 000000000000001F
98268.4 444 8 0000000000000005
98283.9 6C0 7 04030100000000
98285.2 3F1 8 0002000000000000
98286.4 484 8 0000000000000000
98287.6 523 8 CD1F7770450E0B02
98288.8 52E 5 603F000000
98290.0 585 8 902C00000000003F
98291.0 64C 2 0011
98292.2 663 8 7814E00E00AA0000
98293.3 6B2 8 FFFEFF0F880082CE
98294.5 31C 8 00000000800084F3
98299.5 31D 8 000000000000001F
98300.8 38C 8 000000000000007F
98302.0 38D 8 00000000000000E5
98315.2 39C 8 FF6F000000000000
98316.6 3C3 8 FF00000000000000
98317.8 444 8 0000000000000005
98319.1 5FB 8 1FFFFFFFFF1FF87E
98320.2 539 8 2502800008030000
98321.5 541 8 0000000000000000
98322.6 5FA 8 5B9DC7CC9C46F1FF
98324.6 6AB 8 00000000000041A1
98325.7 537 8 8080808080800000
98330.7 538 8 8080008080000080
98332.2 31C 8 00000000800084F3
98333.4 5EA 8 0000000000000016
98346.5 31D 8 000000000000001F
98347.8 5EB 8 0000000000000007
98348.9 5EC 8 000000000000000F
98350.0 66B 8 7700000000000000
98362.1 66C 8 DF09000000000000
98363.3 444 8 0000000000000005
98377.6 3F1 8 0002000000000000
98378.8 663 8 7814E00E00AA0000
98393.4 31C 8 00000000800084F3
98394.8 31D 8 000000000000001F
98396.2 38C 8 000000000000007F
98409.0 38D 8 00000000000000E5
98410.2 39C 8 FF6F000000000000
98411.6 3C3 8 FF00000000000000
98424.6 444 8 0000000000000005
98440.1 31C 8 00000000800084F3
98441.4 31D 8 000000000000001F
98471.5 444 8 0000000000000005
98487.0 6C0 7 04030100000000
98488.2 3F1 8 0002000000000000
98489.3 663 8 7814E00E00AA0000
98490.6 31C 8 00000000800084F3
98492.0 31D 8 000000000000001F
98502.8 38C 8 000000000000007F
98504.3 38D 8 00000000000000E5
98506.6 39C 8 FF6F000000000000
98518.4 3C3 8 FF00000000000000
98519.6 444 8 0000000000000005
98520.9 6AB 8 00000000000041A1
98522.1 537 8 8080808080800000
98534.0 538 8 8080008080000080
98535.2 523 8 CD1F7770450E0B02
98536.5 52E 5 603F000000
98537.7 31C 8 00000000800084F3
98549.7 31D 8 000000000000001F
98565.1 444 8 0000000000000005
98566.4 539 8 2502800008030000
98567.5 541 8 0000000000000000
98580.7 3F1 8 0002000000000000
98582.2 663 8 7814E00E00AA0000
98583.4 31C 8 00000000800084F3
98596.4 31D 8 000000000000001F
98597.6 38C 8 000000000000007F
98598.8 38D 8 00000000000000E5
98612.0 39C 8 FF6F000000000000
98613.2 3C3 8 FF00000000000000
98614.4 444 8 0000000000000005
98643.5 31C 8 00000000800084F3
98645.5 31D 8 000000000000001F
98674.6 444 8 0000000000000005
98690.3 6C0 7 04030100000000
98692.0 3F1 8 0002000000000000
98693.2 663 8 7814E00E00AA0000
98694.4 31C 8 00000000800084F3
98695.8 31D 8 000000000000001F
98705.7 38C 8 000000000000007F
98707.1 38D 8 00000000000000E5
98708.3 39C 8 FF6F000000000000
98709.5 3C3 8 FF00000000000000
98721.2 444 8 0000000000000005
98722.5 6AB 8 00000000000041A1
98723.7 537 8 8080808080800000
98724.8 538 8 8080008080000080
98737.1 31C 8 00000000800084F3
98738.3 31D 8 000000000000001F
98768.3 444 8 0000000000000005
98783.9 3F1 8 0002000000000000
98785.3 484 8 0000000000000000
98786.5 523 8 CD1F7770450E0B02
98787.7 52E 5 603F000000
98788.8 663 8 7814E00E00AA0000
98790.0 31C 8 00000000800084F3
98799.5 31D 8 000000000000001F
98800.9 38C 8 000000000000007F
98802.1 38D 8 00000000000000E5
98815.1 39C 8 FF6F000000000000
98816.3 3C3 8 FF00000000000000
98817.5 444 8 0000000000000005
98818.8 539 8 2602800008030000
98819.9 541 8 0000000000000000
98830.9 31C 8 00000000800084F3
98832.6 5EA 8 0000000000000016
98846.4 31D 8 000000000000001F
98847.7 5EB 8 0000000000000007
98848.8 5EC 8 000000000000000F
98850.8 66B 8 7700000000000000
98862.3 66C 8 DF09000000000000
98863.5 444 8 0000000000000005
98877.6 6C0 7 04030100000000
98878.8 3F1 8 0002000000000000
98880.0 663 8 7814E00E00AA0000
98893.3 31C 8 00000000800084F3
98894.6 31D 8 000000000000001F
98896.1 38C 8 000000000000007F
98908.9 38D 8 00000000000000E5
98910.3 39C 8 FF6F000000000000
98911.9 3C3 8 FF00000000000000
98924.5 444 8 0000000000000005
98925.8 6AB 8 00000000000041A1
98926.9 537 8 8080808080800000
98928.1 538 8 8080008080000080
98940.3 31C 8 00000000800084F3
98941.5 31D 8 000000000000001F
98971.3 444 8 0000000000000005
98987.0 3F1 8 0002000000000000
98988.2 663 8 7814E00E00AA0000
98989.4 31C 8 00000000800084F3
98990.8 31D 8 000000000000001F
99002.6 38C 8 000000000000007F
99003.8 38D 8 00000000000000E5
99005.1 39C 8 FF6F000000000000
99018.4 3C3 8 FF00000000000000
99020.0 444 8 0000000000000005
99033.8 523 8 CD1F7770450E0B02
99035.1 52E 5 603F000000
99037.2 31C 8 00000000800084F3
99049.5 31D 8 000000000000001F
99065.2 444 8 0000000000000005
99066.5 539 8 2602800008030000
99067.6 541 8 0000000000000000
99080.7 6C0 7 04030100000000
99082.0 3F1 8 0002000000000000
99083.2 663 8 7814E00E00AA0000
99084.4 31C 8 00000000800084F3
99096.6 31D 8 000000000000001F
99100.5 38C 8 000000000000007F
99101.8 38D 8 00000000000000E5
99111.8 39C 8 FF6F000000000000
99113.0 3C3 8 FF00000000000000
99114.2 444 8 0000000000000005
99115.4 6AB 8 00000000000041A1
99127.6 537 8 8080808080800000
99128.8 538 8 8080008080000080
99143.5 31C 8 00000000800084F3
99144.8 31D 8 000000000000001F
99174.4 444 8 0000000000000005
99190.5 3F1 8 0002000000000000
99191.9 663 8 7814E00E00AA0000
99193.1 31C 8 00000000800084F3
99194.4 31D 8 000000000000001F
99205.6 38C 8 000000000000007F
99207.0 38D 8 00000000000000E5
99208.2 39C 8 FF6F000000000000
99209.4 3C3 8 FF00000000000000
99221.6 444 8 0000000000000005
99237.1 31C 8 00000000800084F3
99238.5 31D 8 000000000000001F
99269.7 444 8 0000000000000005
99284.0 6C0 7 04030100000000
99285.2 3F1 8 0002000000000000
99286.6 484 8 0000000000000000
99287.7 523 8 CD1F7770450E0B02
99288.9 52E 5 603F000000
99290.0 585 8 902C00000000003F
99291.4 64C 2 0011
99292.5 663 8 7814E00E00AA0000
99293.7 6B2 8 FFFEFF0F880002CF
99294.8 31C 8 00000000800084F3
99299.5 31D 8 000000000000001F
99300.9 38C 8 000000000000007F
99302.1 38D 8 00000000000000E5
99315.2 39C 8 FF6F000000000000
99316.6 3C3 8 FF00000000000000
99317.8 444 8 0000000000000005
99319.0 5FB 8 1FFFFFFFFF1FF87E
99320.2 539 8 2602800008030000
99321.5 541 8 0000000000000000
99322.7 5FA 8 5B9DC7CC9C46F1FF
99323.8 6AB 8 00000000000041A1
99324.9 537 8 8080808080800000
99330.7 538 8 8080008080000080
99332.0 31C 8 00000000800084F3
99333.3 5EA 8 0000000000000016
99346.4 31D 8 000000000000001F
99347.7 5EB 8 0000000000000007
99348.8 5EC 8 000000000000000F
99349.9 66B 8 7700000000000000
99362.0 66C 8 DF09000000000000
99363.2 444 8 0000000000000005
99377.6 3F1 8 0002000000000000
99378.9 663 8 7814E00E00AA0000
99393.3 31C 8 00000000800084F3
99394.6 31D 8 000000000000001F
99395.9 38C 8 000000000000007F
99408.9 38D 8 00000000000000E5
99410.1 39C 8 FF6F000000000000
99411.5 3C3 8 FF00000000000000
99424.5 444 8 0000000000000005
99440.1 31C 8 00000000800084F3
99441.4 31D 8 000000000000001F
99471.5 444 8 0000000000000005
99487.0 6C0 7 04030100000000
99488.2 3F1 8 0002000000000000
99489.4 663 8 7814E00E00AA0000
99490.7 31C 8 00000000800084F3
99492.1 31D 8 000000000000001F
99502.6 38C 8 000000000000007F
99503.8 38D 8 00000000000000E5
99505.0 39C 8 FF6F000000000000
99518.3 3C3 8 FF00000000000000
99519.8 444 8 0000000000000005
99521.3 6AB 8 00000000000041A1
99522.4 537 8 8080808080800000
99533.8 538 8 8080008080000080
99535.0 523 8 CD1F7770450E0B02
99536.2 52E 5 603F000000
99537.3 31C 8 00000000800084F3
99549.4 31D 8 000000000000001F
99565.1 444 8 0000000000000005
99566.3 539 8 2602800008030000
99567.5 541 8 0000000000000000
99580.9 3F1 8 0002000000000000
99583.4 663 8 7814E00E00AA0000
99584.8 31C 8 00000000800084F3
99596.5 31D 8 000000000000001F
99597.8 38C 8 000000000000007F
99599.0 38D 8 00000000000000E5
99612.0 39C 8 FF6F000000000000
99613.2 3C3 8 FF00000000000000
99614.4 444 8 0000000000000005
99643.3 31C 8 00000000800084F3
99644.6 31D 8 000000000000001F
99674.7 444 8 0000000000000005
99690.2 6C0 7 04030100000000
99691.6 3F1 8 0002000000000000
99692.8 663 8 7814E00E00AA0000
99694.0 31C 8 00000000800084F3
99695.3 31D 8 000000000000001F
99705.7 38C 8 000000000000007F
99707.3 38D 8 00000000000000E5
99708.5 39C 8 FF6F000000000000
99709.8 3C3 8 FF00000000000000
99721.5 444 8 0000000000000005
99722.8 6AB 8 00000000000041A1
99723.9 537 8 8080808080800000
99725.1 538 8 8080008080000080
99737.1 31C 8 00000000800084F3
99738.4 31D 8 000000000000001F
99768.5 444 8 0000000000000005
99784.0 3F1 8 0002000000000000
99785.3 484 8 0000000000000000
99786.5 523 8 CD1F7770450E0B02
99787.7 52E 5 603F000000
99788.8 663 8 7814E00E00AA0000
99790.0 31C 8 00000000800084F3
99799.6 31D 8 000000000000001F
99801.0 38C 8 000000000000007F
99802.2 38D 8 00000000000000E5
99815.1 39C 8 FF6F000000000000
99816.3 3C3 8 FF00000000000000
99817.5 444 8 0000000000000005
99818.8 539 8 2602800008030000
99819.9 541 8 0000000000000000
99830.8 31C 8 00000000800084F3
99832.5 5EA 8 0000000000000016
99846.4 31D 8 000000000000001F
99847.6 5EB 8 0000000000000007
99848.8 5EC 8 000000000000000F
99849.9 66B 8 7700000000000000
99862.2 66C 8 DF09000000000000
99863.3 444 8 0000000000000005
99877.7 6C0 7 04030100000000
99878.8 3F1 8 0002000000000000
99880.0 663 8 7814E00E00AA0000
99893.6 31C 8 00000000800084F3
99895.1 31D 8 000000000000001F
99896.7 38C 8 000000000000007F
99908.9 38D 8 00000000000000E5
99910.7 39C 8 FF6F000000000000
99912.2 3C3 8 FF00000000000000
99924.5 444 8 0000000000000005
99925.8 6AB 8 00000000000041A1
99926.9 537 8 8080808080800000
99928.1 538 8 8080008080000080
99940.1 31C 8 00000000800084F3
99941.4 31D 8 000000000000001F
99971.3 444 8 0000000000000005
99987.0 3F1 8 0002000000000000
99988.2 663 8 7814E00E00AA0000
99989.4 31C 8 00000000800084F3
99990.6 31D 8 000000000000001F
100002.6 38C 8 000000000000007F
100003.8 38D 8 00000000000000E5
100005.0 39C 8 FF6F000000000000
100018.3 3C3 8 FF00000000000000
100019.6 444 8 0000000000000005
100033.9 523 8 CD1F7770450E0B02
100035.5 52E 5 603F000000
100036.8 31C 8 00000000800084F3
100049.4 31D 8 000000000000001F
100065.1 444 8 0000000000000005
100066.4 539 8 2602800008030000
100067.5 541 8 0000000000000000
100080.7 6C0 7 04030100000000
100081.9 3F1 8 0002000000000000
100083.0 663 8 7814E00E00AA0000
100084.2 31C 8 00000000800084F3
100096.4 31D 8 000000000000001F
100098.2 38C 8 000000000000007F
100099.5 38D 8 00000000000000E5
100112.2 39C 8 FF6F000000000000
100114.0 3C3 8 FF00000000000000
100115.3 444 8 0000000000000005
100116.7 6AB 8 00000000000041A1
100127.6 537 8 8080808080800000
100128.8 538 8 8080008080000080
100143.1 31C 8 00000000800084F3
100144.4 31D 8 000000000000001F
100174.4 444 8 0000000000000005
100190.1 3F1 8 0002000000000000
100191.5 663 8 7814E00E00AA0000
100192.7 31C 8 00000000800084F3
100194.0 31D 8 000000000000001F
100205.7 38C 8 000000000000007F
100206.9 38D 8 00000000000000E5
100208.3 39C 8 FF6F000000000000
100209.4 3C3 8 FF00000000000000
100221.3 444 8 0000000000000005
100236.8 31C 8 00000000800084F3
100238.2 31D 8 000000000000001F
100268.5 444 8 0000000000000005
100283.9 6C0 7 04030100000000
100285.2 3F1 8 0002000000000000
100286.3 484 8 0000000000000000
100287.4 523 8 CD1F7770450E0B02
100288.6 52E 5 603F000000
100289.8 585 8 902C00000000003F
100291.0 64C 2 0011
100292.8 663 8 7814E00E00AA0000
100294.0 6B2 8 FFFEFF0F880082CF
100295.2 31C 8 00000000800084F3
100299.5 31D 8 000000000000001F
100300.9 38C 8 000000000000007F
100302.2 38D 8 00000000000000E5
100315.3 39C 8 FF6F000000000000
100316.7 3C3 8 FF00000000000000
100317.9 444 8 0000000000000005
100319.1 5FB 8 1FFFFFFFFF1FF87E
100320.3 539 8 2602800008030000
100321.5 541 8 0000000000000000
100322.6 5FA 8 5B9DC7CC9C46F1FF
100323.6 6AB 8 00000000000041A1
100324.9 537 8 8080808080800000
100330.8 538 8 8080008080000080
100332.2 31C 8 00000000800084F3
100333.5 5EA 8 0000000000000016
100346.4 31D 8 000000000000001F
100347.6 5EB 8 0000000000000007
100348.8 5EC 8 000000000000000F
100349.9 66B 8 7700000000000000
100362.0 66C 8 DF09000000000000
100363.2 444 8 0000000000000005
100377.6 3F1 8 0002000000000000
100378.8 663 8 7814E00E00AA0000
100393.3 31C 8 00000000800084F3
100394.6 31D 8 000000000000001F
100395.9 38C 8 000000000000007F
100408.8 38D 8 00000000000000E5
100410.1 39C 8 FF6F000000000000
100411.5 3C3 8 FF00000000000000
100424.5 444 8 0000000000000005
100440.1 31C 8 00000000800084F3
100441.4 31D 8 000000000000001F
100471.4 444 8 0000000000000005
100487.0 6C0 7 04030100000000
100488.2 3F1 8 0002000000000000
100489.4 663 8 7814E00E00AA0000
100490.7 31C 8 00000000800084F3
100492.0 31D 8 000000000000001F
100502.6 38C 8 000000000000007F
100503.8 38D 8 00000000000000E5
100505.0 39C 8 FF6F000000000000
100518.5 3C3 8 FF00000000000000
100519.8 444 8 0000000000000005
100521.2 6AB 8 00000000000041A1
100522.4 537 8 8080808080800000
100534.1 538 8 8080008080000080
100535.6 523 8 CD1F7770450E0B02
100536.9 52E 5 603F000000
100538.1 31C 8 00000000800084F3
100549.6 31D 8 000000000000001F
100565.1 444 8 0000000000000005
100566.4 539 8 2602800008030000
100567.5 541 8 0000000000000000
100581.2 3F1 8 0002000000000000
100583.4 663 8 7814E00E00AA0000
100584.6 31C 8 00000000800084F3
100596.4 31D 8 000000000000001F
100597.6 38C 8 000000000000007F
100599.5 38D 8 00000000000000E5
100612.0 39C 8 FF6F000000000000
100613.2 3C3 8 FF00000000000000
100614.4 444 8 0000000000000005
100643.3 31C 8 00000000800084F3
100644.6 31D 8 000000000000001F
100674.8 444 8 0000000000000005
100694.3 6C0 7 04030100000000
100698.2 3F1 8 0002000000000000
100699.6 663 8 7814E00E00AA0000
100701.0 31C 8 00000000800084F3
100702.2 31D 8 000000000000001F
100705.7 38C 8 000000000000007F
100706.9 38D 8 00000000000000E5
100708.1 39C 8 FF6F000000000000
100709.3 3C3 8 FF00000000000000
100721.2 444 8 0000000000000005
100722.5 6AB 8 00000000000041A1
100723.7 537 8 8080808080800000
100724.8 538 8 8080008080000080
100737.0 31C 8 00000000800084F3
100738.5 31D 8 000000000000001F
100768.2 444 8 0000000000000005
100784.0 3F1 8 0002000000000000
100785.4 484 8 0000000000000000
100786.7 523 8 CD1F7770450E0B02
100787.8 52E 5 603F000000
100789.0 663 8 7814E00E00AA0000
100790.3 31C 8 00000000800084F3
100799.6 31D 8 000000000000001F
100801.5 38C 8 000000000000007F
100802.7 38D 8 00000000000000E5
100815.1 39C 8 FF6F000000000000
100816.3 3C3 8 FF00000000000000
100817.4 444 8 0000000000000005
100818.7 539 8 2602800008030000
100819.8 541 8 0000000000000000
100830.8 31C 8 00000000800084F3
100833.4 5EA 8 0000000000000016
100846.4 31D 8 000000000000001F
100847.7 5EB 8 0000000000000007
100848.9 5EC 8 000000000000000F
100850.0 66B 8 7700000000000000
100862.1 66C 8 DF09000000000000
100863.2 444 8 0000000000000005
100877.6 6C0 7 04030100000000
100878.8 3F1 8 0002000000000000
100880.0 663 8 7814E00E00AA0000
100893.2 31C 8 00000000800084F3
100894.5 31D 8 000000000000001F
100895.9 38C 8 000000000000007F
100908.9 38D 8 00000000000000E5
100910.2 39C 8 FF6F000000000000
100911.5 3C3 8 FF00000000000000
100924.4 444 8 0000000000000005
100925.7 6AB 8 00000000000041A1
100926.9 537 8 8080808080800000
100928.0 538 8 8080008080000080
100940.1 31C 8 00000000800084F3
100941.4 31D 8 000000000000001F
100971.3 444 8 0000000000000005
100987.0 3F1 8 0002000000000000
100988.2 663 8 7814E00E00AA0000
100989.4 31C 8 00000000800084F3
100990.7 31D 8 000000000000001F
101002.6 38C 8 000000000000007F
101003.8 38D 8 00000000000000E5
101005.1 39C 8 FF6F000000000000
101018.4 3C3 8 FF00000000000000
101019.5 444 8 0000000000000005
101033.9 523 8 CD1F7770450E0B02
101035.0 52E 5 603F000000
101036.4 31C 8 00000000800084F3
101049.5 31D 8 000000000000001F
101065.3 444 8 0000000000000005
101066.6 539 8 2602800008030000
101067.7 541 8 0000000000000000
101080.8 6C0 7 04030100000000
101082.2 3F1 8 0002000000000000
101083.4 663 8 7814E00E00AA0000
101084.5 31C 8 00000000800084F3
101096.6 31D 8 000000000000001F
101098.0 38C 8 000000000000007F
101099.1 38D 8 00000000000000E5
101112.4 39C 8 FF6F000000000000
101114.4 3C3 8 FF00000000000000
101116.2 444 8 0000000000000005
101117.8 6AB 8 00000000000041A1
101127.7 537 8 8080808080800000
101128.8 538 8 8080008080000080
101143.4 31C 8 00000000800084F3
101144.7 31D 8 000000000000001F
101174.5 444 8 0000000000000005
101190.2 3F1 8 0002000000000000
101191.7 663 8 7814E00E00AA0000
101192.9 31C 8 00000000800084F3
101194.1 31D 8 000000000000001F
101205.5 38C 8 000000000000007F
101206.7 38D 8 00000000000000E5
101207.9 39C 8 FF6F000000000000
101209.1 3C3 8 FF00000000000000
101221.4 444 8 0000000000000005
101237.0 31C 8 00000000800084F3
101238.2 31D 8 000000000000001F
101268.3 444 8 0000000000000005
101284.0 6C0 7 04030100000000
101285.3 3F1 8 0002000000000000
101286.5 484 8 0000000000000000
101287.7 523 8 CD1F7770450E0B02
101288.8 52E 5 603F000000
101290.0 585 8 902C00000000003F
101291.3 64C 2 0011
101292.4 663 8 7814E00E00AA0000
101293.6 6B2 8 FFFEFF0F880002D0
101294.7 31C 8 00000000800084F3
101299.4 31D 8 000000000000001F
101301.0 38C 8 000000000000007F
101302.2 38D 8 00000000000000E5
101316.3 39C 8 FF6F000000000000
101317.8 3C3 8 FF00000000000000
101319.7 444 8 0000000000000005
101321.0 5FB 8 1FFFFFFFFF1FF87E
101322.1 539 8 2602800008030000
101323.3 541 8 0000000000000000
101324.5 5FA 8 5B9DC7CC9C46F1FF
101325.7 6AB 8 00000000000041A1
101330.8 537 8 8080808080800000
101332.1 538 8 8080008080000080
101333.3 31C 8 00000000800084F3
101334.5 5EA 8 0000000000000016
101346.4 31D 8 000000000000001F
101347.7 5EB 8 0000000000000007
101348.8 5EC 8 000000000000000F
101349.9 66B 8 7700000000000000
101362.0 66C 8 DF09000000000000
101363.2 444 8 0000000000000005
101377.8 3F1 8 0002000000000000
101379.0 663 8 7814E00E00AA0000
101393.3 31C 8 00000000800084F3
101394.7 31D 8 000000000000001F
101395.9 38C 8 000000000000007F
101408.8 38D 8 00000000000000E5
101410.1 39C 8 FF6F000000000000
101411.5 3C3 8 FF00000000000000
101424.5 444 8 0000000000000005
101440.1 31C 8 00000000800084F3
101441.4 31D 8 000000000000001F
101471.6 444 8 0000000000000005
101487.1 6C0 7 04030100000000
101488.3 3F1 8 0002000000000000
101489.5 663 8 7814E00E00AA0000
101491.5 31C 8 00000000800084F3
101492.8 31D 8 000000000000001F
101502.6 38C 8 000000000000007F
101503.8 38D 8 00000000000000E5
101505.0 39C 8 FF6F000000000000
101518.3 3C3 8 FF00000000000000
101519.5 444 8 0000000000000005
101520.9 6AB 8 00000000000041A1
101522.0 537 8 8080808080800000
101533.9 538 8 8080008080000080
101535.0 523 8 CD1F7770450E0B02
101536.4 52E 5 603F000000
101537.5 31C 8 00000000800084F3
101549.5 31D 8 000000000000001F
101565.7 444 8 0000000000000005
101567.3 539 8 2602800008030000
101568.5 541 8 0000000000000000
101581.8 3F1 8 0002000000000000
101583.0 663 8 7814E00E00AA0000
101584.1 31C 8 00000000800084F3
101597.3 31D 8 000000000000001F
101598.5 38C 8 000000000000007F
101599.7 38D 8 00000000000000E5
101613.1 39C 8 FF6F000000000000
101614.5 3C3 8 FF00000000000000
101615.7 444 8 0000000000000005
101644.4 31C 8 00000000800084F3
101645.7 31D 8 000000000000001F
101675.6 444 8 0000000000000005
101690.8 6C0 7 04030100000000
101693.0 3F1 8 0002000000000000
101694.2 663 8 7814E00E00AA0000
101695.6 31C 8 00000000800084F3
101697.0 31D 8 000000000000001F
101698.2 38C 8 000000000000007F
101706.8 38D 8 00000000000000E5
101708.0 39C 8 FF6F000000000000
101709.2 3C3 8 FF00000000000000
101722.4 444 8 0000000000000005
101723.6 6AB 8 00000000000041A1
101724.7 537 8 8080808080800000
101725.9 538 8 8080008080000080
101737.8 31C 8 00000000800084F3
101739.4 31D 8 000000000000001F
101769.2 444 8 0000000000000005
101784.7 3F1 8 0002000000000000
101786.3 484 8 0000000000000000
101787.4 523 8 CD1F7770450E0B02
101788.5 52E 5 603F000000
101789.7 663 8 7814E00E00AA0000
101791.0 31C 8 00000000800084F3
101800.7 31D 8 000000000000001F
101802.8 38C 8 000000000000007F
101804.8 38D 8 00000000000000E5
101807.7 39C 8 FF6F000000000000
101816.0 3C3 8 FF00000000000000
101823.2 444 8 0000000000000005
101824.9 539 8 2602800008030000
101826.1 541 8 0000000000000000
101832.0 31C 8 00000000800084F3
101834.0 5EA 8 0000000000000016
101847.2 31D 8 000000000000001F
101848.5 5EB 8 0000000000000007
101849.7 5EC 8 000000000000000F
101850.7 66B 8 7700000000000000
101862.9 66C 8 DF09000000000000
101864.1 444 8 0000000000000005
101878.4 6C0 7 04030100000000
101879.6 3F1 8 0002000000000000
101880.7 663 8 7814E00E00AA0000
101894.1 31C 8 00000000800084F3
101895.6 31D 8 000000000000001F
101896.9 38C 8 000000000000007F
101909.7 38D 8 00000000000000E5
101910.9 39C 8 FF6F000000000000
101912.0 3C3 8 FF00000000000000
101925.4 444 8 0000000000000005
101926.7 6AB 8 00000000000041A1
101927.8 537 8 8080808080800000
101928.9 538 8 8080008080000080
101941.0 31C 8 00000000800084F3
101942.2 31D 8 000000000000001F
101972.2 444 8 0000000000000005
101987.8 3F1 8 0002000000000000
101989.0 663 8 7814E00E00AA0000
101990.3 31C 8 00000000800084F3
101991.7 31D 8 000000000000001F
102003.4 38C 8 000000000000007F
102004.6 38D 8 00000000000000E5
102005.8 39C 8 FF6F000000000000
102019.1 3C3 8 FF00000000000000
102020.4 444 8 0000000000000005
102034.7 523 8 CD1F7770450E0B02
102036.0 52E 5 603F000000
102037.1 31C 8 00000000800084F3
102050.3 31D 8 000000000000001F
102065.9 444 8 0000000000000005
102067.1 539 8 2602800008030000
102068.3 541 8 0000000000000000
102081.6 6C0 7 04030100000000
102082.9 3F1 8 0002000000000000
102084.1 663 8 7814E00E00AA0000
102085.4 31C 8 00000000800084F3
102097.3 31D 8 000000000000001F
102098.6 38C 8 000000000000007F
102099.8 38D 8 00000000000000E5
102113.0 39C 8 FF6F000000000000
102114.9 3C3 8 FF00000000000000
102116.8 444 8 0000000000000005
102118.2 6AB 8 00000000000041A1
102128.6 537 8 8080808080800000
102129.7 538 8 8080008080000080
102144.5 31C 8 00000000800084F3
102145.7 31D 8 000000000000001F
102175.5 444 8 0000000000000005
102190.7 3F1 8 0002000000000000
102192.0 663 8 7814E00E00AA0000
102193.2 31C 8 00000000800084F3
102194.4 31D 8 000000000000001F
102196.6 38C 8 000000000000007F
102206.8 38D 8 00000000000000E5
102208.1 39C 8 FF6F000000000000
102209.2 3C3 8 FF00000000000000
102222.2 444 8 0000000000000005
102237.9 31C 8 00000000800084F3
102239.2 31D 8 000000000000001F
102269.5 444 8 0000000000000005
102284.8 6C0 7 04030100000000
102286.5 3F1 8 0002000000000000
102287.6 484 8 0000000000000000
102288.8 523 8 CD1F7770450E0B02
102289.9 52E 5 603F000000
102291.3 585 8 902C00000000003F
102292.4 64C 2 0011
102293.5 663 8 7814E00E00AA0000
102294.7 6B2 8 FFFEFF0F880082D0
102296.1 31C 8 00000000800084F3
102300.5 31D 8 000000000000001F
102301.9 38C 8 000000000000007F
102303.1 38D 8 00000000000000E5
102304.3 39C 8 FF6F000000000000
102315.8 3C3 8 FF00000000000000
102317.1 444 8 0000000000000005
102318.3 5FB 8 1FFFFFFFFF1FF87E
102319.4 539 8 2602800008030000
102320.6 541 8 0000000000000000
102321.7 5FA 8 5B9DC7CC9C46F1FF
102322.8 6AB 8 00000000000041A1
102324.0 537 8 8080808080800000
102331.7 538 8 8080008080000080
102332.9 31C 8 00000000800084F3
102334.8 5EA 8 0000000000000016
102347.2 31D 8 000000000000001F
102348.5 5EB 8 0000000000000007
102349.6 5EC 8 000000000000000F
102350.7 66B 8 7700000000000000
102362.9 66C 8 DF09000000000000
102364.1 444 8 0000000000000005
102378.5 3F1 8 0002000000000000
102379.8 663 8 7814E00E00AA0000
102394.1 31C 8 00000000800084F3
102395.5 31D 8 000000000000001F
102396.8 38C 8 000000000000007F
102409.7 38D 8 00000000000000E5
102411.0 39C 8 FF6F000000000000
102412.2 3C3 8 FF00000000000000
102425.3 444 8 0000000000000005
102441.0 31C 8 00000000800084F3
102442.2 31D 8 000000000000001F
102472.3 444 8 0000000000000005
102487.8 6C0 7 04030100000000
102488.9 3F1 8 0002000000000000
102490.1 663 8 7814E00E00AA0000
102491.3 31C 8 00000000800084F3
102492.5 31D 8 000000000000001F
102503.4 38C 8 000000000000007F
102504.7 38D 8 00000000000000E5
102505.9 39C 8 FF6F000000000000
102519.1 3C3 8 FF00000000000000
102520.4 444 8 0000000000000005
102522.2 6AB 8 00000000000041A1
102523.4 537 8 8080808080800000
102534.7 538 8 8080008080000080
102536.0 523 8 CD1F7770450E0B02
102537.1 52E 5 603F000000
102538.2 31C 8 00000000800084F3
102550.4 31D 8 000000000000001F
102565.9 444 8 0000000000000005
102567.2 539 8 2602800008030000
102568.4 541 8 0000000000000000
102581.7 3F1 8 0002000000000000
102582.9 663 8 7814E00E00AA0000
102584.1 31C 8 00000000800084F3
102597.2 31D 8 000000000000001F
102598.4 38C 8 000000000000007F
102599.7 38D 8 00000000000000E5
102612.8 39C 8 FF6F000000000000
102614.0 3C3 8 FF00000000000000
102615.2 444 8 0000000000000005
102644.1 31C 8 00000000800084F3
102645.4 31D 8 000000000000001F
102675.4 444 8 0000000000000005
102690.7 6C0 7 04030100000000
102691.8 3F1 8 0002000000000000
102693.0 663 8 7814E00E00AA0000
102694.2 31C 8 00000000800084F3
102695.4 31D 8 000000000000001F
102696.7 38C 8 000000000000007F
102706.7 38D 8 00000000000000E5
102707.9 39C 8 FF6F000000000000
102709.8 3C3 8 FF00000000000000
102722.2 444 8 0000000000000005
102723.5 6AB 8 00000000000041A1
102724.7 537 8 8080808080800000
102725.8 538 8 8080008080000080
102737.8 31C 8 00000000800084F3
102739.1 31D 8 000000000000001F
102769.2 444 8 0000000000000005
102784.7 3F1 8 0002000000000000
102786.0 484 8 0000000000000000
102787.1 523 8 CD1F7770450E0B02
102788.1 52E 5 603F000000
102789.3 663 8 7814E00E00AA0000
102790.6 31C 8 00000000800084F3
102800.4 31D 8 000000000000001F
102801.9 38C 8 000000000000007F
102803.1 38D 8 00000000000000E5
102816.0 39C 8 FF6F000000000000
102817.3 3C3 8 FF00000000000000
102818.5 444 8 0000000000000005
102819.7 539 8 2602800008030000
102820.9 541 8 0000000000000000
102831.6 31C 8 00000000800084F3
102832.9 5EA 8 0000000000000016
102847.2 31D 8 000000000000001F
102848.4 5EB 8 0000000000000007
102849.6 5EC 8 000000000000000F
102850.8 66B 8 7700000000000000
102863.0 66C 8 DF09000000000000
102864.2 444 8 0000000000000005
102878.6 6C0 7 04030100000000
102880.6 3F1 8 0002000000000000
102881.8 663 8 7814E00E00AA0000
102894.0 31C 8 00000000800084F3
102895.7 31D 8 000000000000001F
102897.0 38C 8 000000000000007F
102909.5 38D 8 00000000000000E5
102910.8 39C 8 FF6F000000000000
102911.9 3C3 8 FF00000000000000
102925.7 444 8 0000000000000005
102927.7 6AB 8 00000000000041A1
102929.8 537 8 8080808080800000
102931.6 538 8 8080008080000080
102941.1 31C 8 00000000800084F3
102942.4 31D 8 000000000000001F
102972.4 444 8 0000000000000005
102987.9 3F1 8 0002000000000000
102989.1 663 8 7814E00E00AA0000
102990.3 31C 8 00000000800084F3
102991.7 31D 8 000000000000001F
103003.5 38C 8 000000000000007F
103004.6 38D 8 00000000000000E5
103006.0 39C 8 FF6F000000000000
103019.2 3C3 8 FF00000000000000
103020.4 444 8 0000000000000005
103034.9 523 8 CD1F7770450E0B02
103036.6 52E 5 603F000000
103037.8 31C 8 00000000800084F3
103050.4 31D 8 000000000000001F
103077.5 444 8 0000000000000005
103080.5 539 8 2602800008030000
103082.2 541 8 0000000000000000
103097.3 6C0 7 04030100000000
103099.1 3F1 8 0002000000000000
103101.3 663 8 7814E00E00AA0000
103102.6 31C 8 00000000800084F3
103104.0 31D 8 000000000000001F
103105.4 38C 8 000000000000007F
103106.7 38D 8 00000000000000E5
103112.8 39C 8 FF6F000000000000
103114.7 3C3 8 FF00000000000000
103116.2 444 8 0000000000000005
103117.5 6AB 8 00000000000041A1
103128.4 537 8 8080808080800000
103129.5 538 8 8080008080000080
103144.0 31C 8 00000000800084F3
103145.3 31D 8 000000000000001F
103175.5 444 8 0000000000000005
103190.7 3F1 8 0002000000000000
103192.0 663 8 7814E00E00AA0000
103193.4 31C 8 00000000800084F3
103194.7 31D 8 000000000000001F
103196.1 38C 8 000000000000007F
103206.7 38D 8 00000000000000E5
103208.0 39C 8 FF6F000000000000
103209.2 3C3 8 FF00000000000000
103222.2 444 8 0000000000000005
103237.9 31C 8 00000000800084F3
103239.2 31D 8 000000000000001F
103269.3 444 8 0000000000000005
103284.7 6C0 7 04030100000000
103286.2 3F1 8 0002000000000000
103288.8 484 8 0000000000000000
103290.9 523 8 CD1F7770450E0B02
103292.2 52E 5 603F000000
103293.3 585 8 902C00000000003F
103294.4 64C 2 0011
103295.5 663 8 7814E00E00AA0000
103296.9 6B2 8 FFFEFF0F880002D1
103298.0 31C 8 00000000800084F3
103307.2 31D 8 000000000000001F
103308.8 38C 8 000000000000007F
103310.2 38D 8 00000000000000E5
103311.7 39C 8 FF6F000000000000
103313.2 3C3 8 FF00000000000000
103322.9 444 8 0000000000000005
103324.5 5FB 8 1FFFFFFFFF1FF87E
103325.8 539 8 2602800008030000
103327.2 541 8 0000000000000000
103328.6 5FA 8 5B9DC7CC9C46F1FF
103329.9 6AB 8 00000000000041A1
103331.1 537 8 8080808080800000
103332.5 538 8 8080008080000080
103338.4 31C 8 00000000800084F3
103339.8 5EA 8 0000000000000016
103341.1 31D 8 000000000000001F
103342.4 5EB 8 0000000000000007
103354.0 5EC 8 000000000000000F
103355.3 66B 8 7700000000000000
103356.6 66C 8 DF09000000000000
103369.8 444 8 0000000000000005
103385.4 3F1 8 0002000000000000
103387.4 663 8 7814E00E00AA0000
103388.9 31C 8 00000000800084F3
103390.4 31D 8 000000000000001F
103400.7 38C 8 000000000000007F
103402.1 38D 8 00000000000000E5
103403.5 39C 8 FF6F000000000000
103416.7 3C3 8 FF00000000000000
103418.2 444 8 0000000000000005
103432.3 31C 8 00000000800084F3
103447.9 31D 8 000000000000001F
103463.5 444 8 0000000000000005
103479.1 6C0 7 04030100000000
103480.6 3F1 8 0002000000000000
103482.0 663 8 7814E00E00AA0000
103494.7 31C 8 00000000800084F3
103496.1 31D 8 000000000000001F
103497.5 38C 8 000000000000007F
103510.1 38D 8 00000000000000E5
103511.5 39C 8 FF6F000000000000
103512.8 3C3 8 FF00000000000000
103526.0 444 8 0000000000000005
103527.4 6AB 8 00000000000041A1
103528.7 537 8 8080808080800000
103529.9 538 8 8080008080000080
103541.5 523 8 CD1F7770450E0B02
103542.8 52E 5 603F000000
103544.0 31C 8 00000000800084F3
103545.4 31D 8 000000000000001F
103572.8 444 8 0000000000000005
103575.0 539 8 2602800008030000
103576.3 541 8 0000000000000000
103588.5 3F1 8 0002000000000000
103590.0 663 8 7814E00E00AA0000
103591.3 31C 8 00000000800084F3
103592.7 31D 8 000000000000001F
103604.0 38C 8 000000000000007F
103605.7 38D 8 00000000000000E5
103607.1 39C 8 FF6F000000000000
103619.6 3C3 8 FF00000000000000
103620.8 444 8 0000000000000005
103635.5 31C 8 00000000800084F3
103637.1 31D 8 000000000000001F
103666.5 444 8 0000000000000005
103682.4 6C0 7 04030100000000
103683.8 3F1 8 0002000000000000
103685.1 663 8 7814E00E00AA0000
103686.5 31C 8 00000000800084F3
103697.9 31D 8 000000000000001F
103699.1 38C 8 000000000000007F
103700.4 38D 8 00000000000000E5
103713.2 39C 8 FF6F000000000000
103714.4 3C3 8 FF00000000000000
103715.7 444 8 0000000000000005
103717.0 6AB 8 00000000000041A1
103729.1 537 8 8080808080800000
103730.3 538 8 8080008080000080
103744.6 31C 8 00000000800084F3
103745.8 31D 8 000000000000001F
103760.6 444 8 0000000000000005
103791.2 3F1 8 0002000000000000
103792.5 484 8 0000000000000000
103793.7 523 8 CD1F7770450E0B02
103794.8 52E 5 603F000000
103796.2 663 8 7814E00E00AA0000
103797.4 31C 8 00000000800084F3
103798.6 31D 8 000000000000001F
103799.9 38C 8 000000000000007F
103806.9 38D 8 00000000000000E5
103808.1 39C 8 FF6F000000000000
103809.3 3C3 8 FF00000000000000
103822.8 444 8 0000000000000005
103824.0 539 8 2602800008030000
103825.2 541 8 0000000000000000
103838.5 31C 8 00000000800084F3
103839.7 5EA 8 0000000000000016
103841.0 31D 8 000000000000001F
103842.2 5EB 8 0000000000000007
103854.1 5EC 8 000000000000000F
103855.3 66B 8 7700000000000000
103856.5 66C 8 DF09000000000000
103869.6 444 8 0000000000000005
103885.6 6C0 7 04030100000000
103887.0 3F1 8 0002000000000000
103888.2 663 8 7814E00E00AA0000
103889.4 31C 8 00000000800084F3
103890.7 31D 8 000000000000001F
103900.6 38C 8 000000000000007F
103901.9 38D 8 00000000000000E5
103903.0 39C 8 FF6F000000000000
103916.5 3C3 8 FF00000000000000
103917.7 444 8 0000000000000005
103919.0 6AB 8 00000000000041A1
103920.1 537 8 8080808080800000
103932.3 538 8 8080008080000080
103933.6 31C 8 00000000800084F3
103948.0 31D 8 000000000000001F
103963.5 444 8 0000000000000005
103979.1 3F1 8 0002000000000000
103980.3 663 8 7814E00E00AA0000
103994.8 31C 8 00000000800084F3
103996.6 31D 8 000000000000001F
103998.0 38C 8 000000000000007F
104010.6 38D 8 00000000000000E5
104012.1 39C 8 FF6F000000000000
104013.3 3C3 8 FF00000000000000
104014.5 444 8 0000000000000005
104041.7 523 8 CD1F7770450E0B02
104043.7 52E 5 603F000000
104045.7 31C 8 00000000800084F3
104047.9 31D 8 000000000000001F
104072.8 444 8 0000000000000005
104074.1 539 8 2602800008030000
104075.3 541 8 0000000000000000
104088.3 6C0 7 04030100000000
104089.6 3F1 8 0002000000000000
104090.8 663 8 7814E00E00AA0000
104092.2 31C 8 00000000800084F3
104093.4 31D 8 000000000000001F
104104.0 38C 8 000000000000007F
104106.0 38D 8 00000000000000E5
104107.2 39C 8 FF6F000000000000
104119.7 3C3 8 FF00000000000000
104121.5 444 8 0000000000000005
104122.8 6AB 8 00000000000041A1
104123.9 537 8 8080808080800000
104135.4 538 8 8080008080000080
104136.9 31C 8 00000000800084F3
104138.1 31D 8 000000000000001F
104166.5 444 8 0000000000000005
104182.1 3F1 8 0002000000000000
104183.3 663 8 7814E00E00AA0000
104184.5 31C 8 00000000800084F3
104197.9 31D 8 000000000000001F
104199.2 38C 8 000000000000007F
104200.6 38D 8 00000000000000E5
104213.3 39C 8 FF6F000000000000
104214.5 3C3 8 FF00000000000000
104215.7 444 8 0000000000000005
104244.6 31C 8 00000000800084F3
104245.9 31D 8 000000000000001F
104275.8 444 8 0000000000000005
104291.7 6C0 7 04030100000000
104292.9 3F1 8 0002000000000000
104294.1 484 8 0000000000000000
104295.3 523 8 CD1F7770450E0B02
104296.5 52E 5 603F000000
104297.6 585 8 902C00000000003F
104298.7 64C 2 0011
104299.9 663 8 7814E00E00AA0000
104301.7 6B2 8 FFFEFF0F880082D1
104302.9 31C 8 00000000800084F3
104304.2 31D 8 000000000000001F
104305.6 38C 8 000000000000007F
104322.8 38D 8 00000000000000E5
104324.2 39C 8 FF6F000000000000
104325.5 3C3 8 FF00000000000000
104326.7 444 8 0000000000000005
104328.1 5FB 8 1FFFFFFFFF1FF87E
104329.2 539 8 2602800008030000
104330.5 541 8 0000000000000000
104331.9 5FA 8 5B9DC7CC9C46F1FF
104333.0 6AB 8 00000000000041A1
104334.2 537 8 8080808080800000
104335.4 538 8 8080008080000080
104338.3 31C 8 00000000800084F3
104339.6 5EA 8 0000000000000016
104340.8 31D 8 000000000000001F
104342.1 5EB 8 0000000000000007
104354.0 5EC 8 000000000000000F
104355.2 66B 8 7700000000000000
104356.3 66C 8 DF09000000000000
104369.6 444 8 0000000000000005
104385.4 3F1 8 0002000000000000
104386.7 663 8 7814E00E00AA0000
104387.9 31C 8 00000000800084F3
104389.1 31D 8 000000000000001F
104400.6 38C 8 000000000000007F
104401.8 38D 8 00000000000000E5
104403.0 39C 8 FF6F000000000000
104416.4 3C3 8 FF00000000000000
104418.3 444 8 0000000000000005
104432.2 31C 8 00000000800084F3
104447.8 31D 8 000000000000001F
104463.3 444 8 0000000000000005
104479.0 6C0 7 04030100000000
104480.3 3F1 8 0002000000000000
104481.7 663 8 7814E00E00AA0000
104494.4 31C 8 00000000800084F3
104496.0 31D 8 000000000000001F
104497.2 38C 8 000000000000007F
104510.3 38D 8 00000000000000E5
104511.8 39C 8 FF6F000000000000
104513.0 3C3 8 FF00000000000000
104514.2 444 8 0000000000000005
104525.9 6AB 8 00000000000041A1
104527.2 537 8 8080808080800000
104528.3 538 8 8080008080000080
104541.7 523 8 CD1F7770450E0B02
104545.4 52E 5 603F000000
104546.5 31C 8 00000000800084F3
104547.7 31D 8 000000000000001F
104572.8 444 8 0000000000000005
104574.0 539 8 2602800008030000
104575.2 541 8 0000000000000000
104588.3 3F1 8 0002000000000000
104589.6 663 8 7814E00E00AA0000
104590.8 31C 8 00000000800084F3
104592.1 31D 8 000000000000001F
104604.0 38C 8 000000000000007F
104605.4 38D 8 00000000000000E5
104607.3 39C 8 FF6F000000000000
104619.6 3C3 8 FF00000000000000
104620.8 444 8 0000000000000005
104635.4 31C 8 00000000800084F3
104636.8 31D 8 000000000000001F
104666.5 444 8 0000000000000005
104682.3 6C0 7 04030100000000
104683.5 3F1 8 0002000000000000
104684.7 663 8 7814E00E00AA0000
104686.1 31C 8 00000000800084F3
104698.0 31D 8 000000000000001F
104699.5 38C 8 000000000000007F
104700.8 38D 8 00000000000000E5
104713.4 39C 8 FF6F000000000000
104714.8 3C3 8 FF00000000000000
104716.2 444 8 0000000000000005
104717.4 6AB 8 00000000000041A1
104729.0 537 8 8080808080800000
104730.2 538 8 8080008080000080
104744.6 31C 8 00000000800084F3
104745.8 31D 8 000000000000001F
104760.6 444 8 0000000000000005
104791.4 3F1 8 0002000000000000
104792.7 484 8 0000000000000000
104793.8 523 8 CD1F7770450E0B02
104794.9 52E 5 603F000000
104796.3 663 8 7814E00E00AA0000
104797.5 31C 8 00000000800084F3
104798.7 31D 8 000000000000001F
104800.8 38C 8 000000000000007F
104807.1 38D 8 00000000000000E5
104808.3 39C 8 FF6F000000000000
104809.5 3C3 8 FF00000000000000
104822.8 444 8 0000000000000005
104824.0 539 8 2602800008030000
104825.3 541 8 0000000000000000
104838.3 31C 8 00000000800084F3
104839.6 5EA 8 0000000000000016
104840.8 31D 8 000000000000001F
104842.1 5EB 8 0000000000000007
104854.0 5EC 8 000000000000000F
104855.2 66B 8 7700000000000000
104856.4 66C 8 DF09000000000000
104870.1 444 8 0000000000000005
104885.5 6C0 7 04030100000000
104887.0 3F1 8 0002000000000000
104888.2 663 8 7814E00E00AA0000
104889.4 31C 8 00000000800084F3
104890.8 31D 8 000000000000001F
104900.7 38C 8 000000000000007F
104902.1 38D 8 00000000000000E5
104903.3 39C 8 FF6F000000000000
104916.6 3C3 8 FF00000000000000
104918.1 444 8 0000000000000005
104919.6 6AB 8 00000000000041A1
104921.0 537 8 8080808080800000
104932.1 538 8 8080008080000080
104933.3 31C 8 00000000800084F3
104947.7 31D 8 000000000000001F
104963.3 444 8 0000000000000005
104979.0 3F1 8 0002000000000000
104980.4 663 8 7814E00E00AA0000
104994.6 31C 8 00000000800084F3
104995.8 31D 8 000000000000001F
104997.1 38C 8 000000000000007F
105010.3 38D 8 00000000000000E5
105011.7 39C 8 FF6F000000000000
105013.0 3C3 8 FF00000000000000
105026.0 444 8 0000000000000005
105041.6 523 8 CD1F7770450E0B02
105042.9 52E 5 603F000000
105044.0 31C 8 00000000800084F3
105045.3 31D 8 000000000000001F
105072.8 444 8 0000000000000005
105074.0 539 8 2602800008030000
105075.2 541 8 0000000000000000
105088.3 6C0 7 04030100000000
105089.5 3F1 8 0002000000000000
105090.7 663 8 7814E00E00AA0000
105091.9 31C 8 00000000800084F3
105093.1 31D 8 000000000000001F
105103.9 38C 8 000000000000007F
105105.3 38D 8 00000000000000E5
105106.7 39C 8 FF6F000000000000
105119.5 3C3 8 FF00000000000000
105120.9 444 8 0000000000000005
105122.3 6AB 8 00000000000041A1
105123.4 537 8 8080808080800000
105135.7 538 8 8080008080000080
105138.1 31C 8 00000000800084F3
105139.4 31D 8 000000000000001F
105166.5 444 8 0000000000000005
105182.1 3F1 8 0002000000000000
105183.4 663 8 7814E00E00AA0000
105184.5 31C 8 00000000800084F3
105197.8 31D 8 000000000000001F
105199.1 38C 8 000000000000007F
105200.3 38D 8 00000000000000E5
105213.4 39C 8 FF6F000000000000
105214.6 3C3 8 FF00000000000000
105216.1 444 8 0000000000000005
105244.6 31C 8 00000000800084F3
105245.9 31D 8 000000000000001F
105275.8 444 8 0000000000000005
105291.5 6C0 7 04030100000000
105292.7 3F1 8 0002000000000000
105293.9 484 8 0000000000000000
105295.0 523 8 CD1F7770450E0B02
105296.4 52E 5 603F000000
105297.5 585 8 902C00000000003F
105298.7 64C 2 0011
105299.8 663 8 7814E00E00AA0000
105301.0 6B2 8 FFFEFF0F880002D2
105302.2 31C 8 00000000800084F3
105303.4 31D 8 000000000000001F
105304.7 38C 8 000000000000007F
105306.8 38D 8 00000000000000E5
105308.0 39C 8 FF6F000000000000
105309.2 3C3 8 FF00000000000000
105322.8 444 8 0000000000000005
105324.1 5FB 8 1FFFFFFFFF1FF87E
105325.2 539 8 2602800008030000
105326.3 541 8 0000000000000000
105327.5 5FA 8 5B9DC7CC9C46F1FF
105328.6 6AB 8 00000000000041A1
105329.7 537 8 8080808080800000
105330.9 538 8 8080008080000080
105338.5 31C 8 00000000800084F3
105339.8 5EA 8 0000000000000016
105341.0 31D 8 000000000000001F
105342.2 5EB 8 0000000000000007
105354.1 5EC 8 000000000000000F
105355.3 66B 8 7700000000000000
105356.3 66C 8 DF09000000000000
105369.6 444 8 0000000000000005
105385.6 3F1 8 0002000000000000
105387.0 663 8 7814E00E00AA0000
105388.2 31C 8 00000000800084F3
105389.5 31D 8 000000000000001F
105400.7 38C 8 000000000000007F
105402.0 38D 8 00000000000000E5
105403.2 39C 8 FF6F000000000000
105416.4 3C3 8 FF00000000000000
105417.7 444 8 0000000000000005
105432.1 31C 8 00000000800084F3
105447.7 31D 8 000000000000001F
105463.3 444 8 0000000000000005
105479.0 6C0 7 04030100000000
105480.2 3F1 8 0002000000000000
105481.7 663 8 7814E00E00AA0000
105494.6 31C 8 00000000800084F3
105496.0 31D 8 000000000000001F
105497.2 38C 8 000000000000007F
105510.3 38D 8 00000000000000E5
105511.6 39C 8 FF6F000000000000
105512.9 3C3 8 FF00000000000000
105514.2 444 8 0000000000000005
105525.8 6AB 8 00000000000041A1
105527.1 537 8 8080808080800000
105528.2 538 8 8080008080000080
105541.6 523 8 CD1F7770450E0B02
105542.8 52E 5 603F000000
105544.0 31C 8 00000000800084F3
105545.3 31D 8 000000000000001F
105572.9 444 8 0000000000000005
105574.2 539 8 2602800008030000
105575.4 541 8 0000000000000000
105588.4 3F1 8 0002000000000000
105589.6 663 8 7814E00E00AA0000
105590.8 31C 8 00000000800084F3
105592.2 31D 8 000000000000001F
105603.9 38C 8 000000000000007F
105605.2 38D 8 00000000000000E5
105606.4 39C 8 FF6F000000000000
105619.6 3C3 8 FF00000000000000
105621.1 444 8 0000000000000005
105635.5 31C 8 00000000800084F3
105637.0 31D 8 000000000000001F
105666.6 444 8 0000000000000005
105682.1 6C0 7 04030100000000
105683.3 3F1 8 0002000000000000
105684.5 663 8 7814E00E00AA0000
105685.8 31C 8 00000000800084F3
105697.8 31D 8 000000000000001F
105699.4 38C 8 000000000000007F
105700.8 38D 8 00000000000000E5
105713.6 39C 8 FF6F000000000000
105715.0 3C3 8 FF00000000000000
105716.3 444 8 0000000000000005
105717.6 6AB 8 00000000000041A1
105729.0 537 8 8080808080800000
105730.2 538 8 8080008080000080
105744.6 31C 8 00000000800084F3
105745.9 31D 8 000000000000001F
105760.4 444 8 0000000000000005
105791.4 3F1 8 0002000000000000
105792.7 484 8 0000000000000000
105793.8 523 8 CD1F7770450E0B02
105795.0 52E 5 603F000000
105796.1 663 8 7814E00E00AA0000
105797.3 31C 8 00000000800084F3
105798.5 31D 8 000000000000001F
105799.8 38C 8 000000000000007F
105807.0 38D 8 00000000000000E5
105808.3 39C 8 FF6F000000000000
105809.5 3C3 8 FF00000000000000
105822.8 444 8 0000000000000005
105824.1 539 8 2602800008030000
105825.2 541 8 0000000000000000
105838.3 31C 8 00000000800084F3
105839.6 5EA 8 0000000000000016
105840.7 31D 8 000000000000001F
105842.0 5EB 8 0000000000000007
105854.0 5EC 8 000000000000000F
105855.1 66B 8 7700000000000000
105856.2 66C 8 DF09000000000000
105869.6 444 8 0000000000000005
105885.4 6C0 7 04030100000000
105886.8 3F1 8 0002000000000000
105888.0 663 8 7814E00E00AA0000
105889.1 31C 8 00000000800084F3
105890.5 31D 8 000000000000001F
105900.7 38C 8 000000000000007F
105904.2 38D 8 00000000000000E5
105905.3 39C 8 FF6F000000000000
105916.4 3C3 8 FF00000000000000
105917.7 444 8 0000000000000005
105918.9 6AB 8 00000000000041A1
105920.1 537 8 8080808080800000
105932.1 538 8 8080008080000080
105933.3 31C 8 00000000800084F3
105947.7 31D 8 000000000000001F
105963.4 444 8 0000000000000005
105978.9 3F1 8 0002000000000000
105980.1 663 8 7814E00E00AA0000
105994.6 31C 8 00000000800084F3
105996.0 31D 8 000000000000001F
105997.2 38C 8 000000000000007F
106010.3 38D 8 00000000000000E5
106012.3 39C 8 FF6F000000000000
106013.5 3C3 8 FF00000000000000
106025.8 444 8 0000000000000005
106041.5 523 8 CD1F7770450E0B02
106042.7 52E 5 603F000000
106043.8 31C 8 00000000800084F3
106045.0 31D 8 000000000000001F
106061.6 444 8 0000000000000005
106076.9 539 8 2602800008030000
106078.5 541 8 0000000000000000
106080.7 6C0 7 04030100000000
106082.3 3F1 8 0002000000000000
106083.7 663 8 7814E00E00AA0000
106092.9 31C 8 00000000800084F3
106094.2 31D 8 000000000000001F
106095.6 38C 8 000000000000007F
106108.5 38D 8 00000000000000E5
106109.7 39C 8 FF6F000000000000
106110.9 3C3 8 FF00000000000000
106124.3 444 8 0000000000000005
106125.5 6AB 8 00000000000041A1
106126.7 537 8 8080808080800000
106127.8 538 8 8080008080000080
106141.4 31C 8 00000000800084F3
106143.4 31D 8 000000000000001F
106171.0 444 8 0000000000000005
106186.7 3F1 8 0002000000000000
106187.9 663 8 7814E00E00AA0000
106189.1 31C 8 00000000800084F3
106190.4 31D 8 000000000000001F
106202.1 38C 8 000000000000007F
106203.3 38D 8 00000000000000E5
106204.5 39C 8 FF6F000000000000
106217.8 3C3 8 FF00000000000000
106219.0 444 8 0000000000000005
106233.5 31C 8 00000000800084F3
106249.1 31D 8 000000000000001F
106268.1 444 8 0000000000000005
106280.5 6C0 7 04030100000000
106281.9 3F1 8 0002000000000000
106283.1 484 8 0000000000000000
106284.3 523 8 CD1F7770450E0B02
106285.6 52E 5 603F000000
106286.9 585 8 902C00000000003F
106288.0 64C 2 0011
106289.2 663 8 7814E00E00AA0000
106290.4 6B2 8 FFFEFF0F880082D2
106295.6 31C 8 00000000800084F3
106296.9 31D 8 000000000000001F
106298.2 38C 8 000000000000007F
106299.4 38D 8 00000000000000E5
106311.3 39C 8 FF6F000000000000
106312.6 3C3 8 FF00000000000000
106314.1 444 8 0000000000000005
106327.2 5FB 8 1FFFFFFFFF1FF87E
106328.4 539 8 2602800008030000
106329.6 541 8 0000000000000000
106330.9 5FA 8 5B9DC7CC9C46F1FF
106332.1 6AB 8 00000000000041A1
106333.3 537 8 8080808080800000
106334.4 538 8 8080008080000080
106342.7 31C 8 00000000800084F3
106344.1 5EA 8 0000000000000016
106345.4 31D 8 000000000000001F
106346.8 5EB 8 0000000000000007
106347.9 5EC 8 000000000000000F
106358.4 66B 8 7700000000000000
106359.6 66C 8 DF09000000000000
106374.0 444 8 0000000000000005
106389.5 3F1 8 0002000000000000
106390.9 663 8 7814E00E00AA0000
106392.2 31C 8 00000000800084F3
106393.5 31D 8 000000000000001F
106405.3 38C 8 000000000000007F
106406.7 38D 8 00000000000000E5
106407.9 39C 8 FF6F000000000000
106409.1 3C3 8 FF00000000000000
106420.8 444 8 0000000000000005
106436.5 31C 8 00000000800084F3
106437.9 31D 8 000000000000001F
106467.9 444 8 0000000000000005
106483.3 6C0 7 04030100000000
106484.5 3F1 8 0002000000000000
106485.7 663 8 7814E00E00AA0000
106487.0 31C 8 00000000800084F3
106499.0 31D 8 000000000000001F
106500.4 38C 8 000000000000007F
106501.6 38D 8 00000000000000E5
106514.3 39C 8 FF6F000000000000
106515.6 3C3 8 FF00000000000000
106517.0 444 8 0000000000000005
106519.0 6AB 8 00000000000041A1
106530.3 537 8 8080808080800000
106531.5 538 8 8080008080000080
106532.6 523 8 CD1F7770450E0B02
106533.8 52E 5 603F000000
106545.8 31C 8 00000000800084F3
106547.1 31D 8 000000000000001F
106561.5 444 8 0000000000000005
106577.0 539 8 2602800008030000
106578.3 541 8 0000000000000000
106579.4 3F1 8 0002000000000000
106580.7 663 8 7814E00E00AA0000
106592.7 31C 8 00000000800084F3
106594.4 31D 8 000000000000001F
106596.8 38C 8 000000000000007F
106608.7 38D 8 00000000000000E5
106612.1 39C 8 FF6F000000000000
106614.2 3C3 8 FF00000000000000
106624.8 444 8 0000000000000005
106639.8 31C 8 00000000800084F3
106641.7 31D 8 000000000000001F
106670.7 444 8 0000000000000005
106686.9 6C0 7 04030100000000
106688.1 3F1 8 0002000000000000
106689.3 663 8 7814E00E00AA0000
106690.6 31C 8 00000000800084F3
106692.0 31D 8 000000000000001F
106702.2 38C 8 000000000000007F
106703.4 38D 8 00000000000000E5
106705.4 39C 8 FF6F000000000000
106717.9 3C3 8 FF00000000000000
106719.4 444 8 0000000000000005
106720.7 6AB 8 00000000000041A1
106722.0 537 8 8080808080800000
106733.4 538 8 8080008080000080
106734.5 31C 8 00000000800084F3
106749.2 31D 8 000000000000001F
106764.8 444 8 0000000000000005
106780.4 3F1 8 0002000000000000
106781.8 484 8 0000000000000000
106782.9 523 8 CD1F7770450E0B02
106784.1 52E 5 603F000000
106785.3 663 8 7814E00E00AA0000
106786.7 31C 8 00000000800084F3
106795.6 31D 8 000000000000001F
106796.8 38C 8 000000000000007F
106798.0 38D 8 00000000000000E5
106811.4 39C 8 FF6F000000000000
106812.6 3C3 8 FF00000000000000
106814.0 444 8 0000000000000005
106827.1 539 8 2602800008030000
106828.3 541 8 0000000000000000
106842.7 31C 8 00000000800084F3
106844.0 5EA 8 0000000000000016
106845.2 31D 8 000000000000001F
106846.7 5EB 8 0000000000000007
106847.8 5EC 8 000000000000000F
106858.3 66B 8 7700000000000000
106859.5 66C 8 DF09000000000000
106874.2 444 8 0000000000000005
106889.4 6C0 7 04030100000000
106890.8 3F1 8 0002000000000000
106892.0 663 8 7814E00E00AA0000
106893.2 31C 8 00000000800084F3
106894.5 31D 8 000000000000001F
106905.5 38C 8 000000000000007F
106907.0 38D 8 00000000000000E5
106908.2 39C 8 FF6F000000000000
106909.4 3C3 8 FF00000000000000
106920.7 444 8 0000000000000005
106922.2 6AB 8 00000000000041A1
106923.3 537 8 8080808080800000
106924.5 538 8 8080008080000080
106936.6 31C 8 00000000800084F3
106938.2 31D 8 000000000000001F
106967.7 444 8 0000000000000005
106983.3 3F1 8 0002000000000000
106984.5 663 8 7814E00E00AA0000
106985.9 31C 8 00000000800084F3
106999.1 31D 8 000000000000001F
107000.4 38C 8 000000000000007F
107001.7 38D 8 00000000000000E5
107014.6 39C 8 FF6F000000000000
107015.8 3C3 8 FF00000000000000
107017.2 444 8 0000000000000005
107030.4 523 8 CD1F7770450E0B02
107031.7 52E 5 603F000000
107033.0 31C 8 00000000800084F3
107046.1 31D 8 000000000000001F
107061.7 444 8 0000000000000005
107077.0 539 8 2602800008030000
107078.3 541 8 0000000000000000
107079.4 6C0 7 04030100000000
107080.7 3F1 8 0002000000000000
107082.0 663 8 7814E00E00AA0000
107092.7 31C 8 00000000800084F3
107094.0 31D 8 000000000000001F
107095.4 38C 8 000000000000007F
107108.4 38D 8 00000000000000E5
107109.6 39C 8 FF6F000000000000
107110.9 3C3 8 FF00000000000000
107124.1 444 8 0000000000000005
107125.3 6AB 8 00000000000041A1
107126.5 537 8 8080808080800000
107127.7 538 8 8080008080000080
107142.8 31C 8 00000000800084F3
107145.1 31D 8 000000000000001F
107170.9 444 8 0000000000000005
107186.6 3F1 8 0002000000000000
107187.8 663 8 7814E00E00AA0000
107189.0 31C 8 00000000800084F3
107190.3 31D 8 000000000000001F
107202.1 38C 8 000000000000007F
107203.3 38D 8 00000000000000E5
107204.5 39C 8 FF6F000000000000
107217.7 3C3 8 FF00000000000000
107219.0 444 8 0000000000000005
107233.4 31C 8 00000000800084F3
107249.0 31D 8 000000000000001F
107264.8 444 8 0000000000000005
107280.4 6C0 7 04030100000000
107281.8 3F1 8 0002000000000000
107283.0 484 8 0000000000000000
107284.1 523 8 CD1F7770450E0B02
107285.4 52E 5 603F000000
107286.6 585 8 902C00000000003F
107287.8 64C 2 0011
107288.9 663 8 7814E00E00AA0000
107290.1 6B2 8 FFFEFF0F880002D3
107295.7 31C 8 00000000800084F3
107297.1 31D 8 000000000000001F
107298.3 38C 8 000000000000007F
107299.5 38D 8 00000000000000E5
107311.6 39C 8 FF6F000000000000
107312.9 3C3 8 FF00000000000000
107314.2 444 8 0000000000000005
107327.1 5FB 8 1FFFFFFFFF1FF87E
107328.3 539 8 2602800008030000
107329.4 541 8 0000000000000000
107330.7 5FA 8 5B9DC7CC9C46F1FF
107332.0 6AB 8 00000000000041A1
107333.2 537 8 8080808080800000
107334.3 538 8 8080008080000080
107342.8 31C 8 00000000800084F3
107344.1 5EA 8 0000000000000016
107345.3 31D 8 000000000000001F
107346.7 5EB 8 0000000000000007
107347.8 5EC 8 000000000000000F
107358.3 66B 8 7700000000000000
107359.5 66C 8 DF09000000000000
107374.2 444 8 0000000000000005
107389.6 3F1 8 0002000000000000
107391.1 663 8 7814E00E00AA0000
107392.3 31C 8 00000000800084F3
107393.6 31D 8 000000000000001F
107405.5 38C 8 000000000000007F
107406.9 38D 8 00000000000000E5
107408.2 39C 8 FF6F000000000000
107409.4 3C3 8 FF00000000000000
107420.8 444 8 0000000000000005
107436.6 31C 8 00000000800084F3
107437.9 31D 8 000000000000001F
107467.7 444 8 0000000000000005
107483.6 6C0 7 04030100000000
107484.9 3F1 8 0002000000000000
107486.3 663 8 7814E00E00AA0000
107487.5 31C 8 00000000800084F3
107499.1 31D 8 000000000000001F
107500.4 38C 8 000000000000007F
107501.9 38D 8 00000000000000E5
107514.4 39C 8 FF6F000000000000
107515.7 3C3 8 FF00000000000000
107516.9 444 8 0000000000000005
107518.2 6AB 8 00000000000041A1
107530.2 537 8 8080808080800000
107531.8 538 8 8080008080000080
107533.0 523 8 CD1F7770450E0B02
107534.1 52E 5 603F000000
107545.9 31C 8 00000000800084F3
107547.1 31D 8 000000000000001F
107561.5 444 8 0000000000000005
107577.1 539 8 2602800008030000
107578.4 541 8 0000000000000000
107579.6 3F1 8 0002000000000000
107580.9 663 8 7814E00E00AA0000
107592.9 31C 8 00000000800084F3
107594.2 31D 8 000000000000001F
107595.7 38C 8 000000000000007F
107608.4 38D 8 00000000000000E5
107609.6 39C 8 FF6F000000000000
107611.0 3C3 8 FF00000000000000
107624.1 444 8 0000000000000005
107639.7 31C 8 00000000800084F3
107641.0 31D 8 000000000000001F
107671.0 444 8 0000000000000005
107686.8 6C0 7 04030100000000
107688.0 3F1 8 0002000000000000
107689.2 663 8 7814E00E00AA0000
107690.4 31C 8 00000000800084F3
107691.9 31D 8 000000000000001F
107702.2 38C 8 000000000000007F
107703.4 38D 8 00000000000000E5
107704.6 39C 8 FF6F000000000000
107717.9 3C3 8 FF00000000000000
107719.1 444 8 0000000000000005
107720.4 6AB 8 00000000000041A1
107721.8 537 8 8080808080800000
107733.6 538 8 8080008080000080
107735.2 31C 8 00000000800084F3
107749.1 31D 8 000000000000001F
107764.4 444 8 0000000000000005
107780.4 3F1 8 0002000000000000
107782.0 484 8 0000000000000000
107783.2 523 8 CD1F7770450E0B02
107784.3 52E 5 603F000000
107785.9 663 8 7814E00E00AA0000
107795.6 31C 8 00000000800084F3
107797.1 31D 8 000000000000001F
107798.4 38C 8 000000000000007F
107799.6 38D 8 00000000000000E5
107811.3 39C 8 FF6F000000000000
107812.5 3C3 8 FF00000000000000
107813.7 444 8 0000000000000005
107827.3 539 8 2602800008030000
107828.4 541 8 0000000000000000
107842.7 31C 8 00000000800084F3
107844.0 5EA 8 0000000000000016
107845.2 31D 8 000000000000001F
107846.6 5EB 8 0000000000000007
107847.8 5EC 8 000000000000000F
107858.4 66B 8 7700000000000000
107859.5 66C 8 DF09000000000000
107874.3 444 8 0000000000000005
107889.7 6C0 7 04030100000000
107891.1 3F1 8 0002000000000000
107892.3 663 8 7814E00E00AA0000
107893.5 31C 8 00000000800084F3
107894.8 31D 8 000000000000001F
107905.4 38C 8 000000000000007F
107906.9 38D 8 00000000000000E5
107908.9 39C 8 FF6F000000000000
107910.1 3C3 8 FF00000000000000
107920.7 444 8 0000000000000005
107922.1 6AB 8 00000000000041A1
107923.3 537 8 8080808080800000
107924.5 538 8 8080008080000080
107937.1 31C 8 00000000800084F3
107938.7 31D 8 000000000000001F
107967.7 444 8 0000000000000005
107983.4 3F1 8 0002000000000000
107984.6 663 8 7814E00E00AA0000
107985.7 31C 8 00000000800084F3
107999.2 31D 8 000000000000001F
108000.6 38C 8 000000000000007F
108001.8 38D 8 00000000000000E5
108014.6 39C 8 FF6F000000000000
108015.8 3C3 8 FF00000000000000
108017.0 444 8 0000000000000005
108030.3 523 8 CD1F7770450E0B02
108031.7 52E 5 603F000000
108045.8 31C 8 00000000800084F3
108047.1 31D 8 000000000000001F
108061.5 444 8 0000000000000005
108076.9 539 8 2602800008030000
108078.3 541 8 0000000000000000
108079.5 6C0 7 04030100000000
108080.8 3F1 8 0002000000000000
108082.1 663 8 7814E00E00AA0000
108092.7 31C 8 00000000800084F3
108094.0 31D 8 000000000000001F
108095.9 38C 8 000000000000007F
108108.4 38D 8 00000000000000E5
108109.7 39C 8 FF6F000000000000
108111.0 3C3 8 FF00000000000000
108124.0 444 8 0000000000000005
108125.3 6AB 8 00000000000041A1
108126.5 537 8 8080808080800000
108127.7 538 8 8080008080000080
108139.6 31C 8 00000000800084F3
108140.9 31D 8 000000000000001F
108170.8 444 8 0000000000000005
108186.5 3F1 8 0002000000000000
108187.8 663 8 7814E00E00AA0000
108189.0 31C 8 00000000800084F3
108190.2 31D 8 000000000000001F
108202.1 38C 8 000000000000007F
108203.6 38D 8 00000000000000E5
108205.4 39C 8 FF6F000000000000
108217.8 3C3 8 FF00000000000000
108219.1 444 8 0000000000000005
108233.3 31C 8 00000000800084F3
108249.0 31D 8 000000000000001F
108264.8 444 8 0000000000000005
108280.4 6C0 7 04030100000000
108282.6 3F1 8 0002000000000000
108284.1 484 8 0000000000000000
108285.4 523 8 CD1F7770450E0B02
108286.7 52E 5 603F000000
108287.8 585 8 902C00000000003F
108289.7 64C 2 0011
108291.0 663 8 7814E00E00AA0000
108292.3 6B2 8 FFFEFF0F880082D3
108295.6 31C 8 00000000800084F3
108296.9 31D 8 000000000000001F
108298.2 38C 8 000000000000007F
108299.4 38D 8 00000000000000E5
108311.5 39C 8 FF6F000000000000
108312.7 3C3 8 FF00000000000000
108313.9 444 8 0000000000000005
108327.1 5FB 8 1FFFFFFFFF1FF87E
108328.3 539 8 2602800008030000
108329.4 541 8 0000000000000000
108330.6 5FA 8 5B9DC7CC9C46F1FF
108332.0 537 8 8080808080800000
108333.2 6AB 8 00000000000041A1
108334.3 538 8 8080008080000080
108342.8 31C 8 00000000800084F3
108344.0 5EA 8 0000000000000016
108345.2 31D 8 000000000000001F
108346.7 5EB 8 0000000000000007
108347.8 5EC 8 000000000000000F
108358.5 66B 8 7700000000000000
108359.7 66C 8 DF09000000000000
108374.3 444 8 0000000000000005
108390.0 3F1 8 0002000000000000
108391.6 663 8 7814E00E00AA0000
108392.8 31C 8 00000000800084F3
108394.1 31D 8 000000000000001F
108405.4 38C 8 000000000000007F
108407.0 38D 8 00000000000000E5
108408.2 39C 8 FF6F000000000000
108410.2 3C3 8 FF00000000000000
108420.9 444 8 0000000000000005
108436.8 31C 8 00000000800084F3
108438.0 31D 8 000000000000001F
108467.8 444 8 0000000000000005
108483.6 6C0 7 04030100000000
108485.7 3F1 8 0002000000000000
108488.0 663 8 7814E00E00AA0000
108491.1 31C 8 00000000800084F3
108499.2 31D 8 000000000000001F
108500.6 38C 8 000000000000007F
108501.9 38D 8 00000000000000E5
108514.7 39C 8 FF6F000000000000
108516.0 3C3 8 FF00000000000000
108517.2 444 8 0000000000000005
108518.5 6AB 8 00000000000041A1
108530.2 537 8 8080808080800000
108531.4 538 8 8080008080000080
108532.6 523 8 CD1F7770450E0B02
108533.8 52E 5 603F000000
108545.9 31C 8 00000000800084F3
108547.3 31D 8 000000000000001F
108561.4 444 8 0000000000000005
108576.8 539 8 2602800008030000
108578.2 541 8 0000000000000000
108579.3 3F1 8 0002000000000000
108580.6 663 8 7814E00E00AA0000
108592.7 31C 8 00000000800084F3
108594.0 31D 8 000000000000001F
108596.1 38C 8 000000000000007F
108608.3 38D 8 00000000000000E5
108609.6 39C 8 FF6F000000000000
108610.9 3C3 8 FF00000000000000
108624.1 444 8 0000000000000005
108639.7 31C 8 00000000800084F3
108646.7 31D 8 000000000000001F
108670.8 444 8 0000000000000005
108686.6 6C0 7 04030100000000
108687.8 3F1 8 0002000000000000
108689.0 663 8 7814E00E00AA0000
108690.1 31C 8 00000000800084F3
108691.5 31D 8 000000000000001F
108702.1 38C 8 000000000000007F
108703.3 38D 8 00000000000000E5
108704.5 39C 8 FF6F000000000000
108717.7 3C3 8 FF00000000000000
108718.9 444 8 0000000000000005
108720.2 6AB 8 00000000000041A1
108721.4 537 8 8080808080800000
108733.4 538 8 8080008080000080
108735.5 31C 8 00000000800084F3
108749.0 31D 8 000000000000001F
108764.7 444 8 0000000000000005
108780.4 3F1 8 0002000000000000
108781.9 484 8 0000000000000000
108783.1 523 8 CD1F7770450E0B02
108784.2 52E 5 603F000000
108785.4 663 8 7814E00E00AA0000
108795.6 31C 8 00000000800084F3
108796.9 31D 8 000000000000001F
108798.2 38C 8 000000000000007F
108799.6 38D 8 00000000000000E5
108811.3 39C 8 FF6F000000000000
108812.6 3C3 8 FF00000000000000
108813.7 444 8 0000000000000005
108827.1 539 8 2602800008030000
108828.2 541 8 0000000000000000
108842.7 31C 8 00000000800084F3
108844.0 5EA 8 0000000000000016
108845.2 31D 8 000000000000001F
108846.4 5EB 8 0000000000000007
108847.6 5EC 8 000000000000000F
108858.3 66B 8 7700000000000000
108859.5 66C 8 DF09000000000000
108874.0 444 8 0000000000000005
108889.7 6C0 7 04030100000000
108891.0 3F1 8 0002000000000000
108892.2 663 8 7814E00E00AA0000
108893.4 31C 8 00000000800084F3
108894.6 31D 8 000000000000001F
108905.4 38C 8 000000000000007F
108906.8 38D 8 00000000000000E5
108908.0 39C 8 FF6F000000000000
108920.6 3C3 8 FF00000000000000
108921.9 444 8 0000000000000005
108923.2 6AB 8 00000000000041A1
108924.3 537 8 8080808080800000
108925.5 538 8 8080008080000080
108936.5 31C 8 00000000800084F3
108938.6 31D 8 000000000000001F
108967.7 444 8 0000000000000005
108983.3 3F1 8 0002000000000000
108984.6 663 8 7814E00E00AA0000
108985.7 31C 8 00000000800084F3
108999.0 31D 8 000000000000001F
109000.4 38C 8 000000000000007F
109001.6 38D 8 00000000000000E5
109014.6 39C 8 FF6F000000000000
109015.8 3C3 8 FF00000000000000
109017.0 444 8 0000000000000005
109030.3 523 8 CD1F7770450E0B02
109031.5 52E 5 603F000000
109045.9 31C 8 00000000800084F3
109047.2 31D 8 000000000000001F
109061.6 444 8 0000000000000005
109076.8 539 8 2602800008030000
109078.2 541 8 0000000000000000
109079.3 6C0 7 04030100000000
109080.6 3F1 8 0002000000000000
109081.8 663 8 7814E00E00AA0000
109092.7 31C 8 00000000800084F3
109094.0 31D 8 000000000000001F
109095.3 38C 8 000000000000007F
109108.4 38D 8 00000000000000E5
109109.5 39C 8 FF6F000000000000
109110.8 3C3 8 FF00000000000000
109124.3 444 8 0000000000000005
109125.5 6AB 8 00000000000041A1
109127.4 537 8 8080808080800000
109128.6 538 8 8080008080000080
109139.6 31C 8 00000000800084F3
109140.9 31D 8 000000000000001F
109170.9 444 8 0000000000000005
109187.0 3F1 8 0002000000000000
109188.2 663 8 7814E00E00AA0000
109189.4 31C 8 00000000800084F3
109190.9 31D 8 000000000000001F
109202.1 38C 8 000000000000007F
109203.3 38D 8 00000000000000E5
109204.5 39C 8 FF6F000000000000
109217.8 3C3 8 FF00000000000000
109219.0 444 8 0000000000000005
109233.4 31C 8 00000000800084F3
109249.1 31D 8 000000000000001F
109265.0 444 8 0000000000000005
109280.5 6C0 7 04030100000000
109282.1 3F1 8 0002000000000000
109283.4 484 8 0000000000000000
109284.5 523 8 CD1F7770450E0B02
109285.8 52E 5 603F000000
109287.1 585 8 902C00000000003F
109288.2 64C 2 0011
109289.3 663 8 7814E00E00AA0000
109290.6 6B2 8 FFFEFF0F880002D4
109295.7 31C 8 00000000800084F3
109297.0 31D 8 000000000000001F
109298.3 38C 8 000000000000007F
109299.5 38D 8 00000000000000E5
109311.4 39C 8 FF6F000000000000
109312.6 3C3 8 FF00000000000000
109313.8 444 8 0000000000000005
109327.1 5FB 8 1FFFFFFFFF1FF87E
109328.2 539 8 2602800008030000
109329.4 541 8 0000000000000000
109330.7 537 8 8080808080800000
109332.0 5FA 8 5B9DC7CC9C46F1FF
109333.3 6AB 8 00000000000041A1
109334.5 538 8 8080008080000080
109342.7 31C 8 00000000800084F3
109344.0 5EA 8 0000000000000016
109345.3 31D 8 000000000000001F
109346.7 5EB 8 0000000000000007
109347.9 5EC 8 000000000000000F
109358.4 66B 8 7700000000000000
109359.6 66C 8 DF09000000000000
109374.1 444 8 0000000000000005
109389.6 3F1 8 0002000000000000
109390.9 663 8 7814E00E00AA0000
109392.2 31C 8 00000000800084F3
109393.5 31D 8 000000000000001F
109405.6 38C 8 000000000000007F
109406.9 38D 8 00000000000000E5
109408.1 39C 8 FF6F000000000000
109409.3 3C3 8 FF00000000000000
109420.9 444 8 0000000000000005
109436.6 31C 8 00000000800084F3
109437.8 31D 8 000000000000001F
109467.7 444 8 0000000000000005
109483.4 6C0 7 04030100000000
109485.5 3F1 8 0002000000000000
109486.7 663 8 7814E00E00AA0000
109487.9 31C 8 00000000800084F3
109499.0 31D 8 000000000000001F
109500.3 38C 8 000000000000007F
109501.7 38D 8 00000000000000E5
109514.7 39C 8 FF6F000000000000
109516.0 3C3 8 FF00000000000000
109517.1 444 8 0000000000000005
109518.4 6AB 8 00000000000041A1
109530.2 537 8 8080808080800000
109531.6 538 8 8080008080000080
109532.8 523 8 CD1F7770450E0B02
109533.9 52E 5 603F000000
109545.8 31C 8 00000000800084F3
109547.1 31D 8 000000000000001F
109561.4 444 8 0000000000000005
109576.9 539 8 2602800008030000
109578.1 541 8 0000000000000000
109579.3 3F1 8 0002000000000000
109580.5 663 8 7814E00E00AA0000
109592.9 31C 8 00000000800084F3
109595.0 31D 8 000000000000001F
109596.5 38C 8 000000000000007F
109608.4 38D 8 00000000000000E5
109609.7 39C 8 FF6F000000000000
109610.8 3C3 8 FF00000000000000
109624.1 444 8 0000000000000005
109639.6 31C 8 00000000800084F3
109641.6 31D 8 000000000000001F
109670.8 444 8 0000000000000005
109686.7 6C0 7 04030100000000
109688.4 3F1 8 0002000000000000
109690.1 663 8 7814E00E00AA0000
109691.4 31C 8 00000000800084F3
109693.9 31D 8 000000000000001F
109702.4 38C 8 000000000000007F
109704.0 38D 8 00000000000000E5
109705.5 39C 8 FF6F000000000000
109717.8 3C3 8 FF00000000000000
109719.5 444 8 0000000000000005
109721.3 6AB 8 00000000000041A1
109722.8 537 8 8080808080800000
109733.3 538 8 8080008080000080
109735.2 31C 8 00000000800084F3
109749.7 31D 8 000000000000001F
109764.9 444 8 0000000000000005
109781.2 3F1 8 0002000000000000
109783.0 484 8 0000000000000000
109784.4 523 8 CD1F7770450E0B02
109785.8 52E 5 603F000000
109787.3 663 8 7814E00E00AA0000
109788.6 31C 8 00000000800084F3
109795.8 31D 8 000000000000001F
109797.8 38C 8 000000000000007F
109799.6 38D 8 00000000000000E5
109811.4 39C 8 FF6F000000000000
109812.9 3C3 8 FF00000000000000
109814.6 444 8 0000000000000005
109827.1 539 8 2602800008030000
109829.2 541 8 0000000000000000
109842.7 31C 8 00000000800084F3
109844.7 5EA 8 0000000000000016
109846.1 31D 8 000000000000001F
109847.6 5EB 8 0000000000000007
109848.9 5EC 8 000000000000000F
109858.4 66B 8 7700000000000000
109859.7 66C 8 DF09000000000000
109874.0 444 8 0000000000000005
109889.7 6C0 7 04030100000000
109891.0 3F1 8 0002000000000000
109892.3 663 8 7814E00E00AA0000
109893.5 31C 8 00000000800084F3
109894.9 31D 8 000000000000001F
109905.6 38C 8 000000000000007F
109907.1 38D 8 00000000000000E5
109908.3 39C 8 FF6F000000000000
109909.6 3C3 8 FF00000000000000
109921.0 444 8 0000000000000005
109922.6 6AB 8 00000000000041A1
109924.0 537 8 8080808080800000
109925.1 538 8 8080008080000080
109936.5 31C 8 00000000800084F3
109937.9 31D 8 000000000000001F
109968.1 444 8 0000000000000005
109983.4 3F1 8 0002000000000000
109985.4 663 8 7814E00E00AA0000
109986.6 31C 8 00000000800084F3
109999.0 31D 8 000000000000001F
110003.0 38C 8 000000000000007F
110004.8 38D 8 00000000000000E5
110014.6 39C 8 FF6F000000000000
110015.9 3C3 8 FF00000000000000
110017.7 444 8 0000000000000005
110030.1 523 8 CD1F7770450E0B02
110031.6 52E 5 603F000000
110045.8 31C 8 00000000800084F3
110047.4 31D 8 000000000000001F
110061.7 444 8 0000000000000005
110076.9 539 8 2602800008030000
110078.6 541 8 0000000000000000
110079.7 6C0 7 04030100000000
110081.2 3F1 8 0002000000000000
110082.8 663 8 7814E00E00AA0000
110093.0 31C 8 00000000800084F3
110095.4 31D 8 000000000000001F
110097.0 38C 8 000000000000007F
110108.6 38D 8 00000000000000E5
110110.0 39C 8 FF6F000000000000
110111.4 3C3 8 FF00000000000000
110124.4 444 8 0000000000000005
110126.3 6AB 8 00000000000041A1
110128.8 537 8 8080808080800000
110130.3 538 8 8080008080000080
110139.4 31C 8 00000000800084F3
110141.1 31D 8 000000000000001F
110171.0 444 8 0000000000000005
110186.7 3F1 8 0002000000000000
110188.7 663 8 7814E00E00AA0000
110190.0 31C 8 00000000800084F3
110192.1 31D 8 000000000000001F
110203.0 38C 8 000000000000007F
110204.8 38D 8 00000000000000E5
110206.4 39C 8 FF6F000000000000
110217.9 3C3 8 FF00000000000000
110219.7 444 8 0000000000000005
110234.0 31C 8 00000000800084F3
110249.0 31D 8 000000000000001F
110264.9 444 8 0000000000000005
110280.8 6C0 7 04030100000000
110282.1 3F1 8 0002000000000000
110283.6 484 8 0000000000000000
110284.9 523 8 CD1F7770450E0B02
110286.8 52E 5 603F000000
110288.0 585 8 902C00000000003F
110289.1 64C 2 0011
110290.3 663 8 7814E00E00AA0000
110291.7 6B2 8 FFFEFF0F880082D4
110292.9 31C 8 00000000800084F3
110295.7 31D 8 000000000000001F
110297.1 38C 8 000000000000007F
110298.3 38D 8 00000000000000E5
110311.3 39C 8 FF6F000000000000
110312.6 3C3 8 FF00000000000000
110313.9 444 8 0000000000000005
110327.2 5FB 8 1FFFFFFFFF1FF87E
110328.4 539 8 2602800008030000
110329.9 537 8 8080808080800000
110331.4 541 8 0000000000000000
110332.5 5FA 8 5B9DC7CC9C46F1FF
110333.7 6AB 8 00000000000041A1
110334.8 538 8 8080008080000080
110342.7 31C 8 00000000800084F3
110344.0 5EA 8 0000000000000016
110345.3 31D 8 000000000000001F
110346.6 5EB 8 0000000000000007
110347.7 5EC 8 000000000000000F
110358.4 66B 8 7700000000000000
110359.7 66C 8 DF09000000000000
110374.1 444 8 0000000000000005
110389.6 3F1 8 0002000000000000
110391.0 663 8 7814E00E00AA0000
110392.8 31C 8 00000000800084F3
110394.6 31D 8 000000000000001F
110405.3 38C 8 000000000000007F
110407.1 38D 8 00000000000000E5
110408.5 39C 8 FF6F000000000000
110421.1 3C3 8 FF00000000000000
110422.4 444 8 0000000000000005
110436.7 31C 8 00000000800084F3
110438.1 31D 8 000000000000001F
110467.6 444 8 0000000000000005
110483.5 6C0 7 04030100000000
110485.3 3F1 8 0002000000000000
110487.0 663 8 7814E00E00AA0000
110488.1 31C 8 00000000800084F3
110499.0 31D 8 000000000000001F
110501.2 38C 8 000000000000007F
110502.5 38D 8 00000000000000E5
110514.7 39C 8 FF6F000000000000
110516.1 3C3 8 FF00000000000000
110517.3 444 8 0000000000000005
110530.2 6AB 8 00000000000041A1
110531.4 537 8 8080808080800000
110532.6 538 8 8080008080000080
110534.5 523 8 CD1F7770450E0B02
110535.9 52E 5 603F000000
110545.7 31C 8 00000000800084F3
110547.1 31D 8 000000000000001F
110561.3 444 8 0000000000000005
110577.1 539 8 2602800008030000
110578.4 541 8 0000000000000000
110579.6 3F1 8 0002000000000000
110581.4 663 8 7814E00E00AA0000
110592.7 31C 8 00000000800084F3
110594.1 31D 8 000000000000001F
110595.5 38C 8 000000000000007F
110609.3 38D 8 00000000000000E5
110611.2 39C 8 FF6F000000000000
110613.0 3C3 8 FF00000000000000
110624.3 444 8 0000000000000005
110639.9 31C 8 00000000800084F3
110641.4 31D 8 000000000000001F
110671.1 444 8 0000000000000005
110686.6 6C0 7 04030100000000
110688.2 3F1 8 0002000000000000
110689.9 663 8 7814E00E00AA0000
110691.3 31C 8 00000000800084F3
110692.8 31D 8 000000000000001F
110701.9 38C 8 000000000000007F
110703.2 38D 8 00000000000000E5
110704.4 39C 8 FF6F000000000000
110717.9 3C3 8 FF00000000000000
110719.9 444 8 0000000000000005
110721.8 6AB 8 00000000000041A1
110723.0 537 8 8080808080800000
110733.5 538 8 8080008080000080
110735.3 31C 8 00000000800084F3
110749.2 31D 8 000000000000001F
110764.8 444 8 0000000000000005
110780.1 3F1 8 0002000000000000
110781.9 484 8 0000000000000000
110783.2 523 8 CD1F7770450E0B02
110784.5 52E 5 603F000000
110786.2 663 8 7814E00E00AA0000
110795.7 31C 8 00000000800084F3
110797.0 31D 8 000000000000001F
110798.4 38C 8 000000000000007F
110799.7 38D 8 00000000000000E5
110811.6 39C 8 FF6F000000000000
110812.9 3C3 8 FF00000000000000
110814.2 444 8 0000000000000005
110827.4 539 8 2602800008030000
110828.7 541 8 0000000000000000
110842.9 31C 8 00000000800084F3
110844.6 5EA 8 0000000000000016
110845.9 31D 8 000000000000001F
110847.2 5EB 8 0000000000000007
110848.8 5EC 8 000000000000000F
110858.2 66B 8 7700000000000000
110859.8 66C 8 DF09000000000000
110874.5 444 8 0000000000000005
110889.7 6C0 7 04030100000000
110890.9 3F1 8 0002000000000000
110892.5 663 8 7814E00E00AA0000
110894.8 31C 8 00000000800084F3
110896.6 31D 8 000000000000001F
110906.0 38C 8 000000000000007F
110907.8 38D 8 00000000000000E5
110909.0 39C 8 FF6F000000000000
110910.2 3C3 8 FF00000000000000
110920.9 444 8 0000000000000005
110922.3 6AB 8 00000000000041A1
110923.7 537 8 8080808080800000
110925.3 538 8 8080008080000080
110936.6 31C 8 00000000800084F3
110938.4 31D 8 000000000000001F
110967.9 444 8 0000000000000005
110983.9 3F1 8 0002000000000000
110985.7 663 8 7814E00E00AA0000
110987.2 31C 8 00000000800084F3
110999.2 31D 8 000000000000001F
111001.4 38C 8 000000000000007F
111003.0 38D 8 00000000000000E5
111014.8 39C 8 FF6F000000000000
111016.6 3C3 8 FF00000000000000
111018.1 444 8 0000000000000005
111030.3 523 8 CD1F7770450E0B02
111031.7 52E 5 603F000000
111046.3 31C 8 00000000800084F3
111048.2 31D 8 000000000000001F
111061.4 444 8 0000000000000005
111077.3 539 8 2602800008030000
111079.1 541 8 0000000000000000
111080.5 6C0 7 04030100000000
111082.0 3F1 8 0002000000000000
111083.7 663 8 7814E00E00AA0000
111092.9 31C 8 00000000800084F3
111094.7 31D 8 000000000000001F
111096.6 38C 8 000000000000007F
111108.4 38D 8 00000000000000E5
111110.2 39C 8 FF6F000000000000
111111.8 3C3 8 FF00000000000000
111124.5 444 8 0000000000000005
111126.1 6AB 8 00000000000041A1
111127.6 537 8 8080808080800000
111129.2 538 8 8080008080000080
111139.5 31C 8 00000000800084F3
111141.3 31D 8 000000000000001F
111171.0 444 8 0000000000000005
111186.8 3F1 8 0002000000000000
111188.8 663 8 7814E00E00AA0000
111190.0 31C 8 00000000800084F3
111191.8 31D 8 000000000000001F
111202.2 38C 8 000000000000007F
111207.0 38D 8 00000000000000E5
111209.6 39C 8 FF6F000000000000
111218.3 3C3 8 FF00000000000000
111220.7 444 8 0000000000000005
111233.5 31C 8 00000000800084F3
111249.2 31D 8 000000000000001F
111265.4 444 8 0000000000000005
111280.1 6C0 7 04030100000000
111281.6 3F1 8 0002000000000000
111283.6 484 8 0000000000000000
111285.0 523 8 CD1F7770450E0B02
111286.7 52E 5 603F000000
111288.0 585 8 902C00000000003F
111289.2 64C 2 0011
111290.9 663 8 7814E00E00AA0000
111292.5 6B2 8 FFFEFF0F880002D5
111295.9 31C 8 00000000800084F3
111297.5 31D 8 000000000000001F
111299.0 38C 8 000000000000007F
111300.5 38D 8 00000000000000E5
111311.5 39C 8 FF6F000000000000
111313.0 3C3 8 FF00000000000000
111314.7 444 8 0000000000000005
111327.3 5FB 8 1FFFFFFFFF1FF87E
111329.2 537 8 8080808080800000
111330.9 539 8 2602800008030000
111332.0 541 8 0000000000000000
111333.6 5FA 8 5B9DC7CC9C46F1FF
111335.5 6AB 8 00000000000041A1
111337.1 538 8 8080008080000080
111342.9 31C 8 00000000800084F3
111344.6 5EA 8 0000000000000016
111346.2 31D 8 000000000000001F
111347.7 5EB 8 0000000000000007
111348.8 5EC 8 000000000000000F
111358.3 66B 8 7700000000000000
111359.9 66C 8 DF09000000000000
111374.3 444 8 0000000000000005
111390.0 3F1 8 0002000000000000
111392.0 663 8 7814E00E00AA0000
111393.6 31C 8 00000000800084F3
111395.4 31D 8 000000000000001F
111405.2 38C 8 000000000000007F
111407.1 38D 8 00000000000000E5
111408.6 39C 8 FF6F000000000000
111421.3 3C3 8 FF00000000000000
111423.8 444 8 0000000000000005
111437.0 31C 8 00000000800084F3
111439.1 31D 8 000000000000001F
111468.2 444 8 0000000000000005
111483.6 6C0 7 04030100000000
111485.5 3F1 8 0002000000000000
111486.8 663 8 7814E00E00AA0000
111488.0 31C 8 00000000800084F3
111498.9 31D 8 000000000000001F
111500.3 38C 8 000000000000007F
111502.3 38D 8 00000000000000E5
111514.7 39C 8 FF6F000000000000
111516.1 3C3 8 FF00000000000000
111517.3 444 8 0000000000000005
111530.3 6AB 8 00000000000041A1
111531.7 537 8 8080808080800000
111532.9 538 8 8080008080000080
111534.1 523 8 CD1F7770450E0B02
111535.3 52E 5 603F000000
111545.9 31C 8 00000000800084F3
111547.2 31D 8 000000000000001F
111562.1 444 8 0000000000000005
111578.2 539 8 2602800008030000
111579.4 541 8 0000000000000000
111580.7 3F1 8 0002000000000000
111582.1 663 8 7814E00E00AA0000
111593.8 31C 8 00000000800084F3
111595.1 31D 8 000000000000001F
111596.4 38C 8 000000000000007F
111609.6 38D 8 00000000000000E5
111611.3 39C 8 FF6F000000000000
111612.7 3C3 8 FF00000000000000
111625.4 444 8 0000000000000005
111640.7 31C 8 00000000800084F3
111642.0 31D 8 000000000000001F
111672.1 444 8 0000000000000005
111687.8 6C0 7 04030100000000
111689.1 3F1 8 0002000000000000
111690.8 663 8 7814E00E00AA0000
111692.0 31C 8 00000000800084F3
111693.6 31D 8 000000000000001F
111703.2 38C 8 000000000000007F
111704.6 38D 8 00000000000000E5
111705.8 39C 8 FF6F000000000000
111718.8 3C3 8 FF00000000000000
111720.3 444 8 0000000000000005
111721.9 6AB 8 00000000000041A1
111723.6 537 8 8080808080800000
111734.5 538 8 8080008080000080
111735.8 31C 8 00000000800084F3
111750.1 31D 8 000000000000001F
111765.8 444 8 0000000000000005
111781.1 3F1 8 0002000000000000
111782.3 484 8 0000000000000000
111783.5 523 8 CD1F7770450E0B02
111784.7 52E 5 603F000000
111785.9 663 8 7814E00E00AA0000
111787.1 31C 8 00000000800084F3
111796.9 31D 8 000000000000001F
111798.2 38C 8 000000000000007F
111799.4 38D 8 00000000000000E5
111812.6 39C 8 FF6F000000000000
111814.4 3C3 8 FF00000000000000
111815.7 444 8 0000000000000005
111828.5 539 8 2602800008030000
111830.5 541 8 0000000000000000
111843.8 31C 8 00000000800084F3
111845.1 5EA 8 0000000000000016
111846.5 31D 8 000000000000001F
111847.8 5EB 8 0000000000000007
111849.0 5EC 8 000000000000000F
111859.4 66B 8 7700000000000000
111860.6 66C 8 DF09000000000000
111875.1 444 8 0000000000000005
111890.9 6C0 7 04030100000000
111892.4 3F1 8 0002000000000000
111893.6 663 8 7814E00E00AA0000
111894.8 31C 8 00000000800084F3
111896.3 31D 8 000000000000001F
111897.5 38C 8 000000000000007F
111906.7 38D 8 00000000000000E5
111907.9 39C 8 FF6F000000000000
111909.1 3C3 8 FF00000000000000
111922.0 444 8 0000000000000005
111924.8 6AB 8 00000000000041A1
111926.1 537 8 8080808080800000
111927.3 538 8 8080008080000080
111937.5 31C 8 00000000800084F3
111938.9 31D 8 000000000000001F
111969.0 444 8 0000000000000005
111984.6 3F1 8 0002000000000000
111986.2 663 8 7814E00E00AA0000
111988.2 31C 8 00000000800084F3
112000.3 31D 8 000000000000001F
112002.0 38C 8 000000000000007F
112003.3 38D 8 00000000000000E5
112015.9 39C 8 FF6F000000000000
112017.2 3C3 8 FF00000000000000
112018.6 444 8 0000000000000005
112031.1 523 8 CD1F7770450E0B02
112032.3 52E 5 603F000000
112033.4 31C 8 00000000800084F3
112046.8 31D 8 000000000000001F
112062.7 444 8 0000000000000005
112078.2 539 8 2602800008030000
112079.4 541 8 0000000000000000
112080.6 6C0 7 04030100000000
112081.7 3F1 8 0002000000000000
112082.9 663 8 7814E00E00AA0000
112093.8 31C 8 00000000800084F3
112095.1 31D 8 000000000000001F
112096.5 38C 8 000000000000007F
112109.4 38D 8 00000000000000E5
112110.7 39C 8 FF6F000000000000
112111.9 3C3 8 FF00000000000000
112125.0 444 8 0000000000000005
112126.3 537 8 8080808080800000
112127.5 6AB 8 00000000000041A1
112128.7 538 8 8080008080000080
112140.7 31C 8 00000000800084F3
112142.0 31D 8 000000000000001F
112171.9 444 8 0000000000000005
112187.6 3F1 8 0002000000000000
112189.2 663 8 7814E00E00AA0000
112190.4 31C 8 00000000800084F3
112191.7 31D 8 000000000000001F
112203.1 38C 8 000000000000007F
112204.3 38D 8 00000000000000E5
112205.6 39C 8 FF6F000000000000
112218.9 3C3 8 FF00000000000000
112220.7 444 8 0000000000000005
112234.4 31C 8 00000000800084F3
112250.3 31D 8 000000000000001F
112265.7 444 8 0000000000000005
112281.1 6C0 7 04030100000000
112282.5 3F1 8 0002000000000000
112283.7 484 8 0000000000000000
112284.8 523 8 CD1F7770450E0B02
112286.2 52E 5 603F000000
112287.6 585 8 902C00000000003F
112288.8 64C 2 0011
112290.7 663 8 7814E00E00AA0000
112291.9 6B2 8 FFFEFF0F880082D5
112293.1 31C 8 00000000800084F3
112296.9 31D 8 000000000000001F
112298.8 38C 8 000000000000007F
112300.1 38D 8 00000000000000E5
112312.8 39C 8 FF6F000000000000
112314.1 3C3 8 FF00000000000000
112315.4 444 8 0000000000000005
112328.2 537 8 8080808080800000
112330.0 5FB 8 1FFFFFFFFF1FF87E
112331.7 539 8 2602800008030000
112332.9 541 8 0000000000000000
112334.1 5FA 8 5B9DC7CC9C46F1FF
112335.4 6AB 8 00000000000041A1
112336.8 538 8 8080008080000080
112343.9 31C 8 00000000800084F3
112345.4 5EA 8 0000000000000016
112346.7 31D 8 000000000000001F
112347.9 5EB 8 0000000000000007
112349.1 5EC 8 000000000000000F
112359.6 66B 8 7700000000000000
112361.0 66C 8 DF09000000000000
112375.3 444 8 0000000000000005
112390.9 3F1 8 0002000000000000
112392.2 663 8 7814E00E00AA0000
112393.4 31C 8 00000000800084F3
112394.7 31D 8 000000000000001F
112396.7 38C 8 000000000000007F
112406.2 38D 8 00000000000000E5
112407.6 39C 8 FF6F000000000000
112408.8 3C3 8 FF00000000000000
112422.0 444 8 0000000000000005
112437.5 31C 8 00000000800084F3
112442.0 31D 8 000000000000001F
112469.0 444 8 0000000000000005
112484.5 6C0 7 04030100000000
112485.9 3F1 8 0002000000000000
112487.2 663 8 7814E00E00AA0000
112488.4 31C 8 00000000800084F3
112500.0 31D 8 000000000000001F
112501.5 38C 8 000000000000007F
112502.8 38D 8 00000000000000E5
112515.6 39C 8 FF6F000000000000
112517.5 3C3 8 FF00000000000000
112519.1 444 8 0000000000000005
112520.6 537 8 8080808080800000
112531.0 6AB 8 00000000000041A1
112532.3 538 8 8080008080000080
112533.4 523 8 CD1F7770450E0B02
112534.6 52E 5 603F000000
112535.8 31C 8 00000000800084F3
112546.9 31D 8 000000000000001F
112562.7 444 8 0000000000000005
112578.1 539 8 2602800008030000
112579.4 541 8 0000000000000000
112581.0 3F1 8 0002000000000000
112582.6 663 8 7814E00E00AA0000
112593.8 31C 8 00000000800084F3
112595.3 31D 8 000000000000001F
112596.6 38C 8 000000000000007F
112609.4 38D 8 00000000000000E5
112610.8 39C 8 FF6F000000000000
112612.6 3C3 8 FF00000000000000
112625.2 444 8 0000000000000005
112640.7 31C 8 00000000800084F3
112642.1 31D 8 000000000000001F
112671.9 444 8 0000000000000005
112687.4 6C0 7 04030100000000
112689.3 3F1 8 0002000000000000
112690.9 663 8 7814E00E00AA0000
112692.5 31C 8 00000000800084F3
112693.8 31D 8 000000000000001F
112703.0 38C 8 000000000000007F
112704.8 38D 8 00000000000000E5
112706.6 39C 8 FF6F000000000000
112719.0 3C3 8 FF00000000000000
112722.1 444 8 0000000000000005
112723.4 537 8 8080808080800000
112724.7 6AB 8 00000000000041A1
112735.7 538 8 8080008080000080
112737.6 31C 8 00000000800084F3
112750.5 31D 8 000000000000001F
112766.3 444 8 0000000000000005
112781.2 3F1 8 0002000000000000
112783.1 484 8 0000000000000000
112784.5 523 8 CD1F7770450E0B02
112786.1 52E 5 603F000000
112787.8 663 8 7814E00E00AA0000
112789.2 31C 8 00000000800084F3
112797.0 31D 8 000000000000001F
112798.9 38C 8 000000000000007F
112800.2 38D 8 00000000000000E5
112813.1 39C 8 FF6F000000000000
112815.0 3C3 8 FF00000000000000
112816.6 444 8 0000000000000005
112828.3 539 8 2602800008030000
112830.2 541 8 0000000000000000
112844.4 31C 8 00000000800084F3
112846.6 5EA 8 0000000000000016
112848.1 31D 8 000000000000001F
112849.7 5EB 8 0000000000000007
112850.9 5EC 8 000000000000000F
112859.2 66B 8 7700000000000000
112860.9 66C 8 DF09000000000000
112875.2 444 8 0000000000000005
112891.2 6C0 7 04030100000000
112893.3 3F1 8 0002000000000000
112895.0 663 8 7814E00E00AA0000
112896.4 31C 8 00000000800084F3
112897.8 31D 8 000000000000001F
112899.1 38C 8 000000000000007F
112906.4 38D 8 00000000000000E5
112907.7 39C 8 FF6F000000000000
112908.9 3C3 8 FF00000000000000
112922.2 444 8 0000000000000005
112924.5 537 8 8080808080800000
112926.0 6AB 8 00000000000041A1
112927.2 538 8 8080008080000080
112937.8 31C 8 00000000800084F3
112939.2 31D 8 000000000000001F
112968.9 444 8 0000000000000005
112984.7 3F1 8 0002000000000000
112986.5 663 8 7814E00E00AA0000
112988.0 31C 8 00000000800084F3
113000.4 31D 8 000000000000001F
113002.4 38C 8 000000000000007F
113006.1 38D 8 00000000000000E5
113015.9 39C 8 FF6F000000000000
113017.9 3C3 8 FF00000000000000
113019.1 444 8 0000000000000005
113031.1 523 8 CD1F7770450E0B02
113032.7 52E 5 603F000000
113034.6 31C 8 00000000800084F3
113046.8 31D 8 000000000000001F
113063.0 444 8 0000000000000005
113078.2 539 8 2602800008030000
113080.1 541 8 0000000000000000
113081.6 6C0 7 04030100000000
113083.0 3F1 8 0002000000000000
113084.6 663 8 7814E00E00AA0000
113094.0 31C 8 00000000800084F3
113095.6 31D 8 000000000000001F
113097.2 38C 8 000000000000007F
113109.3 38D 8 00000000000000E5
113111.5 39C 8 FF6F000000000000
113113.2 3C3 8 FF00000000000000
113125.1 444 8 0000000000000005
113127.0 537 8 8080808080800000
113128.8 6AB 8 00000000000041A1
113130.0 538 8 8080008080000080
113140.5 31C 8 00000000800084F3
113142.4 31D 8 000000000000001F
113172.2 444 8 0000000000000005
113187.6 3F1 8 0002000000000000
113189.7 663 8 7814E00E00AA0000
113191.5 31C 8 00000000800084F3
113193.2 31D 8 000000000000001F
113203.4 38C 8 000000000000007F
113205.9 38D 8 00000000000000E5
113207.2 39C 8 FF6F000000000000
113218.7 3C3 8 FF00000000000000
113220.7 444 8 0000000000000005
113237.2 31C 8 00000000800084F3
113240.1 31D 8 000000000000001F
113266.4 444 8 0000000000000005
113281.1 6C0 7 04030100000000
113283.2 3F1 8 0002000000000000
113284.8 484 8 0000000000000000
113286.5 523 8 CD1F7770450E0B02
113288.1 52E 5 603F000000
113289.2 585 8 902C00000000003F
113290.8 64C 2 0011
113292.3 663 8 7814E00E00AA0000
113293.5 6B2 8 FFFEFF0F880002D6
113295.0 31C 8 00000000800084F3
113312.6 31D 8 000000000000001F
113314.4 38C 8 000000000000007F
113315.8 38D 8 00000000000000E5
113317.5 39C 8 FF6F000000000000
113319.1 3C3 8 FF00000000000000
113321.0 444 8 0000000000000005
113328.0 537 8 8080808080800000
113329.7 5FB 8 1FFFFFFFFF1FF87E
113331.0 539 8 2602800008030000
113332.3 541 8 0000000000000000
113334.4 5FA 8 5B9DC7CC9C46F1FF
113335.9 6AB 8 00000000000041A1
113337.3 538 8 8080008080000080
113343.9 31C 8 00000000800084F3
113345.6 5EA 8 0000000000000016
113346.9 31D 8 000000000000001F
113348.4 5EB 8 0000000000000007
113349.7 5EC 8 000000000000000F
113359.2 66B 8 7700000000000000
113360.9 66C 8 DF09000000000000
113375.2 444 8 0000000000000005
113390.6 3F1 8 0002000000000000
113392.3 663 8 7814E00E00AA0000
113393.9 31C 8 00000000800084F3
113395.4 31D 8 000000000000001F
113397.1 38C 8 000000000000007F
113406.3 38D 8 00000000000000E5
113407.9 39C 8 FF6F000000000000
113409.4 3C3 8 FF00000000000000
113421.7 444 8 0000000000000005
113437.6 31C 8 00000000800084F3
113439.6 31D 8 000000000000001F
113468.8 444 8 0000000000000005
113484.7 6C0 7 04030100000000
113486.1 3F1 8 0002000000000000
113488.1 663 8 7814E00E00AA0000
113489.6 31C 8 00000000800084F3
113500.2 31D 8 000000000000001F
113501.9 38C 8 000000000000007F
113503.6 38D 8 00000000000000E5
113515.7 39C 8 FF6F000000000000
113517.3 3C3 8 FF00000000000000
113518.9 444 8 0000000000000005
113520.4 537 8 8080808080800000
113531.1 6AB 8 00000000000041A1
113532.5 538 8 8080008080000080
113533.9 523 8 CD1F7770450E0B02
113535.2 52E 5 603F000000
113536.7 31C 8 00000000800084F3
113546.9 31D 8 000000000000001F
113562.9 444 8 0000000000000005
113578.0 539 8 2602800008030000
113579.6 541 8 0000000000000000
113581.0 3F1 8 0002000000000000
113582.8 663 8 7814E00E00AA0000
113594.0 31C 8 00000000800084F3
113596.0 31D 8 000000000000001F
113597.7 38C 8 000000000000007F
113609.6 38D 8 00000000000000E5
113611.5 39C 8 FF6F000000000000
113613.1 3C3 8 FF00000000000000
113625.3 444 8 0000000000000005
113640.5 31C 8 00000000800084F3
113644.5 31D 8 000000000000001F
113672.0 444 8 0000000000000005
113687.6 6C0 7 04030100000000
113688.8 3F1 8 0002000000000000
113690.4 663 8 7814E00E00AA0000
113691.9 31C 8 00000000800084F3
113693.6 31D 8 000000000000001F
113703.3 38C 8 000000000000007F
113705.9 38D 8 00000000000000E5
113707.3 39C 8 FF6F000000000000
113718.6 3C3 8 FF00000000000000
113720.0 444 8 0000000000000005
113721.9 537 8 8080808080800000
113723.4 6AB 8 00000000000041A1
113734.4 538 8 8080008080000080
113735.8 31C 8 00000000800084F3
113750.2 31D 8 000000000000001F
113765.5 444 8 0000000000000005
113781.1 3F1 8 0002000000000000
113783.1 484 8 0000000000000000
113784.3 523 8 CD1F7770450E0B02
113785.6 52E 5 603F000000
113787.0 663 8 7814E00E00AA0000
113788.6 31C 8 00000000800084F3
113797.2 31D 8 000000000000001F
113799.8 38C 8 000000000000007F
113801.2 38D 8 00000000000000E5
113812.7 39C 8 FF6F000000000000
113814.0 3C3 8 FF00000000000000
113815.3 444 8 0000000000000005
113828.3 539 8 2602800008030000
113829.5 541 8 0000000000000000
113843.7 31C 8 00000000800084F3
113845.1 5EA 8 0000000000000016
113846.4 31D 8 000000000000001F
113847.7 5EB 8 0000000000000007
113848.9 5EC 8 000000000000000F
113859.4 66B 8 7700000000000000
113861.0 66C 8 DF09000000000000
113875.2 444 8 0000000000000005
113890.8 6C0 7 04030100000000
113892.1 3F1 8 0002000000000000
113893.4 663 8 7814E00E00AA0000
113894.6 31C 8 00000000800084F3
113895.9 31D 8 000000000000001F
113897.3 38C 8 000000000000007F
113906.1 38D 8 00000000000000E5
113907.3 39C 8 FF6F000000000000
113908.6 3C3 8 FF00000000000000
113922.1 444 8 0000000000000005
113923.3 537 8 8080808080800000
113924.5 6AB 8 00000000000041A1
113925.7 538 8 8080008080000080
113937.4 31C 8 00000000800084F3
113938.8 31D 8 000000000000001F
113968.8 444 8 0000000000000005
113984.4 3F1 8 0002000000000000
113985.8 663 8 7814E00E00AA0000
113987.1 31C 8 00000000800084F3
114000.1 31D 8 000000000000001F
114001.6 38C 8 000000000000007F
114002.8 38D 8 00000000000000E5
114015.8 39C 8 FF6F000000000000
114017.6 3C3 8 FF00000000000000
114019.0 444 8 0000000000000005
114031.1 523 8 CD1F7770450E0B02
114032.5 52E 5 603F000000
114033.7 31C 8 00000000800084F3
114046.9 31D 8 000000000000001F
114062.9 444 8 0000000000000005
114078.3 539 8 2602800008030000
114079.8 541 8 0000000000000000
114081.2 6C0 7 04030100000000
114082.3 3F1 8 0002000000000000
114084.4 663 8 7814E00E00AA0000
114093.9 31C 8 00000000800084F3
114098.4 31D 8 000000000000001F
114100.0 38C 8 000000000000007F
114110.1 38D 8 00000000000000E5
114111.9 39C 8 FF6F000000000000
114113.1 3C3 8 FF00000000000000
114125.3 444 8 0000000000000005
114127.0 537 8 8080808080800000
114129.1 6AB 8 00000000000041A1
114130.5 538 8 8080008080000080
114141.1 31C 8 00000000800084F3
114142.9 31D 8 000000000000001F
114171.8 444 8 0000000000000005
114187.8 3F1 8 0002000000000000
114190.1 663 8 7814E00E00AA0000
114191.6 31C 8 00000000800084F3
114193.0 31D 8 000000000000001F
114203.2 38C 8 000000000000007F
114205.3 38D 8 00000000000000E5
114206.6 39C 8 FF6F000000000000
114219.0 3C3 8 FF00000000000000
114220.3 444 8 0000000000000005
114234.5 31C 8 00000000800084F3
114250.2 31D 8 000000000000001F
114265.9 444 8 0000000000000005
114281.1 6C0 7 04030100000000
114282.3 3F1 8 0002000000000000
114283.6 484 8 0000000000000000
114284.7 523 8 CD1F7770450E0B02
114286.6 52E 5 603F000000
114287.8 585 8 902C00000000003F
114288.9 64C 2 0011
114290.1 663 8 7814E00E00AA0000
114291.3 6B2 8 FFFEFF0F880082D6
114292.5 31C 8 00000000800084F3
114297.0 31D 8 000000000000001F
114299.0 38C 8 000000000000007F
114300.9 38D 8 00000000000000E5
114312.6 39C 8 FF6F000000000000
114313.9 3C3 8 FF00000000000000
114315.1 444 8 0000000000000005
114328.2 537 8 8080808080800000
114329.9 5FB 8 1FFFFFFFFF1FF87E
114331.9 539 8 2602800008030000
114333.1 541 8 0000000000000000
114334.2 5FA 8 5B9DC7CC9C46F1FF
114335.5 6AB 8 00000000000041A1
114336.9 538 8 8080008080000080
114343.6 31C 8 00000000800084F3
114345.0 5EA 8 0000000000000016
114346.3 31D 8 000000000000001F
114347.6 5EB 8 0000000000000007
114348.7 5EC 8 000000000000000F
114359.5 66B 8 7700000000000000
114360.9 66C 8 DF09000000000000
114375.2 444 8 0000000000000005
114390.8 3F1 8 0002000000000000
114392.1 663 8 7814E00E00AA0000
114394.0 31C 8 00000000800084F3
114395.4 31D 8 000000000000001F
114396.9 38C 8 000000000000007F
114406.0 38D 8 00000000000000E5
114407.6 39C 8 FF6F000000000000
114408.9 3C3 8 FF00000000000000
114421.9 444 8 0000000000000005
114437.8 31C 8 00000000800084F3
114439.5 31D 8 000000000000001F
114469.0 444 8 0000000000000005
114484.5 6C0 7 04030100000000
114486.4 3F1 8 0002000000000000
114487.8 663 8 7814E00E00AA0000
114489.1 31C 8 00000000800084F3
114500.2 31D 8 000000000000001F
114501.8 38C 8 000000000000007F
114503.0 38D 8 00000000000000E5
114515.6 39C 8 FF6F000000000000
114517.1 3C3 8 FF00000000000000
114519.2 444 8 0000000000000005
114521.3 537 8 8080808080800000
114531.1 6AB 8 00000000000041A1
114532.5 538 8 8080008080000080
114533.6 523 8 CD1F7770450E0B02
114534.8 52E 5 603F000000
114536.1 31C 8 00000000800084F3
114547.0 31D 8 000000000000001F
114562.6 444 8 0000000000000005
114578.1 539 8 2602800008030000
114579.3 541 8 0000000000000000
114580.5 3F1 8 0002000000000000
114581.9 663 8 7814E00E00AA0000
114594.0 31C 8 00000000800084F3
114595.4 31D 8 000000000000001F
114596.9 38C 8 000000000000007F
114609.8 38D 8 00000000000000E5
114611.2 39C 8 FF6F000000000000
114612.4 3C3 8 FF00000000000000
114625.3 444 8 0000000000000005
114640.8 31C 8 00000000800084F3
114642.0 31D 8 000000000000001F
114672.1 444 8 0000000000000005
114687.8 6C0 7 04030100000000
114688.9 3F1 8 0002000000000000
114690.1 663 8 7814E00E00AA0000
114691.6 31C 8 00000000800084F3
114692.9 31D 8 000000000000001F
114703.3 38C 8 000000000000007F
114704.5 38D 8 00000000000000E5
114705.9 39C 8 FF6F000000000000
114719.0 3C3 8 FF00000000000000
114721.4 444 8 0000000000000005
114722.7 537 8 8080808080800000
114723.9 6AB 8 00000000000041A1
114734.5 538 8 8080008080000080
114735.8 31C 8 00000000800084F3
114750.1 31D 8 000000000000001F
114765.8 444 8 0000000000000005
114781.1 3F1 8 0002000000000000
114782.4 484 8 0000000000000000
114783.6 523 8 CD1F7770450E0B02
114784.7 52E 5 603F000000
114786.1 663 8 7814E00E00AA0000
114787.3 31C 8 00000000800084F3
114797.1 31D 8 000000000000001F
114798.6 38C 8 000000000000007F
114799.8 38D 8 00000000000000E5
114812.7 39C 8 FF6F000000000000
114814.0 3C3 8 FF00000000000000
114815.2 444 8 0000000000000005
114828.1 539 8 2602800008030000
114829.4 541 8 0000000000000000
114843.9 31C 8 00000000800084F3
114845.7 5EA 8 0000000000000016
114846.8 31D 8 000000000000001F
114848.1 5EB 8 0000000000000007
114849.2 5EC 8 000000000000000F
114859.5 66B 8 7700000000000000
114861.4 66C 8 DF09000000000000
114875.1 444 8 0000000000000005
114890.8 6C0 7 04030100000000
114892.2 3F1 8 0002000000000000
114893.4 663 8 7814E00E00AA0000
114894.6 31C 8 00000000800084F3
114895.8 31D 8 000000000000001F
114897.1 38C 8 000000000000007F
114906.1 38D 8 00000000000000E5
114907.3 39C 8 FF6F000000000000
114908.5 3C3 8 FF00000000000000
114922.1 444 8 0000000000000005
114923.4 537 8 8080808080800000
114924.6 6AB 8 00000000000041A1
114925.7 538 8 8080008080000080
114937.6 31C 8 00000000800084F3
114938.9 31D 8 000000000000001F
114969.0 444 8 0000000000000005
114984.4 3F1 8 0002000000000000
114986.3 663 8 7814E00E00AA0000
114987.7 31C 8 00000000800084F3
115000.5 31D 8 000000000000001F
115002.4 38C 8 000000000000007F
115003.8 38D 8 00000000000000E5
115015.6 39C 8 FF6F000000000000
115017.4 3C3 8 FF00000000000000
115019.7 444 8 0000000000000005
115031.4 523 8 CD1F7770450E0B02
115033.0 52E 5 603F000000
115034.4 31C 8 00000000800084F3
115046.7 31D 8 000000000000001F
115062.5 444 8 0000000000000005
115078.2 539 8 2602800008030000
115080.1 541 8 0000000000000000
115081.9 6C0 7 04030100000000
115083.6 3F1 8 0002000000000000
115085.4 663 8 7814E00E00AA0000
115093.6 31C 8 00000000800084F3
115095.0 31D 8 000000000000001F
115096.9 38C 8 000000000000007F
115109.9 38D 8 00000000000000E5
115112.4 39C 8 FF6F000000000000
115113.9 3C3 8 FF00000000000000
115125.0 444 8 0000000000000005
115126.4 537 8 8080808080800000
115128.0 6AB 8 00000000000041A1
115129.6 538 8 8080008080000080
115141.0 31C 8 00000000800084F3
115142.7 31D 8 000000000000001F
115172.3 444 8 0000000000000005
115188.1 3F1 8 0002000000000000
115190.5 663 8 7814E00E00AA0000
115194.5 31C 8 00000000800084F3
115196.6 31D 8 000000000000001F
115203.1 38C 8 000000000000007F
115204.4 38D 8 00000000000000E5
115206.4 39C 8 FF6F000000000000
115218.6 3C3 8 FF00000000000000
115220.1 444 8 0000000000000005
115234.3 31C 8 00000000800084F3
115250.4 31D 8 000000000000001F
115265.8 444 8 0000000000000005
115281.1 6C0 7 04030100000000
115282.8 3F1 8 0002000000000000
115284.3 484 8 0000000000000000
115285.9 523 8 CD1F7770450E0B02
115287.3 52E 5 603F000000
115288.9 585 8 902C00000000003F
115290.4 64C 2 0011
115292.0 663 8 7814E00E00AA0000
115293.5 6B2 8 FFFEFF0F880002D7
115294.9 31C 8 00000000800084F3
115296.7 31D 8 000000000000001F
115298.3 38C 8 000000000000007F
115299.9 38D 8 00000000000000E5
115313.0 39C 8 FF6F000000000000
115314.5 3C3 8 FF00000000000000
115315.9 444 8 0000000000000005
115328.5 537 8 8080808080800000
115330.0 5FB 8 1FFFFFFFFF1FF87E
115331.5 539 8 2602800008030000
115332.9 541 8 0000000000000000
115334.2 5FA 8 5B9DC7CC9C46F1FF
115335.6 6AB 8 00000000000041A1
115337.0 538 8 8080008080000080
115343.6 31C 8 00000000800084F3
115345.2 5EA 8 0000000000000016
115346.5 31D 8 000000000000001F
115348.0 5EB 8 0000000000000007
115349.4 5EC 8 000000000000000F
115359.6 66B 8 7700000000000000
115361.0 66C 8 DF09000000000000
115375.1 444 8 0000000000000005
115390.9 3F1 8 0002000000000000
115392.2 663 8 7814E00E00AA0000
115394.5 31C 8 00000000800084F3
115396.0 31D 8 000000000000001F
115397.5 38C 8 000000000000007F
115406.1 38D 8 00000000000000E5
115407.8 39C 8 FF6F000000000000
115409.2 3C3 8 FF00000000000000
115422.1 444 8 0000000000000005
115437.6 31C 8 00000000800084F3
115439.1 31D 8 000000000000001F
115469.0 444 8 0000000000000005
115484.6 6C0 7 04030100000000
115486.7 3F1 8 0002000000000000
115488.2 663 8 7814E00E00AA0000
115489.6 31C 8 00000000800084F3
115500.3 31D 8 000000000000001F
115501.9 38C 8 000000000000007F
115503.4 38D 8 00000000000000E5
115515.7 39C 8 FF6F000000000000
115517.1 3C3 8 FF00000000000000
115518.3 444 8 0000000000000005
115519.7 537 8 8080808080800000
115531.0 6AB 8 00000000000041A1
115532.3 538 8 8080008080000080
115533.5 523 8 CD1F7770450E0B02
115534.6 52E 5 603F000000
115535.9 31C 8 00000000800084F3
115546.9 31D 8 000000000000001F
115562.6 444 8 0000000000000005
115578.0 539 8 2602800008030000
115579.3 541 8 0000000000000000
115580.5 3F1 8 0002000000000000
115581.9 663 8 7814E00E00AA0000
115593.9 31C 8 00000000800084F3
115595.2 31D 8 000000000000001F
115596.7 38C 8 000000000000007F
115609.5 38D 8 00000000000000E5
115610.7 39C 8 FF6F000000000000
115612.7 3C3 8 FF00000000000000
115625.1 444 8 0000000000000005
115640.6 31C 8 00000000800084F3
115641.9 31D 8 000000000000001F
115672.0 444 8 0000000000000005
115687.5 6C0 7 04030100000000
115688.7 3F1 8 0002000000000000
115689.9 663 8 7814E00E00AA0000
115691.0 31C 8 00000000800084F3
115692.3 31D 8 000000000000001F
115703.2 38C 8 000000000000007F
115704.5 38D 8 00000000000000E5
115705.8 39C 8 FF6F000000000000
115718.7 3C3 8 FF00000000000000
115720.1 444 8 0000000000000005
115721.4 537 8 8080808080800000
115722.5 6AB 8 00000000000041A1
115734.4 538 8 8080008080000080
115735.7 31C 8 00000000800084F3
115750.0 31D 8 000000000000001F
115765.6 444 8 0000000000000005
115781.0 3F1 8 0002000000000000
115782.4 484 8 0000000000000000
115783.5 523 8 CD1F7770450E0B02
115784.7 52E 5 603F000000
115785.9 663 8 7814E00E00AA0000
115787.8 31C 8 00000000800084F3
115796.9 31D 8 000000000000001F
115798.2 38C 8 000000000000007F
115799.5 38D 8 00000000000000E5
115812.8 39C 8 FF6F000000000000
115814.3 3C3 8 FF00000000000000
115815.5 444 8 0000000000000005
115828.7 539 8 2602800008030000
115830.4 541 8 0000000000000000
115844.6 31C 8 00000000800084F3
115847.2 5EA 8 0000000000000016
115849.0 31D 8 000000000000001F
115851.0 5EB 8 0000000000000007
115852.6 5EC 8 000000000000000F
115859.7 66B 8 7700000000000000
115861.0 66C 8 DF09000000000000
115875.5 444 8 0000000000000005
115892.2 6C0 7 04030100000000
115894.5 3F1 8 0002000000000000
115896.5 663 8 7814E00E00AA0000
115897.9 31C 8 00000000800084F3
115899.2 31D 8 000000000000001F
115901.2 38C 8 000000000000007F
115906.3 38D 8 00000000000000E5
115907.9 39C 8 FF6F000000000000
115909.4 3C3 8 FF00000000000000
115922.4 444 8 0000000000000005
115925.1 537 8 8080808080800000
115926.4 6AB 8 00000000000041A1
115927.8 538 8 8080008080000080
115937.8 31C 8 00000000800084F3
115939.3 31D 8 000000000000001F
115969.0 444 8 0000000000000005
115984.6 3F1 8 0002000000000000
115985.9 663 8 7814E00E00AA0000
115987.1 31C 8 00000000800084F3
116000.4 31D 8 000000000000001F
116002.6 38C 8 000000000000007F
116004.1 38D 8 00000000000000E5
116016.4 39C 8 FF6F000000000000
116017.8 3C3 8 FF00000000000000
116018.9 444 8 0000000000000005
116031.5 523 8 CD1F7770450E0B02
116032.9 52E 5 603F000000
116035.3 31C 8 00000000800084F3
116047.0 31D 8 000000000000001F
116062.4 444 8 0000000000000005
116078.4 539 8 2602800008030000
116080.6 541 8 0000000000000000
116081.9 6C0 7 04030100000000
116083.3 3F1 8 0002000000000000
116084.6 663 8 7814E00E00AA0000
116093.7 31C 8 00000000800084F3
116096.0 31D 8 000000000000001F
116097.6 38C 8 000000000000007F
116109.5 38D 8 00000000000000E5
116111.2 39C 8 FF6F000000000000
116112.7 3C3 8 FF00000000000000
116125.3 444 8 0000000000000005
116126.7 537 8 8080808080800000
116127.8 6AB 8 00000000000041A1
116129.0 538 8 8080008080000080
116140.5 31C 8 00000000800084F3
116142.4 31D 8 000000000000001F
116171.8 444 8 0000000000000005
116187.7 3F1 8 0002000000000000
116189.4 663 8 7814E00E00AA0000
116190.9 31C 8 00000000800084F3
116192.5 31D 8 000000000000001F
116203.7 38C 8 000000000000007F
116205.0 38D 8 00000000000000E5
116207.2 39C 8 FF6F000000000000
116219.1 3C3 8 FF00000000000000
116220.5 444 8 0000000000000005
116234.3 31C 8 00000000800084F3
116250.3 31D 8 000000000000001F
116265.5 444 8 0000000000000005
116281.3 6C0 7 04030100000000
116282.7 3F1 8 0002000000000000
116283.8 484 8 0000000000000000
116285.1 523 8 CD1F7770450E0B02
116286.5 52E 5 603F000000
116287.9 585 8 902C00000000003F
116289.0 64C 2 0011
116290.2 663 8 7814E00E00AA0000
116292.2 6B2 8 FFFEFF0F880082D7
116293.5 31C 8 00000000800084F3
116297.2 31D 8 000000000000001F
116298.7 38C 8 000000000000007F
116300.2 38D 8 00000000000000E5
116312.5 39C 8 FF6F000000000000
116314.6 3C3 8 FF00000000000000
116316.3 444 8 0000000000000005
116328.4 537 8 8080808080800000
116329.9 5FB 8 1FFFFFFFFF1FF87E
116331.7 539 8 2602800008030000
116332.9 541 8 0000000000000000
116334.0 5FA 8 5B9DC7CC9C46F1FF
116335.4 6AB 8 00000000000041A1
116337.0 538 8 8080008080000080
116343.6 31C 8 00000000800084F3
116345.6 5EA 8 0000000000000016
116347.0 31D 8 000000000000001F
116349.0 5EB 8 0000000000000007
116350.1 5EC 8 000000000000000F
116359.5 66B 8 7700000000000000
116361.3 66C 8 DF09000000000000
116375.3 444 8 0000000000000005
116390.6 3F1 8 0002000000000000
116393.0 663 8 7814E00E00AA0000
116394.4 31C 8 00000000800084F3
116395.9 31D 8 000000000000001F
116397.5 38C 8 000000000000007F
116406.0 38D 8 00000000000000E5
116407.6 39C 8 FF6F000000000000
116408.9 3C3 8 FF00000000000000
116422.0 444 8 0000000000000005
116437.7 31C 8 00000000800084F3
116439.4 31D 8 000000000000001F
116469.0 444 8 0000000000000005
116484.4 6C0 7 04030100000000
116486.0 3F1 8 0002000000000000
116487.3 663 8 7814E00E00AA0000
116488.5 31C 8 00000000800084F3
116500.1 31D 8 000000000000001F
116501.4 38C 8 000000000000007F
116502.6 38D 8 00000000000000E5
116515.7 39C 8 FF6F000000000000
116517.2 3C3 8 FF00000000000000
116518.5 444 8 0000000000000005
116519.8 537 8 8080808080800000
116531.0 6AB 8 00000000000041A1
116533.2 538 8 8080008080000080
116534.4 523 8 CD1F7770450E0B02
116535.7 52E 5 603F000000
116537.0 31C 8 00000000800084F3
116547.0 31D 8 000000000000001F
116562.7 444 8 0000000000000005
116578.3 539 8 2602800008030000
116579.5 541 8 0000000000000000
116580.7 3F1 8 0002000000000000
116581.9 663 8 7814E00E00AA0000
116593.8 31C 8 00000000800084F3
116595.1 31D 8 000000000000001F
116596.7 38C 8 000000000000007F
116609.7 38D 8 00000000000000E5
116611.6 39C 8 FF6F000000000000
116613.0 3C3 8 FF00000000000000
116625.3 444 8 0000000000000005
116640.5 31C 8 00000000800084F3
116642.5 31D 8 000000000000001F
116672.1 444 8 0000000000000005
116688.2 6C0 7 04030100000000
116690.1 3F1 8 0002000000000000
116691.9 663 8 7814E00E00AA0000
116693.4 31C 8 00000000800084F3
116694.9 31D 8 000000000000001F
116703.2 38C 8 000000000000007F
116706.4 38D 8 00000000000000E5
116708.2 39C 8 FF6F000000000000
116718.8 3C3 8 FF00000000000000
116720.4 444 8 0000000000000005
116722.2 537 8 8080808080800000
116724.0 6AB 8 00000000000041A1
116734.3 538 8 8080008080000080
116736.1 31C 8 00000000800084F3
116750.1 31D 8 000000000000001F
116765.8 444 8 0000000000000005
116781.1 3F1 8 0002000000000000
116782.8 484 8 0000000000000000
116784.3 523 8 CD1F7770450E0B02
116785.6 52E 5 603F000000
116787.3 663 8 7814E00E00AA0000
116788.9 31C 8 00000000800084F3
116796.6 31D 8 000000000000001F
116798.5 38C 8 000000000000007F
116800.0 38D 8 00000000000000E5
116813.1 39C 8 FF6F000000000000
116817.5 3C3 8 FF00000000000000
116819.0 444 8 0000000000000005
116828.3 539 8 2602800008030000
116830.3 541 8 0000000000000000
116843.7 31C 8 00000000800084F3
116845.2 5EA 8 0000000000000016
116847.3 31D 8 000000000000001F
116848.8 5EB 8 0000000000000007
116850.1 5EC 8 000000000000000F
116859.4 66B 8 7700000000000000
116862.5 66C 8 DF09000000000000
116875.1 444 8 0000000000000005
116890.5 6C0 7 04030100000000
116893.0 3F1 8 0002000000000000
116894.5 663 8 7814E00E00AA0000
116896.3 31C 8 00000000800084F3
116898.0 31D 8 000000000000001F
116899.7 38C 8 000000000000007F
116906.1 38D 8 00000000000000E5
116907.8 39C 8 FF6F000000000000
116909.3 3C3 8 FF00000000000000
116922.3 444 8 0000000000000005
116924.1 537 8 8080808080800000
116925.4 6AB 8 00000000000041A1
116927.0 538 8 8080008080000080
116937.8 31C 8 00000000800084F3
116939.9 31D 8 000000000000001F
116968.7 444 8 0000000000000005
116984.7 3F1 8 0002000000000000
116986.8 663 8 7814E00E00AA0000
116988.1 31C 8 00000000800084F3
117000.6 31D 8 000000000000001F
117003.3 38C 8 000000000000007F
117004.9 38D 8 00000000000000E5
117015.6 39C 8 FF6F000000000000
117017.4 3C3 8 FF00000000000000
117018.7 444 8 0000000000000005
117031.5 523 8 CD1F7770450E0B02
117032.9 52E 5 603F000000
117034.7 31C 8 00000000800084F3
117046.8 31D 8 000000000000001F
117062.7 444 8 0000000000000005
117078.0 539 8 2602800008030000
117079.5 541 8 0000000000000000
117080.8 6C0 7 04030100000000
117082.3 3F1 8 0002000000000000
117084.1 663 8 7814E00E00AA0000
117093.9 31C 8 00000000800084F3
117096.2 31D 8 000000000000001F
117097.8 38C 8 000000000000007F
117109.4 38D 8 00000000000000E5
117111.1 39C 8 FF6F000000000000
117112.5 3C3 8 FF00000000000000
117125.1 444 8 0000000000000005
117126.8 537 8 8080808080800000
117128.3 6AB 8 00000000000041A1
117129.5 538 8 8080008080000080
117140.6 31C 8 00000000800084F3
117142.2 31D 8 000000000000001F
117171.9 444 8 0000000000000005
117187.8 3F1 8 0002000000000000
117189.5 663 8 7814E00E00AA0000
117191.5 31C 8 00000000800084F3
117193.3 31D 8 000000000000001F
117203.0 38C 8 000000000000007F
117204.7 38D 8 00000000000000E5
117206.1 39C 8 FF6F000000000000
117219.2 3C3 8 FF00000000000000
117221.4 444 8 0000000000000005
117234.3 31C 8 00000000800084F3
117250.7 31D 8 000000000000001F
117265.6 444 8 0000000000000005
117281.2 6C0 7 04030100000000
117282.8 3F1 8 0002000000000000
117284.2 484 8 0000000000000000
117285.6 523 8 CD1F7770450E0B02
117286.9 52E 5 603F000000
117288.3 585 8 902C00000000003F
117289.6 64C 2 0011
117291.2 663 8 7814E00E00AA0000
117293.0 6B2 8 FFFEFF0F880002D8
117294.7 31C 8 00000000800084F3
117296.6 31D 8 000000000000001F
117298.2 38C 8 000000000000007F
117299.6 38D 8 00000000000000E5
117312.6 39C 8 FF6F000000000000
117314.3 3C3 8 FF00000000000000
117315.9 444 8 0000000000000005
117328.7 537 8 8080808080800000
117330.3 5FB 8 1FFFFFFFFF1FF87E
117331.7 539 8 2602800008030000
117333.1 541 8 0000000000000000
117334.4 5FA 8 5B9DC7CC9C46F1FF
117335.9 6AB 8 00000000000041A1
117337.3 538 8 8080008080000080
117343.5 31C 8 00000000800084F3
117345.6 5EA 8 0000000000000016
117347.1 31D 8 000000000000001F
117348.6 5EB 8 0000000000000007
117350.1 5EC 8 000000000000000F
117359.6 66B 8 7700000000000000
117361.0 66C 8 DF09000000000000
117375.1 444 8 0000000000000005
117390.6 3F1 8 0002000000000000
117392.5 663 8 7814E00E00AA0000
117394.2 31C 8 00000000800084F3
117395.8 31D 8 000000000000001F
117406.1 38C 8 000000000000007F
117408.0 38D 8 00000000000000E5
117409.6 39C 8 FF6F000000000000
117411.1 3C3 8 FF00000000000000
117422.3 444 8 0000000000000005
117437.9 31C 8 00000000800084F3
117440.7 31D 8 000000000000001F
117469.1 444 8 0000000000000005
117484.7 6C0 7 04030100000000
117486.2 3F1 8 0002000000000000
117488.0 663 8 7814E00E00AA0000
117489.4 31C 8 00000000800084F3
117500.4 31D 8 000000000000001F
117502.3 38C 8 000000000000007F
117503.8 38D 8 00000000000000E5
117515.7 39C 8 FF6F000000000000
117517.3 3C3 8 FF00000000000000
117518.6 444 8 0000000000000005
117520.1 537 8 8080808080800000
117531.1 6AB 8 00000000000041A1
117532.6 538 8 8080008080000080
117534.0 523 8 CD1F7770450E0B02
117535.4 52E 5 603F000000
117536.8 31C 8 00000000800084F3
117547.1 31D 8 000000000000001F
117562.6 444 8 0000000000000005
117578.2 539 8 2602800008030000
117579.6 541 8 0000000000000000
117581.0 3F1 8 0002000000000000
117582.4 663 8 7814E00E00AA0000
117594.0 31C 8 00000000800084F3
117595.5 31D 8 000000000000001F
117597.7 38C 8 000000000000007F
117609.5 38D 8 00000000000000E5
117610.8 39C 8 FF6F000000000000
117612.2 3C3 8 FF00000000000000
117625.3 444 8 0000000000000005
117640.8 31C 8 00000000800084F3
117642.7 31D 8 000000000000001F
117672.2 444 8 0000000000000005
117687.7 6C0 7 04030100000000
117689.3 3F1 8 0002000000000000
117690.6 663 8 7814E00E00AA0000
117691.9 31C 8 00000000800084F3
117693.2 31D 8 000000000000001F
117703.5 38C 8 000000000000007F
117704.9 38D 8 00000000000000E5
117706.2 39C 8 FF6F000000000000
117718.8 3C3 8 FF00000000000000
117720.1 444 8 0000000000000005
117721.6 537 8 8080808080800000
117722.8 6AB 8 00000000000041A1
117734.6 538 8 8080008080000080
117736.0 31C 8 00000000800084F3
117750.4 31D 8 000000000000001F
117765.7 444 8 0000000000000005
117781.1 3F1 8 0002000000000000
117783.0 484 8 0000000000000000
117784.2 523 8 CD1F7770450E0B02
117785.4 52E 5 603F000000
117786.6 663 8 7814E00E00AA0000
117787.8 31C 8 00000000800084F3
117796.9 31D 8 000000000000001F
117798.2 38C 8 000000000000007F
117799.4 38D 8 00000000000000E5
117812.7 39C 8 FF6F000000000000
117814.1 3C3 8 FF00000000000000
117815.3 444 8 0000000000000005
117828.3 539 8 2602800008030000
117829.6 541 8 0000000000000000
117843.8 31C 8 00000000800084F3
117845.1 5EA 8 0000000000000016
117846.3 31D 8 000000000000001F
117847.6 5EB 8 0000000000000007
117848.7 5EC 8 000000000000000F
117859.4 66B 8 7700000000000000
117860.6 66C 8 DF09000000000000
117875.2 444 8 0000000000000005
117890.7 6C0 7 04030100000000
117892.1 3F1 8 0002000000000000
117893.4 663 8 7814E00E00AA0000
117894.6 31C 8 00000000800084F3
117895.8 31D 8 000000000000001F
117897.1 38C 8 000000000000007F
117906.0 38D 8 00000000000000E5
117907.2 39C 8 FF6F000000000000
117908.4 3C3 8 FF00000000000000
117922.0 444 8 0000000000000005
117923.3 537 8 8080808080800000
117924.5 6AB 8 00000000000041A1
117925.6 538 8 8080008080000080
117937.6 31C 8 00000000800084F3
117938.9 31D 8 000000000000001F
117968.8 444 8 0000000000000005
117984.4 3F1 8 0002000000000000
117985.9 663 8 7814E00E00AA0000
117987.3 31C 8 00000000800084F3
118000.1 31D 8 000000000000001F
118001.5 38C 8 000000000000007F
118002.7 38D 8 00000000000000E5
118015.6 39C 8 FF6F000000000000
118016.9 3C3 8 FF00000000000000
118018.1 444 8 0000000000000005
118031.2 523 8 CD1F7770450E0B02
118032.6 52E 5 603F000000
118033.8 31C 8 00000000800084F3
118047.0 31D 8 000000000000001F
118062.6 444 8 0000000000000005
118078.2 539 8 2602800008030000
118079.3 541 8 0000000000000000
118081.4 6C0 7 04030100000000
118082.6 3F1 8 0002000000000000
118083.8 663 8 7814E00E00AA0000
118093.9 31C 8 00000000800084F3
118095.3 31D 8 000000000000001F
118096.8 38C 8 000000000000007F
118109.5 38D 8 00000000000000E5
118110.8 39C 8 FF6F000000000000
118112.1 3C3 8 FF00000000000000
118125.3 444 8 0000000000000005
118126.5 537 8 8080808080800000
118127.8 6AB 8 00000000000041A1
118129.5 538 8 8080008080000080
118140.7 31C 8 00000000800084F3
118141.9 31D 8 000000000000001F
118172.0 444 8 0000000000000005
118187.6 3F1 8 0002000000000000
118188.8 663 8 7814E00E00AA0000
118190.0 31C 8 00000000800084F3
118191.7 31D 8 000000000000001F
118203.3 38C 8 000000000000007F
118204.5 38D 8 00000000000000E5
118205.8 39C 8 FF6F000000000000
118219.0 3C3 8 FF00000000000000
118221.1 444 8 0000000000000005
118234.4 31C 8 00000000800084F3
118250.2 31D 8 000000000000001F
118265.7 444 8 0000000000000005
118281.3 6C0 7 04030100000000
118282.6 3F1 8 0002000000000000
118284.5 484 8 0000000000000000
118285.8 523 8 CD1F7770450E0B02
118286.9 52E 5 603F000000
118288.0 585 8 902C00000000003F
118289.2 64C 2 0011
118290.3 663 8 7814E00E00AA0000
118292.0 6B2 8 FFFEFF0F880082D8
118293.2 31C 8 00000000800084F3
118297.1 31D 8 000000000000001F
118298.7 38C 8 000000000000007F
118300.1 38D 8 00000000000000E5
118312.7 39C 8 FF6F000000000000
118314.0 3C3 8 FF00000000000000
118315.6 444 8 0000000000000005
118328.4 537 8 8080808080800000
118329.9 5FB 8 1FFFFFFFFF1FF87E
118331.1 539 8 2602800008030000
118332.7 541 8 0000000000000000
118334.2 5FA 8 5B9DC7CC9C46F1FF
118335.3 6AB 8 00000000000041A1
118336.5 538 8 8080008080000080
118344.4 31C 8 00000000800084F3
118345.9 5EA 8 0000000000000016
118347.0 31D 8 000000000000001F
118349.5 5EB 8 0000000000000007
118350.9 5EC 8 000000000000000F
118359.3 66B 8 7700000000000000
118360.7 66C 8 DF09000000000000
118375.2 444 8 0000000000000005
118390.8 3F1 8 0002000000000000
118392.2 663 8 7814E00E00AA0000
118393.4 31C 8 00000000800084F3
118394.7 31D 8 000000000000001F
118396.0 38C 8 000000000000007F
118406.0 38D 8 00000000000000E5
118407.2 39C 8 FF6F000000000000
118408.4 3C3 8 FF00000000000000
118422.1 444 8 0000000000000005
118437.7 31C 8 00000000800084F3
118439.1 31D 8 000000000000001F
118468.6 444 8 0000000000000005
118484.5 6C0 7 04030100000000
118486.0 3F1 8 0002000000000000
118487.3 663 8 7814E00E00AA0000
118488.5 31C 8 00000000800084F3
118499.9 31D 8 000000000000001F
118501.5 38C 8 000000000000007F
118502.8 38D 8 00000000000000E5
118515.7 39C 8 FF6F000000000000
118517.1 3C3 8 FF00000000000000
118519.5 444 8 0000000000000005
118521.0 537 8 8080808080800000
118531.6 6AB 8 00000000000041A1
118533.4 538 8 8080008080000080
118535.2 523 8 CD1F7770450E0B02
118536.9 52E 5 603F000000
118538.0 31C 8 00000000800084F3
118546.9 31D 8 000000000000001F
118562.7 444 8 0000000000000005
118578.3 539 8 2602800008030000
118580.0 541 8 0000000000000000
118581.4 3F1 8 0002000000000000
118582.7 663 8 7814E00E00AA0000
118594.0 31C 8 00000000800084F3
118595.7 31D 8 000000000000001F
118597.1 38C 8 000000000000007F
118609.3 38D 8 00000000000000E5
118610.6 39C 8 FF6F000000000000
118612.3 3C3 8 FF00000000000000
118625.4 444 8 0000000000000005
118640.7 31C 8 00000000800084F3
118642.2 31D 8 000000000000001F
118671.9 444 8 0000000000000005
118687.9 6C0 7 04030100000000
118689.1 3F1 8 0002000000000000
118690.5 663 8 7814E00E00AA0000
118693.2 31C 8 00000000800084F3
118694.5 31D 8 000000000000001F
118703.1 38C 8 000000000000007F
118704.6 38D 8 00000000000000E5
118706.2 39C 8 FF6F000000000000
118718.6 3C3 8 FF00000000000000
118720.2 444 8 0000000000000005
118722.2 537 8 8080808080800000
118723.7 6AB 8 00000000000041A1
118734.3 538 8 8080008080000080
118736.1 31C 8 00000000800084F3
118749.9 31D 8 000000000000001F
118765.8 444 8 0000000000000005
118781.0 3F1 8 0002000000000000
118782.3 484 8 0000000000000000
118783.5 523 8 CD1F7770450E0B02
118784.6 52E 5 603F000000
118785.7 663 8 7814E00E00AA0000
118787.0 31C 8 00000000800084F3
118797.0 31D 8 000000000000001F
118798.3 38C 8 000000000000007F
118799.5 38D 8 00000000000000E5
118812.5 39C 8 FF6F000000000000
118813.8 3C3 8 FF00000000000000
118815.1 444 8 0000000000000005
118828.4 539 8 2602800008030000
118830.6 541 8 0000000000000000
118843.7 31C 8 00000000800084F3
118845.1 5EA 8 0000000000000016
118846.2 31D 8 000000000000001F
118847.5 5EB 8 0000000000000007
118848.6 5EC 8 000000000000000F
118859.5 66B 8 7700000000000000
118860.8 66C 8 DF09000000000000
118875.3 444 8 0000000000000005
118890.9 6C0 7 04030100000000
118892.4 3F1 8 0002000000000000
118893.6 663 8 7814E00E00AA0000
118894.8 31C 8 00000000800084F3
118896.2 31D 8 000000000000001F
118897.5 38C 8 000000000000007F
118906.1 38D 8 00000000000000E5
118907.4 39C 8 FF6F000000000000
118908.6 3C3 8 FF00000000000000
118922.0 444 8 0000000000000005
118923.3 537 8 8080808080800000
118924.4 6AB 8 00000000000041A1
118925.6 538 8 8080008080000080
118937.7 31C 8 00000000800084F3
118939.9 31D 8 000000000000001F
118968.8 444 8 0000000000000005
118984.8 3F1 8 0002000000000000
118986.2 663 8 7814E00E00AA0000
118988.1 31C 8 00000000800084F3
119000.2 31D 8 000000000000001F
119001.8 38C 8 000000000000007F
119003.0 38D 8 00000000000000E5
119015.8 39C 8 FF6F000000000000
119017.0 3C3 8 FF00000000000000
119018.2 444 8 0000000000000005
119031.1 523 8 CD1F7770450E0B02
119032.3 52E 5 603F000000
119033.4 31C 8 00000000800084F3
119047.2 31D 8 000000000000001F
119062.8 444 8 0000000000000005
119078.3 539 8 2602800008030000
119079.5 541 8 0000000000000000
119080.7 6C0 7 04030100000000
119082.0 3F1 8 0002000000000000
119083.2 663 8 7814E00E00AA0000
119093.9 31C 8 00000000800084F3
119095.2 31D 8 000000000000001F
119096.6 38C 8 000000000000007F
119109.5 38D 8 00000000000000E5
119110.8 39C 8 FF6F000000000000
119112.1 3C3 8 FF00000000000000
119125.3 444 8 0000000000000005
119126.6 537 8 8080808080800000
119127.8 6AB 8 00000000000041A1
119129.6 538 8 8080008080000080
119140.9 31C 8 00000000800084F3
119143.8 31D 8 000000000000001F
119172.0 444 8 0000000000000005
119187.7 3F1 8 0002000000000000
119188.9 663 8 7814E00E00AA0000
119190.1 31C 8 00000000800084F3
119191.6 31D 8 000000000000001F
119203.2 38C 8 000000000000007F
119204.5 38D 8 00000000000000E5
119205.7 39C 8 FF6F000000000000
119218.8 3C3 8 FF00000000000000
119220.0 444 8 0000000000000005
119234.7 31C 8 00000000800084F3
119250.3 31D 8 000000000000001F
119265.7 444 8 0000000000000005
119281.0 6C0 7 04030100000000
119282.4 3F1 8 0002000000000000
119283.6 484 8 0000000000000000
119284.8 523 8 CD1F7770450E0B02
119285.9 52E 5 603F000000
119286.9 585 8 902C00000000003F
119288.1 64C 2 0011
119289.2 663 8 7814E00E00AA0000
119290.4 6B2 8 FFFEFF0F880002D9
119291.5 31C 8 00000000800084F3
119296.9 31D 8 000000000000001F
119298.2 38C 8 000000000000007F
119299.4 38D 8 00000000000000E5
119312.6 39C 8 FF6F000000000000
119313.9 3C3 8 FF00000000000000
119315.1 444 8 0000000000000005
119328.2 537 8 8080808080800000
119329.4 5FB 8 1FFFFFFFFF1FF87E
119330.9 539 8 2602800008030000
119332.2 541 8 0000000000000000
119333.3 5FA 8 5B9DC7CC9C46F1FF
119334.5 6AB 8 00000000000041A1
119335.8 538 8 8080008080000080
119343.9 31C 8 00000000800084F3
119345.2 5EA 8 0000000000000016
119346.3 31D 8 000000000000001F
119347.6 5EB 8 0000000000000007
119348.7 5EC 8 000000000000000F
119359.4 66B 8 7700000000000000
119360.7 66C 8 DF09000000000000
119375.1 444 8 0000000000000005
119391.0 3F1 8 0002000000000000
119392.4 663 8 7814E00E00AA0000
119393.8 31C 8 00000000800084F3
119395.2 31D 8 000000000000001F
119396.5 38C 8 000000000000007F
119406.2 38D 8 00000000000000E5
119407.7 39C 8 FF6F000000000000
119409.9 3C3 8 FF00000000000000
119422.1 444 8 0000000000000005
119437.5 31C 8 00000000800084F3
119438.8 31D 8 000000000000001F
119468.9 444 8 0000000000000005
119484.5 6C0 7 04030100000000
119485.7 3F1 8 0002000000000000
119487.1 663 8 7814E00E00AA0000
119488.3 31C 8 00000000800084F3
119500.3 31D 8 000000000000001F
119501.8 38C 8 000000000000007F
119503.0 38D 8 00000000000000E5
119515.8 39C 8 FF6F000000000000
119517.3 3C3 8 FF00000000000000
119518.7 444 8 0000000000000005
119520.0 537 8 8080808080800000
119531.0 6AB 8 00000000000041A1
119532.2 538 8 8080008080000080
119533.4 523 8 CD1F7770450E0B02
119534.5 52E 5 603F000000
119535.8 31C 8 00000000800084F3
119547.1 31D 8 000000000000001F
119562.6 444 8 0000000000000005
119578.1 539 8 2602800008030000
119579.3 541 8 0000000000000000
119580.5 3F1 8 0002000000000000
119582.6 663 8 7814E00E00AA0000
119593.8 31C 8 00000000800084F3
119595.1 31D 8 000000000000001F
119596.3 38C 8 000000000000007F
119609.4 38D 8 00000000000000E5
119610.9 39C 8 FF6F000000000000
119612.2 3C3 8 FF00000000000000
119625.1 444 8 0000000000000005
119640.6 31C 8 00000000800084F3
119642.0 31D 8 000000000000001F
119671.9 444 8 0000000000000005
119687.6 6C0 7 04030100000000
119688.8 3F1 8 0002000000000000
119690.0 663 8 7814E00E00AA0000
119691.2 31C 8 00000000800084F3
119692.5 31D 8 000000000000001F
119703.2 38C 8 000000000000007F
119704.4 38D 8 00000000000000E5
119705.8 39C 8 FF6F000000000000
119718.8 3C3 8 FF00000000000000
119720.0 444 8 0000000000000005
119721.3 537 8 8080808080800000
119722.5 6AB 8 00000000000041A1
119734.4 538 8 8080008080000080
119735.6 31C 8 00000000800084F3
119750.0 31D 8 000000000000001F
119765.6 444 8 0000000000000005
119781.0 3F1 8 0002000000000000
119782.3 484 8 0000000000000000
119783.4 523 8 CD1F7770450E0B02
119784.6 52E 5 603F000000
119785.7 663 8 7814E00E00AA0000
119786.9 31C 8 00000000800084F3
119797.0 31D 8 000000000000001F
119798.2 38C 8 000000000000007F
119799.5 38D 8 00000000000000E5
119812.6 39C 8 FF6F000000000000
119813.8 3C3 8 FF00000000000000
119815.1 444 8 0000000000000005
119828.1 539 8 2602800008030000
119829.3 541 8 0000000000000000
119844.0 31C 8 00000000800084F3
119845.8 5EA 8 0000000000000016
119847.1 31D 8 000000000000001F
119848.4 5EB 8 0000000000000007
119849.6 5EC 8 000000000000000F
119859.5 66B 8 7700000000000000
119860.7 66C 8 DF09000000000000
119875.2 444 8 0000000000000005
119890.9 6C0 7 04030100000000
119892.4 3F1 8 0002000000000000
119893.6 663 8 7814E00E00AA0000
119894.8 31C 8 00000000800084F3
119897.4 31D 8 000000000000001F
119898.7 38C 8 000000000000007F
119906.1 38D 8 00000000000000E5
119907.4 39C 8 FF6F000000000000
119908.6 3C3 8 FF00000000000000
119922.0 444 8 0000000000000005
119923.3 537 8 8080808080800000
119924.4 6AB 8 00000000000041A1
119925.6 538 8 8080008080000080
119937.8 31C 8 00000000800084F3
119939.1 31D 8 000000000000001F
119968.9 444 8 0000000000000005
119984.7 3F1 8 0002000000000000
119986.1 663 8 7814E00E00AA0000
119987.3 31C 8 00000000800084F3
120000.1 31D 8 000000000000001F
120001.6 38C 8 000000000000007F
120002.8 38D 8 00000000000000E5
120015.8 39C 8 FF6F000000000000
120017.0 3C3 8 FF00000000000000
120018.2 444 8 0000000000000005
120031.1 523 8 CD1F7770450E0B02
120032.2 52E 5 603F000000
120033.4 31C 8 00000000800084F3
120047.0 31D 8 000000000000001F
120062.8 444 8 0000000000000005
120078.3 539 8 2602800008030000
120079.4 541 8 0000000000000000
120080.7 6C0 7 04030100000000
120082.0 3F1 8 0002000000000000
120083.2 663 8 7814E00E00AA0000
120093.9 31C 8 00000000800084F3
120095.2 31D 8 000000000000001F
120096.7 38C 8 000000000000007F
120109.5 38D 8 00000000000000E5
120110.8 39C 8 FF6F000000000000
120112.1 3C3 8 FF00000000000000
120125.3 444 8 0000000000000005
120126.5 537 8 8080808080800000
120127.7 6AB 8 00000000000041A1
120128.9 538 8 8080008080000080
120140.8 31C 8 00000000800084F3
120142.1 31D 8 000000000000001F
120172.0 444 8 0000000000000005
120187.9 3F1 8 0002000000000000
120189.2 663 8 7814E00E00AA0000
120190.5 31C 8 00000000800084F3
120192.0 31D 8 000000000000001F
120203.3 38C 8 000000000000007F
120204.5 38D 8 00000000000000E5
120205.8 39C 8 FF6F000000000000
120219.0 3C3 8 FF00000000000000
120221.6 444 8 0000000000000005
120234.5 31C 8 00000000800084F3
120250.3 31D 8 000000000000001F
120265.9 444 8 0000000000000005
120281.1 6C0 7 04030100000000
120282.4 3F1 8 0002000000000000
120283.6 484 8 0000000000000000
120284.8 523 8 CD1F7770450E0B02
120286.0 52E 5 603F000000
120287.2 585 8 902C00000000003F
120288.3 64C 2 0011
120289.4 663 8 7814E00E00AA0000
120290.7 6B2 8 FFFEFF0F880082D9
120291.8 31C 8 00000000800084F3
120297.0 31D 8 000000000000001F
120298.2 38C 8 000000000000007F
120299.5 38D 8 00000000000000E5
120312.6 39C 8 FF6F000000000000
120313.8 3C3 8 FF00000000000000
120314.9 444 8 0000000000000005
120328.2 537 8 8080808080800000
120329.3 5FB 8 1FFFFFFFFF1FF87E
120330.5 539 8 2602800008030000
120331.9 541 8 0000000000000000
120333.1 5FA 8 5B9DC7CC9C46F1FF
120334.2 6AB 8 00000000000041A1
120335.5 538 8 8080008080000080
120343.8 31C 8 00000000800084F3
120345.8 5EA 8 0000000000000016
120347.0 31D 8 000000000000001F
120348.4 5EB 8 0000000000000007
120349.5 5EC 8 000000000000000F
120359.5 66B 8 7700000000000000
120360.7 66C 8 DF09000000000000
120375.2 444 8 0000000000000005
120390.7 3F1 8 0002000000000000
120392.7 663 8 7814E00E00AA0000
120394.2 31C 8 00000000800084F3
120395.8 31D 8 000000000000001F
120406.1 38C 8 000000000000007F
120407.3 38D 8 00000000000000E5
120408.5 39C 8 FF6F000000000000
120409.7 3C3 8 FF00000000000000
120421.9 444 8 0000000000000005
120437.7 31C 8 00000000800084F3
120439.0 31D 8 000000000000001F
120468.7 444 8 0000000000000005
120484.4 6C0 7 04030100000000
120485.9 3F1 8 0002000000000000
120487.2 663 8 7814E00E00AA0000
120488.4 31C 8 00000000800084F3
120500.1 31D 8 000000000000001F
120501.6 38C 8 000000000000007F
120502.9 38D 8 00000000000000E5
120515.9 39C 8 FF6F000000000000
120517.3 3C3 8 FF00000000000000
120518.6 444 8 0000000000000005
120519.8 537 8 8080808080800000
120531.0 6AB 8 00000000000041A1
120532.3 538 8 8080008080000080
120533.5 523 8 CD1F7770450E0B02
120534.7 52E 5 603F000000
120535.9 31C 8 00000000800084F3
120546.9 31D 8 000000000000001F
120562.8 444 8 0000000000000005
120578.0 539 8 2602800008030000
120579.3 541 8 0000000000000000
120580.5 3F1 8 0002000000000000
120582.0 663 8 7814E00E00AA0000
120593.8 31C 8 00000000800084F3
120595.3 31D 8 000000000000001F
120596.8 38C 8 000000000000007F
120609.4 38D 8 00000000000000E5
120610.8 39C 8 FF6F000000000000
120612.2 3C3 8 FF00000000000000
120625.1 444 8 0000000000000005
120640.8 31C 8 00000000800084F3
120642.1 31D 8 000000000000001F
120671.9 444 8 0000000000000005
120687.5 6C0 7 04030100000000
120689.3 3F1 8 0002000000000000
120690.6 663 8 7814E00E00AA0000
120692.0 31C 8 00000000800084F3
120693.3 31D 8 000000000000001F
120703.2 38C 8 000000000000007F
120704.5 38D 8 00000000000000E5
120705.8 39C 8 FF6F000000000000
120718.5 3C3 8 FF00000000000000
120719.7 444 8 0000000000000005
120721.0 537 8 8080808080800000
120722.2 6AB 8 00000000000041A1
120734.4 538 8 8080008080000080
120735.8 31C 8 00000000800084F3
120750.0 31D 8 000000000000001F
120765.9 444 8 0000000000000005
120781.1 3F1 8 0002000000000000
120782.5 484 8 0000000000000000
120783.7 523 8 CD1F7770450E0B02
120784.8 52E 5 603F000000
120786.1 663 8 7814E00E00AA0000
120787.3 31C 8 00000000800084F3
120796.9 31D 8 000000000000001F
120798.2 38C 8 000000000000007F
120799.5 38D 8 00000000000000E5
120812.6 39C 8 FF6F000000000000
120813.9 3C3 8 FF00000000000000
120815.8 444 8 0000000000000005
120828.2 539 8 2602800008030000
120829.5 541 8 0000000000000000
120844.2 31C 8 00000000800084F3
120845.9 5EA 8 0000000000000016
120847.0 31D 8 000000000000001F
120848.3 5EB 8 0000000000000007
120849.5 5EC 8 000000000000000F
120859.4 66B 8 7700000000000000
120860.7 66C 8 DF09000000000000
120875.1 444 8 0000000000000005
120890.9 6C0 7 04030100000000
120892.4 3F1 8 0002000000000000
120893.6 663 8 7814E00E00AA0000
120894.9 31C 8 00000000800084F3
120896.4 31D 8 000000000000001F
120897.7 38C 8 000000000000007F
120906.1 38D 8 00000000000000E5
120910.3 39C 8 FF6F000000000000
120911.8 3C3 8 FF00000000000000
120922.1 444 8 0000000000000005
120923.4 537 8 8080808080800000
120924.6 6AB 8 00000000000041A1
120925.8 538 8 8080008080000080
120937.7 31C 8 00000000800084F3
120939.0 31D 8 000000000000001F
120968.9 444 8 0000000000000005
120984.7 3F1 8 0002000000000000
120986.0 663 8 7814E00E00AA0000
120987.3 31C 8 00000000800084F3
121000.3 31D 8 000000000000001F
121001.8 38C 8 000000000000007F
121003.1 38D 8 00000000000000E5
121015.8 39C 8 FF6F000000000000
121017.0 3C3 8 FF00000000000000
121018.2 444 8 0000000000000005
121031.3 523 8 CD1F7770450E0B02
121032.5 52E 5 603F000000
121033.7 31C 8 00000000800084F3
121047.1 31D 8 000000000000001F
121067.7 444 8 0000000000000005
121083.1 539 8 2602800008030000
121084.2 541 8 0000000000000000
121085.5 6C0 7 04030100000000
121086.8 3F1 8 0002000000000000
121088.0 663 8 7814E00E00AA0000
121089.3 31C 8 00000000800084F3
121098.8 31D 8 000000000000001F
121100.1 38C 8 000000000000007F
121101.5 38D 8 00000000000000E5
121114.5 39C 8 FF6F000000000000
121116.2 3C3 8 FF00000000000000
121118.1 444 8 0000000000000005
121130.1 537 8 8080808080800000
121131.4 6AB 8 00000000000041A1
121132.5 538 8 8080008080000080
121145.6 31C 8 00000000800084F3
121146.9 31D 8 000000000000001F
121161.2 444 8 0000000000000005
121176.9 3F1 8 0002000000000000
121178.4 663 8 7814E00E00AA0000
121192.7 31C 8 00000000800084F3
121194.1 31D 8 000000000000001F
121195.4 38C 8 000000000000007F
121208.1 38D 8 00000000000000E5
121209.6 39C 8 FF6F000000000000
121211.0 3C3 8 FF00000000000000
121223.7 444 8 0000000000000005
121239.3 31C 8 00000000800084F3
121240.6 31D 8 000000000000001F
121270.7 444 8 0000000000000005
121286.0 6C0 7 04030100000000
121287.3 3F1 8 0002000000000000
121288.5 484 8 0000000000000000
121289.7 523 8 CD1F7770450E0B02
121291.0 52E 5 603F000000
121292.3 585 8 902C00000000003F
121293.4 64C 2 0011
121294.5 663 8 7814E00E00AA0000
121296.5 6B2 8 FFFEFF0F880002DA
121297.6 31C 8 00000000800084F3
121298.9 31D 8 000000000000001F
121302.0 38C 8 000000000000007F
121303.2 38D 8 00000000000000E5
121304.5 39C 8 FF6F000000000000
121317.7 3C3 8 FF00000000000000
121319.5 444 8 0000000000000005
121320.9 537 8 8080808080800000
121333.2 5FB 8 1FFFFFFFFF1FF87E
121334.5 539 8 2602800008030000
121335.8 541 8 0000000000000000
121337.1 5FA 8 5B9DC7CC9C46F1FF
121338.2 6AB 8 00000000000041A1
121339.4 538 8 8080008080000080
121340.6 31C 8 00000000800084F3
121341.9 5EA 8 0000000000000016
121348.7 31D 8 000000000000001F
121350.1 5EB 8 0000000000000007
121351.2 5EC 8 000000000000000F
121352.3 66B 8 7700000000000000
121364.4 66C 8 DF09000000000000
121365.6 444 8 0000000000000005
121380.0 3F1 8 0002000000000000
121381.6 663 8 7814E00E00AA0000
121395.9 31C 8 00000000800084F3
121397.4 31D 8 000000000000001F
121398.7 38C 8 000000000000007F
121400.6 38D 8 00000000000000E5
121411.1 39C 8 FF6F000000000000
121412.5 3C3 8 FF00000000000000
121413.7 444 8 0000000000000005
121442.5 31C 8 00000000800084F3
121443.8 31D 8 000000000000001F
121473.8 444 8 0000000000000005
121489.4 6C0 7 04030100000000
121490.7 3F1 8 0002000000000000
121492.0 663 8 7814E00E00AA0000
121493.2 31C 8 00000000800084F3
121494.6 31D 8 000000000000001F
121505.0 38C 8 000000000000007F
121506.3 38D 8 00000000000000E5
121507.5 39C 8 FF6F000000000000
121520.7 3C3 8 FF00000000000000
121522.2 444 8 0000000000000005
121523.5 537 8 8080808080800000
121524.6 6AB 8 00000000000041A1
121525.8 538 8 8080008080000080
121535.9 523 8 CD1F7770450E0B02
121537.1 52E 5 603F000000
121538.3 31C 8 00000000800084F3
121539.6 31D 8 000000000000001F
121568.1 444 8 0000000000000005
121584.1 539 8 2602800008030000
121585.3 541 8 0000000000000000
121586.7 3F1 8 0002000000000000
121588.0 663 8 7814E00E00AA0000
121589.2 31C 8 00000000800084F3
121599.8 31D 8 000000000000001F
121601.2 38C 8 000000000000007F
121602.5 38D 8 00000000000000E5
121615.4 39C 8 FF6F000000000000
121616.7 3C3 8 FF00000000000000
121617.9 444 8 0000000000000005
121631.1 31C 8 00000000800084F3
121646.7 31D 8 000000000000001F
121662.3 444 8 0000000000000005
121677.9 6C0 7 04030100000000
121679.2 3F1 8 0002000000000000
121680.4 663 8 7814E00E00AA0000
121693.6 31C 8 00000000800084F3
121695.0 31D 8 000000000000001F
121696.5 38C 8 000000000000007F
121709.1 38D 8 00000000000000E5
121710.4 39C 8 FF6F000000000000
121711.9 3C3 8 FF00000000000000
121724.8 444 8 0000000000000005
121726.1 537 8 8080808080800000
121727.2 6AB 8 00000000000041A1
121729.1 538 8 8080008080000080
121740.4 31C 8 00000000800084F3
121741.7 31D 8 000000000000001F
121771.9 444 8 0000000000000005
121787.3 3F1 8 0002000000000000
121788.5 484 8 0000000000000000
121789.7 523 8 CD1F7770450E0B02
121791.0 52E 5 603F000000
121792.3 663 8 7814E00E00AA0000
121793.5 31C 8 00000000800084F3
121794.7 31D 8 000000000000001F
121802.9 38C 8 000000000000007F
121804.2 38D 8 00000000000000E5
121805.4 39C 8 FF6F000000000000
121818.6 3C3 8 FF00000000000000
121820.3 444 8 0000000000000005
121821.5 539 8 2602800008030000
121822.7 541 8 0000000000000000
121834.1 31C 8 00000000800084F3
121835.5 5EA 8 0000000000000016
121850.0 31D 8 000000000000001F
121851.5 5EB 8 0000000000000007
121852.6 5EC 8 000000000000000F
121853.9 66B 8 7700000000000000
121865.4 66C 8 DF09000000000000
121866.6 444 8 0000000000000005
121881.3 6C0 7 04030100000000
121883.9 3F1 8 0002000000000000
121885.4 663 8 7814E00E00AA0000
121886.6 31C 8 00000000800084F3
121896.6 31D 8 000000000000001F
121898.0 38C 8 000000000000007F
121899.2 38D 8 00000000000000E5
121912.3 39C 8 FF6F000000000000
121913.5 3C3 8 FF00000000000000
121914.8 444 8 0000000000000005
121927.9 537 8 8080808080800000
121929.1 6AB 8 00000000000041A1
121930.3 538 8 8080008080000080
121943.6 31C 8 00000000800084F3
121944.9 31D 8 000000000000001F
121974.8 444 8 0000000000000005
121990.6 3F1 8 0002000000000000
121992.0 663 8 7814E00E00AA0000
121993.2 31C 8 00000000800084F3
121994.5 31D 8 000000000000001F
122005.9 38C 8 000000000000007F
122007.1 38D 8 00000000000000E5
122008.3 39C 8 FF6F000000000000
122009.6 3C3 8 FF00000000000000
122021.8 444 8 0000000000000005
122037.4 523 8 CD1F7770450E0B02
122038.5 52E 5 603F000000
122040.3 31C 8 00000000800084F3
122041.6 31D 8 000000000000001F
122068.8 444 8 0000000000000005
122070.4 539 8 2602800008030000
122071.5 541 8 0000000000000000
122084.3 6C0 7 04030100000000
122085.6 3F1 8 0002000000000000
122086.9 663 8 7814E00E00AA0000
122088.2 31C 8 00000000800084F3
122099.8 31D 8 000000000000001F
122101.2 38C 8 000000000000007F
122102.4 38D 8 00000000000000E5
122115.5 39C 8 FF6F000000000000
122117.1 3C3 8 FF00000000000000
122118.4 444 8 0000000000000005
122131.2 537 8 8080808080800000
122132.5 6AB 8 00000000000041A1
122133.7 538 8 8080008080000080
122134.9 31C 8 00000000800084F3
122146.8 31D 8 000000000000001F
122162.5 444 8 0000000000000005
122178.0 3F1 8 0002000000000000
122179.2 663 8 7814E00E00AA0000
122193.7 31C 8 00000000800084F3
122195.0 31D 8 000000000000001F
122197.2 38C 8 000000000000007F
122209.2 38D 8 00000000000000E5
122210.4 39C 8 FF6F000000000000
122211.8 3C3 8 FF00000000000000
122224.8 444 8 0000000000000005
122240.6 31C 8 00000000800084F3
122241.9 31D 8 000000000000001F
122272.1 444 8 0000000000000005
122287.4 6C0 7 04030100000000
122288.7 3F1 8 0002000000000000
122289.9 484 8 0000000000000000
122291.2 523 8 CD1F7770450E0B02
122292.5 52E 5 603F000000
122293.6 585 8 902C00000000003F
122294.7 64C 2 0011
122296.0 663 8 7814E00E00AA0000
122297.3 6B2 8 FFFEFF0F880082DA
122298.4 31C 8 00000000800084F3
122299.7 31D 8 000000000000001F
122303.2 38C 8 000000000000007F
122304.4 38D 8 00000000000000E5
122305.8 39C 8 FF6F000000000000
122318.8 3C3 8 FF00000000000000
122320.3 444 8 0000000000000005
122321.6 537 8 8080808080800000
122322.8 5FB 8 1FFFFFFFFF1FF87E
122323.9 539 8 2602800008030000
122334.2 541 8 0000000000000000
122335.5 5FA 8 5B9DC7CC9C46F1FF
122336.8 6AB 8 00000000000041A1
122338.0 538 8 8080008080000080
122339.2 31C 8 00000000800084F3
122340.5 5EA 8 0000000000000016
122349.8 31D 8 000000000000001F
122351.1 5EB 8 0000000000000007
122352.2 5EC 8 000000000000000F
122353.3 66B 8 7700000000000000
122365.4 66C 8 DF09000000000000
122366.6 444 8 0000000000000005
122381.0 3F1 8 0002000000000000
122382.4 663 8 7814E00E00AA0000
122383.6 31C 8 00000000800084F3
122396.8 31D 8 000000000000001F
122398.1 38C 8 000000000000007F
122399.3 38D 8 00000000000000E5
122412.3 39C 8 FF6F000000000000
122413.7 3C3 8 FF00000000000000
122415.0 444 8 0000000000000005
122443.7 31C 8 00000000800084F3
122445.1 31D 8 000000000000001F
122474.8 444 8 0000000000000005
122490.4 6C0 7 04030100000000
122491.9 3F1 8 0002000000000000
122493.1 663 8 7814E00E00AA0000
122495.0 31C 8 00000000800084F3
122496.4 31D 8 000000000000001F
122505.9 38C 8 000000000000007F
122507.3 38D 8 00000000000000E5
122508.5 39C 8 FF6F000000000000
122509.8 3C3 8 FF00000000000000
122521.6 444 8 0000000000000005
122523.0 537 8 8080808080800000
122524.2 6AB 8 00000000000041A1
122525.4 538 8 8080008080000080
122537.3 523 8 CD1F7770450E0B02
122538.5 52E 5 603F000000
122539.7 31C 8 00000000800084F3
122541.0 31D 8 000000000000001F
122568.8 444 8 0000000000000005
122570.4 539 8 2602800008030000
122571.5 541 8 0000000000000000
122584.2 3F1 8 0002000000000000
122585.8 663 8 7814E00E00AA0000
122587.2 31C 8 00000000800084F3
122600.0 31D 8 000000000000001F
122601.3 38C 8 000000000000007F
122602.5 38D 8 00000000000000E5
122615.5 39C 8 FF6F000000000000
122616.8 3C3 8 FF00000000000000
122618.0 444 8 0000000000000005
122631.3 31C 8 00000000800084F3
122646.4 31D 8 000000000000001F
122662.3 444 8 0000000000000005
122678.0 6C0 7 04030100000000
122679.3 3F1 8 0002000000000000
122680.5 663 8 7814E00E00AA0000
122693.8 31C 8 00000000800084F3
122695.0 31D 8 000000000000001F
122696.5 38C 8 000000000000007F
122709.2 38D 8 00000000000000E5
122710.6 39C 8 FF6F000000000000
122712.0 3C3 8 FF00000000000000
122724.9 444 8 0000000000000005
122726.2 537 8 8080808080800000
122727.3 6AB 8 00000000000041A1
122728.5 538 8 8080008080000080
122740.5 31C 8 00000000800084F3
122741.7 31D 8 000000000000001F
122771.8 444 8 0000000000000005
122787.4 3F1 8 0002000000000000
122788.6 484 8 0000000000000000
122789.7 523 8 CD1F7770450E0B02
122791.0 52E 5 603F000000
122792.3 663 8 7814E00E00AA0000
122793.5 31C 8 00000000800084F3
122794.8 31D 8 000000000000001F
122802.9 38C 8 000000000000007F
122804.1 38D 8 00000000000000E5
122805.4 39C 8 FF6F000000000000
122819.1 3C3 8 FF00000000000000
122820.9 444 8 0000000000000005
122822.2 539 8 2602800008030000
122834.4 541 8 0000000000000000
122835.9 31C 8 00000000800084F3
122837.4 5EA 8 0000000000000016
122850.0 31D 8 000000000000001F
122851.8 5EB 8 0000000000000007
122853.0 5EC 8 000000000000000F
122854.1 66B 8 7700000000000000
122865.4 66C 8 DF09000000000000
122866.6 444 8 0000000000000005
122881.4 6C0 7 04030100000000
122883.5 3F1 8 0002000000000000
122884.7 663 8 7814E00E00AA0000
122886.1 31C 8 00000000800084F3
122896.9 31D 8 000000000000001F
122898.3 38C 8 000000000000007F
122899.5 38D 8 00000000000000E5
122912.3 39C 8 FF6F000000000000
122913.5 3C3 8 FF00000000000000
122914.7 444 8 0000000000000005
122927.9 537 8 8080808080800000
122929.2 6AB 8 00000000000041A1
122931.2 538 8 8080008080000080
122943.9 31C 8 00000000800084F3
122945.2 31D 8 000000000000001F
122974.8 444 8 0000000000000005
122991.1 3F1 8 0002000000000000
122993.2 663 8 7814E00E00AA0000
122995.3 31C 8 00000000800084F3
122999.0 31D 8 000000000000001F
123000.8 38C 8 000000000000007F
123005.9 38D 8 00000000000000E5
123007.1 39C 8 FF6F000000000000
123008.4 3C3 8 FF00000000000000
123021.7 444 8 0000000000000005
123037.6 523 8 CD1F7770450E0B02
123038.7 52E 5 603F000000
123039.9 31C 8 00000000800084F3
123041.2 31D 8 000000000000001F
123068.8 444 8 0000000000000005
123070.3 539 8 2602800008030000
123084.2 541 8 0000000000000000
123085.5 6C0 7 04030100000000
123086.9 3F1 8 0002000000000000
123088.1 663 8 7814E00E00AA0000
123089.3 31C 8 00000000800084F3
123099.8 31D 8 000000000000001F
123101.8 38C 8 000000000000007F
123103.0 38D 8 00000000000000E5
123115.5 39C 8 FF6F000000000000
123116.8 3C3 8 FF00000000000000
123118.0 444 8 0000000000000005
123119.3 537 8 8080808080800000
123131.1 6AB 8 00000000000041A1
123132.4 538 8 8080008080000080
123133.6 31C 8 00000000800084F3
123146.6 31D 8 000000000000001F
123162.3 444 8 0000000000000005
123177.9 3F1 8 0002000000000000
123179.2 663 8 7814E00E00AA0000
123193.6 31C 8 00000000800084F3
123194.9 31D 8 000000000000001F
123196.4 38C 8 000000000000007F
123209.1 38D 8 00000000000000E5
123210.4 39C 8 FF6F000000000000
123211.9 3C3 8 FF00000000000000
123224.8 444 8 0000000000000005
123240.4 31C 8 00000000800084F3
123241.7 31D 8 000000000000001F
123281.0 444 8 0000000000000005
123283.4 6C0 7 04030100000000
123284.5 3F1 8 0002000000000000
123286.5 484 8 0000000000000000
123287.6 523 8 CD1F7770450E0B02
123288.8 52E 5 603F000000
123289.9 585 8 902C00000000003F
123291.2 64C 2 0011
123292.4 663 8 7814E00E00AA0000
123293.7 6B2 8 FFFEFF0F880002DB
123294.8 31C 8 00000000800084F3
123296.4 31D 8 000000000000001F
123297.7 38C 8 000000000000007F
123298.9 38D 8 00000000000000E5
123312.4 39C 8 FF6F000000000000
123313.7 3C3 8 FF00000000000000
123314.9 444 8 0000000000000005
123327.9 537 8 8080808080800000
123329.1 5FB 8 1FFFFFFFFF1FF87E
123330.2 539 8 2602800008030000
123331.6 541 8 0000000000000000
123332.7 5FA 8 5B9DC7CC9C46F1FF
123333.8 6AB 8 00000000000041A1
123335.0 538 8 8080008080000080
123343.8 31C 8 00000000800084F3
123345.6 5EA 8 0000000000000016
123346.9 31D 8 000000000000001F
123348.2 5EB 8 0000000000000007
123349.3 5EC 8 000000000000000F
123359.2 66B 8 7700000000000000
123360.4 66C 8 DF09000000000000
123374.9 444 8 0000000000000005
123390.6 3F1 8 0002000000000000
123392.9 663 8 7814E00E00AA0000
123394.1 31C 8 00000000800084F3
123395.4 31D 8 000000000000001F
123405.9 38C 8 000000000000007F
123407.2 38D 8 00000000000000E5
123408.4 39C 8 FF6F000000000000
123409.6 3C3 8 FF00000000000000
123421.8 444 8 0000000000000005
123437.4 31C 8 00000000800084F3
123438.7 31D 8 000000000000001F
123468.5 444 8 0000000000000005
123484.2 6C0 7 04030100000000
123485.4 3F1 8 0002000000000000
123486.8 663 8 7814E00E00AA0000
123488.0 31C 8 00000000800084F3
123499.9 31D 8 000000000000001F
123501.4 38C 8 000000000000007F
123502.6 38D 8 00000000000000E5
123515.6 39C 8 FF6F000000000000
123517.1 3C3 8 FF00000000000000
123518.4 444 8 0000000000000005
123531.0 537 8 8080808080800000
123532.4 6AB 8 00000000000041A1
123533.6 538 8 8080008080000080
123534.7 523 8 CD1F7770450E0B02
123536.7 52E 5 603F000000
123537.9 31C 8 00000000800084F3
123546.8 31D 8 000000000000001F
123562.4 444 8 0000000000000005
123578.0 539 8 2602800008030000
123579.1 541 8 0000000000000000
123580.3 3F1 8 0002000000000000
123581.7 663 8 7814E00E00AA0000
123593.5 31C 8 00000000800084F3
123594.8 31D 8 000000000000001F
123596.2 38C 8 000000000000007F
123609.3 38D 8 00000000000000E5
123610.8 39C 8 FF6F000000000000
123612.2 3C3 8 FF00000000000000
123625.4 444 8 0000000000000005
123640.4 31C 8 00000000800084F3
123641.7 31D 8 000000000000001F
123671.6 444 8 0000000000000005
123687.5 6C0 7 04030100000000
123688.7 3F1 8 0002000000000000
123689.9 663 8 7814E00E00AA0000
123691.3 31C 8 00000000800084F3
123692.6 31D 8 000000000000001F
123702.9 38C 8 000000000000007F
123704.1 38D 8 00000000000000E5
123706.1 39C 8 FF6F000000000000
123718.5 3C3 8 FF00000000000000
123720.1 444 8 0000000000000005
123721.6 537 8 8080808080800000
123734.2 6AB 8 00000000000041A1
123735.4 538 8 8080008080000080
123736.8 31C 8 00000000800084F3
123749.9 31D 8 000000000000001F
123765.4 444 8 0000000000000005
123781.0 3F1 8 0002000000000000
123782.4 484 8 0000000000000000
123783.5 523 8 CD1F7770450E0B02
123784.7 52E 5 603F000000
123786.0 663 8 7814E00E00AA0000
123787.2 31C 8 00000000800084F3
123796.8 31D 8 000000000000001F
123798.0 38C 8 000000000000007F
123799.2 38D 8 00000000000000E5
123812.4 39C 8 FF6F000000000000
123813.7 3C3 8 FF00000000000000
123814.9 444 8 0000000000000005
123827.9 539 8 2702800008030000
123829.1 541 8 0000000000000000
123843.5 31C 8 00000000800084F3
123844.8 5EA 8 0000000000000016
123846.1 31D 8 000000000000001F
123847.4 5EB 8 0000000000000007
123849.2 5EC 8 000000000000000F
123859.6 66B 8 7700000000000000
123861.5 66C 8 DF09000000000000
123874.9 444 8 0000000000000005
123890.4 6C0 7 04030100000000
123891.8 3F1 8 0002000000000000
123893.0 663 8 7814E00E00AA0000
123894.2 31C 8 00000000800084F3
123895.6 31D 8 000000000000001F
123905.9 38C 8 000000000000007F
123907.4 38D 8 00000000000000E5
123908.6 39C 8 FF6F000000000000
123909.8 3C3 8 FF00000000000000
123921.6 444 8 0000000000000005
123923.2 537 8 8080808080800000
123924.7 6AB 8 00000000000041A1
123925.8 538 8 8080008080000080
123937.4 31C 8 00000000800084F3
123938.7 31D 8 000000000000001F
123968.5 444 8 0000000000000005
123984.4 3F1 8 0002000000000000
123985.7 663 8 7814E00E00AA0000
123987.0 31C 8 00000000800084F3
123999.9 31D 8 000000000000001F
124001.6 38C 8 000000000000007F
124002.8 38D 8 00000000000000E5
124015.5 39C 8 FF6F000000000000
124016.7 3C3 8 FF00000000000000
124018.0 444 8 0000000000000005
124031.1 523 8 CD1F7770450E0B02
124032.6 52E 5 603F000000
124033.7 31C 8 00000000800084F3
124046.6 31D 8 000000000000001F
124062.4 444 8 0000000000000005
124078.2 539 8 2702800008030000
124079.6 541 8 0000000000000000
124080.8 6C0 7 04030100000000
124082.1 3F1 8 0002000000000000
124083.3 663 8 7814E00E00AA0000
124093.5 31C 8 00000000800084F3
124094.8 31D 8 000000000000001F
124096.3 38C 8 000000000000007F
124109.4 38D 8 00000000000000E5
124111.5 39C 8 FF6F000000000000
124113.7 3C3 8 FF00000000000000
124125.1 444 8 0000000000000005
124126.5 537 8 8080808080800000
124127.6 6AB 8 00000000000041A1
124128.8 538 8 8080008080000080
124140.5 31C 8 00000000800084F3
124141.8 31D 8 000000000000001F
124171.6 444 8 0000000000000005
124187.4 3F1 8 0002000000000000
124188.7 663 8 7814E00E00AA0000
124189.9 31C 8 00000000800084F3
124191.2 31D 8 000000000000001F
124202.9 38C 8 000000000000007F
124204.1 38D 8 00000000000000E5
124205.3 39C 8 FF6F000000000000
124218.5 3C3 8 FF00000000000000
124219.8 444 8 0000000000000005
124234.1 31C 8 00000000800084F3
124249.8 31D 8 000000000000001F
124265.5 444 8 0000000000000005
124281.2 6C0 7 04030100000000
124282.5 3F1 8 0002000000000000
124283.8 484 8 0000000000000000
124284.9 523 8 CD1F7770450E0B02
124286.1 52E 5 603F000000
124287.3 585 8 902C00000000003F
124288.3 64C 2 0011
124289.4 663 8 7814E00E00AA0000
124290.8 6B2 8 FFFEFF0F880082DB
124292.1 31C 8 00000000800084F3
124296.8 31D 8 000000000000001F
124298.1 38C 8 000000000000007F
124299.3 38D 8 00000000000000E5
124312.3 39C 8 FF6F000000000000
124314.2 3C3 8 FF00000000000000
124315.6 444 8 0000000000000005
124327.9 537 8 8080808080800000
124329.1 5FB 8 1FFFFFFFFF1FF87E
124330.3 539 8 2702800008030000
124331.4 541 8 0000000000000000
124332.5 5FA 8 5B9DC7CC9C46F1FF
124333.6 6AB 8 00000000000041A1
124334.8 538 8 8080008080000080
124343.5 31C 8 00000000800084F3
124344.8 5EA 8 0000000000000016
124346.0 31D 8 000000000000001F
124347.3 5EB 8 0000000000000007
124348.5 5EC 8 000000000000000F
124359.2 66B 8 7700000000000000
124360.4 66C 8 DF09000000000000
124374.8 444 8 0000000000000005
124390.4 3F1 8 0002000000000000
124392.2 663 8 7814E00E00AA0000
124393.8 31C 8 00000000800084F3
124395.3 31D 8 000000000000001F
124405.8 38C 8 000000000000007F
124407.1 38D 8 00000000000000E5
124408.4 39C 8 FF6F000000000000
124409.6 3C3 8 FF00000000000000
124421.7 444 8 0000000000000005
124437.4 31C 8 00000000800084F3
124438.7 31D 8 000000000000001F
124468.5 444 8 0000000000000005
124484.2 6C0 7 04030100000000
124485.4 3F1 8 0002000000000000
124486.8 663 8 7814E00E00AA0000
124488.0 31C 8 00000000800084F3
124499.9 31D 8 000000000000001F
124501.3 38C 8 000000000000007F
124502.5 38D 8 00000000000000E5
124515.5 39C 8 FF6F000000000000
124517.0 3C3 8 FF00000000000000
124518.3 444 8 0000000000000005
124531.0 537 8 8080808080800000
124532.4 6AB 8 00000000000041A1
124533.6 538 8 8080008080000080
124534.7 523 8 CD1F7770450E0B02
124536.0 52E 5 603F000000
124537.2 31C 8 00000000800084F3
124546.9 31D 8 000000000000001F
124562.4 444 8 0000000000000005
124577.8 539 8 2702800008030000
124579.1 541 8 0000000000000000
124580.2 3F1 8 0002000000000000
124581.7 663 8 7814E00E00AA0000
124593.5 31C 8 00000000800084F3
124594.8 31D 8 000000000000001F
124596.3 38C 8 000000000000007F
124609.2 38D 8 00000000000000E5
124610.4 39C 8 FF6F000000000000
124611.9 3C3 8 FF00000000000000
124625.4 444 8 0000000000000005
124640.6 31C 8 00000000800084F3
124641.9 31D 8 000000000000001F
124671.6 444 8 0000000000000005
124687.7 6C0 7 04030100000000
124689.1 3F1 8 0002000000000000
124690.3 663 8 7814E00E00AA0000
124691.7 31C 8 00000000800084F3
124693.0 31D 8 000000000000001F
124703.0 38C 8 000000000000007F
124704.2 38D 8 00000000000000E5
124705.4 39C 8 FF6F000000000000
124718.6 3C3 8 FF00000000000000
124720.0 444 8 0000000000000005
124721.5 537 8 8080808080800000
124734.2 6AB 8 00000000000041A1
124735.3 538 8 8080008080000080
124736.7 31C 8 00000000800084F3
124750.0 31D 8 000000000000001F
124765.4 444 8 0000000000000005
124781.0 3F1 8 0002000000000000
124782.9 484 8 0000000000000000
124784.0 523 8 CD1F7770450E0B02
124785.2 52E 5 603F000000
124786.5 663 8 7814E00E00AA0000
124787.7 31C 8 00000000800084F3
124796.4 31D 8 000000000000001F
124798.2 38C 8 000000000000007F
124799.4 38D 8 00000000000000E5
124812.5 39C 8 FF6F000000000000
124813.9 3C3 8 FF00000000000000
124815.1 444 8 0000000000000005
124828.0 539 8 2702800008030000
124829.2 541 8 0000000000000000
124843.6 31C 8 00000000800084F3
124845.5 5EA 8 0000000000000016
124846.9 31D 8 000000000000001F
124848.3 5EB 8 0000000000000007
124849.4 5EC 8 000000000000000F
124861.2 66B 8 7700000000000000
124862.6 66C 8 DF09000000000000
124874.9 444 8 0000000000000005
124890.3 6C0 7 04030100000000
124891.6 3F1 8 0002000000000000
124892.8 663 8 7814E00E00AA0000
124894.0 31C 8 00000000800084F3
124895.3 31D 8 000000000000001F
124905.9 38C 8 000000000000007F
124907.3 38D 8 00000000000000E5
124908.5 39C 8 FF6F000000000000
124909.7 3C3 8 FF00000000000000
124921.4 444 8 0000000000000005
124922.8 537 8 8080808080800000
124923.9 6AB 8 00000000000041A1
124925.7 538 8 8080008080000080
124937.3 31C 8 00000000800084F3
124938.6 31D 8 000000000000001F
124968.6 444 8 0000000000000005
124984.6 3F1 8 0002000000000000
124988.6 663 8 7814E00E00AA0000
124989.8 31C 8 00000000800084F3
124999.8 31D 8 000000000000001F
125001.3 38C 8 000000000000007F
125002.6 38D 8 00000000000000E5
125015.4 39C 8 FF6F000000000000
125016.6 3C3 8 FF00000000000000
125017.8 444 8 0000000000000005
125031.0 523 8 CD1F7770450E0B02
125032.3 52E 5 603F000000
125033.5 31C 8 00000000800084F3
125046.6 31D 8 000000000000001F
125062.3 444 8 0000000000000005
125077.9 539 8 2702800008030000
125079.2 541 8 0000000000000000
125080.3 6C0 7 04030100000000
125081.6 3F1 8 0002000000000000
125082.8 663 8 7814E00E00AA0000
125093.5 31C 8 00000000800084F3
125094.9 31D 8 000000000000001F
125096.7 38C 8 000000000000007F
125109.1 38D 8 00000000000000E5
125110.4 39C 8 FF6F000000000000
125111.6 3C3 8 FF00000000000000
125124.9 444 8 0000000000000005
125126.2 537 8 8080808080800000
125127.4 6AB 8 00000000000041A1
125128.6 538 8 8080008080000080
125140.5 31C 8 00000000800084F3
125141.8 31D 8 000000000000001F
125171.6 444 8 0000000000000005
125187.4 3F1 8 0002000000000000
125188.7 663 8 7814E00E00AA0000
125189.9 31C 8 00000000800084F3
125191.4 31D 8 000000000000001F
125202.9 38C 8 000000000000007F
125204.1 38D 8 00000000000000E5
125205.3 39C 8 FF6F000000000000
125218.7 3C3 8 FF00000000000000
125220.4 444 8 0000000000000005
125234.5 31C 8 00000000800084F3
125250.0 31D 8 000000000000001F
125265.4 444 8 0000000000000005
125280.9 6C0 7 04030100000000
125282.1 3F1 8 0002000000000000
125284.0 484 8 0000000000000000
125285.2 523 8 CD1F7770450E0B02
125286.3 52E 5 603F000000
125287.4 585 8 902C00000000003F
125288.5 64C 2 0011
125289.7 663 8 7814E00E00AA0000
125291.1 6B2 8 FFFEFF0F880002DC
125292.3 31C 8 00000000800084F3
125296.8 31D 8 000000000000001F
125298.8 38C 8 000000000000007F
125300.0 38D 8 00000000000000E5
125312.3 39C 8 FF6F000000000000
125313.6 3C3 8 FF00000000000000
125314.8 444 8 0000000000000005
125328.0 537 8 8080808080800000
125329.2 5FB 8 1FFFFFFFFF1FF87E
125330.3 539 8 2702800008030000
125331.5 541 8 0000000000000000
125332.6 5FA 8 5B9DC7CC9C46F1FF
125333.8 6AB 8 00000000000041A1
125334.9 538 8 8080008080000080
125343.5 31C 8 00000000800084F3
125344.8 5EA 8 0000000000000016
125346.1 31D 8 000000000000001F
125347.5 5EB 8 0000000000000007
125348.6 5EC 8 000000000000000F
125359.1 66B 8 7700000000000000
125360.3 66C 8 DF09000000000000
125374.8 444 8 0000000000000005
125390.4 3F1 8 0002000000000000
125393.1 663 8 7814E00E00AA0000
125394.7 31C 8 00000000800084F3
125396.2 31D 8 000000000000001F
125405.9 38C 8 000000000000007F
125407.2 38D 8 00000000000000E5
125408.4 39C 8 FF6F000000000000
125409.6 3C3 8 FF00000000000000
125421.7 444 8 0000000000000005
125437.3 31C 8 00000000800084F3
125438.6 31D 8 000000000000001F
125468.7 444 8 0000000000000005
125484.2 6C0 7 04030100000000
125485.4 3F1 8 0002000000000000
125486.9 663 8 7814E00E00AA0000
125488.1 31C 8 00000000800084F3
125499.8 31D 8 000000000000001F
125501.2 38C 8 000000000000007F
125502.5 38D 8 00000000000000E5
125515.4 39C 8 FF6F000000000000
125516.9 3C3 8 FF00000000000000
125518.1 444 8 0000000000000005
125531.1 537 8 8080808080800000
125532.4 6AB 8 00000000000041A1
125533.6 538 8 8080008080000080
125534.7 523 8 CD1F7770450E0B02
125536.1 52E 5 603F000000
125538.0 31C 8 00000000800084F3
125546.6 31D 8 000000000000001F
125562.4 444 8 0000000000000005
125577.9 539 8 2702800008030000
125579.1 541 8 0000000000000000
125580.3 3F1 8 0002000000000000
125581.7 663 8 7814E00E00AA0000
125593.5 31C 8 00000000800084F3
125594.8 31D 8 000000000000001F
125596.3 38C 8 000000000000007F
125609.2 38D 8 00000000000000E5
125610.4 39C 8 FF6F000000000000
125611.8 3C3 8 FF00000000000000
125624.9 444 8 0000000000000005
125640.5 31C 8 00000000800084F3
125641.8 31D 8 000000000000001F
125671.6 444 8 0000000000000005
125687.4 6C0 7 04030100000000
125688.6 3F1 8 0002000000000000
125689.8 663 8 7814E00E00AA0000
125691.1 31C 8 00000000800084F3
125692.6 31D 8 000000000000001F
125703.1 38C 8 000000000000007F
125704.6 38D 8 00000000000000E5
125706.1 39C 8 FF6F000000000000
125718.5 3C3 8 FF00000000000000
125719.9 444 8 0000000000000005
125721.4 537 8 8080808080800000
125734.1 6AB 8 00000000000041A1
125735.4 538 8 8080008080000080
125736.6 31C 8 00000000800084F3
125750.0 31D 8 000000000000001F
125765.4 444 8 0000000000000005
125780.9 3F1 8 0002000000000000
125782.2 484 8 0000000000000000
125783.3 523 8 CD1F7770450E0B02
125784.5 52E 5 603F000000
125785.7 663 8 7814E00E00AA0000
125786.9 31C 8 00000000800084F3
125796.4 31D 8 000000000000001F
125797.8 38C 8 000000000000007F
125799.0 38D 8 00000000000000E5
125812.4 39C 8 FF6F000000000000
125813.7 3C3 8 FF00000000000000
125814.9 444 8 0000000000000005
125827.8 539 8 2702800008030000
125829.0 541 8 0000000000000000
125843.5 31C 8 00000000800084F3
125844.9 5EA 8 0000000000000016
125846.1 31D 8 000000000000001F
125847.5 5EB 8 0000000000000007
125849.1 5EC 8 000000000000000F
125859.3 66B 8 7700000000000000
125860.4 66C 8 DF09000000000000
125874.9 444 8 0000000000000005
125890.4 6C0 7 04030100000000
125891.7 3F1 8 0002000000000000
125893.0 663 8 7814E00E00AA0000
125894.2 31C 8 00000000800084F3
125895.5 31D 8 000000000000001F
125905.9 38C 8 000000000000007F
125907.1 38D 8 00000000000000E5
125908.3 39C 8 FF6F000000000000
125909.5 3C3 8 FF00000000000000
125921.4 444 8 0000000000000005
125922.7 537 8 8080808080800000
125923.9 6AB 8 00000000000041A1
125925.0 538 8 8080008080000080
125937.3 31C 8 00000000800084F3
125938.7 31D 8 000000000000001F
125968.6 444 8 0000000000000005
125984.2 3F1 8 0002000000000000
125985.6 663 8 7814E00E00AA0000
125987.0 31C 8 00000000800084F3
125999.8 31D 8 000000000000001F
126001.2 38C 8 000000000000007F
126002.4 38D 8 00000000000000E5
126015.5 39C 8 FF6F000000000000
126016.7 3C3 8 FF00000000000000
126017.9 444 8 0000000000000005
126031.0 523 8 CD1F7770450E0B02
126032.6 52E 5 603F000000
126033.7 31C 8 00000000800084F3
126046.7 31D 8 000000000000001F
126062.4 444 8 0000000000000005
126077.8 539 8 2702800008030000
126079.0 541 8 0000000000000000
126080.1 6C0 7 04030100000000
126081.5 3F1 8 0002000000000000
126082.7 663 8 7814E00E00AA0000
126093.5 31C 8 00000000800084F3
126094.8 31D 8 000000000000001F
126096.3 38C 8 000000000000007F
126109.2 38D 8 00000000000000E5
126110.4 39C 8 FF6F000000000000
126111.8 3C3 8 FF00000000000000
126125.0 444 8 0000000000000005
126126.3 537 8 8080808080800000
126127.4 6AB 8 00000000000041A1
126128.6 538 8 8080008080000080
126141.0 31C 8 00000000800084F3
126143.3 31D 8 000000000000001F
126171.7 444 8 0000000000000005
126187.4 3F1 8 0002000000000000
126188.6 663 8 7814E00E00AA0000
126189.9 31C 8 00000000800084F3
126191.2 31D 8 000000000000001F
126202.9 38C 8 000000000000007F
126204.1 38D 8 00000000000000E5
126205.4 39C 8 FF6F000000000000
126218.5 3C3 8 FF00000000000000
126219.8 444 8 0000000000000005
126234.1 31C 8 00000000800084F3
126249.8 31D 8 000000000000001F
126265.5 444 8 0000000000000005
126281.0 6C0 7 04030100000000
126282.3 3F1 8 0002000000000000
126283.5 484 8 0000000000000000
126284.6 523 8 CD1F7770450E0B02
126286.0 52E 5 603F000000
126287.3 585 8 902C00000000003F
126288.4 64C 2 0011
126289.5 663 8 7814E00E00AA0000
126290.8 6B2 8 FFFEFF0F880082DC
126292.1 31C 8 00000000800084F3
126296.4 31D 8 000000000000001F
126297.8 38C 8 000000000000007F
126299.0 38D 8 00000000000000E5
126312.5 39C 8 FF6F000000000000
126314.4 3C3 8 FF00000000000000
126316.4 444 8 0000000000000005
126327.9 537 8 8080808080800000
126329.1 5FB 8 1FFFFFFFFF1FF87E
126330.3 539 8 2702800008030000
126331.6 541 8 0000000000000000
126332.7 5FA 8 5B9DC7CC9C46F1FF
126333.8 6AB 8 00000000000041A1
126334.9 538 8 8080008080000080
126343.5 31C 8 00000000800084F3
126344.8 5EA 8 0000000000000016
126346.0 31D 8 000000000000001F
126347.4 5EB 8 0000000000000007
126348.6 5EC 8 000000000000000F
126359.2 66B 8 7700000000000000
126363.9 66C 8 DF09000000000000
126374.8 444 8 0000000000000005
126390.6 3F1 8 0002000000000000
126392.7 663 8 7814E00E00AA0000
126394.0 31C 8 00000000800084F3
126395.4 31D 8 000000000000001F
126405.9 38C 8 000000000000007F
126407.2 38D 8 00000000000000E5
126408.4 39C 8 FF6F000000000000
126409.6 3C3 8 FF00000000000000
126421.6 444 8 0000000000000005
126437.3 31C 8 00000000800084F3
126438.6 31D 8 000000000000001F
126468.5 444 8 0000000000000005
126484.4 6C0 7 04030100000000
126485.7 3F1 8 0002000000000000
126487.0 663 8 7814E00E00AA0000
126488.3 31C 8 00000000800084F3
126499.9 31D 8 000000000000001F
126501.3 38C 8 000000000000007F
126502.5 38D 8 00000000000000E5
126515.5 39C 8 FF6F000000000000
126517.1 3C3 8 FF00000000000000
126518.3 444 8 0000000000000005
126531.2 537 8 8080808080800000
126532.6 6AB 8 00000000000041A1
126533.8 538 8 8080008080000080
126534.9 523 8 CD1F7770450E0B02
126536.2 52E 5 603F000000
126537.5 31C 8 00000000800084F3
126546.7 31D 8 000000000000001F
126562.4 444 8 0000000000000005
126577.9 539 8 2702800008030000
126579.1 541 8 0000000000000000
126580.2 3F1 8 0002000000000000
126581.6 663 8 7814E00E00AA0000
126593.5 31C 8 00000000800084F3
126594.8 31D 8 000000000000001F
126596.3 38C 8 000000000000007F
126609.3 38D 8 00000000000000E5
126610.5 39C 8 FF6F000000000000
126612.0 3C3 8 FF00000000000000
126625.0 444 8 0000000000000005
126640.5 31C 8 00000000800084F3
126641.8 31D 8 000000000000001F
126672.5 444 8 0000000000000005
126687.6 6C0 7 04030100000000
126688.8 3F1 8 0002000000000000
126690.0 663 8 7814E00E00AA0000
126691.4 31C 8 00000000800084F3
126692.8 31D 8 000000000000001F
126703.0 38C 8 000000000000007F
126704.3 38D 8 00000000000000E5
126705.6 39C 8 FF6F000000000000
126718.7 3C3 8 FF00000000000000
126720.0 444 8 0000000000000005
126721.6 537 8 8080808080800000
126734.3 6AB 8 00000000000041A1
126735.5 538 8 8080008080000080
126736.8 31C 8 00000000800084F3
126750.0 31D 8 000000000000001F
126765.5 444 8 0000000000000005
126781.3 3F1 8 0002000000000000
126782.8 484 8 0000000000000000
126784.6 523 8 CD1F7770450E0B02
126785.8 52E 5 603F000000
126787.2 663 8 7814E00E00AA0000
126788.4 31C 8 00000000800084F3
126796.5 31D 8 000000000000001F
126797.8 38C 8 000000000000007F
126799.0 38D 8 00000000000000E5
126812.5 39C 8 FF6F000000000000
126813.8 3C3 8 FF00000000000000
126815.0 444 8 0000000000000005
126828.0 539 8 2702800008030000
126829.2 541 8 0000000000000000
126843.7 31C 8 00000000800084F3
126845.3 5EA 8 0000000000000016
126846.7 31D 8 000000000000001F
126848.0 5EB 8 0000000000000007
126849.1 5EC 8 000000000000000F
126859.4 66B 8 7700000000000000
126860.6 66C 8 DF09000000000000
126875.2 444 8 0000000000000005
126890.6 6C0 7 04030100000000
126892.3 3F1 8 0002000000000000
126893.6 663 8 7814E00E00AA0000
126894.8 31C 8 00000000800084F3
126896.2 31D 8 000000000000001F
126906.0 38C 8 000000000000007F
126907.3 38D 8 00000000000000E5
126909.2 39C 8 FF6F000000000000
126910.4 3C3 8 FF00000000000000
126921.5 444 8 0000000000000005
126922.8 537 8 8080808080800000
126924.0 6AB 8 00000000000041A1
126925.2 538 8 8080008080000080
126937.4 31C 8 00000000800084F3
126938.7 31D 8 000000000000001F
126968.6 444 8 0000000000000005
126984.5 3F1 8 0002000000000000
126985.8 663 8 7814E00E00AA0000
126987.2 31C 8 00000000800084F3
126999.9 31D 8 000000000000001F
127001.3 38C 8 000000000000007F
127002.5 38D 8 00000000000000E5
127015.6 39C 8 FF6F000000000000
127017.8 3C3 8 FF00000000000000
127019.1 444 8 0000000000000005
127031.1 523 8 CD1F7770450E0B02
127032.5 52E 5 603F000000
127033.7 31C 8 00000000800084F3
127046.8 31D 8 000000000000001F
127062.6 444 8 0000000000000005
127078.1 539 8 2702800008030000
127079.3 541 8 0000000000000000
127080.4 6C0 7 04030100000000
127082.5 3F1 8 0002000000000000
127083.7 663 8 7814E00E00AA0000
127093.6 31C 8 00000000800084F3
127094.9 31D 8 000000000000001F
127096.4 38C 8 000000000000007F
127109.5 38D 8 00000000000000E5
127111.1 39C 8 FF6F000000000000
127112.6 3C3 8 FF00000000000000
127124.8 444 8 0000000000000005
127126.4 537 8 8080808080800000
127127.8 6AB 8 00000000000041A1
127129.2 538 8 8080008080000080
127140.5 31C 8 00000000800084F3
127141.8 31D 8 000000000000001F
127171.6 444 8 0000000000000005
127187.4 3F1 8 0002000000000000
127188.7 663 8 7814E00E00AA0000
127189.9 31C 8 00000000800084F3
127191.1 31D 8 000000000000001F
127202.9 38C 8 000000000000007F
127204.2 38D 8 00000000000000E5
127205.4 39C 8 FF6F000000000000
127218.5 3C3 8 FF00000000000000
127219.8 444 8 0000000000000005
127234.2 31C 8 00000000800084F3
127249.8 31D 8 000000000000001F
127265.5 444 8 0000000000000005
127281.0 6C0 7 04030100000000
127282.2 3F1 8 0002000000000000
127283.4 484 8 0000000000000000
127284.6 523 8 CD1F7770450E0B02
127285.9 52E 5 603F000000
127287.2 585 8 902C00000000003F
127288.3 64C 2 0011
127289.4 663 8 7814E00E00AA0000
127290.7 6B2 8 FFFEFF0F880002DD
127292.0 31C 8 00000000800084F3
127296.4 31D 8 000000000000001F
127297.9 38C 8 000000000000007F
127299.1 38D 8 00000000000000E5
127312.4 39C 8 FF6F000000000000
127313.8 3C3 8 FF00000000000000
127315.1 444 8 0000000000000005
127327.9 537 8 8080808080800000
127329.1 5FB 8 1FFFFFFFFF1FF87E
127330.2 539 8 2702800008030000
127331.3 541 8 0000000000000000
127332.5 5FA 8 5B9DC7CC9C46F1FF
127333.7 538 8 8080008080000080
127334.8 6AB 8 00000000000041A1
127343.5 31C 8 00000000800084F3
127344.8 5EA 8 0000000000000016
127346.0 31D 8 000000000000001F
127347.4 5EB 8 0000000000000007
127349.3 5EC 8 000000000000000F
127359.4 66B 8 7700000000000000
127360.7 66C 8 DF09000000000000
127374.9 444 8 0000000000000005
127390.5 3F1 8 0002000000000000
127392.4 663 8 7814E00E00AA0000
127393.8 31C 8 00000000800084F3
127395.6 31D 8 000000000000001F
127406.0 38C 8 000000000000007F
127407.2 38D 8 00000000000000E5
127408.4 39C 8 FF6F000000000000
127409.6 3C3 8 FF00000000000000
127421.7 444 8 0000000000000005
127437.3 31C 8 00000000800084F3
127438.6 31D 8 000000000000001F
127468.7 444 8 0000000000000005
127484.5 6C0 7 04030100000000
127486.0 3F1 8 0002000000000000
127487.3 663 8 7814E00E00AA0000
127488.5 31C 8 00000000800084F3
127500.0 31D 8 000000000000001F
127501.5 38C 8 000000000000007F
127502.7 38D 8 00000000000000E5
127515.6 39C 8 FF6F000000000000
127517.2 3C3 8 FF00000000000000
127518.7 444 8 0000000000000005
127531.1 537 8 8080808080800000
127532.3 6AB 8 00000000000041A1
127533.5 538 8 8080008080000080
127534.7 523 8 CD1F7770450E0B02
127535.9 52E 5 603F000000
127537.1 31C 8 00000000800084F3
127546.7 31D 8 000000000000001F
127562.3 444 8 0000000000000005
127577.7 539 8 2702800008030000
127578.9 541 8 0000000000000000
127580.0 3F1 8 0002000000000000
127581.2 663 8 7814E00E00AA0000
127593.5 31C 8 00000000800084F3
127594.8 31D 8 000000000000001F
127596.2 38C 8 000000000000007F
127609.3 38D 8 00000000000000E5
127610.5 39C 8 FF6F000000000000
127611.9 3C3 8 FF00000000000000
127625.0 444 8 0000000000000005
127640.5 31C 8 00000000800084F3
127641.8 31D 8 000000000000001F
127671.7 444 8 0000000000000005
127687.4 6C0 7 04030100000000
127688.6 3F1 8 0002000000000000
127689.7 663 8 7814E00E00AA0000
127691.8 31C 8 00000000800084F3
127693.1 31D 8 000000000000001F
127702.9 38C 8 000000000000007F
127704.2 38D 8 00000000000000E5
127705.4 39C 8 FF6F000000000000
127718.8 3C3 8 FF00000000000000
127721.7 444 8 0000000000000005
127723.0 537 8 8080808080800000
127734.1 6AB 8 00000000000041A1
127735.3 538 8 8080008080000080
127736.5 31C 8 00000000800084F3
127749.8 31D 8 000000000000001F
127765.4 444 8 0000000000000005
127781.1 3F1 8 0002000000000000
127782.3 484 8 0000000000000000
127783.5 523 8 CD1F7770450E0B02
127784.6 52E 5 603F000000
127786.0 663 8 7814E00E00AA0000
127787.3 31C 8 00000000800084F3
127796.5 31D 8 000000000000001F
127797.8 38C 8 000000000000007F
127799.2 38D 8 00000000000000E5
127812.3 39C 8 FF6F000000000000
127813.6 3C3 8 FF00000000000000
127814.7 444 8 0000000000000005
127828.1 539 8 2702800008030000
127829.9 541 8 0000000000000000
127843.5 31C 8 00000000800084F3
127844.8 5EA 8 0000000000000016
127846.2 31D 8 000000000000001F
127847.5 5EB 8 0000000000000007
127848.6 5EC 8 000000000000000F
127859.3 66B 8 7700000000000000
127860.5 66C 8 DF09000000000000
127875.0 444 8 0000000000000005
127890.9 6C0 7 04030100000000
127892.7 3F1 8 0002000000000000
127894.0 663 8 7814E00E00AA0000
127895.3 31C 8 00000000800084F3
127896.8 31D 8 000000000000001F
127906.0 38C 8 000000000000007F
127907.6 38D 8 00000000000000E5
127908.8 39C 8 FF6F000000000000
127910.1 3C3 8 FF00000000000000
127921.9 444 8 0000000000000005
127923.2 537 8 8080808080800000
127924.4 6AB 8 00000000000041A1
127925.5 538 8 8080008080000080
127937.5 31C 8 00000000800084F3
127938.8 31D 8 000000000000001F
127968.7 444 8 0000000000000005
127984.2 3F1 8 0002000000000000
127985.5 663 8 7814E00E00AA0000
127987.6 31C 8 00000000800084F3
127999.8 31D 8 000000000000001F
128001.2 38C 8 000000000000007F
128002.4 38D 8 00000000000000E5
128015.4 39C 8 FF6F000000000000
128016.7 3C3 8 FF00000000000000
128017.9 444 8 0000000000000005
128031.9 523 8 CD1F7770450E0B02
128033.6 52E 5 603F000000
128034.8 31C 8 00000000800084F3
128046.6 31D 8 000000000000001F
128062.4 444 8 0000000000000005
128077.7 539 8 2702800008030000
128078.9 541 8 0000000000000000
128080.0 6C0 7 04030100000000
128081.1 3F1 8 0002000000000000
128082.5 663 8 7814E00E00AA0000
128093.6 31C 8 00000000800084F3
128094.9 31D 8 000000000000001F
128096.1 38C 8 000000000000007F
128109.2 38D 8 00000000000000E5
128110.4 39C 8 FF6F000000000000
128111.8 3C3 8 FF00000000000000
128124.8 444 8 0000000000000005
128126.2 537 8 8080808080800000
128127.3 6AB 8 00000000000041A1
128129.0 538 8 8080008080000080
128140.4 31C 8 00000000800084F3
128141.8 31D 8 000000000000001F
128171.7 444 8 0000000000000005
128187.4 3F1 8 0002000000000000
128188.7 663 8 7814E00E00AA0000
128189.9 31C 8 00000000800084F3
128191.3 31D 8 000000000000001F
128202.9 38C 8 000000000000007F
128204.5 38D 8 00000000000000E5
128206.2 39C 8 FF6F000000000000
128218.6 3C3 8 FF00000000000000
128220.1 444 8 0000000000000005
128234.2 31C 8 00000000800084F3
128249.9 31D 8 000000000000001F
128265.5 444 8 0000000000000005
128280.9 6C0 7 04030100000000
128282.5 3F1 8 0002000000000000
128284.0 484 8 0000000000000000
128285.6 523 8 CD1F7770450E0B02
128287.0 52E 5 603F000000
128288.3 585 8 902C00000000003F
128289.6 64C 2 0011
128291.0 663 8 7814E00E00AA0000
128292.4 6B2 8 FFFEFF0F880082DD
128293.7 31C 8 00000000800084F3
128296.5 31D 8 000000000000001F
128298.3 38C 8 000000000000007F
128299.7 38D 8 00000000000000E5
128312.3 39C 8 FF6F000000000000
128313.7 3C3 8 FF00000000000000
128315.1 444 8 0000000000000005
128328.0 537 8 8080808080800000
128329.5 5FB 8 1FFFFFFFFF1FF87E
128331.1 539 8 2702800008030000
128333.0 541 8 0000000000000000
128334.4 538 8 8080008080000080
128336.0 5FA 8 5B9DC7CC9C46F1FF
128337.3 6AB 8 00000000000041A1
128343.4 31C 8 00000000800084F3
128344.9 5EA 8 0000000000000016
128346.1 31D 8 000000000000001F
128347.5 5EB 8 0000000000000007
128348.8 5EC 8 000000000000000F
128359.1 66B 8 7700000000000000
128360.6 66C 8 DF09000000000000
128374.9 444 8 0000000000000005
128390.3 3F1 8 0002000000000000
128392.5 663 8 7814E00E00AA0000
128394.6 31C 8 00000000800084F3
128396.4 31D 8 000000000000001F
128406.1 38C 8 000000000000007F
128407.8 38D 8 00000000000000E5
128409.4 39C 8 FF6F000000000000
128412.0 3C3 8 FF00000000000000
128421.8 444 8 0000000000000005
128437.5 31C 8 00000000800084F3
128439.5 31D 8 000000000000001F
128468.5 444 8 0000000000000005
128484.2 6C0 7 04030100000000
128485.9 3F1 8 0002000000000000
128487.4 663 8 7814E00E00AA0000
128489.0 31C 8 00000000800084F3
128499.8 31D 8 000000000000001F
128501.3 38C 8 000000000000007F
128502.9 38D 8 00000000000000E5
128515.4 39C 8 FF6F000000000000
128517.2 3C3 8 FF00000000000000
128518.8 444 8 0000000000000005
128530.9 537 8 8080808080800000
128532.7 6AB 8 00000000000041A1
128534.4 538 8 8080008080000080
128536.0 523 8 CD1F7770450E0B02
128537.5 52E 5 603F000000
128539.1 31C 8 00000000800084F3
128546.7 31D 8 000000000000001F
128562.2 444 8 0000000000000005
128578.1 539 8 2702800008030000
128579.7 541 8 0000000000000000
128582.2 3F1 8 0002000000000000
128583.9 663 8 7814E00E00AA0000
128593.5 31C 8 00000000800084F3
128595.5 31D 8 000000000000001F
128597.5 38C 8 000000000000007F
128609.1 38D 8 00000000000000E5
128610.8 39C 8 FF6F000000000000
128612.5 3C3 8 FF00000000000000
128624.8 444 8 0000000000000005
128640.5 31C 8 00000000800084F3
128642.4 31D 8 000000000000001F
128671.6 444 8 0000000000000005
128687.3 6C0 7 04030100000000
128688.8 3F1 8 0002000000000000
128690.1 663 8 7814E00E00AA0000
128691.7 31C 8 00000000800084F3
128693.4 31D 8 000000000000001F
128702.9 38C 8 000000000000007F
128704.5 38D 8 00000000000000E5
128706.0 39C 8 FF6F000000000000
128718.4 3C3 8 FF00000000000000
128720.0 444 8 0000000000000005
128722.0 537 8 8080808080800000
128734.0 6AB 8 00000000000041A1
128736.1 538 8 8080008080000080
128738.7 31C 8 00000000800084F3
128750.1 31D 8 000000000000001F
128765.3 444 8 0000000000000005
128780.9 3F1 8 0002000000000000
128782.6 484 8 0000000000000000
128784.1 523 8 CD1F7770450E0B02
128785.7 52E 5 603F000000
128787.2 663 8 7814E00E00AA0000
128788.9 31C 8 00000000800084F3
128796.5 31D 8 000000000000001F
128798.4 38C 8 000000000000007F
128800.0 38D 8 00000000000000E5
128812.4 39C 8 FF6F000000000000
128813.9 3C3 8 FF00000000000000
128815.4 444 8 0000000000000005
128828.0 539 8 2702800008030000
128829.3 541 8 0000000000000000
128843.6 31C 8 00000000800084F3
128845.0 5EA 8 0000000000000016
128846.2 31D 8 000000000000001F
128847.6 5EB 8 0000000000000007
128848.7 5EC 8 000000000000000F
128859.2 66B 8 7700000000000000
128860.4 66C 8 DF09000000000000
128874.8 444 8 0000000000000005
128890.6 6C0 7 04030100000000
128892.0 3F1 8 0002000000000000
128893.9 663 8 7814E00E00AA0000
128895.2 31C 8 00000000800084F3
128896.7 31D 8 000000000000001F
128905.8 38C 8 000000000000007F
128907.1 38D 8 00000000000000E5
128908.3 39C 8 FF6F000000000000
128909.5 3C3 8 FF00000000000000
128921.9 444 8 0000000000000005
128923.1 537 8 8080808080800000
128924.3 6AB 8 00000000000041A1
128925.5 538 8 8080008080000080
128937.3 31C 8 00000000800084F3
128938.7 31D 8 000000000000001F
128968.5 444 8 0000000000000005
128984.4 3F1 8 0002000000000000
128985.7 663 8 7814E00E00AA0000
128987.1 31C 8 00000000800084F3
128999.9 31D 8 000000000000001F
129001.3 38C 8 000000000000007F
129002.7 38D 8 00000000000000E5
129015.5 39C 8 FF6F000000000000
129016.8 3C3 8 FF00000000000000
129018.0 444 8 0000000000000005
129031.0 523 8 CD1F7770450E0B02
129032.4 52E 5 603F000000
129033.5 31C 8 00000000800084F3
129046.6 31D 8 000000000000001F
129062.4 444 8 0000000000000005
129078.0 539 8 2702800008030000
129085.8 541 8 0000000000000000
129087.1 6C0 7 04030100000000
129088.3 3F1 8 0002000000000000
129089.5 663 8 7814E00E00AA0000
129093.5 31C 8 00000000800084F3
129094.8 31D 8 000000000000001F
129096.1 38C 8 000000000000007F
129109.1 38D 8 00000000000000E5
129110.4 39C 8 FF6F000000000000
129111.8 3C3 8 FF00000000000000
129125.1 444 8 0000000000000005
129126.4 537 8 8080808080800000
129127.5 6AB 8 00000000000041A1
129128.7 538 8 8080008080000080
129140.4 31C 8 00000000800084F3
129141.7 31D 8 000000000000001F
129171.7 444 8 0000000000000005
129187.6 3F1 8 0002000000000000
129188.9 663 8 7814E00E00AA0000
129190.1 31C 8 00000000800084F3
129191.5 31D 8 000000000000001F
129202.9 38C 8 000000000000007F
129204.8 38D 8 00000000000000E5
129206.2 39C 8 FF6F000000000000
129218.6 3C3 8 FF00000000000000
129219.9 444 8 0000000000000005
129234.3 31C 8 00000000800084F3
129249.9 31D 8 000000000000001F
129267.4 444 8 0000000000000005
129281.2 6C0 7 04030100000000
129282.6 3F1 8 0002000000000000
129283.8 484 8 0000000000000000
129284.9 523 8 CD1F7770450E0B02
129286.2 52E 5 603F000000
129287.4 585 8 902C00000000003F
129288.5 64C 2 0011
129289.7 663 8 7814E00E00AA0000
129291.0 6B2 8 FFFEFF0F880004C0
129292.2 31C 8 00000000800084F3
129296.4 31D 8 000000000000001F
129297.9 38C 8 000000000000007F
129299.1 38D 8 00000000000000E5
129312.4 39C 8 FF6F000000000000
129313.7 3C3 8 FF00000000000000
129314.9 444 8 0000000000000005
129327.9 537 8 8080808080800000
129329.3 5FB 8 1FFFFFFFFF1FF87E
129330.4 539 8 2702800008030000
129331.7 538 8 8080008080000080
129332.9 541 8 0000000000000000
129334.8 5FA 8 5B9DC7CC9C46F1FF
129336.0 6AB 8 00000000000041A1
129343.5 31C 8 00000000800084F3
129344.9 5EA 8 0000000000000016
129346.1 31D 8 000000000000001F
129347.5 5EB 8 0000000000000007
129348.6 5EC 8 000000000000000F
129359.1 66B 8 7700000000000000
129360.3 66C 8 DF09000000000000
129374.9 444 8 0000000000000005
129390.6 3F1 8 0002000000000000
129392.4 663 8 7814E00E00AA0000
129393.8 31C 8 00000000800084F3
129395.9 31D 8 000000000000001F
129406.0 38C 8 000000000000007F
129407.2 38D 8 00000000000000E5
129408.4 39C 8 FF6F000000000000
129409.7 3C3 8 FF00000000000000
129421.7 444 8 0000000000000005
129437.4 31C 8 00000000800084F3
129438.7 31D 8 000000000000001F
129468.6 444 8 0000000000000005
129484.2 6C0 7 04030100000000
129485.5 3F1 8 0002000000000000
129486.6 663 8 7814E00E00AA0000
129487.9 31C 8 00000000800084F3
129500.0 31D 8 000000000000001F
129501.4 38C 8 000000000000007F
129502.7 38D 8 00000000000000E5
129515.4 39C 8 FF6F000000000000
129516.7 3C3 8 FF00000000000000
129517.9 444 8 0000000000000005
129531.2 537 8 8080808080800000
129532.5 6AB 8 00000000000041A1
129533.7 538 8 8080008080000080
129534.8 523 8 CD1F7770450E0B02
129536.1 52E 5 603F000000
129537.3 31C 8 00000000800084F3
129546.6 31D 8 000000000000001F
129562.3 444 8 0000000000000005
129578.1 539 8 2702800008030000
129579.3 541 8 0000000000000000
129580.4 3F1 8 0002000000000000
129581.9 663 8 7814E00E00AA0000
129593.7 31C 8 00000000800084F3
129595.2 31D 8 000000000000001F
129596.7 38C 8 000000000000007F
129609.3 38D 8 00000000000000E5
129610.5 39C 8 FF6F000000000000
129611.9 3C3 8 FF00000000000000
129624.9 444 8 0000000000000005
129640.4 31C 8 00000000800084F3
129642.4 31D 8 000000000000001F
129671.7 444 8 0000000000000005
129687.4 6C0 7 04030100000000
129688.6 3F1 8 0002000000000000
129689.8 663 8 7814E00E00AA0000
129691.1 31C 8 00000000800084F3
129692.6 31D 8 000000000000001F
129703.1 38C 8 000000000000007F
129705.2 38D 8 00000000000000E5
129707.4 39C 8 FF6F000000000000
129718.8 3C3 8 FF00000000000000
129720.1 444 8 0000000000000005
129721.8 537 8 8080808080800000
129734.1 6AB 8 00000000000041A1
129735.4 538 8 8080008080000080
129736.6 31C 8 00000000800084F3
129749.8 31D 8 000000000000001F
129765.5 444 8 0000000000000005
129781.0 3F1 8 0002000000000000
129782.3 484 8 0000000000000000
129783.4 523 8 CD1F7770450E0B02
129784.6 52E 5 603F000000
129785.8 663 8 7814E00E00AA0000
129787.0 31C 8 00000000800084F3
129796.4 31D 8 000000000000001F
129798.5 38C 8 000000000000007F
129799.8 38D 8 00000000000000E5
129812.5 39C 8 FF6F000000000000
129813.8 3C3 8 FF00000000000000
129815.0 444 8 0000000000000005
129827.9 539 8 2702800008030000
129829.2 541 8 0000000000000000
129843.6 31C 8 00000000800084F3
129844.9 5EA 8 0000000000000016
129846.0 31D 8 000000000000001F
129847.3 5EB 8 0000000000000007
129848.4 5EC 8 000000000000000F
129859.3 66B 8 7700000000000000
129860.4 66C 8 DF09000000000000
129874.8 444 8 0000000000000005
129890.5 6C0 7 04030100000000
129891.7 3F1 8 0002000000000000
129892.9 663 8 7814E00E00AA0000
129894.1 31C 8 00000000800084F3
129895.4 31D 8 000000000000001F
129906.0 38C 8 000000000000007F
129907.4 38D 8 00000000000000E5
129908.7 39C 8 FF6F000000000000
129909.9 3C3 8 FF00000000000000
129921.4 444 8 0000000000000005
129922.7 537 8 8080808080800000
129923.9 6AB 8 00000000000041A1
129925.1 538 8 8080008080000080
129937.4 31C 8 00000000800084F3
129938.7 31D 8 000000000000001F
129968.5 444 8 0000000000000005
129984.2 3F1 8 0002000000000000
129985.5 663 8 7814E00E00AA0000
129986.7 31C 8 00000000800084F3
130000.0 31D 8 000000000000001F
130001.4 38C 8 000000000000007F
130002.7 38D 8 00000000000000E5
130015.4 39C 8 FF6F000000000000
130016.7 3C3 8 FF00000000000000
130018.0 444 8 0000000000000005
130031.0 523 8 CD1F7770450E0B02
130032.2 52E 5 603F000000
130033.4 31C 8 00000000800084F3
130046.8 31D 8 000000000000001F
130062.5 444 8 0000000000000005
130077.7 539 8 2702800008030000
130079.0 541 8 0000000000000000
130080.1 6C0 7 04030100000000
130081.2 3F1 8 0002000000000000
130082.4 663 8 7814E00E00AA0000
130093.6 31C 8 00000000800084F3
130095.2 31D 8 000000000000001F
130097.4 38C 8 000000000000007F
130109.1 38D 8 00000000000000E5
130110.5 39C 8 FF6F000000000000
130112.0 3C3 8 FF00000000000000
130124.8 444 8 0000000000000005
130126.2 537 8 8080808080800000
130127.4 6AB 8 00000000000041A1
130128.6 538 8 8080008080000080
130140.5 31C 8 00000000800084F3
130141.8 31D 8 000000000000001F
130171.7 444 8 0000000000000005
130187.4 3F1 8 0002000000000000
130188.7 663 8 7814E00E00AA0000
130189.9 31C 8 00000000800084F3
130191.1 31D 8 000000000000001F
130202.9 38C 8 000000000000007F
130204.2 38D 8 00000000000000E5
130205.4 39C 8 FF6F000000000000
130218.6 3C3 8 FF00000000000000
130220.1 444 8 0000000000000005
130234.2 31C 8 00000000800084F3
130250.1 31D 8 000000000000001F
130265.4 444 8 0000000000000005
130281.2 6C0 7 04030100000000
130282.8 3F1 8 0002000000000000
130284.0 484 8 0000000000000000
130286.0 523 8 CD1F7770450E0B02
130287.3 52E 5 603F000000
130288.4 585 8 902C00000000003F
130289.6 64C 2 0011
130291.0 663 8 7814E00E00AA0000
130292.4 6B2 8 FFFEFF0F880084C0
130293.6 31C 8 00000000800084F3
130296.4 31D 8 000000000000001F
130297.8 38C 8 000000000000007F
130299.1 38D 8 00000000000000E5
130312.5 39C 8 FF6F000000000000
130313.9 3C3 8 FF00000000000000
130315.1 444 8 0000000000000005
130328.3 537 8 8080808080800000
130330.0 5FB 8 1FFFFFFFFF1FF87E
130332.0 538 8 8080008080000080
130333.5 539 8 2702800008030000
130335.0 541 8 0000000000000000
130336.4 5FA 8 5B9DC7CC9C46F1FF
130337.6 6AB 8 00000000000041A1
130343.7 31C 8 00000000800084F3
130345.2 5EA 8 0000000000000016
130346.5 31D 8 000000000000001F
130347.8 5EB 8 0000000000000007
130349.0 5EC 8 000000000000000F
130359.3 66B 8 7700000000000000
130360.5 66C 8 DF09000000000000
130375.2 444 8 0000000000000005
130391.4 3F1 8 0002000000000000
130395.3 663 8 7814E00E00AA0000
130396.9 31C 8 00000000800084F3
130398.4 31D 8 000000000000001F
130399.7 38C 8 000000000000007F
130406.3 38D 8 00000000000000E5
130407.8 39C 8 FF6F000000000000
130409.1 3C3 8 FF00000000000000
130421.9 444 8 0000000000000005
130437.5 31C 8 00000000800084F3
130441.7 31D 8 000000000000001F
130468.7 444 8 0000000000000005
130484.3 6C0 7 04030100000000
130485.6 3F1 8 0002000000000000
130486.8 663 8 7814E00E00AA0000
130488.2 31C 8 00000000800084F3
130499.9 31D 8 000000000000001F
130501.3 38C 8 000000000000007F
130502.7 38D 8 00000000000000E5
130515.5 39C 8 FF6F000000000000
130516.8 3C3 8 FF00000000000000
130518.0 444 8 0000000000000005
130531.1 537 8 8080808080800000
130532.5 538 8 8080008080000080
130533.6 6AB 8 00000000000041A1
130534.8 523 8 CD1F7770450E0B02
130536.0 52E 5 603F000000
130537.9 31C 8 00000000800084F3
130546.7 31D 8 000000000000001F
130562.3 444 8 0000000000000005
130578.0 539 8 2702800008030000
130579.2 541 8 0000000000000000
130580.4 3F1 8 0002000000000000
130581.7 663 8 7814E00E00AA0000
130593.5 31C 8 00000000800084F3
130594.8 31D 8 000000000000001F
130596.1 38C 8 000000000000007F
130609.2 38D 8 00000000000000E5
130610.4 39C 8 FF6F000000000000
130611.9 3C3 8 FF00000000000000
130624.9 444 8 0000000000000005
130640.4 31C 8 00000000800084F3
130641.7 31D 8 000000000000001F
130671.7 444 8 0000000000000005
130687.5 6C0 7 04030100000000
130688.8 3F1 8 0002000000000000
130690.0 663 8 7814E00E00AA0000
130691.2 31C 8 00000000800084F3
130692.5 31D 8 000000000000001F
130703.0 38C 8 000000000000007F
130704.2 38D 8 00000000000000E5
130706.2 39C 8 FF6F000000000000
130718.7 3C3 8 FF00000000000000
130720.0 444 8 0000000000000005
130721.5 537 8 8080808080800000
130734.6 538 8 8080008080000080
130736.2 6AB 8 00000000000041A1
130737.4 31C 8 00000000800084F3
130749.9 31D 8 000000000000001F
130765.6 444 8 0000000000000005
130781.1 3F1 8 0002000000000000
130782.5 484 8 0000000000000000
130783.6 523 8 CD1F7770450E0B02
130784.8 52E 5 603F000000
130786.1 663 8 7814E00E00AA0000
130787.4 31C 8 00000000800084F3
130796.5 31D 8 000000000000001F
130797.8 38C 8 000000000000007F
130799.0 38D 8 00000000000000E5
130812.4 39C 8 FF6F000000000000
130813.6 3C3 8 FF00000000000000
130814.8 444 8 0000000000000005
130828.1 539 8 2702800008030000
130830.1 541 8 0000000000000000
130843.6 31C 8 00000000800084F3
130845.0 5EA 8 0000000000000016
130846.0 31D 8 000000000000001F
130847.3 5EB 8 0000000000000007
130849.2 5EC 8 000000000000000F
130859.0 66B 8 7700000000000000
130860.2 66C 8 DF09000000000000
130874.8 444 8 0000000000000005
130890.4 6C0 7 04030100000000
130891.7 3F1 8 0002000000000000
130892.9 663 8 7814E00E00AA0000
130894.1 31C 8 00000000800084F3
130895.6 31D 8 000000000000001F
130905.9 38C 8 000000000000007F
130907.3 38D 8 00000000000000E5
130908.5 39C 8 FF6F000000000000
130909.7 3C3 8 FF00000000000000
130921.5 444 8 0000000000000005
130923.0 537 8 8080808080800000
130924.3 538 8 8080008080000080
130925.4 6AB 8 00000000000041A1
130937.3 31C 8 00000000800084F3
130938.6 31D 8 000000000000001F
130968.5 444 8 0000000000000005
130984.2 3F1 8 0002000000000000
130985.5 663 8 7814E00E00AA0000
130986.7 31C 8 00000000800084F3
130999.8 31D 8 000000000000001F
131001.3 38C 8 000000000000007F
131002.7 38D 8 00000000000000E5
131015.5 39C 8 FF6F000000000000
131016.7 3C3 8 FF00000000000000
131018.0 444 8 0000000000000005
131031.1 523 8 CD1F7770450E0B02
131032.3 52E 5 603F000000
131033.4 31C 8 00000000800084F3
131046.6 31D 8 000000000000001F
131062.3 444 8 0000000000000005
131077.7 539 8 2702800008030000
131078.9 541 8 0000000000000000
131080.1 6C0 7 04030100000000
131081.2 3F1 8 0002000000000000
131082.4 663 8 7814E00E00AA0000
131093.5 31C 8 00000000800084F3
131094.8 31D 8 000000000000001F
131096.2 38C 8 000000000000007F
131109.3 38D 8 00000000000000E5
131110.7 39C 8 FF6F000000000000
131111.9 3C3 8 FF00000000000000
131124.8 444 8 0000000000000005
131126.2 537 8 8080808080800000
131127.4 538 8 8080008080000080
131128.5 6AB 8 00000000000041A1
131140.5 31C 8 00000000800084F3
131141.7 31D 8 000000000000001F
131171.8 444 8 0000000000000005
131187.4 3F1 8 0002000000000000
131188.7 663 8 7814E00E00AA0000
131189.9 31C 8 00000000800084F3
131191.2 31D 8 000000000000001F
131202.9 38C 8 000000000000007F
131204.1 38D 8 00000000000000E5
131205.3 39C 8 FF6F000000000000
131218.6 3C3 8 FF00000000000000
131219.8 444 8 0000000000000005
131234.1 31C 8 00000000800084F3
131249.9 31D 8 000000000000001F
131265.4 444 8 0000000000000005
131281.0 6C0 7 04030100000000
131282.2 3F1 8 0002000000000000
131283.4 484 8 0000000000000000
131284.6 523 8 CD1F7770450E0B02
131285.7 52E 5 603F000000
131286.9 585 8 902C00000000003F
131288.0 64C 2 0011
131289.2 663 8 7814E00E00AA0000
131290.4 6B2 8 FFFEFF0F880004C1
131291.4 31C 8 00000000800084F3
131296.4 31D 8 000000000000001F
131297.7 38C 8 000000000000007F
131298.9 38D 8 00000000000000E5
131312.7 39C 8 FF6F000000000000
131315.8 3C3 8 FF00000000000000
131318.9 444 8 0000000000000005
131328.0 537 8 8080808080800000
131329.4 538 8 8080008080000080
131330.6 5FB 8 1FFFFFFFFF1FF87E
131332.0 539 8 2702800008030000
131333.1 541 8 0000000000000000
131334.3 5FA 8 5B9DC7CC9C46F1FF
131335.4 6AB 8 00000000000041A1
131343.7 31C 8 00000000800084F3
131345.1 5EA 8 0000000000000016
131346.3 31D 8 000000000000001F
131347.6 5EB 8 0000000000000007
131348.7 5EC 8 000000000000000F
131359.3 66B 8 7700000000000000
131360.4 66C 8 DF09000000000000
131374.8 444 8 0000000000000005
131390.5 3F1 8 0002000000000000
131392.2 663 8 7814E00E00AA0000
131393.7 31C 8 00000000800084F3
131395.1 31D 8 000000000000001F
131406.1 38C 8 000000000000007F
131407.4 38D 8 00000000000000E5
131408.6 39C 8 FF6F000000000000
131409.8 3C3 8 FF00000000000000
131421.7 444 8 0000000000000005
131437.6 31C 8 00000000800084F3
131439.0 31D 8 000000000000001F
131468.7 444 8 0000000000000005
131484.3 6C0 7 04030100000000
131485.9 3F1 8 0002000000000000
131487.3 663 8 7814E00E00AA0000
131488.5 31C 8 00000000800084F3
131500.0 31D 8 000000000000001F
131501.5 38C 8 000000000000007F
131502.8 38D 8 00000000000000E5
131515.4 39C 8 FF6F000000000000
131517.0 3C3 8 FF00000000000000
131518.2 444 8 0000000000000005
131531.3 537 8 8080808080800000
131532.6 538 8 8080008080000080
131533.8 6AB 8 00000000000041A1
131535.0 523 8 CD1F7770450E0B02
131536.3 52E 5 603F000000
131537.4 31C 8 00000000800084F3
131546.8 31D 8 000000000000001F
131563.1 444 8 0000000000000005
131578.9 539 8 2702800008030000
131580.1 541 8 0000000000000000
131581.4 3F1 8 0002000000000000
131582.6 663 8 7814E00E00AA0000
131594.8 31C 8 00000000800084F3
131596.2 31D 8 000000000000001F
131597.6 38C 8 000000000000007F
131610.3 38D 8 00000000000000E5
131612.0 39C 8 FF6F000000000000
131613.2 3C3 8 FF00000000000000
131626.2 444 8 0000000000000005
131641.9 31C 8 00000000800084F3
131643.5 31D 8 000000000000001F
131673.0 444 8 0000000000000005
131688.7 6C0 7 04030100000000
131689.9 3F1 8 0002000000000000
131691.2 663 8 7814E00E00AA0000
131692.5 31C 8 00000000800084F3
131693.8 31D 8 000000000000001F
131704.3 38C 8 000000000000007F
131705.6 38D 8 00000000000000E5
131707.0 39C 8 FF6F000000000000
131719.7 3C3 8 FF00000000000000
131721.0 444 8 0000000000000005
131722.5 537 8 8080808080800000
131735.7 538 8 8080008080000080
131737.4 6AB 8 00000000000041A1
131738.6 31C 8 00000000800084F3
131751.0 31D 8 000000000000001F
131766.5 444 8 0000000000000005
131782.3 3F1 8 0002000000000000
131784.2 484 8 0000000000000000
131785.4 523 8 CD1F7770450E0B02
131786.8 52E 5 603F000000
131787.9 663 8 7814E00E00AA0000
131789.2 31C 8 00000000800084F3
131797.8 31D 8 000000000000001F
131799.0 38C 8 000000000000007F
131800.3 38D 8 00000000000000E5
131813.6 39C 8 FF6F000000000000
131816.5 3C3 8 FF00000000000000
131817.8 444 8 0000000000000005
131829.3 539 8 2702800008030000
131830.7 541 8 0000000000000000
131844.8 31C 8 00000000800084F3
131846.2 5EA 8 0000000000000016
131847.4 31D 8 000000000000001F
131848.7 5EB 8 0000000000000007
131849.8 5EC 8 000000000000000F
131860.5 66B 8 7700000000000000
131861.8 66C 8 DF09000000000000
131876.1 444 8 0000000000000005
131891.3 6C0 7 04030100000000
131892.6 3F1 8 0002000000000000
131893.8 663 8 7814E00E00AA0000
131895.0 31C 8 00000000800084F3
131896.5 31D 8 000000000000001F
131897.8 38C 8 000000000000007F
131907.4 38D 8 00000000000000E5
131909.3 39C 8 FF6F000000000000
131910.6 3C3 8 FF00000000000000
131923.0 444 8 0000000000000005
131924.5 537 8 8080808080800000
131925.7 538 8 8080008080000080
131926.8 6AB 8 00000000000041A1
131938.7 31C 8 00000000800084F3
131940.9 31D 8 000000000000001F
131969.8 444 8 0000000000000005
131985.4 3F1 8 0002000000000000
131987.0 663 8 7814E00E00AA0000
131988.4 31C 8 00000000800084F3
132001.3 31D 8 000000000000001F
132003.0 38C 8 000000000000007F
132004.2 38D 8 00000000000000E5
132005.4 39C 8 FF6F000000000000
132016.6 3C3 8 FF00000000000000
132017.9 444 8 0000000000000005
132032.4 523 8 CD1F7770450E0B02
132033.6 52E 5 603F000000
132034.8 31C 8 00000000800084F3
132048.1 31D 8 000000000000001F
132063.7 444 8 0000000000000005
132079.1 539 8 2702800008030000
132080.3 541 8 0000000000000000
132082.3 6C0 7 04030100000000
132083.5 3F1 8 0002000000000000
132084.7 663 8 7814E00E00AA0000
132094.8 31C 8 00000000800084F3
132096.2 31D 8 000000000000001F
132097.5 38C 8 000000000000007F
132110.6 38D 8 00000000000000E5
132112.0 39C 8 FF6F000000000000
132113.2 3C3 8 FF00000000000000
132126.2 444 8 0000000000000005
132127.5 537 8 8080808080800000
132128.6 538 8 8080008080000080
132129.9 6AB 8 00000000000041A1
132141.7 31C 8 00000000800084F3
132143.0 31D 8 000000000000001F
132172.9 444 8 0000000000000005
132188.7 3F1 8 0002000000000000
132189.9 663 8 7814E00E00AA0000
132191.2 31C 8 00000000800084F3
132192.6 31D 8 000000000000001F
132204.1 38C 8 000000000000007F
132205.4 38D 8 00000000000000E5
132206.8 39C 8 FF6F000000000000
132219.9 3C3 8 FF00000000000000
132221.2 444 8 0000000000000005
132235.5 31C 8 00000000800084F3
132251.2 31D 8 000000000000001F
132266.9 444 8 0000000000000005
132282.3 6C0 7 04030100000000
132283.5 3F1 8 0002000000000000
132284.8 484 8 0000000000000000
132286.1 523 8 CD1F7770450E0B02
132287.4 52E 5 603F000000
132288.6 585 8 902C00000000003F
132289.7 64C 2 0011
132290.8 663 8 7814E00E00AA0000
132292.1 6B2 8 FFFEFF0F880084C1
132293.3 31C 8 00000000800084F3
132297.8 31D 8 000000000000001F
132299.2 38C 8 000000000000007F
132300.4 38D 8 00000000000000E5
132313.5 39C 8 FF6F000000000000
132314.8 3C3 8 FF00000000000000
132316.1 444 8 0000000000000005
132329.2 537 8 8080808080800000
132330.5 538 8 8080008080000080
132332.0 5FB 8 1FFFFFFFFF1FF87E
132333.0 539 8 2702800008030000
132334.3 541 8 0000000000000000
132335.7 5FA 8 5B9DC7CC9C46F1FF
132337.0 6AB 8 00000000000041A1
132344.7 31C 8 00000000800084F3
132346.0 5EA 8 0000000000000016
132347.2 31D 8 000000000000001F
132349.3 5EB 8 0000000000000007
132350.4 5EC 8 000000000000000F
132360.3 66B 8 7700000000000000
132361.6 66C 8 DF09000000000000
132376.0 444 8 0000000000000005
132391.5 3F1 8 0002000000000000
132393.3 663 8 7814E00E00AA0000
132394.8 31C 8 00000000800084F3
132396.4 31D 8 000000000000001F
132397.8 38C 8 000000000000007F
132407.2 38D 8 00000000000000E5
132408.5 39C 8 FF6F000000000000
132409.7 3C3 8 FF00000000000000
132422.8 444 8 0000000000000005
132438.5 31C 8 00000000800084F3
132439.9 31D 8 000000000000001F
132469.6 444 8 0000000000000005
132485.3 6C0 7 04030100000000
132486.5 3F1 8 0002000000000000
132487.8 663 8 7814E00E00AA0000
132489.0 31C 8 00000000800084F3
132501.1 31D 8 000000000000001F
132502.8 38C 8 000000000000007F
132504.0 38D 8 00000000000000E5
132505.6 39C 8 FF6F000000000000
132516.4 3C3 8 FF00000000000000
132517.9 444 8 0000000000000005
132520.3 537 8 8080808080800000
132532.4 538 8 8080008080000080
132534.3 6AB 8 00000000000041A1
132535.8 523 8 CD1F7770450E0B02
132537.1 52E 5 603F000000
132538.2 31C 8 00000000800084F3
132547.8 31D 8 000000000000001F
132563.5 444 8 0000000000000005
132579.0 539 8 2702800008030000
132580.2 541 8 0000000000000000
132581.5 3F1 8 0002000000000000
132582.7 663 8 7814E00E00AA0000
132594.8 31C 8 00000000800084F3
132596.2 31D 8 000000000000001F
132597.5 38C 8 000000000000007F
132610.3 38D 8 00000000000000E5
132611.7 39C 8 FF6F000000000000
132612.9 3C3 8 FF00000000000000
132626.0 444 8 0000000000000005
132641.8 31C 8 00000000800084F3
132643.0 31D 8 000000000000001F
132672.8 444 8 0000000000000005
132688.6 6C0 7 04030100000000
132689.8 3F1 8 0002000000000000
132691.1 663 8 7814E00E00AA0000
132692.4 31C 8 00000000800084F3
132693.7 31D 8 000000000000001F
132704.1 38C 8 000000000000007F
132705.4 38D 8 00000000000000E5
132706.8 39C 8 FF6F000000000000
132719.7 3C3 8 FF00000000000000
132720.9 444 8 0000000000000005
132722.5 537 8 8080808080800000
132735.7 538 8 8080008080000080
132737.1 6AB 8 00000000000041A1
132738.3 31C 8 00000000800084F3
132751.0 31D 8 000000000000001F
132766.5 444 8 0000000000000005
132782.2 3F1 8 0002000000000000
132783.5 484 8 0000000000000000
132784.6 523 8 CD1F7770450E0B02
132785.9 52E 5 603F000000
132787.1 663 8 7814E00E00AA0000
132788.4 31C 8 00000000800084F3
132797.8 31D 8 000000000000001F
132799.1 38C 8 000000000000007F
132800.4 38D 8 00000000000000E5
132813.6 39C 8 FF6F000000000000
132814.8 3C3 8 FF00000000000000
132816.0 444 8 0000000000000005
132829.1 539 8 2702800008030000
132830.3 541 8 0000000000000000
132844.7 31C 8 00000000800084F3
132846.8 5EA 8 0000000000000016
132848.0 31D 8 000000000000001F
132849.3 5EB 8 0000000000000007
132850.4 5EC 8 000000000000000F
132860.4 66B 8 7700000000000000
132861.9 66C 8 DF09000000000000
132876.2 444 8 0000000000000005
132891.3 6C0 7 04030100000000
132892.5 3F1 8 0002000000000000
132893.7 663 8 7814E00E00AA0000
132894.9 31C 8 00000000800084F3
132896.4 31D 8 000000000000001F
132897.7 38C 8 000000000000007F
132907.8 38D 8 00000000000000E5
132909.3 39C 8 FF6F000000000000
132910.9 3C3 8 FF00000000000000
132922.8 444 8 0000000000000005
132924.1 537 8 8080808080800000
132925.3 538 8 8080008080000080
132926.4 6AB 8 00000000000041A1
132938.9 31C 8 00000000800084F3
132940.8 31D 8 000000000000001F
132969.7 444 8 0000000000000005
132985.3 3F1 8 0002000000000000
132986.7 663 8 7814E00E00AA0000
132988.0 31C 8 00000000800084F3
133001.4 31D 8 000000000000001F
133002.8 38C 8 000000000000007F
133004.0 38D 8 00000000000000E5
133005.2 39C 8 FF6F000000000000
133016.6 3C3 8 FF00000000000000
133017.8 444 8 0000000000000005
133032.5 523 8 CD1F7770450E0B02
133033.8 52E 5 603F000000
133034.9 31C 8 00000000800084F3
133047.9 31D 8 000000000000001F
133063.5 444 8 0000000000000005
133079.0 539 8 2702800008030000
133080.2 541 8 0000000000000000
133081.4 6C0 7 04030100000000
133082.8 3F1 8 0002000000000000
133084.0 663 8 7814E00E00AA0000
133094.8 31C 8 00000000800084F3
133096.1 31D 8 000000000000001F
133097.6 38C 8 000000000000007F
133110.3 38D 8 00000000000000E5
133111.7 39C 8 FF6F000000000000
133113.0 3C3 8 FF00000000000000
133126.1 444 8 0000000000000005
133127.4 537 8 8080808080800000
133128.6 538 8 8080008080000080
133129.8 6AB 8 00000000000041A1
133141.5 31C 8 00000000800084F3
133142.8 31D 8 000000000000001F
133172.8 444 8 0000000000000005
133188.5 3F1 8 0002000000000000
133189.7 663 8 7814E00E00AA0000
133191.0 31C 8 00000000800084F3
133192.3 31D 8 000000000000001F
133204.0 38C 8 000000000000007F
133205.3 38D 8 00000000000000E5
133206.7 39C 8 FF6F000000000000
133219.6 3C3 8 FF00000000000000
133220.9 444 8 0000000000000005
133235.4 31C 8 00000000800084F3
133251.1 31D 8 000000000000001F
133266.8 444 8 0000000000000005
133282.2 6C0 7 04030100000000
133283.4 3F1 8 0002000000000000
133284.6 484 8 0000000000000000
133285.9 523 8 CD1F7770450E0B02
133287.2 52E 5 603F000000
133288.3 585 8 902C00000000003F
133289.4 64C 2 0011
133290.6 663 8 7814E00E00AA0000
133292.0 6B2 8 FFFEFF0F880004C2
133293.2 31C 8 00000000800084F3
133297.9 31D 8 000000000000001F
133299.8 38C 8 000000000000007F
133301.1 38D 8 00000000000000E5
133313.7 39C 8 FF6F000000000000
133314.9 3C3 8 FF00000000000000
133316.3 444 8 0000000000000005
133329.1 537 8 8080808080800000
133330.3 538 8 8080008080000080
133331.9 5FB 8 1FFFFFFFFF1FF87E
133333.1 539 8 2702800008030000
133334.2 541 8 0000000000000000
133335.4 5FA 8 5B9DC7CC9C46F1FF
133337.0 6AB 8 00000000000041A1
133344.9 31C 8 00000000800084F3
133347.2 5EA 8 0000000000000016
133348.9 31D 8 000000000000001F
133350.5 5EB 8 0000000000000007
133351.9 5EC 8 000000000000000F
133360.3 66B 8 7700000000000000
133361.4 66C 8 DF09000000000000
133376.0 444 8 0000000000000005
133391.5 3F1 8 0002000000000000
133393.0 663 8 7814E00E00AA0000
133394.4 31C 8 00000000800084F3
133396.1 31D 8 000000000000001F
133397.3 38C 8 000000000000007F
133407.0 38D 8 00000000000000E5
133408.3 39C 8 FF6F000000000000
133409.5 3C3 8 FF00000000000000
133422.8 444 8 0000000000000005
133438.6 31C 8 00000000800084F3
133439.9 31D 8 000000000000001F
133469.6 444 8 0000000000000005
133485.3 6C0 7 04030100000000
133486.6 3F1 8 0002000000000000
133487.9 663 8 7814E00E00AA0000
133489.1 31C 8 00000000800084F3
133501.1 31D 8 000000000000001F
133502.6 38C 8 000000000000007F
133503.8 38D 8 00000000000000E5
133505.0 39C 8 FF6F000000000000
133516.2 3C3 8 FF00000000000000
133517.5 444 8 0000000000000005
133518.7 537 8 8080808080800000
133532.2 538 8 8080008080000080
133533.6 6AB 8 00000000000041A1
133534.8 523 8 CD1F7770450E0B02
133536.0 52E 5 603F000000
133537.2 31C 8 00000000800084F3
133547.8 31D 8 000000000000001F
133563.5 444 8 0000000000000005
133579.1 539 8 2702800008030000
133580.3 541 8 0000000000000000
133581.4 3F1 8 0002000000000000
133582.7 663 8 7814E00E00AA0000
133594.6 31C 8 00000000800084F3
133596.0 31D 8 000000000000001F
133597.3 38C 8 000000000000007F
133610.3 38D 8 00000000000000E5
133611.7 39C 8 FF6F000000000000
133613.0 3C3 8 FF00000000000000
133626.0 444 8 0000000000000005
133641.5 31C 8 00000000800084F3
133642.9 31D 8 000000000000001F
133673.0 444 8 0000000000000005
133688.6 6C0 7 04030100000000
133689.8 3F1 8 0002000000000000
133691.1 663 8 7814E00E00AA0000
133692.4 31C 8 00000000800084F3
133693.7 31D 8 000000000000001F
133704.1 38C 8 000000000000007F
133705.4 38D 8 00000000000000E5
133706.8 39C 8 FF6F000000000000
133719.8 3C3 8 FF00000000000000
133721.1 444 8 0000000000000005
133722.9 537 8 8080808080800000
133735.4 538 8 8080008080000080
133737.0 6AB 8 00000000000041A1
133738.1 31C 8 00000000800084F3
133751.2 31D 8 000000000000001F
133768.8 444 8 0000000000000005
133782.4 3F1 8 0002000000000000
133783.6 484 8 0000000000000000
133784.8 523 8 CD1F7770450E0B02
133786.1 52E 5 603F000000
133787.3 663 8 7814E00E00AA0000
133788.5 31C 8 00000000800084F3
133797.9 31D 8 000000000000001F
133799.2 38C 8 000000000000007F
133800.5 38D 8 00000000000000E5
133813.7 39C 8 FF6F000000000000
133814.9 3C3 8 FF00000000000000
133816.1 444 8 0000000000000005
133829.1 539 8 2702800008030000
133830.3 541 8 0000000000000000
133844.8 31C 8 00000000800084F3
133846.2 5EA 8 0000000000000016
133847.4 31D 8 000000000000001F
133848.7 5EB 8 0000000000000007
133849.8 5EC 8 000000000000000F
133860.4 66B 8 7700000000000000
133862.0 66C 8 DF09000000000000
133876.2 444 8 0000000000000005
133891.3 6C0 7 04030100000000
133892.5 3F1 8 0002000000000000
133893.7 663 8 7814E00E00AA0000
133894.9 31C 8 00000000800084F3
133897.1 31D 8 000000000000001F
133898.4 38C 8 000000000000007F
133907.3 38D 8 00000000000000E5
133908.5 39C 8 FF6F000000000000
133909.8 3C3 8 FF00000000000000
133922.6 444 8 0000000000000005
133923.9 537 8 8080808080800000
133925.0 538 8 8080008080000080
133926.2 6AB 8 00000000000041A1
133938.7 31C 8 00000000800084F3
133939.9 31D 8 000000000000001F
133969.9 444 8 0000000000000005
133985.4 3F1 8 0002000000000000
133986.8 663 8 7814E00E00AA0000
133988.0 31C 8 00000000800084F3
134001.3 31D 8 000000000000001F
134002.9 38C 8 000000000000007F
134004.2 38D 8 00000000000000E5
134005.4 39C 8 FF6F000000000000
134016.7 3C3 8 FF00000000000000
134018.3 444 8 0000000000000005
134032.3 523 8 CD1F7770450E0B02
134033.4 52E 5 603F000000
134034.6 31C 8 00000000800084F3
134048.1 31D 8 000000000000001F
134064.0 444 8 0000000000000005
134079.1 539 8 2702800008030000
134080.3 541 8 0000000000000000
134081.7 6C0 7 04030100000000
134082.9 3F1 8 0002000000000000
134084.1 663 8 7814E00E00AA0000
134094.6 31C 8 00000000800084F3
134096.1 31D 8 000000000000001F
134097.5 38C 8 000000000000007F
134110.4 38D 8 00000000000000E5
134111.8 39C 8 FF6F000000000000
134113.1 3C3 8 FF00000000000000
134126.2 444 8 0000000000000005
134127.5 537 8 8080808080800000
134128.6 538 8 8080008080000080
134129.8 6AB 8 00000000000041A1
134141.7 31C 8 00000000800084F3
134143.1 31D 8 000000000000001F
134173.0 444 8 0000000000000005
134188.7 3F1 8 0002000000000000
134190.1 663 8 7814E00E00AA0000
134191.4 31C 8 00000000800084F3
134192.7 31D 8 000000000000001F
134204.0 38C 8 000000000000007F
134205.3 38D 8 00000000000000E5
134207.2 39C 8 FF6F000000000000
134219.7 3C3 8 FF00000000000000
134221.0 444 8 0000000000000005
134235.3 31C 8 00000000800084F3
134251.1 31D 8 000000000000001F
134266.7 444 8 0000000000000005
134282.3 6C0 7 04030100000000
134283.5 3F1 8 0002000000000000
134284.8 484 8 0000000000000000
134286.0 523 8 CD1F7770450E0B02
134287.3 52E 5 603F000000
134288.5 585 8 902C00000000003F
134289.6 64C 2 0011
134290.9 663 8 7814E00E00AA0000
134292.3 6B2 8 FFFEFF0F880084C2
134293.5 31C 8 00000000800084F3
134297.8 31D 8 000000000000001F
134299.1 38C 8 000000000000007F
134300.4 38D 8 00000000000000E5
134313.5 39C 8 FF6F000000000000
134314.7 3C3 8 FF00000000000000
134315.9 444 8 0000000000000005
134329.1 537 8 8080808080800000
134330.3 538 8 8080008080000080
134331.4 5FB 8 1FFFFFFFFF1FF87E
134332.5 539 8 2702800008030000
134333.7 541 8 0000000000000000
134334.8 5FA 8 5B9DC7CC9C46F1FF
134336.6 6AB 8 00000000000041A1
134344.9 31C 8 00000000800084F3
134346.5 5EA 8 0000000000000016
134347.7 31D 8 000000000000001F
134349.0 5EB 8 0000000000000007
134350.1 5EC 8 000000000000000F
134360.2 66B 8 7700000000000000
134361.5 66C 8 DF09000000000000
134376.0 444 8 0000000000000005
134391.4 3F1 8 0002000000000000
134392.7 663 8 7814E00E00AA0000
134394.0 31C 8 00000000800084F3
134395.3 31D 8 000000000000001F
134396.8 38C 8 000000000000007F
134407.3 38D 8 00000000000000E5
134408.6 39C 8 FF6F000000000000
134409.8 3C3 8 FF00000000000000
134422.8 444 8 0000000000000005
134438.5 31C 8 00000000800084F3
134440.0 31D 8 000000000000001F
134469.8 444 8 0000000000000005
134485.3 6C0 7 04030100000000
134486.8 3F1 8 0002000000000000
134488.0 663 8 7814E00E00AA0000
134489.2 31C 8 00000000800084F3
134501.3 31D 8 000000000000001F
134503.6 38C 8 000000000000007F
134504.8 38D 8 00000000000000E5
134506.2 39C 8 FF6F000000000000
134516.3 3C3 8 FF00000000000000
134517.7 444 8 0000000000000005
134519.0 537 8 8080808080800000
134532.2 538 8 8080008080000080
134533.6 6AB 8 00000000000041A1
134542.3 523 8 CD1F7770450E0B02
134543.5 52E 5 603F000000
134544.6 31C 8 00000000800084F3
134547.8 31D 8 000000000000001F
134563.5 444 8 0000000000000005
134579.1 539 8 2702800008030000
134580.4 541 8 0000000000000000
134581.8 3F1 8 0002000000000000
134583.0 663 8 7814E00E00AA0000
134595.0 31C 8 00000000800084F3
134596.6 31D 8 000000000000001F
134597.9 38C 8 000000000000007F
134610.4 38D 8 00000000000000E5
134612.0 39C 8 FF6F000000000000
134613.3 3C3 8 FF00000000000000
134626.2 444 8 0000000000000005
134641.5 31C 8 00000000800084F3
134642.8 31D 8 000000000000001F
134672.8 444 8 0000000000000005
134688.6 6C0 7 04030100000000
134690.0 3F1 8 0002000000000000
134691.6 663 8 7814E00E00AA0000
134693.2 31C 8 00000000800084F3
134694.5 31D 8 000000000000001F
134704.0 38C 8 000000000000007F
134705.3 38D 8 00000000000000E5
134706.6 39C 8 FF6F000000000000
134719.7 3C3 8 FF00000000000000
134721.0 444 8 0000000000000005
134722.3 537 8 8080808080800000
134735.3 538 8 8080008080000080
134736.6 6AB 8 00000000000041A1
134737.8 31C 8 00000000800084F3
134750.9 31D 8 000000000000001F
134766.6 444 8 0000000000000005
134782.2 3F1 8 0002000000000000
134783.4 484 8 0000000000000000
134784.6 523 8 CD1F7770450E0B02
134785.8 52E 5 603F000000
134787.1 663 8 7814E00E00AA0000
134788.3 31C 8 00000000800084F3
134798.0 31D 8 000000000000001F
134799.4 38C 8 000000000000007F
134801.3 38D 8 00000000000000E5
134813.4 39C 8 FF6F000000000000
134814.7 3C3 8 FF00000000000000
134815.9 444 8 0000000000000005
134829.0 539 8 2702800008030000
134830.2 541 8 0000000000000000
134844.6 31C 8 00000000800084F3
134846.1 5EA 8 0000000000000016
134847.4 31D 8 000000000000001F
134848.7 5EB 8 0000000000000007
134849.8 5EC 8 000000000000000F
134860.3 66B 8 7700000000000000
134861.4 66C 8 DF09000000000000
134876.0 444 8 0000000000000005
134891.3 6C0 7 04030100000000
134892.6 3F1 8 0002000000000000
134893.8 663 8 7814E00E00AA0000
134895.0 31C 8 00000000800084F3
134896.3 31D 8 000000000000001F
134897.6 38C 8 000000000000007F
134907.1 38D 8 00000000000000E5
134908.4 39C 8 FF6F000000000000
134909.6 3C3 8 FF00000000000000
134922.5 444 8 0000000000000005
134923.9 537 8 8080808080800000
134925.1 538 8 8080008080000080
134926.3 6AB 8 00000000000041A1
134938.4 31C 8 00000000800084F3
134940.3 31D 8 000000000000001F
134969.7 444 8 0000000000000005
134985.2 3F1 8 0002000000000000
134986.6 663 8 7814E00E00AA0000
134987.8 31C 8 00000000800084F3
135001.3 31D 8 000000000000001F
135003.0 38C 8 000000000000007F
135004.2 38D 8 00000000000000E5
135005.4 39C 8 FF6F000000000000
135016.5 3C3 8 FF00000000000000
135017.7 444 8 0000000000000005
135032.2 523 8 CD1F7770450E0B02
135033.4 52E 5 603F000000
135034.5 31C 8 00000000800084F3
135047.8 31D 8 000000000000001F
135063.6 444 8 0000000000000005
135079.1 539 8 2702800008030000
135080.4 541 8 0000000000000000
135081.7 6C0 7 04030100000000
135082.9 3F1 8 0002000000000000
135084.1 663 8 7814E00E00AA0000
135094.8 31C 8 00000000800084F3
135096.2 31D 8 000000000000001F
135097.5 38C 8 000000000000007F
135110.3 38D 8 00000000000000E5
135112.5 39C 8 FF6F000000000000
135113.7 3C3 8 FF00000000000000
135126.0 444 8 0000000000000005
135127.3 537 8 8080808080800000
135128.5 538 8 8080008080000080
135129.6 6AB 8 00000000000041A1
135141.5 31C 8 00000000800084F3
135142.8 31D 8 000000000000001F
135172.8 444 8 0000000000000005
135188.5 3F1 8 0002000000000000
135189.9 663 8 7814E00E00AA0000
135191.1 31C 8 00000000800084F3
135192.6 31D 8 000000000000001F
135204.1 38C 8 000000000000007F
135206.1 38D 8 00000000000000E5
135208.2 39C 8 FF6F000000000000
135219.6 3C3 8 FF00000000000000
135220.9 444 8 0000000000000005
135235.2 31C 8 00000000800084F3
135251.0 31D 8 000000000000001F
135266.6 444 8 0000000000000005
135282.3 6C0 7 04030100000000
135283.5 3F1 8 0002000000000000
135284.7 484 8 0000000000000000
135286.2 523 8 CD1F7770450E0B02
135288.1 52E 5 603F000000
135289.3 585 8 902C00000000003F
135290.4 64C 2 0011
135291.6 663 8 7814E00E00AA0000
135292.8 6B2 8 FFFEFF0F880004C3
135293.9 31C 8 00000000800084F3
135297.9 31D 8 000000000000001F
135300.2 38C 8 000000000000007F
135301.6 38D 8 00000000000000E5
135313.5 39C 8 FF6F000000000000
135314.7 3C3 8 FF00000000000000
135316.1 444 8 0000000000000005
135329.0 537 8 8080808080800000
135330.2 538 8 8080008080000080
135331.4 5FB 8 1FFFFFFFFF1FF87E
135332.6 539 8 2702800008030000
135333.8 541 8 0000000000000000
135334.9 5FA 8 5B9DC7CC9C46F1FF
135336.1 6AB 8 00000000000041A1
135344.7 31C 8 00000000800084F3
135346.0 5EA 8 0000000000000016
135347.2 31D 8 000000000000001F
135348.5 5EB 8 0000000000000007
135349.6 5EC 8 000000000000000F
135360.4 66B 8 7700000000000000
135362.1 66C 8 DF09000000000000
135376.1 444 8 0000000000000005
135391.4 3F1 8 0002000000000000
135393.1 663 8 7814E00E00AA0000
135395.3 31C 8 00000000800084F3
135396.8 31D 8 000000000000001F
135398.1 38C 8 000000000000007F
135407.2 38D 8 00000000000000E5
135408.5 39C 8 FF6F000000000000
135409.7 3C3 8 FF00000000000000
135422.8 444 8 0000000000000005
135438.5 31C 8 00000000800084F3
135439.9 31D 8 000000000000001F
135469.6 444 8 0000000000000005
135485.3 6C0 7 04030100000000
135486.6 3F1 8 0002000000000000
135487.8 663 8 7814E00E00AA0000
135489.0 31C 8 00000000800084F3
135501.1 31D 8 000000000000001F
135502.5 38C 8 000000000000007F
135503.8 38D 8 00000000000000E5
135505.0 39C 8 FF6F000000000000
135516.3 3C3 8 FF00000000000000
135517.5 444 8 0000000000000005
135518.8 537 8 8080808080800000
135532.1 538 8 8080008080000080
135533.3 6AB 8 00000000000041A1
135534.5 523 8 CD1F7770450E0B02
135535.7 52E 5 603F000000
135537.0 31C 8 00000000800084F3
135547.8 31D 8 000000000000001F
135563.5 444 8 0000000000000005
135579.1 539 8 2702800008030000
135580.3 541 8 0000000000000000
135581.5 3F1 8 0002000000000000
135582.7 663 8 7814E00E00AA0000
135594.7 31C 8 00000000800084F3
135596.2 31D 8 000000000000001F
135597.6 38C 8 000000000000007F
135610.3 38D 8 00000000000000E5
135611.6 39C 8 FF6F000000000000
135612.8 3C3 8 FF00000000000000
135626.0 444 8 0000000000000005
135641.6 31C 8 00000000800084F3
135643.2 31D 8 000000000000001F
135672.7 444 8 0000000000000005
135688.5 6C0 7 04030100000000
135689.8 3F1 8 0002000000000000
135691.1 663 8 7814E00E00AA0000
135692.3 31C 8 00000000800084F3
135693.6 31D 8 000000000000001F
135704.1 38C 8 000000000000007F
135705.3 38D 8 00000000000000E5
135706.6 39C 8 FF6F000000000000
135719.6 3C3 8 FF00000000000000
135721.1 444 8 0000000000000005
135722.7 537 8 8080808080800000
135735.3 538 8 8080008080000080
135736.6 6AB 8 00000000000041A1
135737.8 31C 8 00000000800084F3
135751.0 31D 8 000000000000001F
135766.5 444 8 0000000000000005
135782.2 3F1 8 0002000000000000
135783.5 484 8 0000000000000000
135784.6 523 8 CD1F7770450E0B02
135785.9 52E 5 603F000000
135787.1 663 8 7814E00E00AA0000
135788.3 31C 8 00000000800084F3
135797.8 31D 8 000000000000001F
135799.1 38C 8 000000000000007F
135800.3 38D 8 00000000000000E5
135813.5 39C 8 FF6F000000000000
135814.7 3C3 8 FF00000000000000
135815.9 444 8 0000000000000005
135829.0 539 8 2702800008030000
135830.2 541 8 0000000000000000
135844.6 31C 8 00000000800084F3
135846.1 5EA 8 0000000000000016
135847.4 31D 8 000000000000001F
135848.7 5EB 8 0000000000000007
135849.8 5EC 8 000000000000000F
135860.2 66B 8 7700000000000000
135861.5 66C 8 DF09000000000000
135876.0 444 8 0000000000000005
135891.3 6C0 7 04030100000000
135895.1 3F1 8 0002000000000000
135896.3 663 8 7814E00E00AA0000
135897.4 31C 8 00000000800084F3
135898.7 31D 8 000000000000001F
135900.0 38C 8 000000000000007F
135907.1 38D 8 00000000000000E5
135908.4 39C 8 FF6F000000000000
135909.6 3C3 8 FF00000000000000
135922.7 444 8 0000000000000005
135924.1 537 8 8080808080800000
135925.3 538 8 8080008080000080
135926.4 6AB 8 00000000000041A1
135938.5 31C 8 00000000800084F3
135939.8 31D 8 000000000000001F
135969.7 444 8 0000000000000005
135985.2 3F1 8 0002000000000000
135986.5 663 8 7814E00E00AA0000
135987.7 31C 8 00000000800084F3
136001.2 31D 8 000000000000001F
136002.6 38C 8 000000000000007F
136003.8 38D 8 00000000000000E5
136005.8 39C 8 FF6F000000000000
136016.5 3C3 8 FF00000000000000
136017.7 444 8 0000000000000005
136032.2 523 8 CD1F7770450E0B02
136033.4 52E 5 603F000000
136034.6 31C 8 00000000800084F3
136047.7 31D 8 000000000000001F
136063.5 444 8 0000000000000005
136083.7 539 8 2702800008030000
136084.9 541 8 0000000000000000
136086.0 6C0 7 04030100000000
136087.1 3F1 8 0002000000000000
136088.4 663 8 7814E00E00AA0000
136089.6 31C 8 00000000800084F3
136099.2 31D 8 000000000000001F
136100.5 38C 8 000000000000007F
136101.9 38D 8 00000000000000E5
136115.0 39C 8 FF6F000000000000
136116.2 3C3 8 FF00000000000000
136117.4 444 8 0000000000000005
136130.5 537 8 8080808080800000
136131.7 538 8 8080008080000080
136132.9 6AB 8 00000000000041A1
136146.1 31C 8 00000000800084F3
136147.5 31D 8 000000000000001F
136161.6 444 8 0000000000000005
136177.3 3F1 8 0002000000000000
136178.7 663 8 7814E00E00AA0000
136193.0 31C 8 00000000800084F3
136194.3 31D 8 000000000000001F
136195.7 38C 8 000000000000007F
136208.6 38D 8 00000000000000E5
136209.9 39C 8 FF6F000000000000
136211.2 3C3 8 FF00000000000000
136224.4 444 8 0000000000000005
136239.9 31C 8 00000000800084F3
136241.2 31D 8 000000000000001F
136271.2 444 8 0000000000000005
136286.5 6C0 7 04030100000000
136287.8 3F1 8 0002000000000000
136289.0 484 8 0000000000000000
136290.1 523 8 CD1F7770450E0B02
136291.2 52E 5 603F000000
136292.4 585 8 902C00000000003F
136293.5 64C 2 0011
136294.6 663 8 7814E00E00AA0000
136295.9 6B2 8 FFFEFF0F880084C3
136296.9 31C 8 00000000800084F3
136298.2 31D 8 000000000000001F
136302.5 38C 8 000000000000007F
136303.8 38D 8 00000000000000E5
136305.1 39C 8 FF6F000000000000
136318.1 3C3 8 FF00000000000000
136319.4 444 8 0000000000000005
136320.7 537 8 8080808080800000
136333.7 538 8 8080008080000080
136334.9 5FB 8 1FFFFFFFFF1FF87E
136336.1 539 8 2702800008030000
136337.4 541 8 0000000000000000
136338.6 5FA 8 5B9DC7CC9C46F1FF
136339.7 6AB 8 00000000000041A1
136340.9 31C 8 00000000800084F3
136342.2 5EA 8 0000000000000016
136349.3 31D 8 000000000000001F
136350.7 5EB 8 0000000000000007
136351.9 5EC 8 000000000000000F
136353.0 66B 8 7700000000000000
136365.1 66C 8 DF09000000000000
136366.9 444 8 0000000000000005
136380.5 3F1 8 0002000000000000
136382.0 663 8 7814E00E00AA0000
136396.3 31C 8 00000000800084F3
136397.8 31D 8 000000000000001F
136399.1 38C 8 000000000000007F
136400.3 38D 8 00000000000000E5
136411.7 39C 8 FF6F000000000000
136413.2 3C3 8 FF00000000000000
136414.5 444 8 0000000000000005
136443.0 31C 8 00000000800084F3
136445.3 31D 8 000000000000001F
136474.3 444 8 0000000000000005
136489.9 6C0 7 04030100000000
136491.4 3F1 8 0002000000000000
136492.7 663 8 7814E00E00AA0000
136494.0 31C 8 00000000800084F3
136495.3 31D 8 000000000000001F
136505.6 38C 8 000000000000007F
136507.1 38D 8 00000000000000E5
136508.3 39C 8 FF6F000000000000
136521.1 3C3 8 FF00000000000000
136522.5 444 8 0000000000000005
136523.9 537 8 8080808080800000
136525.1 538 8 8080008080000080
136536.6 6AB 8 00000000000041A1
136537.8 523 8 CD1F7770450E0B02
136538.9 52E 5 603F000000
136540.1 31C 8 00000000800084F3
136541.4 31D 8 000000000000001F
136568.0 444 8 0000000000000005
136583.6 539 8 2702800008030000
136584.9 541 8 0000000000000000
136586.2 3F1 8 0002000000000000
136587.5 663 8 7814E00E00AA0000
136588.8 31C 8 00000000800084F3
136599.3 31D 8 000000000000001F
136601.4 38C 8 000000000000007F
136602.7 38D 8 00000000000000E5
136615.0 39C 8 FF6F000000000000
136616.3 3C3 8 FF00000000000000
136617.5 444 8 0000000000000005
136646.2 31C 8 00000000800084F3
136647.5 31D 8 000000000000001F
136661.5 444 8 0000000000000005
136677.3 6C0 7 04030100000000
136678.7 3F1 8 0002000000000000
136679.9 663 8 7814E00E00AA0000
136693.1 31C 8 00000000800084F3
136694.4 31D 8 000000000000001F
136695.9 38C 8 000000000000007F
136708.7 38D 8 00000000000000E5
136709.9 39C 8 FF6F000000000000
136711.4 3C3 8 FF00000000000000
136724.3 444 8 0000000000000005
136725.6 537 8 8080808080800000
136726.7 538 8 8080008080000080
136727.9 6AB 8 00000000000041A1
136740.0 31C 8 00000000800084F3
136741.3 31D 8 000000000000001F
136771.2 444 8 0000000000000005
136786.7 3F1 8 0002000000000000
136788.0 484 8 0000000000000000
136789.1 523 8 CD1F7770450E0B02
136790.3 52E 5 603F000000
136791.7 663 8 7814E00E00AA0000
136792.9 31C 8 00000000800084F3
136794.2 31D 8 000000000000001F
136802.9 38C 8 000000000000007F
136804.3 38D 8 00000000000000E5
136805.5 39C 8 FF6F000000000000
136818.0 3C3 8 FF00000000000000
136819.3 444 8 0000000000000005
136833.6 539 8 2702800008030000
136834.8 541 8 0000000000000000
136836.1 31C 8 00000000800084F3
136837.7 5EA 8 0000000000000016
136849.3 31D 8 000000000000001F
136850.6 5EB 8 0000000000000007
136851.9 5EC 8 000000000000000F
136853.0 66B 8 7700000000000000
136865.0 66C 8 DF09000000000000
136866.1 444 8 0000000000000005
136880.5 6C0 7 04030100000000
136882.1 3F1 8 0002000000000000
136883.3 663 8 7814E00E00AA0000
136896.0 31C 8 00000000800084F3
136897.5 31D 8 000000000000001F
136899.5 38C 8 000000000000007F
136900.8 38D 8 00000000000000E5
136911.7 39C 8 FF6F000000000000
136912.9 3C3 8 FF00000000000000
136914.2 444 8 0000000000000005
136927.5 537 8 8080808080800000
136928.7 538 8 8080008080000080
136929.9 6AB 8 00000000000041A1
136943.0 31C 8 00000000800084F3
136944.3 31D 8 000000000000001F
136974.5 444 8 0000000000000005
136990.1 3F1 8 0002000000000000
136991.6 663 8 7814E00E00AA0000
136993.4 31C 8 00000000800084F3
136994.7 31D 8 000000000000001F
137005.5 38C 8 000000000000007F
137007.2 38D 8 00000000000000E5
137008.4 39C 8 FF6F000000000000
137021.2 3C3 8 FF00000000000000
137022.5 444 8 0000000000000005
137036.9 523 8 CD1F7770450E0B02
137038.1 52E 5 603F000000
137039.3 31C 8 00000000800084F3
137040.6 31D 8 000000000000001F
137068.0 444 8 0000000000000005
137083.7 539 8 2702800008030000
137085.0 541 8 0000000000000000
137086.1 6C0 7 04030100000000
137087.2 3F1 8 0002000000000000
137088.5 663 8 7814E00E00AA0000
137089.7 31C 8 00000000800084F3
137099.3 31D 8 000000000000001F
137100.6 38C 8 000000000000007F
137102.0 38D 8 00000000000000E5
137114.9 39C 8 FF6F000000000000
137116.2 3C3 8 FF00000000000000
137117.4 444 8 0000000000000005
137130.6 537 8 8080808080800000
137131.9 538 8 8080008080000080
137133.1 6AB 8 00000000000041A1
137146.1 31C 8 00000000800084F3
137147.5 31D 8 000000000000001F
137161.6 444 8 0000000000000005
137177.3 3F1 8 0002000000000000
137178.7 663 8 7814E00E00AA0000
137193.0 31C 8 00000000800084F3
137194.3 31D 8 000000000000001F
137195.7 38C 8 000000000000007F
137208.7 38D 8 00000000000000E5
137210.0 39C 8 FF6F000000000000
137211.1 3C3 8 FF00000000000000
137224.3 444 8 0000000000000005
137240.0 31C 8 00000000800084F3
137241.3 31D 8 000000000000001F
137271.2 444 8 0000000000000005
137286.5 6C0 7 04030100000000
137287.8 3F1 8 0002000000000000
137289.0 484 8 0000000000000000
137290.2 523 8 CD1F7770450E0B02
137291.4 52E 5 603F000000
137292.8 585 8 902C00000000003F
137293.9 64C 2 0011
137295.0 663 8 7814E00E00AA0000
137296.3 6B2 8 FFFEFF0F880004C4
137297.4 31C 8 00000000800084F3
137298.7 31D 8 000000000000001F
137302.4 38C 8 000000000000007F
137303.7 38D 8 00000000000000E5
137304.9 39C 8 FF6F000000000000
137318.0 3C3 8 FF00000000000000
137319.3 444 8 0000000000000005
137320.6 537 8 8080808080800000
137333.6 538 8 8080008080000080
137334.9 5FB 8 1FFFFFFFFF1FF87E
137336.2 539 8 2702800008030000
137337.5 541 8 0000000000000000
137338.7 5FA 8 5B9DC7CC9C46F1FF
137339.8 6AB 8 00000000000041A1
137341.1 31C 8 00000000800084F3
137343.2 5EA 8 0000000000000016
137349.3 31D 8 000000000000001F
137350.7 5EB 8 0000000000000007
137352.1 5EC 8 000000000000000F
137353.2 66B 8 7700000000000000
137365.1 66C 8 DF09000000000000
137366.9 444 8 0000000000000005
137380.5 3F1 8 0002000000000000
137382.0 663 8 7814E00E00AA0000
137396.1 31C 8 00000000800084F3
137397.5 31D 8 000000000000001F
137398.9 38C 8 000000000000007F
137400.1 38D 8 00000000000000E5
137411.6 39C 8 FF6F000000000000
137412.9 3C3 8 FF00000000000000
137414.2 444 8 0000000000000005
137443.0 31C 8 00000000800084F3
137444.3 31D 8 000000000000001F
137474.2 444 8 0000000000000005
137490.0 6C0 7 04030100000000
137491.2 3F1 8 0002000000000000
137492.5 663 8 7814E00E00AA0000
137493.7 31C 8 00000000800084F3
137495.0 31D 8 000000000000001F
137505.5 38C 8 000000000000007F
137507.7 38D 8 00000000000000E5
137508.9 39C 8 FF6F000000000000
137521.1 3C3 8 FF00000000000000
137522.4 444 8 0000000000000005
137523.7 537 8 8080808080800000
137524.9 538 8 8080008080000080
137536.7 6AB 8 00000000000041A1
137538.6 523 8 CD1F7770450E0B02
137539.9 52E 5 603F000000
137541.2 31C 8 00000000800084F3
137542.4 31D 8 000000000000001F
137568.0 444 8 0000000000000005
137583.6 539 8 2702800008030000
137584.8 541 8 0000000000000000
137586.1 3F1 8 0002000000000000
137587.5 663 8 7814E00E00AA0000
137588.7 31C 8 00000000800084F3
137599.2 31D 8 000000000000001F
137600.6 38C 8 000000000000007F
137601.8 38D 8 00000000000000E5
137615.0 39C 8 FF6F000000000000
137616.5 3C3 8 FF00000000000000
137617.9 444 8 0000000000000005
137646.3 31C 8 00000000800084F3
137647.6 31D 8 000000000000001F
137661.5 444 8 0000000000000005
137677.5 6C0 7 04030100000000
137679.0 3F1 8 0002000000000000
137680.2 663 8 7814E00E00AA0000
137693.2 31C 8 00000000800084F3
137694.5 31D 8 000000000000001F
137695.9 38C 8 000000000000007F
137708.8 38D 8 00000000000000E5
137710.0 39C 8 FF6F000000000000
137711.4 3C3 8 FF00000000000000
137724.4 444 8 0000000000000005
137725.7 537 8 8080808080800000
137726.9 538 8 8080008080000080
137728.1 6AB 8 00000000000041A1
137740.0 31C 8 00000000800084F3
137741.3 31D 8 000000000000001F
137771.2 444 8 0000000000000005
137786.6 3F1 8 0002000000000000
137787.8 484 8 0000000000000000
137789.0 523 8 CD1F7770450E0B02
137790.1 52E 5 603F000000
137791.4 663 8 7814E00E00AA0000
137792.7 31C 8 00000000800084F3
137794.0 31D 8 000000000000001F
137802.7 38C 8 000000000000007F
137803.9 38D 8 00000000000000E5
137805.1 39C 8 FF6F000000000000
137818.3 3C3 8 FF00000000000000
137819.8 444 8 0000000000000005
137833.7 539 8 2702800008030000
137835.5 541 8 0000000000000000
137837.0 31C 8 00000000800084F3
137838.3 5EA 8 0000000000000016
137849.3 31D 8 000000000000001F
137850.7 5EB 8 0000000000000007
137852.1 5EC 8 000000000000000F
137853.2 66B 8 7700000000000000
137865.4 66C 8 DF09000000000000
137866.9 444 8 0000000000000005
137880.6 6C0 7 04030100000000
137882.5 3F1 8 0002000000000000
137884.4 663 8 7814E00E00AA0000
137896.1 31C 8 00000000800084F3
137897.6 31D 8 000000000000001F
137899.1 38C 8 000000000000007F
137900.5 38D 8 00000000000000E5
137911.6 39C 8 FF6F000000000000
137912.8 3C3 8 FF00000000000000
137914.0 444 8 0000000000000005
137927.3 537 8 8080808080800000
137928.6 538 8 8080008080000080
137929.8 6AB 8 00000000000041A1
137942.8 31C 8 00000000800084F3
137944.1 31D 8 000000000000001F
137974.0 444 8 0000000000000005
137989.8 3F1 8 0002000000000000
137992.0 663 8 7814E00E00AA0000
137993.3 31C 8 00000000800084F3
137994.5 31D 8 000000000000001F
138005.3 38C 8 000000000000007F
138006.8 38D 8 00000000000000E5
138008.0 39C 8 FF6F000000000000
138021.0 3C3 8 FF00000000000000
138022.3 444 8 0000000000000005
138036.6 523 8 CD1F7770450E0B02
138037.9 52E 5 603F000000
138039.0 31C 8 00000000800084F3
138040.3 31D 8 000000000000001F
138067.8 444 8 0000000000000005
138083.5 539 8 2702800008030000
138084.7 541 8 0000000000000000
138086.0 6C0 7 04030100000000
138087.2 3F1 8 0002000000000000
138088.4 663 8 7814E00E00AA0000
138089.6 31C 8 00000000800084F3
138099.2 31D 8 000000000000001F
138100.6 38C 8 000000000000007F
138102.1 38D 8 00000000000000E5
138114.8 39C 8 FF6F000000000000
138116.0 3C3 8 FF00000000000000
138117.2 444 8 0000000000000005
138130.3 537 8 8080808080800000
138132.5 538 8 8080008080000080
138133.8 6AB 8 00000000000041A1
138145.9 31C 8 00000000800084F3
138147.2 31D 8 000000000000001F
138161.7 444 8 0000000000000005
138177.3 3F1 8 0002000000000000
138178.9 663 8 7814E00E00AA0000
138192.8 31C 8 00000000800084F3
138194.1 31D 8 000000000000001F
138195.4 38C 8 000000000000007F
138208.4 38D 8 00000000000000E5
138209.7 39C 8 FF6F000000000000
138211.0 3C3 8 FF00000000000000
138224.1 444 8 0000000000000005
138239.8 31C 8 00000000800084F3
138241.4 31D 8 000000000000001F
138277.5 444 8 0000000000000005
138279.5 6C0 7 04030100000000
138292.6 3F1 8 0002000000000000
138293.9 484 8 0000000000000000
138295.0 523 8 CD1F7770450E0B02
138296.2 52E 5 603F000000
138297.3 585 8 902C00000000003F
138298.4 64C 2 0011
138299.5 663 8 7814E00E00AA0000
138300.6 6B2 8 FFFEFF0F880084C4
138302.5 31C 8 00000000800084F3
138303.7 31D 8 000000000000001F
138305.0 38C 8 000000000000007F
138308.2 38D 8 00000000000000E5
138309.4 39C 8 FF6F000000000000
138310.6 3C3 8 FF00000000000000
138324.0 444 8 0000000000000005
138325.4 537 8 8080808080800000
138326.6 538 8 8080008080000080
138327.8 5FB 8 1FFFFFFFFF1FF87E
138328.9 539 8 2702800008030000
138330.1 541 8 0000000000000000
138331.4 5FA 8 5B9DC7CC9C46F1FF
138339.6 6AB 8 00000000000041A1
138340.9 31C 8 00000000800084F3
138342.2 5EA 8 0000000000000016
138343.3 31D 8 000000000000001F
138344.7 5EB 8 0000000000000007
138355.4 5EC 8 000000000000000F
138356.6 66B 8 7700000000000000
138357.7 66C 8 DF09000000000000
138371.0 444 8 0000000000000005
138386.4 3F1 8 0002000000000000
138387.9 663 8 7814E00E00AA0000
138389.4 31C 8 00000000800084F3
138390.7 31D 8 000000000000001F
138402.3 38C 8 000000000000007F
138404.3 38D 8 00000000000000E5
138405.6 39C 8 FF6F000000000000
138417.9 3C3 8 FF00000000000000
138419.2 444 8 0000000000000005
138433.4 31C 8 00000000800084F3
138449.0 31D 8 000000000000001F
138464.6 444 8 0000000000000005
138480.3 6C0 7 04030100000000
138481.7 3F1 8 0002000000000000
138482.9 663 8 7814E00E00AA0000
138495.9 31C 8 00000000800084F3
138497.4 31D 8 000000000000001F
138498.8 38C 8 000000000000007F
138500.0 38D 8 00000000000000E5
138511.3 39C 8 FF6F000000000000
138512.7 3C3 8 FF00000000000000
138513.9 444 8 0000000000000005
138527.3 537 8 8080808080800000
138528.6 538 8 8080008080000080
138529.8 6AB 8 00000000000041A1
138531.0 523 8 CD1F7770450E0B02
138532.2 52E 5 603F000000
138542.9 31C 8 00000000800084F3
138544.3 31D 8 000000000000001F
138573.8 444 8 0000000000000005
138575.8 539 8 2702800008030000
138577.1 541 8 0000000000000000
138589.7 3F1 8 0002000000000000
138591.1 663 8 7814E00E00AA0000
138592.5 31C 8 00000000800084F3
138593.8 31D 8 000000000000001F
138605.4 38C 8 000000000000007F
138606.8 38D 8 00000000000000E5
138608.1 39C 8 FF6F000000000000
138621.0 3C3 8 FF00000000000000
138624.8 444 8 0000000000000005
138636.4 31C 8 00000000800084F3
138637.8 31D 8 000000000000001F
138668.0 444 8 0000000000000005
138683.5 6C0 7 04030100000000
138684.7 3F1 8 0002000000000000
138686.0 663 8 7814E00E00AA0000
138687.2 31C 8 00000000800084F3
138699.2 31D 8 000000000000001F
138700.6 38C 8 000000000000007F
138702.0 38D 8 00000000000000E5
138714.8 39C 8 FF6F000000000000
138716.0 3C3 8 FF00000000000000
138717.2 444 8 0000000000000005
138730.3 537 8 8080808080800000
138732.3 538 8 8080008080000080
138733.6 6AB 8 00000000000041A1
138745.9 31C 8 00000000800084F3
138747.2 31D 8 000000000000001F
138761.2 444 8 0000000000000005
138777.2 3F1 8 0002000000000000
138792.8 484 8 0000000000000000
138794.0 523 8 CD1F7770450E0B02
138795.2 52E 5 603F000000
138796.3 663 8 7814E00E00AA0000
138797.5 31C 8 00000000800084F3
138798.8 31D 8 000000000000001F
138800.2 38C 8 000000000000007F
138808.4 38D 8 00000000000000E5
138809.7 39C 8 FF6F000000000000
138811.0 3C3 8 FF00000000000000
138823.8 444 8 0000000000000005
138825.2 539 8 2702800008030000
138826.4 541 8 0000000000000000
138839.6 31C 8 00000000800084F3
138841.0 5EA 8 0000000000000016
138842.3 31D 8 000000000000001F
138843.6 5EB 8 0000000000000007
138855.3 5EC 8 000000000000000F
138856.5 66B 8 7700000000000000
138857.6 66C 8 DF09000000000000
138871.1 444 8 0000000000000005
138886.3 6C0 7 04030100000000
138887.6 3F1 8 0002000000000000
138888.8 663 8 7814E00E00AA0000
138890.1 31C 8 00000000800084F3
138891.5 31D 8 000000000000001F
138902.1 38C 8 000000000000007F
138903.4 38D 8 00000000000000E5
138904.6 39C 8 FF6F000000000000
138917.9 3C3 8 FF00000000000000
138919.2 444 8 0000000000000005
138920.5 537 8 8080808080800000
138933.4 538 8 8080008080000080
138934.6 6AB 8 00000000000041A1
138935.8 31C 8 00000000800084F3
138949.0 31D 8 000000000000001F
138964.6 444 8 0000000000000005
138980.3 3F1 8 0002000000000000
138981.7 663 8 7814E00E00AA0000
138996.1 31C 8 00000000800084F3
138997.8 31D 8 000000000000001F
138999.2 38C 8 000000000000007F
139000.5 38D 8 00000000000000E5
139011.3 39C 8 FF6F000000000000
139012.6 3C3 8 FF00000000000000
139013.8 444 8 0000000000000005
139027.4 523 8 CD1F7770450E0B02
139028.8 52E 5 603F000000
139042.8 31C 8 00000000800084F3
139044.2 31D 8 000000000000001F
139073.8 444 8 0000000000000005
139075.2 539 8 2702800008030000
139076.4 541 8 0000000000000000
139089.6 6C0 7 04030100000000
139090.9 3F1 8 0002000000000000
139092.3 663 8 7814E00E00AA0000
139093.5 31C 8 00000000800084F3
139094.8 31D 8 000000000000001F
139105.4 38C 8 000000000000007F
139107.0 38D 8 00000000000000E5
139108.3 39C 8 FF6F000000000000
139121.0 3C3 8 FF00000000000000
139122.4 444 8 0000000000000005
139124.0 537 8 8080808080800000
139136.4 538 8 8080008080000080
139137.6 6AB 8 00000000000041A1
139138.8 31C 8 00000000800084F3
139140.1 31D 8 000000000000001F
139168.0 444 8 0000000000000005
139183.4 3F1 8 0002000000000000
139184.6 663 8 7814E00E00AA0000
139185.9 31C 8 00000000800084F3
139199.0 31D 8 000000000000001F
139201.0 38C 8 000000000000007F
139202.2 38D 8 00000000000000E5
139214.6 39C 8 FF6F000000000000
139215.9 3C3 8 FF00000000000000
139217.1 444 8 0000000000000005
139246.0 31C 8 00000000800084F3
139247.3 31D 8 000000000000001F
139261.3 444 8 0000000000000005
139277.1 6C0 7 04030100000000
139278.6 3F1 8 0002000000000000
139292.8 484 8 0000000000000000
139294.0 523 8 CD1F7770450E0B02
139295.2 52E 5 603F000000
139296.4 585 8 902C00000000003F
139297.5 64C 2 0011
139298.5 663 8 7814E00E00AA0000
139299.7 6B2 8 FFFEFF0F880004C5
139300.9 31C 8 00000000800084F3
139302.5 31D 8 000000000000001F
139303.8 38C 8 000000000000007F
139308.4 38D 8 00000000000000E5
139309.6 39C 8 FF6F000000000000
139310.8 3C3 8 FF00000000000000
139323.8 444 8 0000000000000005
139325.3 537 8 8080808080800000
139326.4 538 8 8080008080000080
139328.3 5FB 8 1FFFFFFFFF1FF87E
139329.4 539 8 2702800008030000
139339.6 541 8 0000000000000000
139340.9 5FA 8 5B9DC7CC9C46F1FF
139342.2 6AB 8 00000000000041A1
139343.4 31C 8 00000000800084F3
139344.7 5EA 8 0000000000000016
139346.0 31D 8 000000000000001F
139347.4 5EB 8 0000000000000007
139355.4 5EC 8 000000000000000F
139356.6 66B 8 7700000000000000
139357.7 66C 8 DF09000000000000
139371.0 444 8 0000000000000005
139386.3 3F1 8 0002000000000000
139387.6 663 8 7814E00E00AA0000
139388.9 31C 8 00000000800084F3
139390.2 31D 8 000000000000001F
139402.2 38C 8 000000000000007F
139403.5 38D 8 00000000000000E5
139404.7 39C 8 FF6F000000000000
139417.9 3C3 8 FF00000000000000
139419.2 444 8 0000000000000005
139433.4 31C 8 00000000800084F3
139449.1 31D 8 000000000000001F
139464.6 444 8 0000000000000005
139480.2 6C0 7 04030100000000
139481.5 3F1 8 0002000000000000
139483.3 663 8 7814E00E00AA0000
139495.9 31C 8 00000000800084F3
139497.4 31D 8 000000000000001F
139498.7 38C 8 000000000000007F
139500.0 38D 8 00000000000000E5
139511.3 39C 8 FF6F000000000000
139512.7 3C3 8 FF00000000000000
139514.0 444 8 0000000000000005
139527.4 537 8 8080808080800000
139528.7 538 8 8080008080000080
139529.9 6AB 8 00000000000041A1
139531.1 523 8 CD1F7770450E0B02
139532.4 52E 5 603F000000
139542.8 31C 8 00000000800084F3
139544.1 31D 8 000000000000001F
139573.8 444 8 0000000000000005
139575.3 539 8 2702800008030000
139576.6 541 8 0000000000000000
139589.6 3F1 8 0002000000000000
139591.0 663 8 7814E00E00AA0000
139592.4 31C 8 00000000800084F3
139593.7 31D 8 000000000000001F
139605.3 38C 8 000000000000007F
139606.5 38D 8 00000000000000E5
139607.7 39C 8 FF6F000000000000
139620.9 3C3 8 FF00000000000000
139622.7 444 8 0000000000000005
139636.3 31C 8 00000000800084F3
139637.6 31D 8 000000000000001F
139667.9 444 8 0000000000000005
139683.4 6C0 7 04030100000000
139684.5 3F1 8 0002000000000000
139685.8 663 8 7814E00E00AA0000
139687.2 31C 8 00000000800084F3
139699.1 31D 8 000000000000001F
139700.6 38C 8 000000000000007F
139701.8 38D 8 00000000000000E5
139714.8 39C 8 FF6F000000000000
139716.2 3C3 8 FF00000000000000
139717.5 444 8 0000000000000005
139730.5 537 8 8080808080800000
139731.8 538 8 8080008080000080
139733.1 6AB 8 00000000000041A1
139745.9 31C 8 00000000800084F3
139747.2 31D 8 000000000000001F
139761.4 444 8 0000000000000005
139777.6 3F1 8 0002000000000000
139779.3 484 8 0000000000000000
139792.9 523 8 CD1F7770450E0B02
139794.1 52E 5 603F000000
139795.2 663 8 7814E00E00AA0000
139797.3 31C 8 00000000800084F3
139798.6 31D 8 000000000000001F
139800.0 38C 8 000000000000007F
139808.5 38D 8 00000000000000E5
139809.7 39C 8 FF6F000000000000
139811.0 3C3 8 FF00000000000000
139824.7 444 8 0000000000000005
139826.4 539 8 2702800008030000
139827.5 541 8 0000000000000000
139839.7 31C 8 00000000800084F3
139841.0 5EA 8 0000000000000016
139842.3 31D 8 000000000000001F
139843.6 5EB 8 0000000000000007
139855.4 5EC 8 000000000000000F
139856.5 66B 8 7700000000000000
139857.7 66C 8 DF09000000000000
139870.9 444 8 0000000000000005
139886.3 6C0 7 04030100000000
139887.6 3F1 8 0002000000000000
139888.8 663 8 7814E00E00AA0000
139890.0 31C 8 00000000800084F3
139891.4 31D 8 000000000000001F
139902.2 38C 8 000000000000007F
139903.4 38D 8 00000000000000E5
139904.6 39C 8 FF6F000000000000
139918.0 3C3 8 FF00000000000000
139919.9 444 8 0000000000000005
139921.4 537 8 8080808080800000
139933.4 538 8 8080008080000080
139934.6 6AB 8 00000000000041A1
139935.8 31C 8 00000000800084F3
139949.1 31D 8 000000000000001F
139964.7 444 8 0000000000000005
139980.5 3F1 8 0002000000000000
139989.5 663 8 7814E00E00AA0000
139996.0 31C 8 00000000800084F3
139997.7 31D 8 000000000000001F
139999.0 38C 8 000000000000007F
140000.2 38D 8 00000000000000E5
140011.6 39C 8 FF6F000000000000
140013.2 3C3 8 FF00000000000000
140014.4 444 8 0000000000000005
140027.5 523 8 CD1F7770450E0B02
140029.0 52E 5 603F000000
140042.9 31C 8 00000000800084F3
140044.2 31D 8 000000000000001F
140074.0 444 8 0000000000000005
140075.7 539 8 2702800008030000
140089.7 541 8 0000000000000000
140090.9 6C0 7 04030100000000
140092.3 3F1 8 0002000000000000
140094.2 663 8 7814E00E00AA0000
140095.4 31C 8 00000000800084F3
140097.0 31D 8 000000000000001F
140107.5 38C 8 000000000000007F
140109.2 38D 8 00000000000000E5
140110.7 39C 8 FF6F000000000000
140121.3 3C3 8 FF00000000000000
140123.0 444 8 0000000000000005
140124.7 537 8 8080808080800000
140126.1 538 8 8080008080000080
140136.4 6AB 8 00000000000041A1
140137.8 31C 8 00000000800084F3
140139.1 31D 8 000000000000001F
140167.8 444 8 0000000000000005
140183.4 3F1 8 0002000000000000
140184.6 663 8 7814E00E00AA0000
140185.9 31C 8 00000000800084F3
140199.0 31D 8 000000000000001F
140200.3 38C 8 000000000000007F
140201.5 38D 8 00000000000000E5
140214.7 39C 8 FF6F000000000000
140216.4 3C3 8 FF00000000000000
140217.8 444 8 0000000000000005
140246.0 31C 8 00000000800084F3
140247.3 31D 8 000000000000001F
140261.4 444 8 0000000000000005
140277.3 6C0 7 04030100000000
140279.0 3F1 8 0002000000000000
140292.8 484 8 0000000000000000
140294.0 523 8 CD1F7770450E0B02
140295.2 52E 5 603F000000
140296.5 585 8 902C00000000003F
140297.9 64C 2 0011
140299.1 663 8 7814E00E00AA0000
140300.3 6B2 8 FFFEFF0F880084C5
140301.5 31C 8 00000000800084F3
140302.9 31D 8 000000000000001F
140304.3 38C 8 000000000000007F
140308.4 38D 8 00000000000000E5
140309.6 39C 8 FF6F000000000000
140311.0 3C3 8 FF00000000000000
140324.4 444 8 0000000000000005
140325.9 537 8 8080808080800000
140327.1 538 8 8080008080000080
140328.3 5FB 8 1FFFFFFFFF1FF87E
140329.4 539 8 2702800008030000
140330.5 541 8 0000000000000000
140339.6 5FA 8 5B9DC7CC9C46F1FF
140340.8 6AB 8 00000000000041A1
140342.3 31C 8 00000000800084F3
140343.6 5EA 8 0000000000000016
140344.7 31D 8 000000000000001F
140346.1 5EB 8 0000000000000007
140355.4 5EC 8 000000000000000F
140356.6 66B 8 7700000000000000
140357.8 66C 8 DF09000000000000
140370.9 444 8 0000000000000005
140386.3 3F1 8 0002000000000000
140387.6 663 8 7814E00E00AA0000
140388.9 31C 8 00000000800084F3
140390.2 31D 8 000000000000001F
140402.4 38C 8 000000000000007F
140403.7 38D 8 00000000000000E5
140405.1 39C 8 FF6F000000000000
140418.1 3C3 8 FF00000000000000
140419.4 444 8 0000000000000005
140433.4 31C 8 00000000800084F3
140449.0 31D 8 000000000000001F
140464.4 444 8 0000000000000005
140480.6 6C0 7 04030100000000
140482.2 3F1 8 0002000000000000
140483.4 663 8 7814E00E00AA0000
140496.1 31C 8 00000000800084F3
140497.7 31D 8 000000000000001F
140499.1 38C 8 000000000000007F
140500.3 38D 8 00000000000000E5
140511.3 39C 8 FF6F000000000000
140512.5 3C3 8 FF00000000000000
140514.3 444 8 0000000000000005
140527.5 537 8 8080808080800000
140529.1 538 8 8080008080000080
140530.3 6AB 8 00000000000041A1
140531.7 523 8 CD1F7770450E0B02
140532.9 52E 5 603F000000
140542.9 31C 8 00000000800084F3
140544.2 31D 8 000000000000001F
140574.2 444 8 0000000000000005
140576.0 539 8 2702800008030000
140577.4 541 8 0000000000000000
140589.7 3F1 8 0002000000000000
140590.9 663 8 7814E00E00AA0000
140592.3 31C 8 00000000800084F3
140593.7 31D 8 000000000000001F
140605.4 38C 8 000000000000007F
140607.0 38D 8 00000000000000E5
140608.2 39C 8 FF6F000000000000
140620.9 3C3 8 FF00000000000000
140622.1 444 8 0000000000000005
140636.4 31C 8 00000000800084F3
140637.7 31D 8 000000000000001F
140668.0 444 8 0000000000000005
140683.6 6C0 7 04030100000000
140685.2 3F1 8 0002000000000000
140686.6 663 8 7814E00E00AA0000
140688.5 31C 8 00000000800084F3
140699.2 31D 8 000000000000001F
140700.6 38C 8 000000000000007F
140701.9 38D 8 00000000000000E5
140714.6 39C 8 FF6F000000000000
140715.9 3C3 8 FF00000000000000
140717.2 444 8 0000000000000005
140730.3 537 8 8080808080800000
140731.7 538 8 8080008080000080
140733.1 6AB 8 00000000000041A1
140745.9 31C 8 00000000800084F3
140747.3 31D 8 000000000000001F
140761.5 444 8 0000000000000005
140777.4 3F1 8 0002000000000000
140792.8 484 8 0000000000000000
140794.0 523 8 CD1F7770450E0B02
140795.2 52E 5 603F000000
140796.3 663 8 7814E00E00AA0000
140797.6 31C 8 00000000800084F3
140798.9 31D 8 000000000000001F
140800.2 38C 8 000000000000007F
140808.5 38D 8 00000000000000E5
140809.8 39C 8 FF6F000000000000
140811.1 3C3 8 FF00000000000000
140824.1 444 8 0000000000000005
140826.6 539 8 2702800008030000
140839.7 541 8 0000000000000000
140841.0 31C 8 00000000800084F3
140842.5 5EA 8 0000000000000016
140843.7 31D 8 000000000000001F
140845.0 5EB 8 0000000000000007
140855.5 5EC 8 000000000000000F
140856.9 66B 8 7700000000000000
140858.0 66C 8 DF09000000000000
140871.1 444 8 0000000000000005
140886.3 6C0 7 04030100000000
140887.7 3F1 8 0002000000000000
140888.9 663 8 7814E00E00AA0000
140890.2 31C 8 00000000800084F3
140891.6 31D 8 000000000000001F
140902.2 38C 8 000000000000007F
140903.4 38D 8 00000000000000E5
140904.7 39C 8 FF6F000000000000
140917.9 3C3 8 FF00000000000000
140919.1 444 8 0000000000000005
140920.4 537 8 8080808080800000
140933.3 538 8 8080008080000080
140934.5 6AB 8 00000000000041A1
140935.7 31C 8 00000000800084F3
140949.0 31D 8 000000000000001F
140964.6 444 8 0000000000000005
140981.2 3F1 8 0002000000000000
140982.6 663 8 7814E00E00AA0000
140996.1 31C 8 00000000800084F3
140997.8 31D 8 000000000000001F
140999.0 38C 8 000000000000007F
141000.3 38D 8 00000000000000E5
141011.3 39C 8 FF6F000000000000
141012.5 3C3 8 FF00000000000000
141013.7 444 8 0000000000000005
141027.5 523 8 CD1F7770450E0B02
141028.9 52E 5 603F000000
141042.9 31C 8 00000000800084F3
141044.3 31D 8 000000000000001F
141074.2 444 8 0000000000000005
141076.0 539 8 2702800008030000
141089.7 541 8 0000000000000000
141090.9 6C0 7 04030100000000
141092.3 3F1 8 0002000000000000
141093.5 663 8 7814E00E00AA0000
141094.7 31C 8 00000000800084F3
141096.2 31D 8 000000000000001F
141105.4 38C 8 000000000000007F
141107.0 38D 8 00000000000000E5
141108.2 39C 8 FF6F000000000000
141121.1 3C3 8 FF00000000000000
141122.6 444 8 0000000000000005
141124.8 537 8 8080808080800000
141126.0 538 8 8080008080000080
141137.5 6AB 8 00000000000041A1
141138.8 31C 8 00000000800084F3
141140.1 31D 8 000000000000001F
141168.1 444 8 0000000000000005
141183.7 3F1 8 0002000000000000
141185.2 663 8 7814E00E00AA0000
141186.7 31C 8 00000000800084F3
141199.0 31D 8 000000000000001F
141200.3 38C 8 000000000000007F
141201.7 38D 8 00000000000000E5
141214.7 39C 8 FF6F000000000000
141215.9 3C3 8 FF00000000000000
141217.1 444 8 0000000000000005
141246.0 31C 8 00000000800084F3
141247.3 31D 8 000000000000001F
141261.5 444 8 0000000000000005
141277.3 6C0 7 04030100000000
141279.3 3F1 8 0002000000000000
141292.9 484 8 0000000000000000
141294.0 523 8 CD1F7770450E0B02
141295.2 52E 5 603F000000
141296.6 585 8 902C00000000003F
141297.7 64C 2 0011
141298.8 663 8 7814E00E00AA0000
141300.9 6B2 8 FFFEFF0F880004C6
141302.2 31C 8 00000000800084F3
141303.5 31D 8 000000000000001F
141304.8 38C 8 000000000000007F
141308.4 38D 8 00000000000000E5
141309.6 39C 8 FF6F000000000000
141310.9 3C3 8 FF00000000000000
141324.1 444 8 0000000000000005
141325.6 537 8 8080808080800000
141326.7 538 8 8080008080000080
141339.6 5FB 8 1FFFFFFFFF1FF87E
141340.9 539 8 2702800008030000
141342.2 541 8 0000000000000000
141343.4 5FA 8 5B9DC7CC9C46F1FF
141344.5 6AB 8 00000000000041A1
141345.7 31C 8 00000000800084F3
141347.0 5EA 8 0000000000000016
141348.2 31D 8 000000000000001F
141349.5 5EB 8 0000000000000007
141355.5 5EC 8 000000000000000F
141359.9 66B 8 7700000000000000
141361.1 66C 8 DF09000000000000
141370.9 444 8 0000000000000005
141386.4 3F1 8 0002000000000000
141387.7 663 8 7814E00E00AA0000
141388.9 31C 8 00000000800084F3
141390.3 31D 8 000000000000001F
141402.3 38C 8 000000000000007F
141404.3 38D 8 00000000000000E5
141405.6 39C 8 FF6F000000000000
141417.9 3C3 8 FF00000000000000
141419.2 444 8 0000000000000005
141433.4 31C 8 00000000800084F3
141448.8 31D 8 000000000000001F
141464.6 444 8 0000000000000005
141480.5 6C0 7 04030100000000
141481.7 3F1 8 0002000000000000
141482.9 663 8 7814E00E00AA0000
141496.0 31C 8 00000000800084F3
141497.5 31D 8 000000000000001F
141498.8 38C 8 000000000000007F
141500.0 38D 8 00000000000000E5
141511.3 39C 8 FF6F000000000000
141512.7 3C3 8 FF00000000000000
141513.9 444 8 0000000000000005
141527.3 537 8 8080808080800000
141528.7 538 8 8080008080000080
141529.9 6AB 8 00000000000041A1
141531.1 523 8 CD1F7770450E0B02
141542.8 52E 5 603F000000
141544.0 31C 8 00000000800084F3
141545.3 31D 8 000000000000001F
141574.3 444 8 0000000000000005
141576.5 539 8 2702800008030000
141590.0 541 8 0000000000000000
141591.3 3F1 8 0002000000000000
141592.7 663 8 7814E00E00AA0000
141593.9 31C 8 00000000800084F3
141595.2 31D 8 000000000000001F
141606.1 38C 8 000000000000007F
141607.6 38D 8 00000000000000E5
141608.9 39C 8 FF6F000000000000
141610.1 3C3 8 FF00000000000000
141621.2 444 8 0000000000000005
141637.0 31C 8 00000000800084F3
141638.4 31D 8 000000000000001F
141668.4 444 8 0000000000000005
141684.1 6C0 7 04030100000000
141685.6 3F1 8 0002000000000000
141687.0 663 8 7814E00E00AA0000
141688.2 31C 8 00000000800084F3
141699.5 31D 8 000000000000001F
141700.9 38C 8 000000000000007F
141702.3 38D 8 00000000000000E5
141715.0 39C 8 FF6F000000000000
141716.4 3C3 8 FF00000000000000
141717.6 444 8 0000000000000005
141730.8 537 8 8080808080800000
141732.1 538 8 8080008080000080
141734.0 6AB 8 00000000000041A1
141746.4 31C 8 00000000800084F3
141747.6 31D 8 000000000000001F
141761.6 444 8 0000000000000005
141777.6 3F1 8 0002000000000000
141779.2 484 8 0000000000000000
141793.4 523 8 CD1F7770450E0B02
141794.6 52E 5 603F000000
141795.9 663 8 7814E00E00AA0000
141797.3 31C 8 00000000800084F3
141798.6 31D 8 000000000000001F
141799.9 38C 8 000000000000007F
141808.9 38D 8 00000000000000E5
141810.1 39C 8 FF6F000000000000
141811.4 3C3 8 FF00000000000000
141824.5 444 8 0000000000000005
141826.3 539 8 2702800008030000
141827.4 541 8 0000000000000000
141840.0 31C 8 00000000800084F3
141841.4 5EA 8 0000000000000016
141842.6 31D 8 000000000000001F
141843.9 5EB 8 0000000000000007
141856.5 5EC 8 000000000000000F
141857.7 66B 8 7700000000000000
141858.9 66C 8 DF09000000000000
141871.5 444 8 0000000000000005
141886.7 6C0 7 04030100000000
141888.1 3F1 8 0002000000000000
141889.3 663 8 7814E00E00AA0000
141890.6 31C 8 00000000800084F3
141892.1 31D 8 000000000000001F
141902.5 38C 8 000000000000007F
141903.7 38D 8 00000000000000E5
141905.0 39C 8 FF6F000000000000
141918.4 3C3 8 FF00000000000000
141919.6 444 8 0000000000000005
141921.0 537 8 8080808080800000
141933.7 538 8 8080008080000080
141934.9 6AB 8 00000000000041A1
141936.2 31C 8 00000000800084F3
141949.2 31D 8 000000000000001F
141965.0 444 8 0000000000000005
141980.9 3F1 8 0002000000000000
141983.0 663 8 7814E00E00AA0000
141996.2 31C 8 00000000800084F3
141997.7 31D 8 000000000000001F
141999.1 38C 8 000000000000007F
142000.3 38D 8 00000000000000E5
142011.6 39C 8 FF6F000000000000
142012.8 3C3 8 FF00000000000000
142014.1 444 8 0000000000000005
142027.4 523 8 CD1F7770450E0B02
142028.9 52E 5 603F000000
142043.2 31C 8 00000000800084F3
142044.6 31D 8 000000000000001F
142074.5 444 8 0000000000000005
142076.0 539 8 2702800008030000
142077.3 541 8 0000000000000000
142090.0 6C0 7 04030100000000
142091.4 3F1 8 0002000000000000
142092.8 663 8 7814E00E00AA0000
142094.0 31C 8 00000000800084F3
142095.3 31D 8 000000000000001F
142105.7 38C 8 000000000000007F
142107.1 38D 8 00000000000000E5
142108.4 39C 8 FF6F000000000000
142121.0 3C3 8 FF00000000000000
142122.3 444 8 0000000000000005
142123.6 537 8 8080808080800000
142124.7 538 8 8080008080000080
142136.6 6AB 8 00000000000041A1
142137.8 31C 8 00000000800084F3
142139.2 31D 8 000000000000001F
142168.2 444 8 0000000000000005
142183.5 3F1 8 0002000000000000
142184.9 663 8 7814E00E00AA0000
142186.2 31C 8 00000000800084F3
142199.4 31D 8 000000000000001F
142201.2 38C 8 000000000000007F
142202.6 38D 8 00000000000000E5
142215.0 39C 8 FF6F000000000000
142216.2 3C3 8 FF00000000000000
142217.4 444 8 0000000000000005
142246.2 31C 8 00000000800084F3
142247.6 31D 8 000000000000001F
142261.7 444 8 0000000000000005
142277.3 6C0 7 04030100000000
142278.8 3F1 8 0002000000000000
142293.2 484 8 0000000000000000
142294.4 523 8 CD1F7770450E0B02
142295.6 52E 5 603F000000
142296.7 585 8 902C00000000003F
142297.8 64C 2 0011
142299.0 663 8 7814E00E00AA0000
142300.2 6B2 8 FFFEFF0F880084C6
142301.5 31C 8 00000000800084F3
142302.9 31D 8 000000000000001F
142304.3 38C 8 000000000000007F
142308.7 38D 8 00000000000000E5
142310.0 39C 8 FF6F000000000000
142311.2 3C3 8 FF00000000000000
142324.5 444 8 0000000000000005
142326.1 537 8 8080808080800000
142327.2 538 8 8080008080000080
142328.4 5FB 8 1FFFFFFFFF1FF87E
142329.5 539 8 2702800008030000
142340.0 541 8 0000000000000000
142342.0 5FA 8 5B9DC7CC9C46F1FF
142343.2 6AB 8 00000000000041A1
142344.3 31C 8 00000000800084F3
142345.8 5EA 8 0000000000000016
142347.0 31D 8 000000000000001F
142348.3 5EB 8 0000000000000007
142355.7 5EC 8 000000000000000F
142356.9 66B 8 7700000000000000
142358.0 66C 8 DF09000000000000
142371.3 444 8 0000000000000005
142386.7 3F1 8 0002000000000000
142388.0 663 8 7814E00E00AA0000
142389.3 31C 8 00000000800084F3
142390.6 31D 8 000000000000001F
142402.6 38C 8 000000000000007F
142404.0 38D 8 00000000000000E5
142405.2 39C 8 FF6F000000000000
142418.3 3C3 8 FF00000000000000
142419.6 444 8 0000000000000005
142433.5 31C 8 00000000800084F3
142449.5 31D 8 000000000000001F
142465.0 444 8 0000000000000005
142480.7 6C0 7 04030100000000
142482.3 3F1 8 0002000000000000
142483.6 663 8 7814E00E00AA0000
142496.1 31C 8 00000000800084F3
142498.1 31D 8 000000000000001F
142499.5 38C 8 000000000000007F
142500.7 38D 8 00000000000000E5
142511.6 39C 8 FF6F000000000000
142513.0 3C3 8 FF00000000000000
142514.3 444 8 0000000000000005
142527.3 537 8 8080808080800000
142528.5 538 8 8080008080000080
142529.7 6AB 8 00000000000041A1
142530.9 523 8 CD1F7770450E0B02
142532.1 52E 5 603F000000
142543.1 31C 8 00000000800084F3
142544.5 31D 8 000000000000001F
142574.4 444 8 0000000000000005
142590.0 539 8 2702800008030000
142591.3 541 8 0000000000000000
142592.7 3F1 8 0002000000000000
142593.9 663 8 7814E00E00AA0000
142595.2 31C 8 00000000800084F3
142596.7 31D 8 000000000000001F
142606.0 38C 8 000000000000007F
142607.5 38D 8 00000000000000E5
142608.7 39C 8 FF6F000000000000
142621.3 3C3 8 FF00000000000000
142622.5 444 8 0000000000000005
142636.7 31C 8 00000000800084F3
142638.6 31D 8 000000000000001F
142668.2 444 8 0000000000000005
142684.0 6C0 7 04030100000000
142685.4 3F1 8 0002000000000000
142686.9 663 8 7814E00E00AA0000
142688.4 31C 8 00000000800084F3
142699.7 31D 8 000000000000001F
142701.6 38C 8 000000000000007F
142702.9 38D 8 00000000000000E5
142715.0 39C 8 FF6F000000000000
142718.2 3C3 8 FF00000000000000
142720.1 444 8 0000000000000005
142730.7 537 8 8080808080800000
142732.0 538 8 8080008080000080
142733.1 6AB 8 00000000000041A1
142746.2 31C 8 00000000800084F3
142747.6 31D 8 000000000000001F
142761.8 444 8 0000000000000005
142777.4 3F1 8 0002000000000000
142778.8 484 8 0000000000000000
142794.0 523 8 CD1F7770450E0B02
142795.5 52E 5 603F000000
142797.9 663 8 7814E00E00AA0000
142799.2 31C 8 00000000800084F3
142801.1 31D 8 000000000000001F
142803.2 38C 8 000000000000007F
142831.6 38D 8 00000000000000E5
142833.0 39C 8 FF6F000000000000
142834.3 3C3 8 FF00000000000000
142835.5 444 8 0000000000000005
142837.1 539 8 2702800008030000
142838.3 541 8 0000000000000000
142839.5 31C 8 00000000800084F3
142840.8 5EA 8 0000000000000016
142850.5 31D 8 000000000000001F
142852.0 5EB 8 0000000000000007
142853.2 5EC 8 000000000000000F
142854.3 66B 8 7700000000000000
142866.3 66C 8 DF09000000000000
142867.9 444 8 0000000000000005
142881.6 6C0 7 04030100000000
142882.8 3F1 8 0002000000000000
142884.0 663 8 7814E00E00AA0000
142885.2 31C 8 00000000800084F3
142897.5 31D 8 000000000000001F
142898.8 38C 8 000000000000007F
142900.2 38D 8 00000000000000E5
142913.4 39C 8 FF6F000000000000
142914.8 3C3 8 FF00000000000000
142916.1 444 8 0000000000000005
142928.8 537 8 8080808080800000
142930.0 538 8 8080008080000080
142932.0 6AB 8 00000000000041A1
142944.4 31C 8 00000000800084F3
142945.7 31D 8 000000000000001F
142975.7 444 8 0000000000000005
142991.4 3F1 8 0002000000000000
142993.1 663 8 7814E00E00AA0000
142994.3 31C 8 00000000800084F3
142995.7 31D 8 000000000000001F
142997.1 38C 8 000000000000007F
143007.1 38D 8 00000000000000E5
143008.3 39C 8 FF6F000000000000
143009.5 3C3 8 FF00000000000000
143022.5 444 8 0000000000000005
143038.4 523 8 CD1F7770450E0B02
143040.0 52E 5 603F000000
143041.1 31C 8 00000000800084F3
143042.4 31D 8 000000000000001F
143069.4 444 8 0000000000000005
143085.1 539 8 2702800008030000
143086.4 541 8 0000000000000000
143087.6 6C0 7 04030100000000
143088.8 3F1 8 0002000000000000
143090.0 663 8 7814E00E00AA0000
143091.3 31C 8 00000000800084F3
143105.0 31D 8 000000000000001F
143109.8 38C 8 000000000000007F
143111.5 38D 8 00000000000000E5
143116.1 39C 8 FF6F000000000000
143117.6 3C3 8 FF00000000000000
143118.9 444 8 0000000000000005
143120.7 537 8 8080808080800000
143131.9 538 8 8080008080000080
143133.3 6AB 8 00000000000041A1
143134.5 31C 8 00000000800084F3
143147.5 31D 8 000000000000001F
143163.6 444 8 0000000000000005
143178.8 3F1 8 0002000000000000
143180.1 663 8 7814E00E00AA0000
143194.4 31C 8 00000000800084F3
143195.8 31D 8 000000000000001F
143197.2 38C 8 000000000000007F
143210.0 38D 8 00000000000000E5
143211.7 39C 8 FF6F000000000000
143213.1 3C3 8 FF00000000000000
143225.7 444 8 0000000000000005
143241.4 31C 8 00000000800084F3
143242.7 31D 8 000000000000001F
143272.5 444 8 0000000000000005
143288.5 6C0 7 04030100000000
143290.7 3F1 8 0002000000000000
143292.1 484 8 0000000000000000
143293.2 523 8 CD1F7770450E0B02
143294.3 52E 5 603F000000
143295.6 585 8 902C00000000003F
143296.7 64C 2 0011
143297.8 663 8 7814E00E00AA0000
143299.1 6B2 8 FFFEFF0F880004C7
143300.2 31C 8 00000000800084F3
143301.5 31D 8 000000000000001F
143303.7 38C 8 000000000000007F
143305.0 38D 8 00000000000000E5
143306.2 39C 8 FF6F000000000000
143319.5 3C3 8 FF00000000000000
143321.0 444 8 0000000000000005
143322.5 537 8 8080808080800000
143335.1 538 8 8080008080000080
143336.4 5FB 8 1FFFFFFFFF1FF87E
143337.7 539 8 2702800008030000
143338.8 541 8 0000000000000000
143340.0 5FA 8 5B9DC7CC9C46F1FF
143341.2 6AB 8 00000000000041A1
143342.6 31C 8 00000000800084F3
143344.0 5EA 8 0000000000000016
143350.7 31D 8 000000000000001F
143352.2 5EB 8 0000000000000007
143353.3 5EC 8 000000000000000F
143354.5 66B 8 7700000000000000
143366.2 66C 8 DF09000000000000
143368.1 444 8 0000000000000005
143381.7 3F1 8 0002000000000000
143383.0 663 8 7814E00E00AA0000
143384.2 31C 8 00000000800084F3
143397.8 31D 8 000000000000001F
143400.0 38C 8 000000000000007F
143401.3 38D 8 00000000000000E5
143413.4 39C 8 FF6F000000000000
143414.7 3C3 8 FF00000000000000
143415.9 444 8 0000000000000005
143444.4 31C 8 00000000800084F3
143445.8 31D 8 000000000000001F
143475.8 444 8 0000000000000005
143491.4 6C0 7 04030100000000
143492.7 3F1 8 0002000000000000
143494.0 663 8 7814E00E00AA0000
143495.2 31C 8 00000000800084F3
143496.7 31D 8 000000000000001F
143498.0 38C 8 000000000000007F
143506.9 38D 8 00000000000000E5
143508.2 39C 8 FF6F000000000000
143509.4 3C3 8 FF00000000000000
143522.5 444 8 0000000000000005
143523.8 537 8 8080808080800000
143525.2 538 8 8080008080000080
143538.4 6AB 8 00000000000041A1
143539.7 523 8 CD1F7770450E0B02
143541.5 52E 5 603F000000
143542.7 31C 8 00000000800084F3
143544.0 31D 8 000000000000001F
143569.4 444 8 0000000000000005
143585.0 539 8 2702800008030000
143586.3 541 8 0000000000000000
143587.5 3F1 8 0002000000000000
143588.7 663 8 7814E00E00AA0000
143589.9 31C 8 00000000800084F3
143600.9 31D 8 000000000000001F
143602.5 38C 8 000000000000007F
143604.0 38D 8 00000000000000E5
143616.3 39C 8 FF6F000000000000
143617.6 3C3 8 FF00000000000000
143618.8 444 8 0000000000000005
143631.6 31C 8 00000000800084F3
143647.5 31D 8 000000000000001F
143663.2 444 8 0000000000000005
143678.8 6C0 7 04030100000000
143680.0 3F1 8 0002000000000000
143681.4 663 8 7814E00E00AA0000
143694.4 31C 8 00000000800084F3
143695.8 31D 8 000000000000001F
143697.4 38C 8 000000000000007F
143710.1 38D 8 00000000000000E5
143711.6 39C 8 FF6F000000000000
143712.9 3C3 8 FF00000000000000
143725.5 444 8 0000000000000005
143726.9 537 8 8080808080800000
143728.1 538 8 8080008080000080
143729.3 6AB 8 00000000000041A1
143741.3 31C 8 00000000800084F3
143742.6 31D 8 000000000000001F
143772.5 444 8 0000000000000005
143788.3 3F1 8 0002000000000000
143789.6 484 8 0000000000000000
143790.8 523 8 CD1F7770450E0B02
143791.9 52E 5 603F000000
143793.3 663 8 7814E00E00AA0000
143794.5 31C 8 00000000800084F3
143795.9 31D 8 000000000000001F
143804.0 38C 8 000000000000007F
143805.3 38D 8 00000000000000E5
143806.7 39C 8 FF6F000000000000
143819.5 3C3 8 FF00000000000000
143820.8 444 8 0000000000000005
143835.1 539 8 2702800008030000
143836.4 541 8 0000000000000000
143837.5 31C 8 00000000800084F3
143838.9 5EA 8 0000000000000016
143851.3 31D 8 000000000000001F
143852.8 5EB 8 0000000000000007
143853.9 5EC 8 000000000000000F
143855.1 66B 8 7700000000000000
143866.5 66C 8 DF09000000000000
143867.7 444 8 0000000000000005
143881.7 6C0 7 04030100000000
143883.1 3F1 8 0002000000000000
143884.3 663 8 7814E00E00AA0000
143885.8 31C 8 00000000800084F3
143897.6 31D 8 000000000000001F
143899.0 38C 8 000000000000007F
143900.2 38D 8 00000000000000E5
143913.3 39C 8 FF6F000000000000
143914.5 3C3 8 FF00000000000000
143915.8 444 8 0000000000000005
143928.8 537 8 8080808080800000
143930.0 538 8 8080008080000080
143931.3 6AB 8 00000000000041A1
143944.6 31C 8 00000000800084F3
143945.9 31D 8 000000000000001F
143975.7 444 8 0000000000000005
143991.3 3F1 8 0002000000000000
143992.8 663 8 7814E00E00AA0000
143994.1 31C 8 00000000800084F3
143995.4 31D 8 000000000000001F
143997.6 38C 8 000000000000007F
144006.6 38D 8 00000000000000E5
144007.9 39C 8 FF6F000000000000
144009.1 3C3 8 FF00000000000000
144022.6 444 8 0000000000000005
144038.1 523 8 CD1F7770450E0B02
144039.4 52E 5 603F000000
144040.6 31C 8 00000000800084F3
144041.9 31D 8 000000000000001F
144069.5 444 8 0000000000000005
144085.0 539 8 2702800008030000
144086.3 541 8 0000000000000000
144087.6 6C0 7 04030100000000
144088.8 3F1 8 0002000000000000
144090.0 663 8 7814E00E00AA0000
144091.4 31C 8 00000000800084F3
144101.0 31D 8 000000000000001F
144102.7 38C 8 000000000000007F
144103.9 38D 8 00000000000000E5
144116.1 39C 8 FF6F000000000000
144117.6 3C3 8 FF00000000000000
144118.8 444 8 0000000000000005
144120.1 537 8 8080808080800000
144131.7 538 8 8080008080000080
144133.0 6AB 8 00000000000041A1
144134.2 31C 8 00000000800084F3
144147.8 31D 8 000000000000001F
144163.5 444 8 0000000000000005
144178.8 3F1 8 0002000000000000
144180.1 663 8 7814E00E00AA0000
144194.4 31C 8 00000000800084F3
144195.8 31D 8 000000000000001F
144197.3 38C 8 000000000000007F
144210.3 38D 8 00000000000000E5
144212.6 39C 8 FF6F000000000000
144214.6 3C3 8 FF00000000000000
144225.9 444 8 0000000000000005
144241.6 31C 8 00000000800084F3
144242.9 31D 8 000000000000001F
144272.5 444 8 0000000000000005
144288.7 6C0 7 04030100000000
144290.4 3F1 8 0002000000000000
144292.3 484 8 0000000000000000
144293.5 523 8 CD1F7770450E0B02
144294.7 52E 5 603F000000
144296.0 585 8 902C00000000003F
144297.3 64C 2 0011
144298.4 663 8 7814E00E00AA0000
144299.6 6B2 8 FFFEFF0F880084C7
144300.8 31C 8 00000000800084F3
144302.4 31D 8 000000000000001F
144319.4 38C 8 000000000000007F
144320.7 38D 8 00000000000000E5
144322.0 39C 8 FF6F000000000000
144323.2 3C3 8 FF00000000000000
144324.5 444 8 0000000000000005
144325.9 537 8 8080808080800000
144335.0 538 8 8080008080000080
144336.2 5FB 8 1FFFFFFFFF1FF87E
144337.3 539 8 2702800008030000
144338.4 541 8 0000000000000000
144339.6 5FA 8 5B9DC7CC9C46F1FF
144340.7 6AB 8 00000000000041A1
144342.0 31C 8 00000000800084F3
144343.4 5EA 8 0000000000000016
144350.8 31D 8 000000000000001F
144352.3 5EB 8 0000000000000007
144353.4 5EC 8 000000000000000F
144354.6 66B 8 7700000000000000
144366.3 66C 8 DF09000000000000
144367.5 444 8 0000000000000005
144381.6 3F1 8 0002000000000000
144382.9 663 8 7814E00E00AA0000
144384.1 31C 8 00000000800084F3
144397.9 31D 8 000000000000001F
144399.7 38C 8 000000000000007F
144401.2 38D 8 00000000000000E5
144413.2 39C 8 FF6F000000000000
144414.6 3C3 8 FF00000000000000
144415.8 444 8 0000000000000005
144444.4 31C 8 00000000800084F3
144446.0 31D 8 000000000000001F
144475.7 444 8 0000000000000005
144491.3 6C0 7 04030100000000
144492.7 3F1 8 0002000000000000
144494.0 663 8 7814E00E00AA0000
144495.2 31C 8 00000000800084F3
144496.6 31D 8 000000000000001F
144498.0 38C 8 000000000000007F
144506.9 38D 8 00000000000000E5
144508.2 39C 8 FF6F000000000000
144509.4 3C3 8 FF00000000000000
144522.5 444 8 0000000000000005
144523.9 537 8 8080808080800000
144525.1 538 8 8080008080000080
144538.2 6AB 8 00000000000041A1
144539.4 523 8 CD1F7770450E0B02
144540.6 52E 5 603F000000
144541.8 31C 8 00000000800084F3
144543.1 31D 8 000000000000001F
144569.4 444 8 0000000000000005
144585.0 539 8 2702800008030000
144586.3 541 8 0000000000000000
144587.6 3F1 8 0002000000000000
144588.9 663 8 7814E00E00AA0000
144590.8 31C 8 00000000800084F3
144600.8 31D 8 000000000000001F
144602.5 38C 8 000000000000007F
144603.7 38D 8 00000000000000E5
144616.5 39C 8 FF6F000000000000
144617.8 3C3 8 FF00000000000000
144619.0 444 8 0000000000000005
144631.7 31C 8 00000000800084F3
144647.6 31D 8 000000000000001F
144663.3 444 8 0000000000000005
144678.9 6C0 7 04030100000000
144680.1 3F1 8 0002000000000000
144681.4 663 8 7814E00E00AA0000
144694.5 31C 8 00000000800084F3
144695.8 31D 8 000000000000001F
144697.4 38C 8 000000000000007F
144710.1 38D 8 00000000000000E5
144711.4 39C 8 FF6F000000000000
144712.7 3C3 8 FF00000000000000
144725.7 444 8 0000000000000005
144727.0 537 8 8080808080800000
144728.2 538 8 8080008080000080
144729.4 6AB 8 00000000000041A1
144741.4 31C 8 00000000800084F3
144743.0 31D 8 000000000000001F
144772.5 444 8 0000000000000005
144788.4 3F1 8 0002000000000000
144789.7 484 8 0000000000000000
144790.8 523 8 CD1F7770450E0B02
144792.2 52E 5 603F000000
144793.4 663 8 7814E00E00AA0000
144794.6 31C 8 00000000800084F3
144796.0 31D 8 000000000000001F
144803.8 38C 8 000000000000007F
144805.1 38D 8 00000000000000E5
144806.4 39C 8 FF6F000000000000
144819.4 3C3 8 FF00000000000000
144820.7 444 8 0000000000000005
144835.0 539 8 2702800008030000
144836.4 541 8 0000000000000000
144837.7 31C 8 00000000800084F3
144839.1 5EA 8 0000000000000016
144850.8 31D 8 000000000000001F
144852.3 5EB 8 0000000000000007
144853.5 5EC 8 000000000000000F
144854.6 66B 8 7700000000000000
144866.3 66C 8 DF09000000000000
144867.4 444 8 0000000000000005
144882.1 6C0 7 04030100000000
144883.3 3F1 8 0002000000000000
144884.5 663 8 7814E00E00AA0000
144886.2 31C 8 00000000800084F3
144897.5 31D 8 000000000000001F
144898.8 38C 8 000000000000007F
144900.1 38D 8 00000000000000E5
144913.6 39C 8 FF6F000000000000
144914.8 3C3 8 FF00000000000000
144916.1 444 8 0000000000000005
144928.8 537 8 8080808080800000
144930.0 538 8 8080008080000080
144931.2 6AB 8 00000000000041A1
144944.4 31C 8 00000000800084F3
144945.7 31D 8 000000000000001F
144975.9 444 8 0000000000000005
144991.3 3F1 8 0002000000000000
144992.7 663 8 7814E00E00AA0000
144993.9 31C 8 00000000800084F3
144995.2 31D 8 000000000000001F
144996.7 38C 8 000000000000007F
145007.1 38D 8 00000000000000E5
145008.5 39C 8 FF6F000000000000
145010.2 3C3 8 FF00000000000000
145022.6 444 8 0000000000000005
145038.2 523 8 CD1F7770450E0B02
145039.4 52E 5 603F000000
145040.6 31C 8 00000000800084F3
145041.9 31D 8 000000000000001F
145069.4 444 8 0000000000000005
145085.0 539 8 2702800008030000
145086.3 541 8 0000000000000000
145087.6 6C0 7 04030100000000
145088.8 3F1 8 0002000000000000
145090.0 663 8 7814E00E00AA0000
145091.4 31C 8 00000000800084F3
145100.7 31D 8 000000000000001F
145102.1 38C 8 000000000000007F
145103.3 38D 8 00000000000000E5
145116.1 39C 8 FF6F000000000000
145117.6 3C3 8 FF00000000000000
145118.8 444 8 0000000000000005
145120.1 537 8 8080808080800000
145131.6 538 8 8080008080000080
145132.8 6AB 8 00000000000041A1
145134.0 31C 8 00000000800084F3
145147.5 31D 8 000000000000001F
145163.4 444 8 0000000000000005
145178.9 3F1 8 0002000000000000
145180.1 663 8 7814E00E00AA0000
145194.4 31C 8 00000000800084F3
145195.7 31D 8 000000000000001F
145197.2 38C 8 000000000000007F
145210.0 38D 8 00000000000000E5
145212.5 39C 8 FF6F000000000000
145213.9 3C3 8 FF00000000000000
145225.8 444 8 0000000000000005
145241.3 31C 8 00000000800084F3
145242.7 31D 8 000000000000001F
145272.6 444 8 0000000000000005
145288.4 6C0 7 04030100000000
145289.9 3F1 8 0002000000000000
145291.4 484 8 0000000000000000
145292.5 523 8 CD1F7770450E0B02
145293.6 52E 5 603F000000
145294.8 585 8 902C00000000003F
145296.0 64C 2 0011
145297.3 663 8 7814E00E00AA0000
145298.5 6B2 8 FFFEFF0F880004C8
145299.6 31C 8 00000000800084F3
145301.0 31D 8 000000000000001F
145303.8 38C 8 000000000000007F
145305.0 38D 8 00000000000000E5
145306.2 39C 8 FF6F000000000000
145319.4 3C3 8 FF00000000000000
145320.7 444 8 0000000000000005
145322.2 537 8 8080808080800000
145335.1 538 8 8080008080000080
145336.7 5FB 8 1FFFFFFFFF1FF87E
145338.0 539 8 2702800008030000
145339.3 541 8 0000000000000000
145341.4 5FA 8 5B9DC7CC9C46F1FF
145342.6 6AB 8 00000000000041A1
145343.8 31C 8 00000000800084F3
145345.2 5EA 8 0000000000000016
145351.0 31D 8 000000000000001F
145352.6 5EB 8 0000000000000007
145353.7 5EC 8 000000000000000F
145354.9 66B 8 7700000000000000
145366.3 66C 8 DF09000000000000
145367.4 444 8 0000000000000005
145381.6 3F1 8 0002000000000000
145383.0 663 8 7814E00E00AA0000
145384.2 31C 8 00000000800084F3
145397.7 31D 8 000000000000001F
145399.1 38C 8 000000000000007F
145400.3 38D 8 00000000000000E5
145413.4 39C 8 FF6F000000000000
145415.4 3C3 8 FF00000000000000
145416.7 444 8 0000000000000005
145444.4 31C 8 00000000800084F3
145451.4 31D 8 000000000000001F
145475.7 444 8 0000000000000005
145491.3 6C0 7 04030100000000
145492.7 3F1 8 0002000000000000
145494.0 663 8 7814E00E00AA0000
145495.2 31C 8 00000000800084F3
145497.5 31D 8 000000000000001F
145498.8 38C 8 000000000000007F
145506.9 38D 8 00000000000000E5
145508.2 39C 8 FF6F000000000000
145509.4 3C3 8 FF00000000000000
145522.5 444 8 0000000000000005
145523.9 537 8 8080808080800000
145525.0 538 8 8080008080000080
145538.3 6AB 8 00000000000041A1
145539.5 523 8 CD1F7770450E0B02
145540.7 52E 5 603F000000
145541.8 31C 8 00000000800084F3
145543.2 31D 8 000000000000001F
145569.4 444 8 0000000000000005
145585.0 539 8 2702800008030000
145586.2 541 8 0000000000000000
145587.3 3F1 8 0002000000000000
145588.5 663 8 7814E00E00AA0000
145589.7 31C 8 00000000800084F3
145600.7 31D 8 000000000000001F
145602.3 38C 8 000000000000007F
145603.6 38D 8 00000000000000E5
145616.2 39C 8 FF6F000000000000
145617.5 3C3 8 FF00000000000000
145618.7 444 8 0000000000000005
145631.7 31C 8 00000000800084F3
145647.6 31D 8 000000000000001F
145663.3 444 8 0000000000000005
145678.8 6C0 7 04030100000000
145680.0 3F1 8 0002000000000000
145681.4 663 8 7814E00E00AA0000
145694.4 31C 8 00000000800084F3
145695.8 31D 8 000000000000001F
145697.4 38C 8 000000000000007F
145710.0 38D 8 00000000000000E5
145711.4 39C 8 FF6F000000000000
145712.7 3C3 8 FF00000000000000
145725.7 444 8 0000000000000005
145727.2 537 8 8080808080800000
145728.4 538 8 8080008080000080
145729.6 6AB 8 00000000000041A1
145741.3 31C 8 00000000800084F3
145742.6 31D 8 000000000000001F
145772.5 444 8 0000000000000005
145788.3 3F1 8 0002000000000000
145789.6 484 8 0000000000000000
145790.7 523 8 CD1F7770450E0B02
145792.1 52E 5 603F000000
145793.3 663 8 7814E00E00AA0000
145794.5 31C 8 00000000800084F3
145795.9 31D 8 000000000000001F
145804.1 38C 8 000000000000007F
145805.3 38D 8 00000000000000E5
145806.8 39C 8 FF6F000000000000
145819.4 3C3 8 FF00000000000000
145820.6 444 8 0000000000000005
145835.1 539 8 2702800008030000
145836.5 541 8 0000000000000000
145837.7 31C 8 00000000800084F3
145839.0 5EA 8 0000000000000016
145850.8 31D 8 000000000000001F
145852.4 5EB 8 0000000000000007
145853.6 5EC 8 000000000000000F
145854.7 66B 8 7700000000000000
145866.3 66C 8 DF09000000000000
145867.4 444 8 0000000000000005
145881.6 6C0 7 04030100000000
145882.8 3F1 8 0002000000000000
145884.0 663 8 7814E00E00AA0000
145885.2 31C 8 00000000800084F3
145897.6 31D 8 000000000000001F
145898.9 38C 8 000000000000007F
145900.1 38D 8 00000000000000E5
145913.7 39C 8 FF6F000000000000
145915.1 3C3 8 FF00000000000000
145916.5 444 8 0000000000000005
145928.8 537 8 8080808080800000
145930.6 538 8 8080008080000080
145932.1 6AB 8 00000000000041A1
145944.4 31C 8 00000000800084F3
145945.7 31D 8 000000000000001F
145975.8 444 8 0000000000000005
145991.3 3F1 8 0002000000000000
145992.7 663 8 7814E00E00AA0000
145993.9 31C 8 00000000800084F3
145995.3 31D 8 000000000000001F
145996.8 38C 8 000000000000007F
146006.9 38D 8 00000000000000E5
146008.2 39C 8 FF6F000000000000
146009.4 3C3 8 FF00000000000000
146022.6 444 8 0000000000000005
146038.3 523 8 CD1F7770450E0B02
146039.6 52E 5 603F000000
146040.7 31C 8 00000000800084F3
146042.0 31D 8 000000000000001F
146069.6 444 8 0000000000000005
146085.0 539 8 2702800008030000
146086.3 541 8 0000000000000000
146087.6 6C0 7 04030100000000
146088.7 3F1 8 0002000000000000
146090.0 663 8 7814E00E00AA0000
146091.2 31C 8 00000000800084F3
146100.8 31D 8 000000000000001F
146102.5 38C 8 000000000000007F
146103.8 38D 8 00000000000000E5
146116.1 39C 8 FF6F000000000000
146117.5 3C3 8 FF00000000000000
146118.7 444 8 0000000000000005
146120.0 537 8 8080808080800000
146131.7 538 8 8080008080000080
146132.9 6AB 8 00000000000041A1
146134.1 31C 8 00000000800084F3
146147.5 31D 8 000000000000001F
146163.3 444 8 0000000000000005
146178.9 3F1 8 0002000000000000
146180.1 663 8 7814E00E00AA0000
146194.7 31C 8 00000000800084F3
146196.2 31D 8 000000000000001F
146197.6 38C 8 000000000000007F
146210.0 38D 8 00000000000000E5
146211.3 39C 8 FF6F000000000000
146212.7 3C3 8 FF00000000000000
146225.8 444 8 0000000000000005
146241.4 31C 8 00000000800084F3
146242.7 31D 8 000000000000001F
146272.5 444 8 0000000000000005
146288.6 6C0 7 04030100000000
146290.4 3F1 8 0002000000000000
146292.3 484 8 0000000000000000
146293.9 523 8 CD1F7770450E0B02
146295.3 52E 5 603F000000
146297.3 585 8 902C00000000003F
146298.4 64C 2 0011
146299.5 663 8 7814E00E00AA0000
146300.8 6B2 8 FFFEFF0F880084C8
146302.2 31C 8 00000000800084F3
146303.5 31D 8 000000000000001F
146319.5 38C 8 000000000000007F
146320.9 38D 8 00000000000000E5
146322.1 39C 8 FF6F000000000000
146323.3 3C3 8 FF00000000000000
146324.6 444 8 0000000000000005
146326.2 537 8 8080808080800000
146335.1 538 8 8080008080000080
146336.4 5FB 8 1FFFFFFFFF1FF87E
146337.5 539 8 2702800008030000
146338.7 541 8 0000000000000000
146339.8 5FA 8 5B9DC7CC9C46F1FF
146341.0 6AB 8 00000000000041A1
146342.2 31C 8 00000000800084F3
146343.5 5EA 8 0000000000000016
146350.9 31D 8 000000000000001F
146352.5 5EB 8 0000000000000007
146353.7 5EC 8 000000000000000F
146354.8 66B 8 7700000000000000
146366.3 66C 8 DF09000000000000
146367.4 444 8 0000000000000005
146381.6 3F1 8 0002000000000000
146382.9 663 8 7814E00E00AA0000
146384.1 31C 8 00000000800084F3
146397.6 31D 8 000000000000001F
146399.0 38C 8 000000000000007F
146400.2 38D 8 00000000000000E5
146413.3 39C 8 FF6F000000000000
146414.6 3C3 8 FF00000000000000
146415.9 444 8 0000000000000005
146444.7 31C 8 00000000800084F3
146446.8 31D 8 000000000000001F
146475.7 444 8 0000000000000005
146491.3 6C0 7 04030100000000
146492.6 3F1 8 0002000000000000
146493.8 663 8 7814E00E00AA0000
146495.0 31C 8 00000000800084F3
146496.4 31D 8 000000000000001F
146497.8 38C 8 000000000000007F
146506.7 38D 8 00000000000000E5
146508.0 39C 8 FF6F000000000000
146509.2 3C3 8 FF00000000000000
146522.5 444 8 0000000000000005
146523.8 537 8 8080808080800000
146525.0 538 8 8080008080000080
146538.2 6AB 8 00000000000041A1
146539.4 523 8 CD1F7770450E0B02
146540.5 52E 5 603F000000
146541.7 31C 8 00000000800084F3
146543.7 31D 8 000000000000001F
146569.4 444 8 0000000000000005
146585.0 539 8 2702800008030000
146586.4 541 8 0000000000000000
146587.6 3F1 8 0002000000000000
146588.9 663 8 7814E00E00AA0000
146590.1 31C 8 00000000800084F3
146600.7 31D 8 000000000000001F
146602.1 38C 8 000000000000007F
146603.4 38D 8 00000000000000E5
146616.4 39C 8 FF6F000000000000
146617.6 3C3 8 FF00000000000000
146618.9 444 8 0000000000000005
146631.6 31C 8 00000000800084F3
146647.7 31D 8 000000000000001F
146663.5 444 8 0000000000000005
146678.8 6C0 7 04030100000000
146680.0 3F1 8 0002000000000000
146681.4 663 8 7814E00E00AA0000
146694.4 31C 8 00000000800084F3
146695.8 31D 8 000000000000001F
146697.4 38C 8 000000000000007F
146710.0 38D 8 00000000000000E5
146711.4 39C 8 FF6F000000000000
146713.4 3C3 8 FF00000000000000
146725.9 444 8 0000000000000005
146727.4 537 8 8080808080800000
146728.6 538 8 8080008080000080
146729.8 6AB 8 00000000000041A1
146741.3 31C 8 00000000800084F3
146742.6 31D 8 000000000000001F
146772.5 444 8 0000000000000005
146788.3 3F1 8 0002000000000000
146789.9 484 8 0000000000000000
146791.2 523 8 CD1F7770450E0B02
146792.5 52E 5 603F000000
146793.6 663 8 7814E00E00AA0000
146794.9 31C 8 00000000800084F3
146796.3 31D 8 000000000000001F
146803.8 38C 8 000000000000007F
146808.1 38D 8 00000000000000E5
146809.3 39C 8 FF6F000000000000
146819.5 3C3 8 FF00000000000000
146820.9 444 8 0000000000000005
146835.0 539 8 2702800008030000
146836.3 541 8 0000000000000000
146837.6 31C 8 00000000800084F3
146839.0 5EA 8 0000000000000016
146850.7 31D 8 000000000000001F
146852.1 5EB 8 0000000000000007
146853.3 5EC 8 000000000000000F
146855.1 66B 8 7700000000000000
146866.2 66C 8 DF09000000000000
146867.4 444 8 0000000000000005
146881.6 6C0 7 04030100000000
146883.0 3F1 8 0002000000000000
146884.2 663 8 7814E00E00AA0000
146885.4 31C 8 00000000800084F3
146897.5 31D 8 000000000000001F
146898.8 38C 8 000000000000007F
146900.0 38D 8 00000000000000E5
146913.2 39C 8 FF6F000000000000
146914.5 3C3 8 FF00000000000000
146915.9 444 8 0000000000000005
146928.8 537 8 8080808080800000
146930.0 538 8 8080008080000080
146931.2 6AB 8 00000000000041A1
146944.4 31C 8 00000000800084F3
146945.8 31D 8 000000000000001F
146975.7 444 8 0000000000000005
146991.3 3F1 8 0002000000000000
146992.7 663 8 7814E00E00AA0000
146993.9 31C 8 00000000800084F3
146995.3 31D 8 000000000000001F
146996.6 38C 8 000000000000007F
147006.7 38D 8 00000000000000E5
147008.0 39C 8 FF6F000000000000
147009.8 3C3 8 FF00000000000000
147022.6 444 8 0000000000000005
147038.2 523 8 CD1F7770450E0B02
147039.4 52E 5 603F000000
147040.6 31C 8 00000000800084F3
147041.9 31D 8 000000000000001F
147069.6 444 8 0000000000000005
147085.2 539 8 2702800008030000
147086.4 541 8 0000000000000000
147087.7 6C0 7 04030100000000
147088.9 3F1 8 0002000000000000
147090.1 663 8 7814E00E00AA0000
147091.4 31C 8 00000000800084F3
147100.7 31D 8 000000000000001F
147102.1 38C 8 000000000000007F
147103.3 38D 8 00000000000000E5
147116.1 39C 8 FF6F000000000000
147117.4 3C3 8 FF00000000000000
147118.6 444 8 0000000000000005
147119.9 537 8 8080808080800000
147131.9 538 8 8080008080000080
147133.4 6AB 8 00000000000041A1
147134.9 31C 8 00000000800084F3
147147.5 31D 8 000000000000001F
147163.4 444 8 0000000000000005
147178.8 3F1 8 0002000000000000
147180.0 663 8 7814E00E00AA0000
147194.4 31C 8 00000000800084F3
147195.8 31D 8 000000000000001F
147197.3 38C 8 000000000000007F
147210.4 38D 8 00000000000000E5
147211.8 39C 8 FF6F000000000000
147213.0 3C3 8 FF00000000000000
147225.8 444 8 0000000000000005
147241.4 31C 8 00000000800084F3
147242.9 31D 8 000000000000001F
147272.6 444 8 0000000000000005
147288.6 6C0 7 04030100000000
147290.2 3F1 8 0002000000000000
147292.1 484 8 0000000000000000
147293.6 523 8 CD1F7770450E0B02
147294.9 52E 5 603F000000
147296.2 585 8 902C00000000003F
147297.4 64C 2 0011
147298.5 663 8 7814E00E00AA0000
147299.8 6B2 8 FFFEFF0F880004C9
147300.9 31C 8 00000000800084F3
147302.5 31D 8 000000000000001F
147319.4 38C 8 000000000000007F
147320.7 38D 8 00000000000000E5
147321.9 39C 8 FF6F000000000000
147323.8 3C3 8 FF00000000000000
147325.1 444 8 0000000000000005
147326.5 537 8 8080808080800000
147335.1 538 8 8080008080000080
147336.3 5FB 8 1FFFFFFFFF1FF87E
147337.4 539 8 2702800008030000
147338.6 541 8 0000000000000000
147339.8 5FA 8 5B9DC7CC9C46F1FF
147340.9 6AB 8 00000000000041A1
147342.3 31C 8 00000000800084F3
147343.6 5EA 8 0000000000000016
147350.8 31D 8 000000000000001F
147352.4 5EB 8 0000000000000007
147353.6 5EC 8 000000000000000F
147354.7 66B 8 7700000000000000
147366.3 66C 8 DF09000000000000
147367.4 444 8 0000000000000005
147381.7 3F1 8 0002000000000000
147382.9 663 8 7814E00E00AA0000
147384.2 31C 8 00000000800084F3
147397.6 31D 8 000000000000001F
147399.0 38C 8 000000000000007F
147400.2 38D 8 00000000000000E5
147413.3 39C 8 FF6F000000000000
147414.6 3C3 8 FF00000000000000
147415.8 444 8 0000000000000005
147444.4 31C 8 00000000800084F3
147446.6 31D 8 000000000000001F
147475.9 444 8 0000000000000005
147491.3 6C0 7 04030100000000
147492.7 3F1 8 0002000000000000
147494.0 663 8 7814E00E00AA0000
147495.2 31C 8 00000000800084F3
147496.7 31D 8 000000000000001F
147498.0 38C 8 000000000000007F
147506.7 38D 8 00000000000000E5
147508.0 39C 8 FF6F000000000000
147509.3 3C3 8 FF00000000000000
147522.5 444 8 0000000000000005
147523.9 537 8 8080808080800000
147525.1 538 8 8080008080000080
147538.2 6AB 8 00000000000041A1
147539.5 523 8 CD1F7770450E0B02
147540.6 52E 5 603F000000
147541.8 31C 8 00000000800084F3
147543.1 31D 8 000000000000001F
147569.6 444 8 0000000000000005
147585.2 539 8 2702800008030000
147586.4 541 8 0000000000000000
147587.6 3F1 8 0002000000000000
147588.8 663 8 7814E00E00AA0000
147590.1 31C 8 00000000800084F3
147600.7 31D 8 000000000000001F
147602.8 38C 8 000000000000007F
147604.0 38D 8 00000000000000E5
147616.3 39C 8 FF6F000000000000
147617.5 3C3 8 FF00000000000000
147618.8 444 8 0000000000000005
147631.7 31C 8 00000000800084F3
147647.6 31D 8 000000000000001F
147663.2 444 8 0000000000000005
147678.8 6C0 7 04030100000000
147680.0 3F1 8 0002000000000000
147681.3 663 8 7814E00E00AA0000
147694.4 31C 8 00000000800084F3
147695.9 31D 8 000000000000001F
147697.4 38C 8 000000000000007F
147710.0 38D 8 00000000000000E5
147711.4 39C 8 FF6F000000000000
147712.8 3C3 8 FF00000000000000
147725.7 444 8 0000000000000005
147727.0 537 8 8080808080800000
147728.2 538 8 8080008080000080
147741.3 6AB 8 00000000000041A1
147742.5 31C 8 00000000800084F3
147743.8 31D 8 000000000000001F
147772.5 444 8 0000000000000005
147788.3 3F1 8 0002000000000000
147789.8 484 8 0000000000000000
147791.0 523 8 CD1F7770450E0B02
147792.4 52E 5 603F000000
147793.5 663 8 7814E00E00AA0000
147794.8 31C 8 00000000800084F3
147796.2 31D 8 000000000000001F
147803.8 38C 8 000000000000007F
147805.4 38D 8 00000000000000E5
147806.7 39C 8 FF6F000000000000
147819.4 3C3 8 FF00000000000000
147820.6 444 8 0000000000000005
147835.0 539 8 2702800008030000
147836.3 541 8 0000000000000000
147837.5 31C 8 00000000800084F3
147838.9 5EA 8 0000000000000016
147850.7 31D 8 000000000000001F
147852.4 5EB 8 0000000000000007
147853.5 5EC 8 000000000000000F
147854.6 66B 8 7700000000000000
147866.3 66C 8 DF09000000000000
147867.4 444 8 0000000000000005
147881.6 6C0 7 04030100000000
147882.9 3F1 8 0002000000000000
147884.1 663 8 7814E00E00AA0000
147885.3 31C 8 00000000800084F3
147897.5 31D 8 000000000000001F
147899.5 38C 8 000000000000007F
147900.7 38D 8 00000000000000E5
147913.4 39C 8 FF6F000000000000
147914.7 3C3 8 FF00000000000000
147916.0 444 8 0000000000000005
147929.3 537 8 8080808080800000
147930.5 538 8 8080008080000080
147931.9 6AB 8 00000000000041A1
147944.5 31C 8 00000000800084F3
147945.9 31D 8 000000000000001F
147975.8 444 8 0000000000000005
147991.4 3F1 8 0002000000000000
147992.8 663 8 7814E00E00AA0000
147994.1 31C 8 00000000800084F3
147995.5 31D 8 000000000000001F
147997.0 38C 8 000000000000007F
148006.9 38D 8 00000000000000E5
148008.4 39C 8 FF6F000000000000
148009.9 3C3 8 FF00000000000000
148022.4 444 8 0000000000000005
148038.2 523 8 CD1F7770450E0B02
148039.4 52E 5 603F000000
148040.6 31C 8 00000000800084F3
148042.0 31D 8 000000000000001F
148069.4 444 8 0000000000000005
148085.2 539 8 2702800008030000
148086.6 541 8 0000000000000000
148087.8 6C0 7 04030100000000
148088.9 3F1 8 0002000000000000
148090.2 663 8 7814E00E00AA0000
148091.5 31C 8 00000000800084F3
148100.9 31D 8 000000000000001F
148102.5 38C 8 000000000000007F
148103.7 38D 8 00000000000000E5
148116.2 39C 8 FF6F000000000000
148117.6 3C3 8 FF00000000000000
148118.8 444 8 0000000000000005
148120.1 537 8 8080808080800000
148131.6 538 8 8080008080000080
148132.8 6AB 8 00000000000041A1
148134.0 31C 8 00000000800084F3
148147.5 31D 8 000000000000001F
148163.4 444 8 0000000000000005
148178.8 3F1 8 0002000000000000
148180.1 663 8 7814E00E00AA0000
148194.4 31C 8 00000000800084F3
148195.8 31D 8 000000000000001F
148197.3 38C 8 000000000000007F
148210.2 38D 8 00000000000000E5
148211.4 39C 8 FF6F000000000000
148212.7 3C3 8 FF00000000000000
148225.7 444 8 0000000000000005
148241.3 31C 8 00000000800084F3
148242.6 31D 8 000000000000001F
148272.5 444 8 0000000000000005
148288.5 6C0 7 04030100000000
148289.9 3F1 8 0002000000000000
148291.3 484 8 0000000000000000
148292.4 523 8 CD1F7770450E0B02
148293.7 52E 5 603F000000
148294.8 585 8 902C00000000003F
148296.1 64C 2 0011
148297.4 663 8 7814E00E00AA0000
148298.6 6B2 8 FFFEFF0F880084C9
148299.8 31C 8 00000000800084F3
148301.2 31D 8 000000000000001F
148303.9 38C 8 000000000000007F
148305.1 38D 8 00000000000000E5
148306.5 39C 8 FF6F000000000000
148319.4 3C3 8 FF00000000000000
148320.6 444 8 0000000000000005
148322.0 537 8 8080808080800000
148335.2 538 8 8080008080000080
148336.4 5FB 8 1FFFFFFFFF1FF87E
148337.7 539 8 2702800008030000
148338.9 541 8 0000000000000000
148340.0 5FA 8 5B9DC7CC9C46F1FF
148341.4 6AB 8 00000000000041A1
148342.7 31C 8 00000000800084F3
148344.7 5EA 8 0000000000000016
148350.7 31D 8 000000000000001F
148352.3 5EB 8 0000000000000007
148353.5 5EC 8 000000000000000F
148354.6 66B 8 7700000000000000
148366.3 66C 8 DF09000000000000
148367.4 444 8 0000000000000005
148381.6 3F1 8 0002000000000000
148382.9 663 8 7814E00E00AA0000
148384.1 31C 8 00000000800084F3
148397.5 31D 8 000000000000001F
148399.0 38C 8 000000000000007F
148400.2 38D 8 00000000000000E5
148413.2 39C 8 FF6F000000000000
148414.6 3C3 8 FF00000000000000
148416.0 444 8 0000000000000005
148444.5 31C 8 00000000800084F3
148446.0 31D 8 000000000000001F
148475.9 444 8 0000000000000005
148491.3 6C0 7 04030100000000
148492.7 3F1 8 0002000000000000
148494.0 663 8 7814E00E00AA0000
148495.2 31C 8 00000000800084F3
148496.5 31D 8 000000000000001F
148497.8 38C 8 000000000000007F
148506.6 38D 8 00000000000000E5
148507.9 39C 8 FF6F000000000000
148509.1 3C3 8 FF00000000000000
148522.6 444 8 0000000000000005
148523.9 537 8 8080808080800000
148525.1 538 8 8080008080000080
148538.2 6AB 8 00000000000041A1
148539.5 523 8 CD1F7770450E0B02
148540.6 52E 5 603F000000
148541.8 31C 8 00000000800084F3
148543.1 31D 8 000000000000001F
148569.5 444 8 0000000000000005
148585.1 539 8 2802800008030000
148586.3 541 8 0000000000000000
148587.5 3F1 8 0002000000000000
148588.7 663 8 7814E00E00AA0000
148590.0 31C 8 00000000800084F3
148601.1 31D 8 000000000000001F
148602.6 38C 8 000000000000007F
148603.9 38D 8 00000000000000E5
148616.3 39C 8 FF6F000000000000
148617.5 3C3 8 FF00000000000000
148618.8 444 8 0000000000000005
148631.7 31C 8 00000000800084F3
148647.5 31D 8 000000000000001F
148663.4 444 8 0000000000000005
148679.0 6C0 7 04030100000000
148681.2 3F1 8 0002000000000000
148683.3 663 8 7814E00E00AA0000
148694.6 31C 8 00000000800084F3
148696.0 31D 8 000000000000001F
148697.6 38C 8 000000000000007F
148710.1 38D 8 00000000000000E5
148711.4 39C 8 FF6F000000000000
148712.7 3C3 8 FF00000000000000
148725.8 444 8 0000000000000005
148727.3 537 8 8080808080800000
148728.5 538 8 8080008080000080
148741.3 6AB 8 00000000000041A1
148742.5 31C 8 00000000800084F3
148743.8 31D 8 000000000000001F
148772.6 444 8 0000000000000005
148788.4 3F1 8 0002000000000000
148789.6 484 8 0000000000000000
148790.8 523 8 CD1F7770450E0B02
148792.2 52E 5 603F000000
148793.4 663 8 7814E00E00AA0000
148794.7 31C 8 00000000800084F3
148796.0 31D 8 000000000000001F
148803.9 38C 8 000000000000007F
148805.6 38D 8 00000000000000E5
148807.1 39C 8 FF6F000000000000
148819.5 3C3 8 FF00000000000000
148821.6 444 8 0000000000000005
148835.1 539 8 2802800008030000
148836.4 541 8 0000000000000000
148837.8 31C 8 00000000800084F3
148839.1 5EA 8 0000000000000016
148850.7 31D 8 000000000000001F
148852.2 5EB 8 0000000000000007
148853.3 5EC 8 000000000000000F
148854.5 66B 8 7700000000000000
148866.3 66C 8 DF09000000000000
148867.5 444 8 0000000000000005
148881.6 6C0 7 04030100000000
148882.8 3F1 8 0002000000000000
148884.1 663 8 7814E00E00AA0000
148885.3 31C 8 00000000800084F3
148897.5 31D 8 000000000000001F
148898.9 38C 8 000000000000007F
148900.1 38D 8 00000000000000E5
148913.3 39C 8 FF6F000000000000
148914.9 3C3 8 FF00000000000000
148916.2 444 8 0000000000000005
148928.8 537 8 8080808080800000
148930.0 538 8 8080008080000080
148931.2 6AB 8 00000000000041A1
148944.5 31C 8 00000000800084F3
148946.1 31D 8 000000000000001F
148975.7 444 8 0000000000000005
148991.3 3F1 8 0002000000000000
148992.8 663 8 7814E00E00AA0000
148994.2 31C 8 00000000800084F3
148995.5 31D 8 000000000000001F
148996.8 38C 8 000000000000007F
149006.7 38D 8 00000000000000E5
149008.0 39C 8 FF6F000000000000
149009.3 3C3 8 FF00000000000000
149022.6 444 8 0000000000000005
149038.2 523 8 CD1F7770450E0B02
149039.4 52E 5 603F000000
149040.6 31C 8 00000000800084F3
149041.9 31D 8 000000000000001F
149069.5 444 8 0000000000000005
149085.0 539 8 2802800008030000
149086.2 541 8 0000000000000000
149087.3 6C0 7 04030100000000
149088.5 3F1 8 0002000000000000
149089.7 663 8 7814E00E00AA0000
149091.0 31C 8 00000000800084F3
149100.9 31D 8 000000000000001F
149102.4 38C 8 000000000000007F
149103.7 38D 8 00000000000000E5
149116.1 39C 8 FF6F000000000000
149118.0 3C3 8 FF00000000000000
149119.2 444 8 0000000000000005
149120.5 537 8 8080808080800000
149131.7 538 8 8080008080000080
149133.0 6AB 8 00000000000041A1
149134.1 31C 8 00000000800084F3
149147.5 31D 8 000000000000001F
149169.1 444 8 0000000000000005
149184.5 3F1 8 0002000000000000
149185.7 663 8 7814E00E00AA0000
149187.2 31C 8 00000000800084F3
149200.0 31D 8 000000000000001F
149201.4 38C 8 000000000000007F
149202.7 38D 8 00000000000000E5
149215.7 39C 8 FF6F000000000000
149217.1 3C3 8 FF00000000000000
149218.3 444 8 0000000000000005
149231.4 31C 8 00000000800084F3
149247.0 31D 8 000000000000001F
149262.5 444 8 0000000000000005
149278.0 6C0 7 04030100000000
149279.7 3F1 8 0002000000000000
149281.1 484 8 0000000000000000
149282.3 523 8 CD1F7770450E0B02
149283.4 52E 5 603F000000
149293.8 585 8 902C00000000003F
149295.0 64C 2 0011
149296.2 663 8 7814E00E00AA0000
149297.6 6B2 8 FFFEFF0F880004CA
149298.7 31C 8 00000000800084F3
149300.1 31D 8 000000000000001F
149301.6 38C 8 000000000000007F
149309.4 38D 8 00000000000000E5
149311.1 39C 8 FF6F000000000000
149312.6 3C3 8 FF00000000000000
149325.0 444 8 0000000000000005
149326.3 537 8 8080808080800000
149327.7 538 8 8080008080000080
149340.6 5FB 8 1FFFFFFFFF1FF87E
149341.8 539 8 2802800008030000
149342.9 541 8 0000000000000000
149344.1 5FA 8 5B9DC7CC9C46F1FF
149345.2 6AB 8 00000000000041A1
149346.4 31C 8 00000000800084F3
149347.8 5EA 8 0000000000000016
149348.9 31D 8 000000000000001F
149350.3 5EB 8 0000000000000007
149356.3 5EC 8 000000000000000F
149357.5 66B 8 7700000000000000
149358.7 66C 8 DF09000000000000
149371.9 444 8 0000000000000005
149387.5 3F1 8 0002000000000000
149388.8 663 8 7814E00E00AA0000
149390.8 31C 8 00000000800084F3
149392.7 31D 8 000000000000001F
149403.2 38C 8 000000000000007F
149404.5 38D 8 00000000000000E5
149405.7 39C 8 FF6F000000000000
149418.9 3C3 8 FF00000000000000
149420.2 444 8 0000000000000005
149434.4 31C 8 00000000800084F3
149450.1 31D 8 000000000000001F
149465.7 444 8 0000000000000005
149481.6 6C0 7 04030100000000
149483.0 3F1 8 0002000000000000
149484.2 663 8 7814E00E00AA0000
149485.5 31C 8 00000000800084F3
149496.7 31D 8 000000000000001F
149498.1 38C 8 000000000000007F
149499.3 38D 8 00000000000000E5
149512.5 39C 8 FF6F000000000000
149513.7 3C3 8 FF00000000000000
149515.0 444 8 0000000000000005
149528.2 537 8 8080808080800000
149532.3 538 8 8080008080000080
149533.5 6AB 8 00000000000041A1
149534.7 523 8 CD1F7770450E0B02
149535.9 52E 5 603F000000
149543.9 31C 8 00000000800084F3
149545.3 31D 8 000000000000001F
149575.2 444 8 0000000000000005
149590.7 539 8 2802800008030000
149592.0 541 8 0000000000000000
149593.2 3F1 8 0002000000000000
149594.4 663 8 7814E00E00AA0000
149595.7 31C 8 00000000800084F3
149597.2 31D 8 000000000000001F
149606.4 38C 8 000000000000007F
149610.0 38D 8 00000000000000E5
149611.4 39C 8 FF6F000000000000
149612.7 3C3 8 FF00000000000000
149621.9 444 8 0000000000000005
149637.6 31C 8 00000000800084F3
149638.9 31D 8 000000000000001F
149669.0 444 8 0000000000000005
149684.7 6C0 7 04030100000000
149686.1 3F1 8 0002000000000000
149687.5 663 8 7814E00E00AA0000
149688.7 31C 8 00000000800084F3
149700.2 31D 8 000000000000001F
149701.7 38C 8 000000000000007F
149703.0 38D 8 00000000000000E5
149715.7 39C 8 FF6F000000000000
149717.2 3C3 8 FF00000000000000
149718.4 444 8 0000000000000005
149731.5 537 8 8080808080800000
149732.8 538 8 8080008080000080
149734.0 6AB 8 00000000000041A1
149735.2 31C 8 00000000800084F3
149747.0 31D 8 000000000000001F
149762.5 444 8 0000000000000005
149778.0 3F1 8 0002000000000000
149779.5 484 8 0000000000000000
149780.7 523 8 CD1F7770450E0B02
149782.1 52E 5 603F000000
149798.5 663 8 7814E00E00AA0000
149802.3 31C 8 00000000800084F3
149803.9 31D 8 000000000000001F
149805.2 38C 8 000000000000007F
149809.6 38D 8 00000000000000E5
149811.2 39C 8 FF6F000000000000
149812.7 3C3 8 FF00000000000000
149825.0 444 8 0000000000000005
149840.6 539 8 2802800008030000
149842.0 541 8 0000000000000000
149843.1 31C 8 00000000800084F3
149844.4 5EA 8 0000000000000016
149845.6 31D 8 000000000000001F
149846.9 5EB 8 0000000000000007
149856.3 5EC 8 000000000000000F
149857.5 66B 8 7700000000000000
149858.7 66C 8 DF09000000000000
149871.9 444 8 0000000000000005
149887.5 6C0 7 04030100000000
149888.7 3F1 8 0002000000000000
149889.9 663 8 7814E00E00AA0000
149891.2 31C 8 00000000800084F3
149892.6 31D 8 000000000000001F
149903.1 38C 8 000000000000007F
149904.4 38D 8 00000000000000E5
149905.6 39C 8 FF6F000000000000
149918.9 3C3 8 FF00000000000000
149920.1 444 8 0000000000000005
149921.5 537 8 8080808080800000
149934.4 538 8 8080008080000080
149935.6 6AB 8 00000000000041A1
149936.7 31C 8 00000000800084F3
149950.0 31D 8 000000000000001F
149965.7 444 8 0000000000000005
149981.4 3F1 8 0002000000000000
149982.8 663 8 7814E00E00AA0000
149984.0 31C 8 00000000800084F3
149996.6 31D 8 000000000000001F
149998.0 38C 8 000000000000007F
149999.2 38D 8 00000000000000E5
150012.5 39C 8 FF6F000000000000
150013.8 3C3 8 FF00000000000000
150015.7 444 8 0000000000000005
150028.0 523 8 CD1F7770450E0B02
150029.2 52E 5 603F000000
150043.8 31C 8 00000000800084F3
150045.1 31D 8 000000000000001F
150075.0 444 8 0000000000000005
150090.6 539 8 2802800008030000
150091.8 541 8 0000000000000000
150092.9 6C0 7 04030100000000
150094.1 3F1 8 0002000000000000
150095.3 663 8 7814E00E00AA0000
150096.4 31C 8 00000000800084F3
150097.7 31D 8 000000000000001F
150106.4 38C 8 000000000000007F
150108.1 38D 8 00000000000000E5
150109.3 39C 8 FF6F000000000000
150110.6 3C3 8 FF00000000000000
150121.6 444 8 0000000000000005
150123.0 537 8 8080808080800000
150124.2 538 8 8080008080000080
150137.5 6AB 8 00000000000041A1
150138.7 31C 8 00000000800084F3
150140.1 31D 8 000000000000001F
150168.9 444 8 0000000000000005
150184.4 3F1 8 0002000000000000
150186.4 663 8 7814E00E00AA0000
150187.7 31C 8 00000000800084F3
150200.0 31D 8 000000000000001F
150201.5 38C 8 000000000000007F
150202.8 38D 8 00000000000000E5
150215.7 39C 8 FF6F000000000000
150217.0 3C3 8 FF00000000000000
150218.8 444 8 0000000000000005
150231.7 31C 8 00000000800084F3
150247.0 31D 8 000000000000001F
150262.5 444 8 0000000000000005
150278.2 6C0 7 04030100000000
150279.7 3F1 8 0002000000000000
150281.2 484 8 0000000000000000
150282.5 523 8 CD1F7770450E0B02
150283.6 52E 5 603F000000
150294.0 585 8 902C00000000003F
150295.2 64C 2 0011
150296.2 663 8 7814E00E00AA0000
150297.5 6B2 8 FFFEFF0F880084CA
150298.6 31C 8 00000000800084F3
150299.9 31D 8 000000000000001F
150301.4 38C 8 000000000000007F
150309.4 38D 8 00000000000000E5
150310.7 39C 8 FF6F000000000000
150312.0 3C3 8 FF00000000000000
150325.0 444 8 0000000000000005
150326.3 537 8 8080808080800000
150327.8 538 8 8080008080000080
150340.6 5FB 8 1FFFFFFFFF1FF87E
150342.0 539 8 2802800008030000
150343.1 541 8 0000000000000000
150344.3 5FA 8 5B9DC7CC9C46F1FF
150345.4 6AB 8 00000000000041A1
150346.7 31C 8 00000000800084F3
150348.1 5EA 8 0000000000000016
150349.2 31D 8 000000000000001F
150350.6 5EB 8 0000000000000007
150356.4 5EC 8 000000000000000F
150357.7 66B 8 7700000000000000
150358.8 66C 8 DF09000000000000
150371.9 444 8 0000000000000005
150387.5 3F1 8 0002000000000000
150388.8 663 8 7814E00E00AA0000
150390.0 31C 8 00000000800084F3
150391.6 31D 8 000000000000001F
150403.2 38C 8 000000000000007F
150404.7 38D 8 00000000000000E5
150406.0 39C 8 FF6F000000000000
150419.0 3C3 8 FF00000000000000
150420.2 444 8 0000000000000005
150434.4 31C 8 00000000800084F3
150450.0 31D 8 000000000000001F
150465.7 444 8 0000000000000005
150481.4 6C0 7 04030100000000
150482.8 3F1 8 0002000000000000
150484.0 663 8 7814E00E00AA0000
150485.3 31C 8 00000000800084F3
150496.6 31D 8 000000000000001F
150498.1 38C 8 000000000000007F
150499.3 38D 8 00000000000000E5
150512.5 39C 8 FF6F000000000000
150513.8 3C3 8 FF00000000000000
150515.0 444 8 0000000000000005
150528.0 537 8 8080808080800000
150529.3 538 8 8080008080000080
150530.5 6AB 8 00000000000041A1
150531.7 523 8 CD1F7770450E0B02
150532.8 52E 5 603F000000
150543.9 31C 8 00000000800084F3
150545.2 31D 8 000000000000001F
150575.0 444 8 0000000000000005
150590.6 539 8 2802800008030000
150592.0 541 8 0000000000000000
150593.1 3F1 8 0002000000000000
150594.3 663 8 7814E00E00AA0000
150595.6 31C 8 00000000800084F3
150596.9 31D 8 000000000000001F
150606.3 38C 8 000000000000007F
150607.6 38D 8 00000000000000E5
150608.9 39C 8 FF6F000000000000
150610.9 3C3 8 FF00000000000000
150621.9 444 8 0000000000000005
150637.7 31C 8 00000000800084F3
150639.0 31D 8 000000000000001F
150668.8 444 8 0000000000000005
150684.4 6C0 7 04030100000000
150685.6 3F1 8 0002000000000000
150687.0 663 8 7814E00E00AA0000
150688.3 31C 8 00000000800084F3
150700.1 31D 8 000000000000001F
150701.7 38C 8 000000000000007F
150703.0 38D 8 00000000000000E5
150715.6 39C 8 FF6F000000000000
150717.1 3C3 8 FF00000000000000
150718.3 444 8 0000000000000005
150731.5 537 8 8080808080800000
150732.9 538 8 8080008080000080
150734.1 6AB 8 00000000000041A1
150735.2 31C 8 00000000800084F3
150746.9 31D 8 000000000000001F
150762.5 444 8 0000000000000005
150778.0 3F1 8 0002000000000000
150779.3 484 8 0000000000000000
150780.4 523 8 CD1F7770450E0B02
150781.6 52E 5 603F000000
150793.8 663 8 7814E00E00AA0000
150795.1 31C 8 00000000800084F3
150796.5 31D 8 000000000000001F
150797.9 38C 8 000000000000007F
150809.5 38D 8 00000000000000E5
150810.8 39C 8 FF6F000000000000
150812.3 3C3 8 FF00000000000000
150825.0 444 8 0000000000000005
150840.6 539 8 2802800008030000
150842.0 541 8 0000000000000000
150843.2 31C 8 00000000800084F3
150844.5 5EA 8 0000000000000016
150845.6 31D 8 000000000000001F
150847.1 5EB 8 0000000000000007
150856.3 5EC 8 000000000000000F
150857.5 66B 8 7700000000000000
150858.7 66C 8 DF09000000000000
150872.0 444 8 0000000000000005
150887.6 6C0 7 04030100000000
150895.1 3F1 8 0002000000000000
150896.4 663 8 7814E00E00AA0000
150897.6 31C 8 00000000800084F3
150898.9 31D 8 000000000000001F
150903.1 38C 8 000000000000007F
150904.4 38D 8 00000000000000E5
150905.6 39C 8 FF6F000000000000
150919.1 3C3 8 FF00000000000000
150921.2 444 8 0000000000000005
150922.7 537 8 8080808080800000
150934.4 538 8 8080008080000080
150935.6 6AB 8 00000000000041A1
150936.9 31C 8 00000000800084F3
150950.0 31D 8 000000000000001F
150965.7 444 8 0000000000000005
150981.4 3F1 8 0002000000000000
150982.8 663 8 7814E00E00AA0000
150984.1 31C 8 00000000800084F3
150996.7 31D 8 000000000000001F
150998.1 38C 8 000000000000007F
150999.4 38D 8 00000000000000E5
151012.5 39C 8 FF6F000000000000
151013.8 3C3 8 FF00000000000000
151015.0 444 8 0000000000000005
151028.0 523 8 CD1F7770450E0B02
151029.3 52E 5 603F000000
151043.9 31C 8 00000000800084F3
151045.3 31D 8 000000000000001F
151075.1 444 8 0000000000000005
151096.5 539 8 2802800008030000
151097.7 6C0 7 04030100000000
151098.9 541 8 0000000000000000
151100.0 3F1 8 0002000000000000
151102.1 663 8 7814E00E00AA0000
151103.3 31C 8 00000000800084F3
151104.6 31D 8 000000000000001F
151106.0 38C 8 000000000000007F
151107.4 38D 8 00000000000000E5
151112.6 39C 8 FF6F000000000000
151114.2 3C3 8 FF00000000000000
151115.4 444 8 0000000000000005
151127.6 537 8 8080808080800000
151128.8 538 8 8080008080000080
151130.0 6AB 8 00000000000041A1
151143.6 31C 8 00000000800084F3
151144.9 31D 8 000000000000001F
151174.8 444 8 0000000000000005
151190.5 3F1 8 0002000000000000
151191.9 663 8 7814E00E00AA0000
151193.1 31C 8 00000000800084F3
151194.4 31D 8 000000000000001F
151206.2 38C 8 000000000000007F
151209.4 38D 8 00000000000000E5
151210.7 39C 8 FF6F000000000000
151212.1 3C3 8 FF00000000000000
151221.8 444 8 0000000000000005
151237.7 31C 8 00000000800084F3
151240.1 31D 8 000000000000001F
151268.5 444 8 0000000000000005
151284.6 6C0 7 04030100000000
151286.3 3F1 8 0002000000000000
151288.0 484 8 0000000000000000
151289.2 523 8 CD1F7770450E0B02
151290.4 52E 5 603F000000
151291.7 585 8 902C00000000003F
151292.9 64C 2 0011
151294.1 663 8 7814E00E00AA0000
151295.3 6B2 8 FFFEFF0F880004CB
151296.6 31C 8 00000000800084F3
151299.8 31D 8 000000000000001F
151301.2 38C 8 000000000000007F
151302.6 38D 8 00000000000000E5
151315.4 39C 8 FF6F000000000000
151316.7 3C3 8 FF00000000000000
151317.9 444 8 0000000000000005
151331.1 537 8 8080808080800000
151332.8 538 8 8080008080000080
151334.0 5FB 8 1FFFFFFFFF1FF87E
151335.1 539 8 2802800008030000
151336.2 541 8 0000000000000000
151337.4 5FA 8 5B9DC7CC9C46F1FF
151338.5 6AB 8 00000000000041A1
151346.5 31C 8 00000000800084F3
151348.0 5EA 8 0000000000000016
151349.1 31D 8 000000000000001F
151351.2 5EB 8 0000000000000007
151352.5 5EC 8 000000000000000F
151353.7 66B 8 7700000000000000
151362.5 66C 8 DF09000000000000
151363.7 444 8 0000000000000005
151377.7 3F1 8 0002000000000000
151379.1 663 8 7814E00E00AA0000
151393.5 31C 8 00000000800084F3
151395.0 31D 8 000000000000001F
151396.4 38C 8 000000000000007F
151409.0 38D 8 00000000000000E5
151410.5 39C 8 FF6F000000000000
151411.7 3C3 8 FF00000000000000
151425.0 444 8 0000000000000005
151440.3 31C 8 00000000800084F3
151441.7 31D 8 000000000000001F
151471.8 444 8 0000000000000005
151487.3 6C0 7 04030100000000
151488.6 3F1 8 0002000000000000
151489.8 663 8 7814E00E00AA0000
151491.1 31C 8 00000000800084F3
151492.7 31D 8 000000000000001F
151502.8 38C 8 000000000000007F
151504.1 38D 8 00000000000000E5
151505.3 39C 8 FF6F000000000000
151518.5 3C3 8 FF00000000000000
151519.7 444 8 0000000000000005
151521.1 537 8 8080808080800000
151534.2 538 8 8080008080000080
151535.4 6AB 8 00000000000041A1
151536.6 523 8 CD1F7770450E0B02
151537.8 52E 5 603F000000
151538.9 31C 8 00000000800084F3
151549.7 31D 8 000000000000001F
151565.9 444 8 0000000000000005
151581.4 539 8 2802800008030000
151582.7 3F1 8 0002000000000000
151583.9 541 8 0000000000000000
151585.0 663 8 7814E00E00AA0000
151586.3 31C 8 00000000800084F3
151597.6 31D 8 000000000000001F
151599.0 38C 8 000000000000007F
151600.2 38D 8 00000000000000E5
151613.4 39C 8 FF6F000000000000
151614.9 3C3 8 FF00000000000000
151616.4 444 8 0000000000000005
151644.3 31C 8 00000000800084F3
151645.6 31D 8 000000000000001F
151675.5 444 8 0000000000000005
151691.5 6C0 7 04030100000000
151692.9 3F1 8 0002000000000000
151694.1 663 8 7814E00E00AA0000
151695.4 31C 8 00000000800084F3
151697.7 31D 8 000000000000001F
151699.0 38C 8 000000000000007F
151706.5 38D 8 00000000000000E5
151707.7 39C 8 FF6F000000000000
151708.9 3C3 8 FF00000000000000
151722.6 444 8 0000000000000005
151724.1 537 8 8080808080800000
151725.3 538 8 8080008080000080
151738.0 6AB 8 00000000000041A1
151739.2 31C 8 00000000800084F3
151740.5 31D 8 000000000000001F
151769.2 444 8 0000000000000005
151785.1 3F1 8 0002000000000000
151787.0 484 8 0000000000000000
151788.2 523 8 CD1F7770450E0B02
151789.4 52E 5 603F000000
151790.5 663 8 7814E00E00AA0000
151792.0 31C 8 00000000800084F3
151800.7 31D 8 000000000000001F
151802.2 38C 8 000000000000007F
151803.4 38D 8 00000000000000E5
151816.2 39C 8 FF6F000000000000
151817.5 3C3 8 FF00000000000000
151818.8 444 8 0000000000000005
151831.7 539 8 2802800008030000
151833.2 541 8 0000000000000000
151835.1 31C 8 00000000800084F3
151836.7 5EA 8 0000000000000016
151847.5 31D 8 000000000000001F
151848.8 5EB 8 0000000000000007
151850.0 5EC 8 000000000000000F
151851.2 66B 8 7700000000000000
151863.0 66C 8 DF09000000000000
151864.2 444 8 0000000000000005
151878.8 6C0 7 04030100000000
151880.1 3F1 8 0002000000000000
151881.4 663 8 7814E00E00AA0000
151894.5 31C 8 00000000800084F3
151896.2 31D 8 000000000000001F
151897.9 38C 8 000000000000007F
151910.1 38D 8 00000000000000E5
151911.4 39C 8 FF6F000000000000
151912.7 3C3 8 FF00000000000000
151925.6 444 8 0000000000000005
151927.1 537 8 8080808080800000
151928.5 538 8 8080008080000080
151941.1 6AB 8 00000000000041A1
151942.3 31C 8 00000000800084F3
151943.6 31D 8 000000000000001F
151972.5 444 8 0000000000000005
151988.1 3F1 8 0002000000000000
151989.3 663 8 7814E00E00AA0000
151991.2 31C 8 00000000800084F3
151992.8 31D 8 000000000000001F
152004.0 38C 8 000000000000007F
152005.4 38D 8 00000000000000E5
152006.8 39C 8 FF6F000000000000
152019.4 3C3 8 FF00000000000000
152020.7 444 8 0000000000000005
152035.1 523 8 CD1F7770450E0B02
152037.1 52E 5 603F000000
152039.1 31C 8 00000000800084F3
152050.6 31D 8 000000000000001F
152066.1 444 8 0000000000000005
152081.5 6C0 7 04030100000000
152082.9 3F1 8 0002000000000000
152084.1 539 8 2802800008030000
152085.3 663 8 7814E00E00AA0000
152086.6 541 8 0000000000000000
152087.9 31C 8 00000000800084F3
152097.4 31D 8 000000000000001F
152098.8 38C 8 000000000000007F
152100.1 38D 8 00000000000000E5
152113.1 39C 8 FF6F000000000000
152114.6 3C3 8 FF00000000000000
152115.8 444 8 0000000000000005
152128.7 537 8 8080808080800000
152130.6 538 8 8080008080000080
152131.8 6AB 8 00000000000041A1
152144.2 31C 8 00000000800084F3
152145.6 31D 8 000000000000001F
152175.5 444 8 0000000000000005
152191.1 3F1 8 0002000000000000
152192.4 663 8 7814E00E00AA0000
152193.6 31C 8 00000000800084F3
152195.0 31D 8 000000000000001F
152196.4 38C 8 000000000000007F
152206.5 38D 8 00000000000000E5
152207.8 39C 8 FF6F000000000000
152209.1 3C3 8 FF00000000000000
152222.5 444 8 0000000000000005
152238.2 31C 8 00000000800084F3
152239.5 31D 8 000000000000001F
152269.2 444 8 0000000000000005
152285.1 6C0 7 04030100000000
152286.7 3F1 8 0002000000000000
152288.2 484 8 0000000000000000
152289.3 523 8 CD1F7770450E0B02
152290.4 52E 5 603F000000
152291.5 585 8 902C00000000003F
152292.6 64C 2 0011
152293.7 663 8 7814E00E00AA0000
152294.9 6B2 8 FFFEFF0F880084CB
152296.7 31C 8 00000000800084F3
152300.5 31D 8 000000000000001F
152301.8 38C 8 000000000000007F
152303.0 38D 8 00000000000000E5
152316.2 39C 8 FF6F000000000000
152317.6 3C3 8 FF00000000000000
152318.9 444 8 0000000000000005
152320.2 537 8 8080808080800000
152331.5 538 8 8080008080000080
152332.9 5FB 8 1FFFFFFFFF1FF87E
152334.0 539 8 2802800008030000
152335.2 541 8 0000000000000000
152336.5 5FA 8 5B9DC7CC9C46F1FF
152337.7 6AB 8 00000000000041A1
152338.9 31C 8 00000000800084F3
152340.3 5EA 8 0000000000000016
152347.4 31D 8 000000000000001F
152348.8 5EB 8 0000000000000007
152349.9 5EC 8 000000000000000F
152351.2 66B 8 7700000000000000
152363.0 66C 8 DF09000000000000
152364.2 444 8 0000000000000005
152378.6 3F1 8 0002000000000000
152379.9 663 8 7814E00E00AA0000
152394.1 31C 8 00000000800084F3
152395.6 31D 8 000000000000001F
152397.0 38C 8 000000000000007F
152410.1 38D 8 00000000000000E5
152411.7 39C 8 FF6F000000000000
152412.9 3C3 8 FF00000000000000
152425.5 444 8 0000000000000005
152441.1 31C 8 00000000800084F3
152442.5 31D 8 000000000000001F
152472.6 444 8 0000000000000005
152488.0 6C0 7 04030100000000
152489.3 3F1 8 0002000000000000
152490.6 663 8 7814E00E00AA0000
152492.1 31C 8 00000000800084F3
152493.5 31D 8 000000000000001F
152503.6 38C 8 000000000000007F
152504.9 38D 8 00000000000000E5
152506.3 39C 8 FF6F000000000000
152519.2 3C3 8 FF00000000000000
152520.5 444 8 0000000000000005
152521.8 537 8 8080808080800000
152535.1 538 8 8080008080000080
152536.5 523 8 CD1F7770450E0B02
152537.8 52E 5 603F000000
152539.0 6AB 8 00000000000041A1
152540.1 31C 8 00000000800084F3
152550.5 31D 8 000000000000001F
152566.1 444 8 0000000000000005
152581.5 3F1 8 0002000000000000
152583.0 663 8 7814E00E00AA0000
152584.2 539 8 2802800008030000
152585.4 541 8 0000000000000000
152586.7 31C 8 00000000800084F3
152597.4 31D 8 000000000000001F
152598.7 38C 8 000000000000007F
152600.0 38D 8 00000000000000E5
152613.0 39C 8 FF6F000000000000
152614.3 3C3 8 FF00000000000000
152615.5 444 8 0000000000000005
152644.4 31C 8 00000000800084F3
152645.7 31D 8 000000000000001F
152675.5 444 8 0000000000000005
152691.2 6C0 7 04030100000000
152692.6 3F1 8 0002000000000000
152693.9 663 8 7814E00E00AA0000
152695.1 31C 8 00000000800084F3
152696.6 31D 8 000000000000001F
152706.6 38C 8 000000000000007F
152707.8 38D 8 00000000000000E5
152709.0 39C 8 FF6F000000000000
152710.3 3C3 8 FF00000000000000
152722.5 444 8 0000000000000005
152724.5 537 8 8080808080800000
152725.7 538 8 8080008080000080
152738.0 6AB 8 00000000000041A1
152739.2 31C 8 00000000800084F3
152740.5 31D 8 000000000000001F
152769.2 444 8 0000000000000005
152785.1 3F1 8 0002000000000000
152786.4 484 8 0000000000000000
152787.6 523 8 CD1F7770450E0B02
152788.8 52E 5 603F000000
152790.0 663 8 7814E00E00AA0000
152791.3 31C 8 00000000800084F3
152800.6 31D 8 000000000000001F
152802.1 38C 8 000000000000007F
152803.3 38D 8 00000000000000E5
152816.2 39C 8 FF6F000000000000
152817.4 3C3 8 FF00000000000000
152818.6 444 8 0000000000000005
152831.7 539 8 2802800008030000
152833.2 541 8 0000000000000000
152834.3 31C 8 00000000800084F3
152835.7 5EA 8 0000000000000016
152847.9 31D 8 000000000000001F
152849.6 5EB 8 0000000000000007
152850.8 5EC 8 000000000000000F
152852.1 66B 8 7700000000000000
152863.0 66C 8 DF09000000000000
152864.1 444 8 0000000000000005
152878.6 6C0 7 04030100000000
152879.9 3F1 8 0002000000000000
152881.3 663 8 7814E00E00AA0000
152894.4 31C 8 00000000800084F3
152896.5 31D 8 000000000000001F
152897.9 38C 8 000000000000007F
152910.3 38D 8 00000000000000E5
152911.7 39C 8 FF6F000000000000
152912.9 3C3 8 FF00000000000000
152925.6 444 8 0000000000000005
152927.0 537 8 8080808080800000
152928.5 538 8 8080008080000080
152941.1 6AB 8 00000000000041A1
152942.3 31C 8 00000000800084F3
152943.6 31D 8 000000000000001F
152972.5 444 8 0000000000000005
152988.0 3F1 8 0002000000000000
152989.2 663 8 7814E00E00AA0000
152990.5 31C 8 00000000800084F3
152992.0 31D 8 000000000000001F
153003.6 38C 8 000000000000007F
153004.9 38D 8 00000000000000E5
153006.2 39C 8 FF6F000000000000
153019.7 3C3 8 FF00000000000000
153021.2 444 8 0000000000000005
153035.2 523 8 CD1F7770450E0B02
153036.8 52E 5 603F000000
153038.5 31C 8 00000000800084F3
153050.6 31D 8 000000000000001F
153066.1 444 8 0000000000000005
153081.5 6C0 7 04030100000000
153082.7 3F1 8 0002000000000000
153084.0 663 8 7814E00E00AA0000
153085.2 539 8 2802800008030000
153086.5 541 8 0000000000000000
153087.8 31C 8 00000000800084F3
153097.4 31D 8 000000000000001F
153098.8 38C 8 000000000000007F
153100.1 38D 8 00000000000000E5
153113.0 39C 8 FF6F000000000000
153114.2 3C3 8 FF00000000000000
153115.5 444 8 0000000000000005
153128.8 537 8 8080808080800000
153130.3 538 8 8080008080000080
153131.6 6AB 8 00000000000041A1
153144.3 31C 8 00000000800084F3
153145.7 31D 8 000000000000001F
153175.5 444 8 0000000000000005
153191.1 3F1 8 0002000000000000
153192.4 663 8 7814E00E00AA0000
153193.7 31C 8 00000000800084F3
153195.0 31D 8 000000000000001F
153196.3 38C 8 000000000000007F
153206.5 38D 8 00000000000000E5
153208.3 39C 8 FF6F000000000000
153209.6 3C3 8 FF00000000000000
153222.4 444 8 0000000000000005
153238.1 31C 8 00000000800084F3
153239.4 31D 8 000000000000001F
153269.2 444 8 0000000000000005
153293.4 6C0 7 04030100000000
153294.8 3F1 8 0002000000000000
153296.2 484 8 0000000000000000
153297.5 523 8 CD1F7770450E0B02
153298.7 52E 5 603F000000
153299.9 585 8 902C00000000003F
153301.0 64C 2 0011
153302.3 663 8 7814E00E00AA0000
153303.5 6B2 8 FFFEFF0F880004CC
153304.7 31C 8 00000000800084F3
153306.1 31D 8 000000000000001F
153307.6 38C 8 000000000000007F
153324.8 38D 8 00000000000000E5
153326.0 39C 8 FF6F000000000000
153327.3 3C3 8 FF00000000000000
153328.6 444 8 0000000000000005
153330.1 537 8 8080808080800000
153331.5 538 8 8080008080000080
153340.3 5FB 8 1FFFFFFFFF1FF87E
153341.4 539 8 2802800008030000
153342.6 541 8 0000000000000000
153344.5 5FA 8 5B9DC7CC9C46F1FF
153345.6 6AB 8 00000000000041A1
153346.9 31C 8 00000000800084F3
153348.3 5EA 8 0000000000000016
153349.4 31D 8 000000000000001F
153350.8 5EB 8 0000000000000007
153356.1 5EC 8 000000000000000F
153357.2 66B 8 7700000000000000
153358.4 66C 8 DF09000000000000
153371.6 444 8 0000000000000005
153387.1 3F1 8 0002000000000000
153388.7 663 8 7814E00E00AA0000
153389.9 31C 8 00000000800084F3
153391.3 31D 8 000000000000001F
153402.9 38C 8 000000000000007F
153404.1 38D 8 00000000000000E5
153405.4 39C 8 FF6F000000000000
153418.6 3C3 8 FF00000000000000
153419.9 444 8 0000000000000005
153434.1 31C 8 00000000800084F3
153449.8 31D 8 000000000000001F
153465.3 444 8 0000000000000005
153481.1 6C0 7 04030100000000
153482.5 3F1 8 0002000000000000
153483.8 663 8 7814E00E00AA0000
153496.3 31C 8 00000000800084F3
153498.4 31D 8 000000000000001F
153499.8 38C 8 000000000000007F
153501.0 38D 8 00000000000000E5
153512.0 39C 8 FF6F000000000000
153513.4 3C3 8 FF00000000000000
153514.7 444 8 0000000000000005
153527.6 537 8 8080808080800000
153529.0 538 8 8080008080000080
153530.2 523 8 CD1F7770450E0B02
153531.5 52E 5 603F000000
153532.8 6AB 8 00000000000041A1
153543.4 31C 8 00000000800084F3
153544.8 31D 8 000000000000001F
153574.8 444 8 0000000000000005
153590.3 3F1 8 0002000000000000
153591.5 663 8 7814E00E00AA0000
153592.7 539 8 2802800008030000
153593.9 541 8 0000000000000000
153595.1 31C 8 00000000800084F3
153596.5 31D 8 000000000000001F
153606.0 38C 8 000000000000007F
153607.5 38D 8 00000000000000E5
153608.7 39C 8 FF6F000000000000
153609.9 3C3 8 FF00000000000000
153621.6 444 8 0000000000000005
153637.4 31C 8 00000000800084F3
153638.9 31D 8 000000000000001F
153668.5 444 8 0000000000000005
153684.1 6C0 7 04030100000000
153685.3 3F1 8 0002000000000000
153686.7 663 8 7814E00E00AA0000
153688.1 31C 8 00000000800084F3
153700.0 31D 8 000000000000001F
153701.4 38C 8 000000000000007F
153702.8 38D 8 00000000000000E5
153715.3 39C 8 FF6F000000000000
153716.7 3C3 8 FF00000000000000
153717.9 444 8 0000000000000005
153731.0 537 8 8080808080800000
153732.4 538 8 8080008080000080
153733.5 6AB 8 00000000000041A1
153746.5 31C 8 00000000800084F3
153747.9 31D 8 000000000000001F
153762.0 444 8 0000000000000005
153777.7 3F1 8 0002000000000000
153779.3 484 8 0000000000000000
153780.5 523 8 CD1F7770450E0B02
153793.4 52E 5 603F000000
153794.6 663 8 7814E00E00AA0000
153795.9 31C 8 00000000800084F3
153797.5 31D 8 000000000000001F
153799.4 38C 8 000000000000007F
153809.1 38D 8 00000000000000E5
153810.4 39C 8 FF6F000000000000
153811.7 3C3 8 FF00000000000000
153824.8 444 8 0000000000000005
153840.4 539 8 2802800008030000
153841.7 541 8 0000000000000000
153842.9 31C 8 00000000800084F3
153844.2 5EA 8 0000000000000016
153845.3 31D 8 000000000000001F
153846.8 5EB 8 0000000000000007
153855.9 5EC 8 000000000000000F
153857.1 66B 8 7700000000000000
153858.2 66C 8 DF09000000000000
153871.6 444 8 0000000000000005
153887.4 6C0 7 04030100000000
153888.6 3F1 8 0002000000000000
153889.8 663 8 7814E00E00AA0000
153891.0 31C 8 00000000800084F3
153892.6 31D 8 000000000000001F
153902.9 38C 8 000000000000007F
153904.1 38D 8 00000000000000E5
153905.3 39C 8 FF6F000000000000
153918.5 3C3 8 FF00000000000000
153919.7 444 8 0000000000000005
153921.0 537 8 8080808080800000
153934.1 538 8 8080008080000080
153935.3 6AB 8 00000000000041A1
153936.6 31C 8 00000000800084F3
153950.1 31D 8 000000000000001F
153965.3 444 8 0000000000000005
153980.9 3F1 8 0002000000000000
153982.4 663 8 7814E00E00AA0000
153996.3 31C 8 00000000800084F3
153997.7 31D 8 000000000000001F
153999.0 38C 8 000000000000007F
154000.2 38D 8 00000000000000E5
154012.3 39C 8 FF6F000000000000
154013.6 3C3 8 FF00000000000000
154014.8 444 8 0000000000000005
154028.0 523 8 CD1F7770450E0B02
154029.4 52E 5 603F000000
154043.4 31C 8 00000000800084F3
154044.8 31D 8 000000000000001F
154075.1 444 8 0000000000000005
154090.3 6C0 7 04030100000000
154091.6 3F1 8 0002000000000000
154092.9 663 8 7814E00E00AA0000
154094.2 539 8 2802800008030000
154095.4 541 8 0000000000000000
154096.7 31C 8 00000000800084F3
154098.1 31D 8 000000000000001F
154106.0 38C 8 000000000000007F
154107.5 38D 8 00000000000000E5
154108.7 39C 8 FF6F000000000000
154110.6 3C3 8 FF00000000000000
154121.4 444 8 0000000000000005
154123.0 537 8 8080808080800000
154124.2 538 8 8080008080000080
154137.7 6AB 8 00000000000041A1
154139.2 31C 8 00000000800084F3
154140.5 31D 8 000000000000001F
154168.6 444 8 0000000000000005
154184.1 3F1 8 0002000000000000
154185.3 663 8 7814E00E00AA0000
154186.8 31C 8 00000000800084F3
154199.9 31D 8 000000000000001F
154201.3 38C 8 000000000000007F
154202.7 38D 8 00000000000000E5
154215.3 39C 8 FF6F000000000000
154216.5 3C3 8 FF00000000000000
154217.8 444 8 0000000000000005
154246.6 31C 8 00000000800084F3
154247.9 31D 8 000000000000001F
154262.4 444 8 0000000000000005
154282.2 6C0 7 04030100000000
154284.2 3F1 8 0002000000000000
154287.8 484 8 0000000000000000
154293.6 523 8 CD1F7770450E0B02
154295.5 52E 5 603F000000
154296.8 585 8 902C00000000003F
154297.9 64C 2 0011
154298.9 663 8 7814E00E00AA0000
154300.2 6B2 8 FFFEFF0F880084CC
154301.5 31C 8 00000000800084F3
154303.0 31D 8 000000000000001F
154304.3 38C 8 000000000000007F
154309.1 38D 8 00000000000000E5
154310.3 39C 8 FF6F000000000000
154311.5 3C3 8 FF00000000000000
154324.7 444 8 0000000000000005
154326.1 537 8 8080808080800000
154327.3 538 8 8080008080000080
154340.3 5FB 8 1FFFFFFFFF1FF87E
154341.6 539 8 2802800008030000
154342.9 541 8 0000000000000000
154344.1 5FA 8 5B9DC7CC9C46F1FF
154345.2 6AB 8 00000000000041A1
154346.5 31C 8 00000000800084F3
154348.0 5EA 8 0000000000000016
154349.1 31D 8 000000000000001F
154350.4 5EB 8 0000000000000007
154356.0 5EC 8 000000000000000F
154357.2 66B 8 7700000000000000
154358.4 66C 8 DF09000000000000
154371.5 444 8 0000000000000005
154387.3 3F1 8 0002000000000000
154388.5 663 8 7814E00E00AA0000
154390.5 31C 8 00000000800084F3
154392.7 31D 8 000000000000001F
154402.9 38C 8 000000000000007F
154404.2 38D 8 00000000000000E5
154405.4 39C 8 FF6F000000000000
154418.6 3C3 8 FF00000000000000
154419.9 444 8 0000000000000005
154434.0 31C 8 00000000800084F3
154449.9 31D 8 000000000000001F
154465.4 444 8 0000000000000005
154481.3 6C0 7 04030100000000
154483.2 3F1 8 0002000000000000
154484.5 663 8 7814E00E00AA0000
154485.7 31C 8 00000000800084F3
154496.4 31D 8 000000000000001F
154497.9 38C 8 000000000000007F
154499.1 38D 8 00000000000000E5
154512.1 39C 8 FF6F000000000000
154513.4 3C3 8 FF00000000000000
154514.6 444 8 0000000000000005
154527.6 537 8 8080808080800000
154529.1 538 8 8080008080000080
154530.3 523 8 CD1F7770450E0B02
154531.5 52E 5 603F000000
154543.4 6AB 8 00000000000041A1
154545.3 31C 8 00000000800084F3
154546.7 31D 8 000000000000001F
154574.8 444 8 0000000000000005
154590.3 3F1 8 0002000000000000
154591.7 663 8 7814E00E00AA0000
154593.1 539 8 2802800008030000
154594.3 541 8 0000000000000000
154595.4 31C 8 00000000800084F3
154596.9 31D 8 000000000000001F
154606.1 38C 8 000000000000007F
154607.5 38D 8 00000000000000E5
154608.8 39C 8 FF6F000000000000
154610.0 3C3 8 FF00000000000000
154621.6 444 8 0000000000000005
154637.6 31C 8 00000000800084F3
154638.9 31D 8 000000000000001F
154668.6 444 8 0000000000000005
154684.1 6C0 7 04030100000000
154685.4 3F1 8 0002000000000000
154686.8 663 8 7814E00E00AA0000
154688.0 31C 8 00000000800084F3
154699.9 31D 8 000000000000001F
154701.4 38C 8 000000000000007F
154702.7 38D 8 00000000000000E5
154715.3 39C 8 FF6F000000000000
154716.7 3C3 8 FF00000000000000
154717.9 444 8 0000000000000005
154730.9 537 8 8080808080800000
154732.3 538 8 8080008080000080
154733.5 6AB 8 00000000000041A1
154746.6 31C 8 00000000800084F3
154747.9 31D 8 000000000000001F
154762.1 444 8 0000000000000005
154777.7 3F1 8 0002000000000000
154779.4 484 8 0000000000000000
154793.5 523 8 CD1F7770450E0B02
154794.8 52E 5 603F000000
154796.0 663 8 7814E00E00AA0000
154797.4 31C 8 00000000800084F3
154798.8 31D 8 000000000000001F
154800.1 38C 8 000000000000007F
154809.2 38D 8 00000000000000E5
154810.6 39C 8 FF6F000000000000
154812.0 3C3 8 FF00000000000000
154824.8 444 8 0000000000000005
154840.3 539 8 2802800008030000
154841.6 541 8 0000000000000000
154842.8 31C 8 00000000800084F3
154844.2 5EA 8 0000000000000016
154845.3 31D 8 000000000000001F
154847.5 5EB 8 0000000000000007
154855.9 5EC 8 000000000000000F
154857.4 66B 8 7700000000000000
154858.7 66C 8 DF09000000000000
154871.6 444 8 0000000000000005
154887.3 6C0 7 04030100000000
154888.8 3F1 8 0002000000000000
154890.1 663 8 7814E00E00AA0000
154891.4 31C 8 00000000800084F3
154892.9 31D 8 000000000000001F
154902.9 38C 8 000000000000007F
154904.2 38D 8 00000000000000E5
154905.4 39C 8 FF6F000000000000
154918.5 3C3 8 FF00000000000000
154919.8 444 8 0000000000000005
154921.2 537 8 8080808080800000
154934.1 538 8 8080008080000080
154935.2 6AB 8 00000000000041A1
154936.5 31C 8 00000000800084F3
154949.9 31D 8 000000000000001F
154965.3 444 8 0000000000000005
154981.0 3F1 8 0002000000000000
154985.5 663 8 7814E00E00AA0000
154996.3 31C 8 00000000800084F3
154997.7 31D 8 000000000000001F
154999.0 38C 8 000000000000007F
155001.0 38D 8 00000000000000E5
155012.0 39C 8 FF6F000000000000
155013.5 3C3 8 FF00000000000000
155014.7 444 8 0000000000000005
155027.6 523 8 CD1F7770450E0B02
155028.8 52E 5 603F000000
155043.8 31C 8 00000000800084F3
155045.4 31D 8 000000000000001F
155074.9 444 8 0000000000000005
155090.3 6C0 7 04030100000000
155091.6 3F1 8 0002000000000000
155092.9 663 8 7814E00E00AA0000
155094.2 539 8 2802800008030000
155095.3 541 8 0000000000000000
155096.7 31C 8 00000000800084F3
155098.0 31D 8 000000000000001F
155106.0 38C 8 000000000000007F
155107.5 38D 8 00000000000000E5
155108.7 39C 8 FF6F000000000000
155109.9 3C3 8 FF00000000000000
155121.4 444 8 0000000000000005
155123.2 537 8 8080808080800000
155124.3 538 8 8080008080000080
155137.5 6AB 8 00000000000041A1
155139.0 31C 8 00000000800084F3
155140.4 31D 8 000000000000001F
155168.5 444 8 0000000000000005
155184.3 3F1 8 0002000000000000
155185.8 663 8 7814E00E00AA0000
155187.3 31C 8 00000000800084F3
155199.8 31D 8 000000000000001F
155201.1 38C 8 000000000000007F
155202.6 38D 8 00000000000000E5
155215.3 39C 8 FF6F000000000000
155217.2 3C3 8 FF00000000000000
155218.9 444 8 0000000000000005
155231.2 31C 8 00000000800084F3
155246.6 31D 8 000000000000001F
155262.4 444 8 0000000000000005
155277.9 6C0 7 04030100000000
155279.8 3F1 8 0002000000000000
155281.8 484 8 0000000000000000
155283.3 523 8 CD1F7770450E0B02
155293.6 52E 5 603F000000
155294.9 585 8 902C00000000003F
155296.1 64C 2 0011
155297.3 663 8 7814E00E00AA0000
155298.5 6B2 8 FFFEFF0F880004CD
155299.7 31C 8 00000000800084F3
155301.1 31D 8 000000000000001F
155302.6 38C 8 000000000000007F
155309.2 38D 8 00000000000000E5
155311.2 39C 8 FF6F000000000000
155312.6 3C3 8 FF00000000000000
155324.8 444 8 0000000000000005
155326.1 537 8 8080808080800000
155327.4 538 8 8080008080000080
155340.4 5FB 8 1FFFFFFFFF1FF87E
155341.6 539 8 2802800008030000
155342.9 541 8 0000000000000000
155344.1 5FA 8 5B9DC7CC9C46F1FF
155345.2 6AB 8 00000000000041A1
155346.5 31C 8 00000000800084F3
155348.0 5EA 8 0000000000000016
155349.1 31D 8 000000000000001F
155350.5 5EB 8 0000000000000007
155356.0 5EC 8 000000000000000F
155357.2 66B 8 7700000000000000
155358.3 66C 8 DF09000000000000
155371.5 444 8 0000000000000005
155387.3 3F1 8 0002000000000000
155388.6 663 8 7814E00E00AA0000
155389.9 31C 8 00000000800084F3
155391.3 31D 8 000000000000001F
155403.0 38C 8 000000000000007F
155405.2 38D 8 00000000000000E5
155406.9 39C 8 FF6F000000000000
155418.5 3C3 8 FF00000000000000
155419.8 444 8 0000000000000005
155434.7 31C 8 00000000800084F3
155449.7 31D 8 000000000000001F
155465.3 444 8 0000000000000005
155480.9 6C0 7 04030100000000
155482.2 3F1 8 0002000000000000
155483.4 663 8 7814E00E00AA0000
155496.5 31C 8 00000000800084F3
155497.9 31D 8 000000000000001F
155499.3 38C 8 000000000000007F
155500.7 38D 8 00000000000000E5
155512.0 39C 8 FF6F000000000000
155513.3 3C3 8 FF00000000000000
155514.5 444 8 0000000000000005
155527.6 537 8 8080808080800000
155528.9 538 8 8080008080000080
155530.0 523 8 CD1F7770450E0B02
155531.3 52E 5 603F000000
155543.4 6AB 8 00000000000041A1
155544.6 31C 8 00000000800084F3
155546.0 31D 8 000000000000001F
155574.7 444 8 0000000000000005
155590.3 3F1 8 0002000000000000
155591.9 663 8 7814E00E00AA0000
155593.2 539 8 2802800008030000
155594.4 541 8 0000000000000000
155595.5 31C 8 00000000800084F3
155597.7 31D 8 000000000000001F
155606.0 38C 8 000000000000007F
155607.5 38D 8 00000000000000E5
155608.7 39C 8 FF6F000000000000
155621.6 3C3 8 FF00000000000000
155622.8 444 8 0000000000000005
155637.4 31C 8 00000000800084F3
155638.7 31D 8 000000000000001F
155668.5 444 8 0000000000000005
155684.1 6C0 7 04030100000000
155685.3 3F1 8 0002000000000000
155686.7 663 8 7814E00E00AA0000
155688.0 31C 8 00000000800084F3
155699.9 31D 8 000000000000001F
155701.2 38C 8 000000000000007F
155702.7 38D 8 00000000000000E5
155715.3 39C 8 FF6F000000000000
155716.7 3C3 8 FF00000000000000
155717.9 444 8 0000000000000005
155730.9 537 8 8080808080800000
155732.3 538 8 8080008080000080
155733.5 6AB 8 00000000000041A1
155746.5 31C 8 00000000800084F3
155747.9 31D 8 000000000000001F
155762.0 444 8 0000000000000005
155777.7 3F1 8 0002000000000000
155779.9 484 8 0000000000000000
155781.1 523 8 CD1F7770450E0B02
155793.4 52E 5 603F000000
155794.6 663 8 7814E00E00AA0000
155795.9 31C 8 00000000800084F3
155797.4 31D 8 000000000000001F
155798.7 38C 8 000000000000007F
155809.1 38D 8 00000000000000E5
155810.3 39C 8 FF6F000000000000
155811.7 3C3 8 FF00000000000000
155824.9 444 8 0000000000000005
155840.3 539 8 2802800008030000
155841.6 541 8 0000000000000000
155842.8 31C 8 00000000800084F3
155844.1 5EA 8 0000000000000016
155845.3 31D 8 000000000000001F
155846.8 5EB 8 0000000000000007
155856.0 5EC 8 000000000000000F
155857.2 66B 8 7700000000000000
155858.4 66C 8 DF09000000000000
155871.6 444 8 0000000000000005
155887.5 6C0 7 04030100000000
155888.7 3F1 8 0002000000000000
155889.9 663 8 7814E00E00AA0000
155891.2 31C 8 00000000800084F3
155892.8 31D 8 000000000000001F
155902.6 38C 8 000000000000007F
155903.8 38D 8 00000000000000E5
155905.1 39C 8 FF6F000000000000
155919.0 3C3 8 FF00000000000000
155920.6 444 8 0000000000000005
155922.1 537 8 8080808080800000
155934.1 538 8 8080008080000080
155935.3 6AB 8 00000000000041A1
155936.7 31C 8 00000000800084F3
155949.9 31D 8 000000000000001F
155965.3 444 8 0000000000000005
155981.0 3F1 8 0002000000000000
155982.4 663 8 7814E00E00AA0000
155996.3 31C 8 00000000800084F3
155997.8 31D 8 000000000000001F
155999.1 38C 8 000000000000007F
156000.3 38D 8 00000000000000E5
156012.0 39C 8 FF6F000000000000
156013.3 3C3 8 FF00000000000000
156014.5 444 8 0000000000000005
156027.6 523 8 CD1F7770450E0B02
156028.8 52E 5 603F000000
156043.5 31C 8 00000000800084F3
156044.9 31D 8 000000000000001F
156074.8 444 8 0000000000000005
156090.3 6C0 7 04030100000000
156091.6 3F1 8 0002000000000000
156092.9 663 8 7814E00E00AA0000
156094.2 539 8 2802800008030000
156095.3 541 8 0000000000000000
156096.7 31C 8 00000000800084F3
156098.0 31D 8 000000000000001F
156106.0 38C 8 000000000000007F
156107.5 38D 8 00000000000000E5
156108.7 39C 8 FF6F000000000000
156121.5 3C3 8 FF00000000000000
156122.9 444 8 0000000000000005
156124.2 537 8 8080808080800000
156125.4 538 8 8080008080000080
156137.7 6AB 8 00000000000041A1
156140.1 31C 8 00000000800084F3
156143.5 31D 8 000000000000001F
156168.5 444 8 0000000000000005
156184.1 3F1 8 0002000000000000
156185.4 663 8 7814E00E00AA0000
156186.6 31C 8 00000000800084F3
156199.8 31D 8 000000000000001F
156201.2 38C 8 000000000000007F
156202.5 38D 8 00000000000000E5
156215.3 39C 8 FF6F000000000000
156217.2 3C3 8 FF00000000000000
156218.5 444 8 0000000000000005
156246.5 31C 8 00000000800084F3
156248.1 31D 8 000000000000001F
156262.0 444 8 0000000000000005
156277.6 6C0 7 04030100000000
156279.3 3F1 8 0002000000000000
156280.8 484 8 0000000000000000
156293.4 523 8 CD1F7770450E0B02
156294.6 52E 5 603F000000
156295.8 585 8 902C00000000003F
156297.2 64C 2 0011
156298.4 663 8 7814E00E00AA0000
156299.6 6B2 8 FFFEFF0F880084CD
156300.7 31C 8 00000000800084F3
156302.4 31D 8 000000000000001F
156303.7 38C 8 000000000000007F
156309.1 38D 8 00000000000000E5
156310.4 39C 8 FF6F000000000000
156311.7 3C3 8 FF00000000000000
156324.8 444 8 0000000000000005
156326.1 537 8 8080808080800000
156327.3 538 8 8080008080000080
156340.4 5FB 8 1FFFFFFFFF1FF87E
156347.6 539 8 2802800008030000
156348.8 541 8 0000000000000000
156350.0 5FA 8 5B9DC7CC9C46F1FF
156351.2 6AB 8 00000000000041A1
156352.5 31C 8 00000000800084F3
156354.6 5EA 8 0000000000000016
156355.8 31D 8 000000000000001F
156357.1 5EB 8 0000000000000007
156371.6 5EC 8 000000000000000F
156372.7 66B 8 7700000000000000
156373.9 66C 8 DF09000000000000
156375.0 444 8 0000000000000005
156387.4 3F1 8 0002000000000000
156388.7 663 8 7814E00E00AA0000
156389.9 31C 8 00000000800084F3
156391.4 31D 8 000000000000001F
156402.9 38C 8 000000000000007F
156404.3 38D 8 00000000000000E5
156405.5 39C 8 FF6F000000000000
156418.5 3C3 8 FF00000000000000
156420.1 444 8 0000000000000005
156434.0 31C 8 00000000800084F3
156450.3 31D 8 000000000000001F
156465.3 444 8 0000000000000005
156480.9 6C0 7 04030100000000
156482.3 3F1 8 0002000000000000
156483.5 663 8 7814E00E00AA0000
156496.6 31C 8 00000000800084F3
156498.9 31D 8 000000000000001F
156500.6 38C 8 000000000000007F
156502.7 38D 8 00000000000000E5
156512.1 39C 8 FF6F000000000000
156514.1 3C3 8 FF00000000000000
156516.4 444 8 0000000000000005
156527.6 537 8 8080808080800000
156529.0 538 8 8080008080000080
156530.2 523 8 CD1F7770450E0B02
156531.5 52E 5 603F000000
156543.5 6AB 8 00000000000041A1
156544.7 31C 8 00000000800084F3
156546.1 31D 8 000000000000001F
156574.8 444 8 0000000000000005
156590.3 3F1 8 0002000000000000
156591.6 663 8 7814E00E00AA0000
156592.9 539 8 2802800008030000
156594.0 541 8 0000000000000000
156595.2 31C 8 00000000800084F3
156596.5 31D 8 000000000000001F
156606.1 38C 8 000000000000007F
156607.6 38D 8 00000000000000E5
156608.8 39C 8 FF6F000000000000
156621.5 3C3 8 FF00000000000000
156622.8 444 8 0000000000000005
156637.3 31C 8 00000000800084F3
156638.7 31D 8 000000000000001F
156668.4 444 8 0000000000000005
156684.1 6C0 7 04030100000000
156685.3 3F1 8 0002000000000000
156686.4 663 8 7814E00E00AA0000
156687.7 31C 8 00000000800084F3
156699.8 31D 8 000000000000001F
156701.2 38C 8 000000000000007F
156702.6 38D 8 00000000000000E5
156715.3 39C 8 FF6F000000000000
156716.6 3C3 8 FF00000000000000
156717.8 444 8 0000000000000005
156730.9 537 8 8080808080800000
156732.2 538 8 8080008080000080
156733.4 6AB 8 00000000000041A1
156746.5 31C 8 00000000800084F3
156747.9 31D 8 000000000000001F
156762.0 444 8 0000000000000005
156777.6 3F1 8 0002000000000000
156779.0 484 8 0000000000000000
156793.4 523 8 CD1F7770450E0B02
156794.6 52E 5 603F000000
156795.8 663 8 7814E00E00AA0000
156797.3 31C 8 00000000800084F3
156798.7 31D 8 000000000000001F
156800.0 38C 8 000000000000007F
156809.1 38D 8 00000000000000E5
156811.1 39C 8 FF6F000000000000
156812.4 3C3 8 FF00000000000000
156824.8 444 8 0000000000000005
156840.3 539 8 2802800008030000
156841.7 541 8 0000000000000000
156842.9 31C 8 00000000800084F3
156844.2 5EA 8 0000000000000016
156845.4 31D 8 000000000000001F
156847.1 5EB 8 0000000000000007
156855.9 5EC 8 000000000000000F
156857.1 66B 8 7700000000000000
156858.2 66C 8 DF09000000000000
156871.6 444 8 0000000000000005
156887.4 6C0 7 04030100000000
156888.6 3F1 8 0002000000000000
156889.9 663 8 7814E00E00AA0000
156891.1 31C 8 00000000800084F3
156892.6 31D 8 000000000000001F
156902.8 38C 8 000000000000007F
156904.0 38D 8 00000000000000E5
156905.3 39C 8 FF6F000000000000
156920.5 3C3 8 FF00000000000000
156922.0 444 8 0000000000000005
156923.6 537 8 8080808080800000
156934.1 538 8 8080008080000080
156935.3 6AB 8 00000000000041A1
156936.5 31C 8 00000000800084F3
156949.8 31D 8 000000000000001F
156965.3 444 8 0000000000000005
156980.9 3F1 8 0002000000000000
156982.2 663 8 7814E00E00AA0000
156996.4 31C 8 00000000800084F3
156997.9 31D 8 000000000000001F
156999.2 38C 8 000000000000007F
157000.5 38D 8 00000000000000E5
157012.0 39C 8 FF6F000000000000
157013.3 3C3 8 FF00000000000000
157014.5 444 8 0000000000000005
157027.6 523 8 CD1F7770450E0B02
157029.1 52E 5 603F000000
157043.4 31C 8 00000000800084F3
157045.1 31D 8 000000000000001F
157074.9 444 8 0000000000000005
157090.3 6C0 7 04030100000000
157091.6 3F1 8 0002000000000000
157092.8 663 8 7814E00E00AA0000
157094.1 539 8 2802800008030000
157095.3 541 8 0000000000000000
157096.3 31C 8 00000000800084F3
157097.7 31D 8 000000000000001F
157106.0 38C 8 000000000000007F
157108.2 38D 8 00000000000000E5
157109.4 39C 8 FF6F000000000000
157121.5 3C3 8 FF00000000000000
157122.7 444 8 0000000000000005
157124.1 537 8 8080808080800000
157125.2 538 8 8080008080000080
157137.4 6AB 8 00000000000041A1
157138.7 31C 8 00000000800084F3
157140.0 31D 8 000000000000001F
157168.6 444 8 0000000000000005
157184.1 3F1 8 0002000000000000
157185.3 663 8 7814E00E00AA0000
157186.5 31C 8 00000000800084F3
157199.8 31D 8 000000000000001F
157201.2 38C 8 000000000000007F
157202.4 38D 8 00000000000000E5
157215.3 39C 8 FF6F000000000000
157216.6 3C3 8 FF00000000000000
157217.9 444 8 0000000000000005
157231.4 31C 8 00000000800084F3
157246.6 31D 8 000000000000001F
157262.1 444 8 0000000000000005
157278.0 6C0 7 04030100000000
157279.8 3F1 8 0002000000000000
157281.9 484 8 0000000000000000
157293.4 523 8 CD1F7770450E0B02
157294.7 52E 5 603F000000
157296.1 585 8 902C00000000003F
157297.4 64C 2 0011
157299.2 663 8 7814E00E00AA0000
157300.5 6B2 8 FFFEFF0F880004CE
157301.8 31C 8 00000000800084F3
157303.2 31D 8 000000000000001F
157304.6 38C 8 000000000000007F
157309.1 38D 8 00000000000000E5
157310.4 39C 8 FF6F000000000000
157311.8 3C3 8 FF00000000000000
157324.9 444 8 0000000000000005
157326.2 537 8 8080808080800000
157327.4 538 8 8080008080000080
157340.3 5FB 8 1FFFFFFFFF1FF87E
157341.5 539 8 2802800008030000
157342.8 541 8 0000000000000000
157344.0 5FA 8 5B9DC7CC9C46F1FF
157345.1 6AB 8 00000000000041A1
157346.4 31C 8 00000000800084F3
157348.0 5EA 8 0000000000000016
157349.2 31D 8 000000000000001F
157350.5 5EB 8 0000000000000007
157356.0 5EC 8 000000000000000F
157357.2 66B 8 7700000000000000
157358.3 66C 8 DF09000000000000
157371.5 444 8 0000000000000005
157387.1 3F1 8 0002000000000000
157388.4 663 8 7814E00E00AA0000
157389.6 31C 8 00000000800084F3
157391.4 31D 8 000000000000001F
157402.9 38C 8 000000000000007F
157404.2 38D 8 00000000000000E5
157405.8 39C 8 FF6F000000000000
157418.6 3C3 8 FF00000000000000
157419.9 444 8 0000000000000005
157434.1 31C 8 00000000800084F3
157449.8 31D 8 000000000000001F
157465.1 444 8 0000000000000005
157481.0 6C0 7 04030100000000
157482.4 3F1 8 0002000000000000
157483.7 663 8 7814E00E00AA0000
157496.3 31C 8 00000000800084F3
157497.7 31D 8 000000000000001F
157499.0 38C 8 000000000000007F
157500.3 38D 8 00000000000000E5
157512.2 39C 8 FF6F000000000000
157513.5 3C3 8 FF00000000000000
157514.8 444 8 0000000000000005
157527.7 537 8 8080808080800000
157529.1 538 8 8080008080000080
157530.4 523 8 CD1F7770450E0B02
157531.6 52E 5 603F000000
157543.4 6AB 8 00000000000041A1
157544.7 31C 8 00000000800084F3
157546.0 31D 8 000000000000001F
157575.3 444 8 0000000000000005
157590.3 3F1 8 0002000000000000
157591.7 663 8 7814E00E00AA0000
157592.9 539 8 2802800008030000
157594.1 541 8 0000000000000000
157595.3 31C 8 00000000800084F3
157596.7 31D 8 000000000000001F
157606.0 38C 8 000000000000007F
157607.5 38D 8 00000000000000E5
157608.7 39C 8 FF6F000000000000
157621.6 3C3 8 FF00000000000000
157623.1 444 8 0000000000000005
157637.1 31C 8 00000000800084F3
157638.5 31D 8 000000000000001F
157668.4 444 8 0000000000000005
157684.1 6C0 7 04030100000000
157685.4 3F1 8 0002000000000000
157686.7 663 8 7814E00E00AA0000
157688.0 31C 8 00000000800084F3
157699.9 31D 8 000000000000001F
157704.2 38C 8 000000000000007F
157705.4 38D 8 00000000000000E5
157715.3 39C 8 FF6F000000000000
157716.5 3C3 8 FF00000000000000
157717.8 444 8 0000000000000005
157730.9 537 8 8080808080800000
157732.4 538 8 8080008080000080
157733.6 6AB 8 00000000000041A1
157746.5 31C 8 00000000800084F3
157747.9 31D 8 000000000000001F
157761.9 444 8 0000000000000005
157777.6 3F1 8 0002000000000000
157779.2 484 8 0000000000000000
157793.4 523 8 CD1F7770450E0B02
157794.6 52E 5 603F000000
157795.8 663 8 7814E00E00AA0000
157797.1 31C 8 00000000800084F3
157798.4 31D 8 000000000000001F
157799.8 38C 8 000000000000007F
157809.1 38D 8 00000000000000E5
157810.4 39C 8 FF6F000000000000
157811.7 3C3 8 FF00000000000000
157824.8 444 8 0000000000000005
157840.4 539 8 2802800008030000
157841.7 541 8 0000000000000000
157843.0 31C 8 00000000800084F3
157844.3 5EA 8 0000000000000016
157845.5 31D 8 000000000000001F
157846.9 5EB 8 0000000000000007
157855.9 5EC 8 000000000000000F
157857.1 66B 8 7700000000000000
157858.3 66C 8 DF09000000000000
157871.5 444 8 0000000000000005
157887.4 6C0 7 04030100000000
157888.7 3F1 8 0002000000000000
157889.9 663 8 7814E00E00AA0000
157891.1 31C 8 00000000800084F3
157892.7 31D 8 000000000000001F
157902.9 38C 8 000000000000007F
157904.1 38D 8 00000000000000E5
157905.3 39C 8 FF6F000000000000
157918.4 3C3 8 FF00000000000000
157919.7 444 8 0000000000000005
157921.0 537 8 8080808080800000
157934.1 538 8 8080008080000080
157936.7 6AB 8 00000000000041A1
157938.1 31C 8 00000000800084F3
157949.7 31D 8 000000000000001F
157965.3 444 8 0000000000000005
157981.0 3F1 8 0002000000000000
157982.3 663 8 7814E00E00AA0000
157996.4 31C 8 00000000800084F3
157997.9 31D 8 000000000000001F
157999.3 38C 8 000000000000007F
158000.5 38D 8 00000000000000E5
158012.0 39C 8 FF6F000000000000
158013.5 3C3 8 FF00000000000000
158015.5 444 8 0000000000000005
158027.7 523 8 CD1F7770450E0B02
158029.0 52E 5 603F000000
158043.6 31C 8 00000000800084F3
158045.1 31D 8 000000000000001F
158074.8 444 8 0000000000000005
158090.6 6C0 7 04030100000000
158092.2 3F1 8 0002000000000000
158093.5 663 8 7814E00E00AA0000
158094.7 539 8 2802800008030000
158096.0 541 8 0000000000000000
158097.3 31C 8 00000000800084F3
158098.7 31D 8 000000000000001F
158106.1 38C 8 000000000000007F
158107.5 38D 8 00000000000000E5
158108.8 39C 8 FF6F000000000000
158121.5 3C3 8 FF00000000000000
158122.9 444 8 0000000000000005
158124.3 537 8 8080808080800000
158125.4 538 8 8080008080000080
158137.5 6AB 8 00000000000041A1
158138.7 31C 8 00000000800084F3
158140.1 31D 8 000000000000001F
158168.6 444 8 0000000000000005
158184.1 3F1 8 0002000000000000
158186.0 663 8 7814E00E00AA0000
158187.4 31C 8 00000000800084F3
158199.8 31D 8 000000000000001F
158201.2 38C 8 000000000000007F
158202.7 38D 8 00000000000000E5
158215.3 39C 8 FF6F000000000000
158216.8 3C3 8 FF00000000000000
158218.1 444 8 0000000000000005
158246.9 31C 8 00000000800084F3
158248.2 31D 8 000000000000001F
158262.0 444 8 0000000000000005
158278.1 6C0 7 04030100000000
158279.9 3F1 8 0002000000000000
158293.5 484 8 0000000000000000
158294.6 523 8 CD1F7770450E0B02
158295.8 52E 5 603F000000
158297.1 585 8 902C00000000003F
158298.3 64C 2 0011
158299.4 663 8 7814E00E00AA0000
158300.6 6B2 8 FFFEFF0F880084CE
158301.9 31C 8 00000000800084F3
158303.3 31D 8 000000000000001F
158304.6 38C 8 000000000000007F
158309.1 38D 8 00000000000000E5
158310.4 39C 8 FF6F000000000000
158311.7 3C3 8 FF00000000000000
158324.8 444 8 0000000000000005
158326.2 537 8 8080808080800000
158327.4 538 8 8080008080000080
158340.4 5FB 8 1FFFFFFFFF1FF87E
158341.7 539 8 2802800008030000
158343.0 541 8 0000000000000000
158344.2 5FA 8 5B9DC7CC9C46F1FF
158345.3 6AB 8 00000000000041A1
158346.4 31C 8 00000000800084F3
158347.8 5EA 8 0000000000000016
158348.9 31D 8 000000000000001F
158350.3 5EB 8 0000000000000007
158355.9 5EC 8 000000000000000F
158357.2 66B 8 7700000000000000
158358.4 66C 8 DF09000000000000
158371.6 444 8 0000000000000005
158387.1 3F1 8 0002000000000000
158388.4 663 8 7814E00E00AA0000
158389.6 31C 8 00000000800084F3
158391.0 31D 8 000000000000001F
158402.9 38C 8 000000000000007F
158404.3 38D 8 00000000000000E5
158405.6 39C 8 FF6F000000000000
158418.4 3C3 8 FF00000000000000
158419.7 444 8 0000000000000005
158434.1 31C 8 00000000800084F3
158449.6 31D 8 000000000000001F
158465.3 444 8 0000000000000005
158480.9 6C0 7 04030100000000
158482.4 3F1 8 0002000000000000
158483.8 663 8 7814E00E00AA0000
158496.3 31C 8 00000000800084F3
158497.7 31D 8 000000000000001F
158499.1 38C 8 000000000000007F
158500.3 38D 8 00000000000000E5
158512.1 39C 8 FF6F000000000000
158514.0 3C3 8 FF00000000000000
158515.2 444 8 0000000000000005
158527.6 537 8 8080808080800000
158529.0 538 8 8080008080000080
158530.4 523 8 CD1F7770450E0B02
158531.6 52E 5 603F000000
158543.4 6AB 8 00000000000041A1
158544.6 31C 8 00000000800084F3
158546.0 31D 8 000000000000001F
158574.7 444 8 0000000000000005
158590.3 3F1 8 0002000000000000
158591.7 663 8 7814E00E00AA0000
158593.0 539 8 2802800008030000
158594.2 541 8 0000000000000000
158595.4 31C 8 00000000800084F3
158596.8 31D 8 000000000000001F
158606.3 38C 8 000000000000007F
158607.7 38D 8 00000000000000E5
158609.0 39C 8 FF6F000000000000
158621.6 3C3 8 FF00000000000000
158622.9 444 8 0000000000000005
158637.2 31C 8 00000000800084F3
158638.6 31D 8 000000000000001F
158668.4 444 8 0000000000000005
158684.1 6C0 7 04030100000000
158685.3 3F1 8 0002000000000000
158686.6 663 8 7814E00E00AA0000
158687.9 31C 8 00000000800084F3
158699.8 31D 8 000000000000001F
158701.8 38C 8 000000000000007F
158703.0 38D 8 00000000000000E5
158715.3 39C 8 FF6F000000000000
158716.5 3C3 8 FF00000000000000
158717.8 444 8 0000000000000005
158731.2 537 8 8080808080800000
158733.7 538 8 8080008080000080
158734.9 6AB 8 00000000000041A1
158746.6 31C 8 00000000800084F3
158748.0 31D 8 000000000000001F
158762.1 444 8 0000000000000005
158777.6 3F1 8 0002000000000000
158779.2 484 8 0000000000000000
158793.5 523 8 CD1F7770450E0B02
158794.8 52E 5 603F000000
158796.7 663 8 7814E00E00AA0000
158798.1 31C 8 00000000800084F3
158799.4 31D 8 000000000000001F
158800.8 38C 8 000000000000007F
158809.1 38D 8 00000000000000E5
158810.4 39C 8 FF6F000000000000
158811.7 3C3 8 FF00000000000000
158824.8 444 8 0000000000000005
158840.3 539 8 2802800008030000
158841.5 541 8 0000000000000000
158842.7 31C 8 00000000800084F3
158844.0 5EA 8 0000000000000016
158845.1 31D 8 000000000000001F
158846.4 5EB 8 0000000000000007
158856.0 5EC 8 000000000000000F
158857.3 66B 8 7700000000000000
158858.5 66C 8 DF09000000000000
158871.5 444 8 0000000000000005
158887.4 6C0 7 04030100000000
158888.6 3F1 8 0002000000000000
158889.9 663 8 7814E00E00AA0000
158891.1 31C 8 00000000800084F3
158892.5 31D 8 000000000000001F
158902.8 38C 8 000000000000007F
158904.1 38D 8 00000000000000E5
158905.4 39C 8 FF6F000000000000
158918.6 3C3 8 FF00000000000000
158919.9 444 8 0000000000000005
158921.3 537 8 8080808080800000
158934.0 538 8 8080008080000080
158935.2 6AB 8 00000000000041A1
158936.6 31C 8 00000000800084F3
158950.1 31D 8 000000000000001F
158965.3 444 8 0000000000000005
158981.0 3F1 8 0002000000000000
158982.5 663 8 7814E00E00AA0000
158996.4 31C 8 00000000800084F3
158998.0 31D 8 000000000000001F
158999.3 38C 8 000000000000007F
159000.5 38D 8 00000000000000E5
159012.0 39C 8 FF6F000000000000
159013.3 3C3 8 FF00000000000000
159014.5 444 8 0000000000000005
159027.6 523 8 CD1F7770450E0B02
159028.9 52E 5 603F000000
159043.6 31C 8 00000000800084F3
159044.9 31D 8 000000000000001F
159075.1 444 8 0000000000000005
159090.8 6C0 7 04030100000000
159092.2 3F1 8 0002000000000000
159093.4 663 8 7814E00E00AA0000
159094.7 539 8 2802800008030000
159096.0 541 8 0000000000000000
159097.9 31C 8 00000000800084F3
159099.2 31D 8 000000000000001F
159106.0 38C 8 000000000000007F
159107.5 38D 8 00000000000000E5
159108.7 39C 8 FF6F000000000000
159121.7 3C3 8 FF00000000000000
159123.1 444 8 0000000000000005
159124.5 537 8 8080808080800000
159125.7 538 8 8080008080000080
159137.5 6AB 8 00000000000041A1
159138.7 31C 8 00000000800084F3
159140.0 31D 8 000000000000001F
159168.8 444 8 0000000000000005
159184.0 3F1 8 0002000000000000
159185.2 663 8 7814E00E00AA0000
159186.6 31C 8 00000000800084F3
159199.9 31D 8 000000000000001F
159201.2 38C 8 000000000000007F
159202.6 38D 8 00000000000000E5
159215.3 39C 8 FF6F000000000000
159216.6 3C3 8 FF00000000000000
159217.8 444 8 0000000000000005
159246.9 31C 8 00000000800084F3
159248.2 31D 8 000000000000001F
159262.2 444 8 0000000000000005
159278.0 6C0 7 04030100000000
159279.9 3F1 8 0002000000000000
159281.7 484 8 0000000000000000
159283.1 523 8 CD1F7770450E0B02
159293.4 52E 5 603F000000
159294.6 585 8 902C00000000003F
159295.7 64C 2 0011
159297.1 663 8 7814E00E00AA0000
159298.3 6B2 8 FFFEFF0F880004CF
159299.5 31C 8 00000000800084F3
159300.8 31D 8 000000000000001F
159302.4 38C 8 000000000000007F
159309.1 38D 8 00000000000000E5
159310.4 39C 8 FF6F000000000000
159311.7 3C3 8 FF00000000000000
159324.8 444 8 0000000000000005
159326.1 537 8 8080808080800000
159327.3 538 8 8080008080000080
159340.4 5FB 8 1FFFFFFFFF1FF87E
159341.5 539 8 2802800008030000
159342.7 541 8 0000000000000000
159343.9 5FA 8 5B9DC7CC9C46F1FF
159345.0 6AB 8 00000000000041A1
159346.2 31C 8 00000000800084F3
159347.6 5EA 8 0000000000000016
159348.8 31D 8 000000000000001F
159350.1 5EB 8 0000000000000007
159356.0 5EC 8 000000000000000F
159357.3 66B 8 7700000000000000
159358.4 66C 8 DF09000000000000
159371.6 444 8 0000000000000005
159386.9 3F1 8 0002000000000000
159388.2 663 8 7814E00E00AA0000
159389.5 31C 8 00000000800084F3
159390.8 31D 8 000000000000001F
159402.9 38C 8 000000000000007F
159404.2 38D 8 00000000000000E5
159405.5 39C 8 FF6F000000000000
159418.5 3C3 8 FF00000000000000
159419.8 444 8 0000000000000005
159434.0 31C 8 00000000800084F3
159449.8 31D 8 000000000000001F
159465.4 444 8 0000000000000005
159480.9 6C0 7 04030100000000
159482.1 3F1 8 0002000000000000
159483.4 663 8 7814E00E00AA0000
159496.4 31C 8 00000000800084F3
159497.9 31D 8 000000000000001F
159499.3 38C 8 000000000000007F
159500.5 38D 8 00000000000000E5
159512.1 39C 8 FF6F000000000000
159513.4 3C3 8 FF00000000000000
159515.3 444 8 0000000000000005
159527.7 537 8 8080808080800000
159529.0 538 8 8080008080000080
159530.4 523 8 CD1F7770450E0B02
159531.6 52E 5 603F000000
159543.4 6AB 8 00000000000041A1
159544.7 31C 8 00000000800084F3
159546.0 31D 8 000000000000001F
159574.7 444 8 0000000000000005
159590.3 3F1 8 0002000000000000
159591.7 663 8 7814E00E00AA0000
159593.1 539 8 2802800008030000
159594.3 541 8 0000000000000000
159595.4 31C 8 00000000800084F3
159596.8 31D 8 000000000000001F
159606.0 38C 8 000000000000007F
159607.6 38D 8 00000000000000E5
159608.9 39C 8 FF6F000000000000
159621.6 3C3 8 FF00000000000000
159622.8 444 8 0000000000000005
159637.5 31C 8 00000000800084F3
159638.8 31D 8 000000000000001F
159668.5 444 8 0000000000000005
159684.1 6C0 7 04030100000000
159685.3 3F1 8 0002000000000000
159687.5 663 8 7814E00E00AA0000
159688.7 31C 8 00000000800084F3
159699.9 31D 8 000000000000001F
159701.3 38C 8 000000000000007F
159702.8 38D 8 00000000000000E5
159715.5 39C 8 FF6F000000000000
159716.9 3C3 8 FF00000000000000
159718.1 444 8 0000000000000005
159730.9 537 8 8080808080800000
159733.2 538 8 8080008080000080
159734.4 6AB 8 00000000000041A1
159746.6 31C 8 00000000800084F3
159748.0 31D 8 000000000000001F
159762.1 444 8 0000000000000005
159777.6 3F1 8 0002000000000000
159779.3 484 8 0000000000000000
159793.4 523 8 CD1F7770450E0B02
159794.6 52E 5 603F000000
159795.8 663 8 7814E00E00AA0000
159797.3 31C 8 00000000800084F3
159798.6 31D 8 000000000000001F
159800.0 38C 8 000000000000007F
159809.2 38D 8 00000000000000E5
159810.4 39C 8 FF6F000000000000
159811.8 3C3 8 FF00000000000000
159824.8 444 8 0000000000000005
159840.4 539 8 2802800008030000
159842.4 541 8 0000000000000000
159844.6 31C 8 00000000800084F3
159848.9 5EA 8 0000000000000016
159850.1 31D 8 000000000000001F
159851.7 5EB 8 0000000000000007
159855.9 5EC 8 000000000000000F
159857.1 66B 8 7700000000000000
159858.2 66C 8 DF09000000000000
159871.6 444 8 0000000000000005
159887.3 6C0 7 04030100000000
159888.6 3F1 8 0002000000000000
159889.8 663 8 7814E00E00AA0000
159891.1 31C 8 00000000800084F3
159892.5 31D 8 000000000000001F
159902.8 38C 8 000000000000007F
159904.1 38D 8 00000000000000E5
159905.3 39C 8 FF6F000000000000
159918.4 3C3 8 FF00000000000000
159919.7 444 8 0000000000000005
159921.1 537 8 8080808080800000
159934.1 538 8 8080008080000080
159935.3 6AB 8 00000000000041A1
159936.5 31C 8 00000000800084F3
159949.8 31D 8 000000000000001F
159965.3 444 8 0000000000000005
159980.9 3F1 8 0002000000000000
159982.4 663 8 7814E00E00AA0000
159996.4 31C 8 00000000800084F3
159997.8 31D 8 000000000000001F
159999.1 38C 8 000000000000007F
160000.3 38D 8 00000000000000E5
160012.0 39C 8 FF6F000000000000
160013.4 3C3 8 FF00000000000000
160014.6 444 8 0000000000000005
160027.7 523 8 CD1F7770450E0B02
160029.2 52E 5 603F000000
160043.4 31C 8 00000000800084F3
160044.8 31D 8 000000000000001F
160074.7 444 8 0000000000000005
160090.3 6C0 7 04030100000000
160091.6 3F1 8 0002000000000000
160092.8 663 8 7814E00E00AA0000
160094.0 539 8 2802800008030000
160095.2 541 8 0000000000000000
160096.4 31C 8 00000000800084F3
160097.8 31D 8 000000000000001F
160106.1 38C 8 000000000000007F
160107.7 38D 8 00000000000000E5
160108.9 39C 8 FF6F000000000000
160121.6 3C3 8 FF00000000000000
160122.9 444 8 0000000000000005
160124.2 537 8 8080808080800000
160125.4 538 8 8080008080000080
160137.4 6AB 8 00000000000041A1
160138.6 31C 8 00000000800084F3
160140.0 31D 8 000000000000001F
160168.4 444 8 0000000000000005
160184.3 3F1 8 0002000000000000
160185.9 663 8 7814E00E00AA0000
160187.4 31C 8 00000000800084F3
160199.9 31D 8 000000000000001F
160201.2 38C 8 000000000000007F
160202.6 38D 8 00000000000000E5
160215.3 39C 8 FF6F000000000000
160217.0 3C3 8 FF00000000000000
160218.8 444 8 0000000000000005
160246.8 31C 8 00000000800084F3
160248.2 31D 8 000000000000001F
160262.1 444 8 0000000000000005
160277.9 6C0 7 04030100000000
160279.7 3F1 8 0002000000000000
160281.4 484 8 0000000000000000
160293.5 523 8 CD1F7770450E0B02
160294.7 52E 5 603F000000
160296.8 585 8 902C00000000003F
160297.9 64C 2 0011
160299.1 663 8 7814E00E00AA0000
160300.3 6B2 8 FFFEFF0F880084CF
160301.5 31C 8 00000000800084F3
160303.1 31D 8 000000000000001F
160304.4 38C 8 000000000000007F
160309.1 38D 8 00000000000000E5
160310.4 39C 8 FF6F000000000000
160311.8 3C3 8 FF00000000000000
160325.0 444 8 0000000000000005
160326.4 537 8 8080808080800000
160327.6 538 8 8080008080000080
160340.5 5FB 8 1FFFFFFFFF1FF87E
160341.8 539 8 2802800008030000
160343.0 541 8 0000000000000000
160344.2 5FA 8 5B9DC7CC9C46F1FF
160345.5 6AB 8 00000000000041A1
160346.7 31C 8 00000000800084F3
160348.1 5EA 8 0000000000000016
160349.2 31D 8 000000000000001F
160350.6 5EB 8 0000000000000007
160356.1 5EC 8 000000000000000F
160357.3 66B 8 7700000000000000
160358.5 66C 8 DF09000000000000
160371.6 444 8 0000000000000005
160387.4 3F1 8 0002000000000000
160388.7 663 8 7814E00E00AA0000
160390.0 31C 8 00000000800084F3
160392.8 31D 8 000000000000001F
160402.8 38C 8 000000000000007F
160404.2 38D 8 00000000000000E5
160405.6 39C 8 FF6F000000000000
160418.3 3C3 8 FF00000000000000
160419.8 444 8 0000000000000005
160434.1 31C 8 00000000800084F3
160449.8 31D 8 000000000000001F
160465.3 444 8 0000000000000005
160480.9 6C0 7 04030100000000
160482.2 3F1 8 0002000000000000
160483.5 663 8 7814E00E00AA0000
160496.4 31C 8 00000000800084F3
160497.9 31D 8 000000000000001F
160499.3 38C 8 000000000000007F
160500.6 38D 8 00000000000000E5
160512.0 39C 8 FF6F000000000000
160513.3 3C3 8 FF00000000000000
160514.6 444 8 0000000000000005
160527.6 537 8 8080808080800000
160529.5 538 8 8080008080000080
160531.4 523 8 CD1F7770450E0B02
160532.8 52E 5 603F000000
160543.4 6AB 8 00000000000041A1
160544.7 31C 8 00000000800084F3
160546.0 31D 8 000000000000001F
160574.7 444 8 0000000000000005
160590.3 3F1 8 0002000000000000
160591.8 663 8 7814E00E00AA0000
160593.1 539 8 2802800008030000
160594.3 541 8 0000000000000000
160595.5 31C 8 00000000800084F3
160596.9 31D 8 000000000000001F
160606.0 38C 8 000000000000007F
160607.5 38D 8 00000000000000E5
160608.8 39C 8 FF6F000000000000
160621.6 3C3 8 FF00000000000000
160622.8 444 8 0000000000000005
160637.3 31C 8 00000000800084F3
160638.8 31D 8 000000000000001F
160668.4 444 8 0000000000000005
160684.1 6C0 7 04030100000000
160685.3 3F1 8 0002000000000000
160686.7 663 8 7814E00E00AA0000
160687.9 31C 8 00000000800084F3
160699.9 31D 8 000000000000001F
160701.2 38C 8 000000000000007F
160702.7 38D 8 00000000000000E5
160715.5 39C 8 FF6F000000000000
160716.9 3C3 8 FF00000000000000
160718.1 444 8 0000000000000005
160731.0 537 8 8080808080800000
160732.9 538 8 8080008080000080
160734.1 6AB 8 00000000000041A1
160746.7 31C 8 00000000800084F3
160748.0 31D 8 000000000000001F
160762.2 444 8 0000000000000005
160777.9 3F1 8 0002000000000000
160779.7 484 8 0000000000000000
160793.4 523 8 CD1F7770450E0B02
160794.6 52E 5 603F000000
160795.8 663 8 7814E00E00AA0000
160797.2 31C 8 00000000800084F3
160798.6 31D 8 000000000000001F
160799.9 38C 8 000000000000007F
160809.2 38D 8 00000000000000E5
160810.4 39C 8 FF6F000000000000
160811.7 3C3 8 FF00000000000000
160824.9 444 8 0000000000000005
160840.3 539 8 2802800008030000
160841.6 541 8 0000000000000000
160842.8 31C 8 00000000800084F3
160844.2 5EA 8 0000000000000016
160845.4 31D 8 000000000000001F
160846.9 5EB 8 0000000000000007
160856.1 5EC 8 000000000000000F
160857.3 66B 8 7700000000000000
160858.4 66C 8 DF09000000000000
160871.7 444 8 0000000000000005
160889.9 6C0 7 04030100000000
160900.4 3F1 8 0002000000000000
160902.3 663 8 7814E00E00AA0000
160904.5 31C 8 00000000800084F3
160906.4 31D 8 000000000000001F
160918.3 38C 8 000000000000007F
160919.9 38D 8 00000000000000E5
160921.3 39C 8 FF6F000000000000
160923.0 3C3 8 FF00000000000000
160924.2 444 8 0000000000000005
160925.7 537 8 8080808080800000
160933.9 538 8 8080008080000080
160935.2 6AB 8 00000000000041A1
160937.2 31C 8 00000000800084F3
160949.7 31D 8 000000000000001F
160965.5 444 8 0000000000000005
160980.9 3F1 8 0002000000000000
160983.3 663 8 7814E00E00AA0000
160998.2 31C 8 00000000800084F3
161001.8 31D 8 000000000000001F
161004.5 38C 8 000000000000007F
161006.7 38D 8 00000000000000E5
161012.2 39C 8 FF6F000000000000
161014.1 3C3 8 FF00000000000000
161017.0 444 8 0000000000000005
161027.7 523 8 CD1F7770450E0B02
161029.0 52E 5 603F000000
161043.2 31C 8 00000000800084F3
161045.1 31D 8 000000000000001F
161074.6 444 8 0000000000000005
161090.4 6C0 7 04030100000000
161091.8 3F1 8 0002000000000000
161093.3 663 8 7814E00E00AA0000
161094.8 539 8 2802800008030000
161096.2 541 8 0000000000000000
161097.6 31C 8 00000000800084F3
161099.2 31D 8 000000000000001F
161106.0 38C 8 000000000000007F
161107.6 38D 8 00000000000000E5
161109.1 39C 8 FF6F000000000000
161110.5 3C3 8 FF00000000000000
161121.6 444 8 0000000000000005
161123.3 537 8 8080808080800000
161124.7 538 8 8080008080000080
161137.2 6AB 8 00000000000041A1
161138.7 31C 8 00000000800084F3
161140.3 31D 8 000000000000001F
161168.5 444 8 0000000000000005
161184.1 3F1 8 0002000000000000
161186.5 663 8 7814E00E00AA0000
161188.2 31C 8 00000000800084F3
161199.8 31D 8 000000000000001F
161201.4 38C 8 000000000000007F
161202.7 38D 8 00000000000000E5
161215.3 39C 8 FF6F000000000000
161216.7 3C3 8 FF00000000000000
161218.2 444 8 0000000000000005
161246.7 31C 8 00000000800084F3
161248.3 31D 8 000000000000001F
161262.1 444 8 0000000000000005
161277.7 6C0 7 04030100000000
161279.3 3F1 8 0002000000000000
161280.7 484 8 0000000000000000
161293.6 523 8 CD1F7770450E0B02
161295.0 52E 5 603F000000
161296.5 585 8 902C00000000003F
161297.7 64C 2 0011
161299.0 663 8 7814E00E00AA0000
161300.4 6B2 8 FFFEFF0F880004D0
161301.8 31C 8 00000000800084F3
161303.4 31D 8 000000000000001F
161304.9 38C 8 000000000000007F
161309.2 38D 8 00000000000000E5
161310.6 39C 8 FF6F000000000000
161311.9 3C3 8 FF00000000000000
161324.8 444 8 0000000000000005
161326.3 537 8 8080808080800000
161327.5 538 8 8080008080000080
161340.4 5FB 8 1FFFFFFFFF1FF87E
161341.7 539 8 2802800008030000
161343.0 541 8 0000000000000000
161344.2 5FA 8 5B9DC7CC9C46F1FF
161345.4 6AB 8 00000000000041A1
161346.6 31C 8 00000000800084F3
161348.1 5EA 8 0000000000000016
161349.2 31D 8 000000000000001F
161350.6 5EB 8 0000000000000007
161356.0 5EC 8 000000000000000F
161357.2 66B 8 7700000000000000
161358.3 66C 8 DF09000000000000
161371.7 444 8 0000000000000005
161387.2 3F1 8 0002000000000000
161388.6 663 8 7814E00E00AA0000
161389.8 31C 8 00000000800084F3
161391.4 31D 8 000000000000001F
161402.7 38C 8 000000000000007F
161404.2 38D 8 00000000000000E5
161405.7 39C 8 FF6F000000000000
161418.5 3C3 8 FF00000000000000
161420.0 444 8 0000000000000005
161434.1 31C 8 00000000800084F3
161449.9 31D 8 000000000000001F
161465.3 444 8 0000000000000005
161481.0 6C0 7 04030100000000
161482.2 3F1 8 0002000000000000
161483.5 663 8 7814E00E00AA0000
161496.4 31C 8 00000000800084F3
161498.0 31D 8 000000000000001F
161499.3 38C 8 000000000000007F
161500.5 38D 8 00000000000000E5
161512.0 39C 8 FF6F000000000000
161513.3 3C3 8 FF00000000000000
161514.5 444 8 0000000000000005
161527.7 537 8 8080808080800000
161529.1 538 8 8080008080000080
161530.4 523 8 CD1F7770450E0B02
161531.8 52E 5 603F000000
161543.5 6AB 8 00000000000041A1
161544.9 31C 8 00000000800084F3
161546.3 31D 8 000000000000001F
161575.4 444 8 0000000000000005
161591.1 3F1 8 0002000000000000
161592.6 663 8 7814E00E00AA0000
161593.8 539 8 2802800008030000
161595.0 541 8 0000000000000000
161596.3 31C 8 00000000800084F3
161597.8 31D 8 000000000000001F
161606.5 38C 8 000000000000007F
161607.8 38D 8 00000000000000E5
161609.2 39C 8 FF6F000000000000
161611.1 3C3 8 FF00000000000000
161622.3 444 8 0000000000000005
161638.0 31C 8 00000000800084F3
161639.4 31D 8 000000000000001F
161669.3 444 8 0000000000000005
161684.9 6C0 7 04030100000000
161687.0 3F1 8 0002000000000000
161688.9 663 8 7814E00E00AA0000
161690.7 31C 8 00000000800084F3
161700.4 31D 8 000000000000001F
161702.1 38C 8 000000000000007F
161703.6 38D 8 00000000000000E5
161716.3 39C 8 FF6F000000000000
161718.4 3C3 8 FF00000000000000
161720.4 444 8 0000000000000005
161731.6 537 8 8080808080800000
161733.7 538 8 8080008080000080
161735.1 6AB 8 00000000000041A1
161736.7 31C 8 00000000800084F3
161747.1 31D 8 000000000000001F
161762.8 444 8 0000000000000005
161778.3 3F1 8 0002000000000000
161779.9 484 8 0000000000000000
161781.3 523 8 CD1F7770450E0B02
161782.6 52E 5 603F000000
161784.7 663 8 7814E00E00AA0000
161794.0 31C 8 00000000800084F3
161802.1 31D 8 000000000000001F
161803.8 38C 8 000000000000007F
161809.6 38D 8 00000000000000E5
161811.1 39C 8 FF6F000000000000
161812.6 3C3 8 FF00000000000000
161825.5 444 8 0000000000000005
161841.0 539 8 2802800008030000
161842.5 541 8 0000000000000000
161843.8 31C 8 00000000800084F3
161845.4 5EA 8 0000000000000016
161846.8 31D 8 000000000000001F
161848.4 5EB 8 0000000000000007
161856.7 5EC 8 000000000000000F
161858.1 66B 8 7700000000000000
161859.4 66C 8 DF09000000000000
161872.4 444 8 0000000000000005
161888.1 6C0 7 04030100000000
161890.0 3F1 8 0002000000000000
161891.8 663 8 7814E00E00AA0000
161893.2 31C 8 00000000800084F3
161894.8 31D 8 000000000000001F
161903.6 38C 8 000000000000007F
161905.4 38D 8 00000000000000E5
161906.9 39C 8 FF6F000000000000
161919.1 3C3 8 FF00000000000000
161920.7 444 8 0000000000000005
161922.1 537 8 8080808080800000
161934.9 538 8 8080008080000080
161936.4 6AB 8 00000000000041A1
161937.7 31C 8 00000000800084F3
161950.6 31D 8 000000000000001F
161966.1 444 8 0000000000000005
161981.5 3F1 8 0002000000000000
161983.1 663 8 7814E00E00AA0000
161984.6 31C 8 00000000800084F3
161997.3 31D 8 000000000000001F
161998.9 38C 8 000000000000007F
162000.4 38D 8 00000000000000E5
162013.3 39C 8 FF6F000000000000
162014.7 3C3 8 FF00000000000000
162016.0 444 8 0000000000000005
162028.8 523 8 CD1F7770450E0B02
162030.1 52E 5 603F000000
162044.2 31C 8 00000000800084F3
162045.7 31D 8 000000000000001F
162075.7 444 8 0000000000000005
162091.1 6C0 7 04030100000000
162092.4 3F1 8 0002000000000000
162094.4 663 8 7814E00E00AA0000
162095.7 539 8 2802800008030000
162096.9 541 8 0000000000000000
162098.1 31C 8 00000000800084F3
162099.5 31D 8 000000000000001F
162106.5 38C 8 000000000000007F
162107.9 38D 8 00000000000000E5
162109.1 39C 8 FF6F000000000000
162110.4 3C3 8 FF00000000000000
162122.1 444 8 0000000000000005
162123.6 537 8 8080808080800000
162124.8 538 8 8080008080000080
162138.1 6AB 8 00000000000041A1
162139.4 31C 8 00000000800084F3
162140.7 31D 8 000000000000001F
162169.3 444 8 0000000000000005
162184.9 3F1 8 0002000000000000
162186.3 663 8 7814E00E00AA0000
162187.6 31C 8 00000000800084F3
162200.5 31D 8 000000000000001F
162201.9 38C 8 000000000000007F
162203.2 38D 8 00000000000000E5
162216.0 39C 8 FF6F000000000000
162217.3 3C3 8 FF00000000000000
162218.5 444 8 0000000000000005
162231.6 31C 8 00000000800084F3
162247.5 31D 8 000000000000001F
162263.3 444 8 0000000000000005
162278.7 6C0 7 04030100000000
162280.3 3F1 8 0002000000000000
162281.8 484 8 0000000000000000
162283.3 523 8 CD1F7770450E0B02
162284.5 52E 5 603F000000
162285.6 585 8 902C00000000003F
162286.7 64C 2 0011
162294.2 663 8 7814E00E00AA0000
162295.4 6B2 8 FFFEFF0F880084D0
162296.7 31C 8 00000000800084F3
162298.1 31D 8 000000000000001F
162299.5 38C 8 000000000000007F
162309.8 38D 8 00000000000000E5
162311.0 39C 8 FF6F000000000000
162312.5 3C3 8 FF00000000000000
162325.5 444 8 0000000000000005
162326.9 537 8 8080808080800000
162328.1 538 8 8080008080000080
162341.1 5FB 8 1FFFFFFFFF1FF87E
162342.4 539 8 2802800008030000
162343.6 541 8 0000000000000000
162344.8 5FA 8 5B9DC7CC9C46F1FF
162345.9 31C 8 00000000800084F3
162347.5 6AB 8 00000000000041A1
162348.6 5EA 8 0000000000000016
162349.8 31D 8 000000000000001F
162351.2 5EB 8 0000000000000007
162356.7 5EC 8 000000000000000F
162357.9 66B 8 7700000000000000
162359.2 66C 8 DF09000000000000
162372.3 444 8 0000000000000005
162388.0 3F1 8 0002000000000000
162389.3 663 8 7814E00E00AA0000
162390.6 31C 8 00000000800084F3
162392.1 31D 8 000000000000001F
162405.3 38C 8 000000000000007F
162406.8 38D 8 00000000000000E5
162408.0 39C 8 FF6F000000000000
162419.3 3C3 8 FF00000000000000
162420.7 444 8 0000000000000005
162434.8 31C 8 00000000800084F3
162450.7 31D 8 000000000000001F
162466.1 444 8 0000000000000005
162481.5 6C0 7 04030100000000
162482.9 3F1 8 0002000000000000
162484.1 663 8 7814E00E00AA0000
162485.4 31C 8 00000000800084F3
162497.4 31D 8 000000000000001F
162498.7 38C 8 000000000000007F
162499.9 38D 8 00000000000000E5
162513.2 39C 8 FF6F000000000000
162514.4 3C3 8 FF00000000000000
162515.7 444 8 0000000000000005
162528.8 537 8 8080808080800000
162530.5 538 8 8080008080000080
162532.6 523 8 CD1F7770450E0B02
162533.8 52E 5 603F000000
162544.4 6AB 8 00000000000041A1
162546.3 31C 8 00000000800084F3
162548.5 31D 8 000000000000001F
162575.5 444 8 0000000000000005
162591.0 3F1 8 0002000000000000
162592.7 663 8 7814E00E00AA0000
162593.9 539 8 2802800008030000
162595.1 541 8 0000000000000000
162596.3 31C 8 00000000800084F3
162597.7 31D 8 000000000000001F
162606.4 38C 8 000000000000007F
162607.7 38D 8 00000000000000E5
162609.0 39C 8 FF6F000000000000
162610.2 3C3 8 FF00000000000000
162622.3 444 8 0000000000000005
162638.0 31C 8 00000000800084F3
162639.4 31D 8 000000000000001F
162669.2 444 8 0000000000000005
162684.8 6C0 7 04030100000000
162686.2 3F1 8 0002000000000000
162687.6 663 8 7814E00E00AA0000
162688.9 31C 8 00000000800084F3
162700.7 31D 8 000000000000001F
162702.8 38C 8 000000000000007F
162704.0 38D 8 00000000000000E5
162716.2 39C 8 FF6F000000000000
162717.7 3C3 8 FF00000000000000
162718.9 444 8 0000000000000005
162731.7 537 8 8080808080800000
162733.0 538 8 8080008080000080
162734.2 6AB 8 00000000000041A1
162735.4 31C 8 00000000800084F3
162747.3 31D 8 000000000000001F
162763.0 444 8 0000000000000005
162778.3 3F1 8 0002000000000000
162779.7 484 8 0000000000000000
162780.8 523 8 CD1F7770450E0B02
162782.2 52E 5 603F000000
162783.4 663 8 7814E00E00AA0000
162794.2 31C 8 00000000800084F3
162795.5 31D 8 000000000000001F
162797.0 38C 8 000000000000007F
162809.9 38D 8 00000000000000E5
162811.3 39C 8 FF6F000000000000
162812.8 3C3 8 FF00000000000000
162825.7 444 8 0000000000000005
162841.0 539 8 2802800008030000
162842.5 541 8 0000000000000000
162844.3 31C 8 00000000800084F3
162845.7 5EA 8 0000000000000016
162846.8 31D 8 000000000000001F
162848.2 5EB 8 0000000000000007
162856.7 5EC 8 000000000000000F
162857.9 66B 8 7700000000000000
162859.1 66C 8 DF09000000000000
162872.3 444 8 0000000000000005
162888.1 6C0 7 04030100000000
162889.3 3F1 8 0002000000000000
162890.6 663 8 7814E00E00AA0000
162891.9 31C 8 00000000800084F3
162893.3 31D 8 000000000000001F
162903.5 38C 8 000000000000007F
162904.9 38D 8 00000000000000E5
162906.2 39C 8 FF6F000000000000
162919.3 3C3 8 FF00000000000000
162920.5 444 8 0000000000000005
162922.0 537 8 8080808080800000
162934.8 538 8 8080008080000080
162936.4 6AB 8 00000000000041A1
162937.7 31C 8 00000000800084F3
162950.5 31D 8 000000000000001F
162966.2 444 8 0000000000000005
162981.7 3F1 8 0002000000000000
162983.1 663 8 7814E00E00AA0000
162985.1 31C 8 00000000800084F3
162997.0 31D 8 000000000000001F
162998.4 38C 8 000000000000007F
162999.6 38D 8 00000000000000E5
163013.1 39C 8 FF6F000000000000
163014.4 3C3 8 FF00000000000000
163015.7 444 8 0000000000000005
163028.7 523 8 CD1F7770450E0B02
163029.9 52E 5 603F000000
163044.3 31C 8 00000000800084F3
163045.6 31D 8 000000000000001F
163075.6 444 8 0000000000000005
163091.3 6C0 7 04030100000000
163092.9 3F1 8 0002000000000000
163094.3 663 8 7814E00E00AA0000
163095.8 539 8 2802800008030000
163097.2 541 8 0000000000000000
163098.5 31C 8 00000000800084F3
163100.1 31D 8 000000000000001F
163106.5 38C 8 000000000000007F
163107.9 38D 8 00000000000000E5
163109.4 39C 8 FF6F000000000000
163110.9 3C3 8 FF00000000000000
163122.1 444 8 0000000000000005
163123.6 537 8 8080808080800000
163125.7 538 8 8080008080000080
163137.9 6AB 8 00000000000041A1
163139.7 31C 8 00000000800084F3
163141.7 31D 8 000000000000001F
163169.4 444 8 0000000000000005
163184.9 3F1 8 0002000000000000
163186.6 663 8 7814E00E00AA0000
163188.2 31C 8 00000000800084F3
163200.8 31D 8 000000000000001F
163202.6 38C 8 000000000000007F
163204.1 38D 8 00000000000000E5
163216.1 39C 8 FF6F000000000000
163217.7 3C3 8 FF00000000000000
163219.1 444 8 0000000000000005
163231.8 31C 8 00000000800084F3
163247.4 31D 8 000000000000001F
163263.3 444 8 0000000000000005
163278.4 6C0 7 04030100000000
163280.1 3F1 8 0002000000000000
163282.0 484 8 0000000000000000
163284.3 523 8 CD1F7770450E0B02
163286.1 52E 5 603F000000
163287.5 585 8 902C00000000003F
163301.0 64C 2 0011
163302.4 663 8 7814E00E00AA0000
163304.5 6B2 8 FFFEFF0F880004D1
163305.8 31C 8 00000000800084F3
163307.4 31D 8 000000000000001F
163308.9 38C 8 000000000000007F
163310.3 38D 8 00000000000000E5
163316.5 39C 8 FF6F000000000000
163317.9 3C3 8 FF00000000000000
163319.4 444 8 0000000000000005
163320.9 537 8 8080808080800000
163331.8 538 8 8080008080000080
163333.4 5FB 8 1FFFFFFFFF1FF87E
163334.6 539 8 2802800008030000
163336.0 541 8 0000000000000000
163337.6 5FA 8 5B9DC7CC9C46F1FF
163338.8 31C 8 00000000800084F3
163340.3 6AB 8 00000000000041A1
163347.7 5EA 8 0000000000000016
163349.0 31D 8 000000000000001F
163350.5 5EB 8 0000000000000007
163351.9 5EC 8 000000000000000F
163353.2 66B 8 7700000000000000
163363.4 66C 8 DF09000000000000
163364.7 444 8 0000000000000005
163379.0 3F1 8 0002000000000000
163380.5 663 8 7814E00E00AA0000
163394.6 31C 8 00000000800084F3
163396.1 31D 8 000000000000001F
163397.5 38C 8 000000000000007F
163410.3 38D 8 00000000000000E5
163411.7 39C 8 FF6F000000000000
163413.2 3C3 8 FF00000000000000
163425.9 444 8 0000000000000005
163441.5 31C 8 00000000800084F3
163442.9 31D 8 000000000000001F
163472.7 444 8 0000000000000005
163488.2 6C0 7 04030100000000
163489.6 3F1 8 0002000000000000
163490.9 663 8 7814E00E00AA0000
163492.4 31C 8 00000000800084F3
163493.8 31D 8 000000000000001F
163504.0 38C 8 000000000000007F
163505.3 38D 8 00000000000000E5
163506.5 39C 8 FF6F000000000000
163519.6 3C3 8 FF00000000000000
163520.9 444 8 0000000000000005
163522.5 537 8 8080808080800000
163535.3 538 8 8080008080000080
163536.6 523 8 CD1F7770450E0B02
163537.8 52E 5 603F000000
163539.0 6AB 8 00000000000041A1
163540.2 31C 8 00000000800084F3
163551.0 31D 8 000000000000001F
163566.5 444 8 0000000000000005
163581.8 3F1 8 0002000000000000
163583.1 663 8 7814E00E00AA0000
163584.4 539 8 2802800008030000
163585.6 541 8 0000000000000000
163587.4 31C 8 00000000800084F3
163597.7 31D 8 000000000000001F
163599.1 38C 8 000000000000007F
163600.4 38D 8 00000000000000E5
163613.4 39C 8 FF6F000000000000
163614.7 3C3 8 FF00000000000000
163616.0 444 8 0000000000000005
163644.6 31C 8 00000000800084F3
163646.0 31D 8 000000000000001F
163675.9 444 8 0000000000000005
163691.7 6C0 7 04030100000000
163693.2 3F1 8 0002000000000000
163694.5 663 8 7814E00E00AA0000
163695.7 31C 8 00000000800084F3
163697.3 31D 8 000000000000001F
163698.6 38C 8 000000000000007F
163707.0 38D 8 00000000000000E5
163708.5 39C 8 FF6F000000000000
163709.8 3C3 8 FF00000000000000
163722.8 444 8 0000000000000005
163724.1 537 8 8080808080800000
163725.3 538 8 8080008080000080
163738.4 6AB 8 00000000000041A1
163739.9 31C 8 00000000800084F3
163741.3 31D 8 000000000000001F
163769.6 444 8 0000000000000005
163785.2 3F1 8 0002000000000000
163786.6 484 8 0000000000000000
163787.8 523 8 CD1F7770450E0B02
163789.0 52E 5 603F000000
163790.2 663 8 7814E00E00AA0000
163791.5 31C 8 00000000800084F3
163801.0 31D 8 000000000000001F
163802.5 38C 8 000000000000007F
163803.8 38D 8 00000000000000E5
163816.6 39C 8 FF6F000000000000
163817.9 3C3 8 FF00000000000000
163819.2 444 8 0000000000000005
163831.8 539 8 2802800008030000
163833.1 541 8 0000000000000000
163834.3 31C 8 00000000800084F3
163835.6 5EA 8 0000000000000016
163847.7 31D 8 000000000000001F
163849.0 5EB 8 0000000000000007
163850.1 5EC 8 000000000000000F
163851.4 66B 8 7700000000000000
163863.3 66C 8 DF09000000000000
163864.5 444 8 0000000000000005
163879.1 6C0 7 04030100000000
163880.3 3F1 8 0002000000000000
163881.7 663 8 7814E00E00AA0000
163894.6 31C 8 00000000800084F3
163895.9 31D 8 000000000000001F
163898.0 38C 8 000000000000007F
163910.3 38D 8 00000000000000E5
163911.6 39C 8 FF6F000000000000
163913.0 3C3 8 FF00000000000000
163926.0 444 8 0000000000000005
163927.3 537 8 8080808080800000
163928.5 538 8 8080008080000080
163941.6 6AB 8 00000000000041A1
163942.8 31C 8 00000000800084F3
163944.1 31D 8 000000000000001F
163972.8 444 8 0000000000000005
163988.3 3F1 8 0002000000000000
163989.6 663 8 7814E00E00AA0000
163990.8 31C 8 00000000800084F3
163992.3 31D 8 000000000000001F
164004.1 38C 8 000000000000007F
164005.3 38D 8 00000000000000E5
164006.7 39C 8 FF6F000000000000
164019.9 3C3 8 FF00000000000000
164021.8 444 8 0000000000000005
164035.3 523 8 CD1F7770450E0B02
164036.7 52E 5 603F000000
164037.9 31C 8 00000000800084F3
164050.9 31D 8 000000000000001F
164067.3 444 8 0000000000000005
164082.1 6C0 7 04030100000000
164084.2 3F1 8 0002000000000000
164085.4 663 8 7814E00E00AA0000
164086.9 539 8 2802800008030000
164088.2 541 8 0000000000000000
164089.3 31C 8 00000000800084F3
164097.7 31D 8 000000000000001F
164099.0 38C 8 000000000000007F
164100.3 38D 8 00000000000000E5
164113.5 39C 8 FF6F000000000000
164114.8 3C3 8 FF00000000000000
164116.0 444 8 0000000000000005
164129.3 537 8 8080808080800000
164130.5 538 8 8080008080000080
164144.9 6AB 8 00000000000041A1
164146.4 31C 8 00000000800084F3
164148.0 31D 8 000000000000001F
164175.8 444 8 0000000000000005
164191.8 3F1 8 0002000000000000
164193.4 663 8 7814E00E00AA0000
164194.7 31C 8 00000000800084F3
164196.3 31D 8 000000000000001F
164197.8 38C 8 000000000000007F
164207.0 38D 8 00000000000000E5
164208.4 39C 8 FF6F000000000000
164209.6 3C3 8 FF00000000000000
164222.7 444 8 0000000000000005
164238.3 31C 8 00000000800084F3
164239.7 31D 8 000000000000001F
164269.5 444 8 0000000000000005
164285.4 6C0 7 04030100000000
164287.7 3F1 8 0002000000000000
164289.6 484 8 0000000000000000
164290.7 523 8 CD1F7770450E0B02
164292.0 52E 5 603F000000
164293.1 585 8 902C00000000003F
164294.2 64C 2 0011
164295.3 663 8 7814E00E00AA0000
164296.5 6B2 8 FFFEFF0F880084D1
164297.6 31C 8 00000000800084F3
164300.8 31D 8 000000000000001F
164302.2 38C 8 000000000000007F
164303.5 38D 8 00000000000000E5
164316.7 39C 8 FF6F000000000000
164318.2 3C3 8 FF00000000000000
164319.6 444 8 0000000000000005
164321.3 537 8 8080808080800000
164331.8 538 8 8080008080000080
164333.2 5FB 8 1FFFFFFFFF1FF87E
164334.5 539 8 2802800008030000
164335.8 31C 8 00000000800084F3
164337.2 541 8 0000000000000000
164338.6 5EA 8 0000000000000016
164347.7 5FA 8 5B9DC7CC9C46F1FF
164349.1 6AB 8 00000000000041A1
164350.4 31D 8 000000000000001F
164351.9 5EB 8 0000000000000007
164353.2 5EC 8 000000000000000F
164354.4 66B 8 7700000000000000
164363.3 66C 8 DF09000000000000
164364.7 444 8 0000000000000005
164379.0 3F1 8 0002000000000000
164380.4 663 8 7814E00E00AA0000
164394.7 31C 8 00000000800084F3
164396.5 31D 8 000000000000001F
164398.1 38C 8 000000000000007F
164410.4 38D 8 00000000000000E5
164411.9 39C 8 FF6F000000000000
164413.2 3C3 8 FF00000000000000
164426.0 444 8 0000000000000005
164441.6 31C 8 00000000800084F3
164443.1 31D 8 000000000000001F
164472.5 444 8 0000000000000005
164488.4 6C0 7 04030100000000
164489.9 3F1 8 0002000000000000
164491.3 663 8 7814E00E00AA0000
164492.8 31C 8 00000000800084F3
164494.3 31D 8 000000000000001F
164504.0 38C 8 000000000000007F
164506.1 38D 8 00000000000000E5
164507.6 39C 8 FF6F000000000000
164519.7 3C3 8 FF00000000000000
164523.6 444 8 0000000000000005
164525.1 537 8 8080808080800000
164535.4 538 8 8080008080000080
164536.7 523 8 CD1F7770450E0B02
164538.0 52E 5 603F000000
164539.4 6AB 8 00000000000041A1
164540.7 31C 8 00000000800084F3
164550.9 31D 8 000000000000001F
164566.5 444 8 0000000000000005
164581.8 3F1 8 0002000000000000
164583.3 663 8 7814E00E00AA0000
164584.7 539 8 2802800008030000
164586.0 541 8 0000000000000000
164587.3 31C 8 00000000800084F3
164597.7 31D 8 000000000000001F
164599.2 38C 8 000000000000007F
164600.6 38D 8 00000000000000E5
164613.4 39C 8 FF6F000000000000
164614.8 3C3 8 FF00000000000000
164616.0 444 8 0000000000000005
164644.6 31C 8 00000000800084F3
164646.0 31D 8 000000000000001F
164675.8 444 8 0000000000000005
164691.8 6C0 7 04030100000000
164693.1 3F1 8 0002000000000000
164694.4 663 8 7814E00E00AA0000
164695.7 31C 8 00000000800084F3
164697.2 31D 8 000000000000001F
164698.6 38C 8 000000000000007F
164706.8 38D 8 00000000000000E5
164708.1 39C 8 FF6F000000000000
164709.3 3C3 8 FF00000000000000
164722.7 444 8 0000000000000005
164724.0 537 8 8080808080800000
164725.2 538 8 8080008080000080
164738.3 6AB 8 00000000000041A1
164739.6 31C 8 00000000800084F3
164741.0 31D 8 000000000000001F
164769.6 444 8 0000000000000005
164785.3 3F1 8 0002000000000000
164786.5 484 8 0000000000000000
164787.6 523 8 CD1F7770450E0B02
164788.8 52E 5 603F000000
164790.0 663 8 7814E00E00AA0000
164791.3 31C 8 00000000800084F3
164801.0 31D 8 000000000000001F
164802.4 38C 8 000000000000007F
164803.6 38D 8 00000000000000E5
164816.6 39C 8 FF6F000000000000
164818.7 3C3 8 FF00000000000000
164820.0 444 8 0000000000000005
164831.8 539 8 2802800008030000
164833.0 541 8 0000000000000000
164834.2 31C 8 00000000800084F3
164835.6 5EA 8 0000000000000016
164847.7 31D 8 000000000000001F
164849.1 5EB 8 0000000000000007
164850.2 5EC 8 000000000000000F
164851.4 66B 8 7700000000000000
164863.3 66C 8 DF09000000000000
164864.5 444 8 0000000000000005
164879.0 6C0 7 04030100000000
164880.3 3F1 8 0002000000000000
164881.7 663 8 7814E00E00AA0000
164894.6 31C 8 00000000800084F3
164895.9 31D 8 000000000000001F
164897.3 38C 8 000000000000007F
164910.3 38D 8 00000000000000E5
164911.7 39C 8 FF6F000000000000
164913.2 3C3 8 FF00000000000000
164925.9 444 8 0000000000000005
164927.2 537 8 8080808080800000
164928.4 538 8 8080008080000080
164941.5 6AB 8 00000000000041A1
164942.8 31C 8 00000000800084F3
164944.1 31D 8 000000000000001F
164972.7 444 8 0000000000000005
164988.3 3F1 8 0002000000000000
164989.6 663 8 7814E00E00AA0000
164990.8 31C 8 00000000800084F3
164992.4 31D 8 000000000000001F
165004.0 38C 8 000000000000007F
165005.3 38D 8 00000000000000E5
165006.6 39C 8 FF6F000000000000
165019.7 3C3 8 FF00000000000000
165020.9 444 8 0000000000000005
165035.3 523 8 CD1F7770450E0B02
165036.6 52E 5 603F000000
165037.9 31C 8 00000000800084F3
165050.8 31D 8 000000000000001F
165066.6 444 8 0000000000000005
165081.9 6C0 7 04030100000000
165083.6 3F1 8 0002000000000000
165084.9 663 8 7814E00E00AA0000
165086.2 539 8 2802800008030000
165087.6 31C 8 00000000800084F3
165089.0 541 8 0000000000000000
165097.7 31D 8 000000000000001F
165099.1 38C 8 000000000000007F
165100.4 38D 8 00000000000000E5
165113.3 39C 8 FF6F000000000000
165114.6 3C3 8 FF00000000000000
165115.9 444 8 0000000000000005
165129.0 537 8 8080808080800000
165130.3 538 8 8080008080000080
165144.6 6AB 8 00000000000041A1
165145.8 31C 8 00000000800084F3
165147.2 31D 8 000000000000001F
165175.8 444 8 0000000000000005
165191.7 3F1 8 0002000000000000
165193.2 663 8 7814E00E00AA0000
165194.4 31C 8 00000000800084F3
165195.8 31D 8 000000000000001F
165197.4 38C 8 000000000000007F
165206.9 38D 8 00000000000000E5
165208.4 39C 8 FF6F000000000000
165210.0 3C3 8 FF00000000000000
165222.7 444 8 0000000000000005
165238.2 31C 8 00000000800084F3
165239.7 31D 8 000000000000001F
165269.6 444 8 0000000000000005
165285.5 6C0 7 04030100000000
165287.2 3F1 8 0002000000000000
165288.9 484 8 0000000000000000
165290.2 523 8 CD1F7770450E0B02
165291.5 52E 5 603F000000
165292.8 585 8 902C00000000003F
165294.0 64C 2 0011
165295.1 663 8 7814E00E00AA0000
165297.2 6B2 8 FFFEFF0F880004D2
165298.3 31C 8 00000000800084F3
165300.9 31D 8 000000000000001F
165302.5 38C 8 000000000000007F
165303.7 38D 8 00000000000000E5
165316.9 39C 8 FF6F000000000000
165319.2 3C3 8 FF00000000000000
165320.4 444 8 0000000000000005
165322.0 537 8 8080808080800000
165331.9 538 8 8080008080000080
165333.4 5FB 8 1FFFFFFFFF1FF87E
165334.6 31C 8 00000000800084F3
165335.9 539 8 2802800008030000
165337.5 5EA 8 0000000000000016
165347.7 541 8 0000000000000000
165348.9 5FA 8 5B9DC7CC9C46F1FF
165350.0 6AB 8 00000000000041A1
165351.2 31D 8 000000000000001F
165352.8 5EB 8 0000000000000007
165353.9 5EC 8 000000000000000F
165355.1 66B 8 7700000000000000
165363.3 66C 8 DF09000000000000
165364.5 444 8 0000000000000005
165379.3 3F1 8 0002000000000000
165380.5 663 8 7814E00E00AA0000
165394.7 31C 8 00000000800084F3
165396.9 31D 8 000000000000001F
165398.9 38C 8 000000000000007F
165410.3 38D 8 00000000000000E5
165411.6 39C 8 FF6F000000000000
165413.0 3C3 8 FF00000000000000
165426.0 444 8 0000000000000005
165441.6 31C 8 00000000800084F3
165443.1 31D 8 000000000000001F
165472.7 444 8 0000000000000005
165488.4 6C0 7 04030100000000
165489.6 3F1 8 0002000000000000
165490.8 663 8 7814E00E00AA0000
165492.2 31C 8 00000000800084F3
165493.6 31D 8 000000000000001F
165504.1 38C 8 000000000000007F
165505.4 38D 8 00000000000000E5
165506.7 39C 8 FF6F000000000000
165519.6 3C3 8 FF00000000000000
165520.8 444 8 0000000000000005
165522.3 537 8 8080808080800000
165535.3 538 8 8080008080000080
165536.6 523 8 CD1F7770450E0B02
165537.8 52E 5 603F000000
165539.0 6AB 8 00000000000041A1
165540.1 31C 8 00000000800084F3
165550.8 31D 8 000000000000001F
165566.8 444 8 0000000000000005
165581.9 3F1 8 0002000000000000
165583.5 663 8 7814E00E00AA0000
165584.8 539 8 2802800008030000
165586.0 31C 8 00000000800084F3
165587.6 541 8 0000000000000000
165597.7 31D 8 000000000000001F
165599.8 38C 8 000000000000007F
165601.1 38D 8 00000000000000E5
165613.3 39C 8 FF6F000000000000
165614.6 3C3 8 FF00000000000000
165615.8 444 8 0000000000000005
165644.6 31C 8 00000000800084F3
165646.0 31D 8 000000000000001F
165675.9 444 8 0000000000000005
165691.6 6C0 7 04030100000000
165693.0 3F1 8 0002000000000000
165694.2 663 8 7814E00E00AA0000
165695.5 31C 8 00000000800084F3
165697.0 31D 8 000000000000001F
165698.4 38C 8 000000000000007F
165706.9 38D 8 00000000000000E5
165708.1 39C 8 FF6F000000000000
165709.4 3C3 8 FF00000000000000
165722.7 444 8 0000000000000005
165724.1 537 8 8080808080800000
165725.3 538 8 8080008080000080
165738.3 6AB 8 00000000000041A1
165740.2 31C 8 00000000800084F3
165741.5 31D 8 000000000000001F
165769.5 444 8 0000000000000005
165785.5 3F1 8 0002000000000000
165788.1 484 8 0000000000000000
165789.3 523 8 CD1F7770450E0B02
165790.5 52E 5 603F000000
165791.7 663 8 7814E00E00AA0000
165793.1 31C 8 00000000800084F3
165800.8 31D 8 000000000000001F
165802.3 38C 8 000000000000007F
165803.6 38D 8 00000000000000E5
165816.8 39C 8 FF6F000000000000
165818.1 3C3 8 FF00000000000000
165819.3 444 8 0000000000000005
165831.9 539 8 2802800008030000
165833.2 31C 8 00000000800084F3
165834.6 541 8 0000000000000000
165847.7 5EA 8 0000000000000016
165848.8 31D 8 000000000000001F
165850.2 5EB 8 0000000000000007
165851.3 5EC 8 000000000000000F
165852.7 66B 8 7700000000000000
165863.3 66C 8 DF09000000000000
165864.5 444 8 0000000000000005
165879.2 6C0 7 04030100000000
165881.5 3F1 8 0002000000000000
165883.1 663 8 7814E00E00AA0000
165894.6 31C 8 00000000800084F3
165895.9 31D 8 000000000000001F
165897.6 38C 8 000000000000007F
165910.3 38D 8 00000000000000E5
165911.6 39C 8 FF6F000000000000
165913.1 3C3 8 FF00000000000000
165925.8 444 8 0000000000000005
165927.2 537 8 8080808080800000
165928.4 538 8 8080008080000080
165941.5 6AB 8 00000000000041A1
165942.8 31C 8 00000000800084F3
165944.2 31D 8 000000000000001F
165972.7 444 8 0000000000000005
165988.3 3F1 8 0002000000000000
165989.8 663 8 7814E00E00AA0000
165991.1 31C 8 00000000800084F3
165992.7 31D 8 000000000000001F
166004.0 38C 8 000000000000007F
166005.3 38D 8 00000000000000E5
166006.7 39C 8 FF6F000000000000
166019.4 3C3 8 FF00000000000000
166020.9 444 8 0000000000000005
166035.1 523 8 CD1F7770450E0B02
166036.7 52E 5 603F000000
166038.5 31C 8 00000000800084F3
166050.7 31D 8 000000000000001F
166066.5 444 8 0000000000000005
166081.9 6C0 7 04030100000000
166083.3 3F1 8 0002000000000000
166084.5 663 8 7814E00E00AA0000
166085.6 31C 8 00000000800084F3
166087.1 539 8 2802800008030000
166088.4 541 8 0000000000000000
166101.7 31D 8 000000000000001F
166103.0 38C 8 000000000000007F
166104.3 38D 8 00000000000000E5
166105.5 39C 8 FF6F000000000000
166117.8 3C3 8 FF00000000000000
166119.1 444 8 0000000000000005
166120.5 537 8 8080808080800000
166133.2 538 8 8080008080000080
166134.5 6AB 8 00000000000041A1
166135.7 31C 8 00000000800084F3
166148.9 31D 8 000000000000001F
166164.4 444 8 0000000000000005
166180.1 3F1 8 0002000000000000
166181.5 663 8 7814E00E00AA0000
166195.8 31C 8 00000000800084F3
166197.3 31D 8 000000000000001F
166198.7 38C 8 000000000000007F
166211.4 38D 8 00000000000000E5
166212.9 39C 8 FF6F000000000000
166214.1 3C3 8 FF00000000000000
166227.1 444 8 0000000000000005
166242.6 31C 8 00000000800084F3
166244.0 31D 8 000000000000001F
166273.9 444 8 0000000000000005
166289.5 6C0 7 04030100000000
166290.9 3F1 8 0002000000000000
166292.5 484 8 0000000000000000
166293.8 523 8 CD1F7770450E0B02
166295.2 52E 5 603F000000
166296.5 585 8 902C00000000003F
166297.8 64C 2 0011
166299.1 663 8 7814E00E00AA0000
166300.5 6B2 8 FFFEFF0F880084D2
166301.7 31C 8 00000000800084F3
166303.2 31D 8 000000000000001F
166320.8 38C 8 000000000000007F
166322.3 38D 8 00000000000000E5
166323.8 39C 8 FF6F000000000000
166325.2 3C3 8 FF00000000000000
166326.6 444 8 0000000000000005
166328.1 537 8 8080808080800000
166336.4 538 8 8080008080000080
166337.8 31C 8 00000000800084F3
166340.0 5FB 8 1FFFFFFFFF1FF87E
166341.4 5EA 8 0000000000000016
166342.8 539 8 2802800008030000
166344.2 541 8 0000000000000000
166345.5 5FA 8 5B9DC7CC9C46F1FF
166346.8 6AB 8 00000000000041A1
166348.1 31D 8 000000000000001F
166351.7 5EB 8 0000000000000007
166353.1 5EC 8 000000000000000F
166354.4 66B 8 7700000000000000
166355.7 66C 8 DF09000000000000
166367.7 444 8 0000000000000005
166383.3 3F1 8 0002000000000000
166384.9 663 8 7814E00E00AA0000
166386.6 31C 8 00000000800084F3
166399.0 31D 8 000000000000001F
166400.5 38C 8 000000000000007F
166402.1 38D 8 00000000000000E5
166414.6 39C 8 FF6F000000000000
166416.0 3C3 8 FF00000000000000
166417.4 444 8 0000000000000005
166445.9 31C 8 00000000800084F3
166447.6 31D 8 000000000000001F
166461.6 444 8 0000000000000005
166492.7 6C0 7 04030100000000
166494.1 3F1 8 0002000000000000
166495.5 663 8 7814E00E00AA0000
166496.8 31C 8 00000000800084F3
166498.4 31D 8 000000000000001F
166500.6 38C 8 000000000000007F
166508.3 38D 8 00000000000000E5
166509.8 39C 8 FF6F000000000000
166511.2 3C3 8 FF00000000000000
166524.0 444 8 0000000000000005
166525.5 537 8 8080808080800000
166526.9 538 8 8080008080000080
166539.6 523 8 CD1F7770450E0B02
166541.2 52E 5 603F000000
166542.6 31C 8 00000000800084F3
166544.1 6AB 8 00000000000041A1
166545.5 31D 8 000000000000001F
166570.8 444 8 0000000000000005
166586.4 3F1 8 0002000000000000
166587.9 663 8 7814E00E00AA0000
166589.3 31C 8 00000000800084F3
166590.9 539 8 2802800008030000
166592.2 541 8 0000000000000000
166593.5 31D 8 000000000000001F
166601.8 38C 8 000000000000007F
166603.6 38D 8 00000000000000E5
166604.9 39C 8 FF6F000000000000
166617.8 3C3 8 FF00000000000000
166619.1 444 8 0000000000000005
166633.3 31C 8 00000000800084F3
166648.8 31D 8 000000000000001F
166664.4 444 8 0000000000000005
166680.2 6C0 7 04030100000000
166681.4 3F1 8 0002000000000000
166682.9 663 8 7814E00E00AA0000
166695.8 31C 8 00000000800084F3
166697.4 31D 8 000000000000001F
166698.8 38C 8 000000000000007F
166711.4 38D 8 00000000000000E5
166712.6 39C 8 FF6F000000000000
166713.9 3C3 8 FF00000000000000
166715.1 444 8 0000000000000005
166726.9 537 8 8080808080800000
166728.1 538 8 8080008080000080
166742.6 31C 8 00000000800084F3
166744.0 6AB 8 00000000000041A1
166745.1 31D 8 000000000000001F
166773.8 444 8 0000000000000005
166789.5 3F1 8 0002000000000000
166790.7 484 8 0000000000000000
166791.8 523 8 CD1F7770450E0B02
166793.1 52E 5 603F000000
166794.2 663 8 7814E00E00AA0000
166795.5 31C 8 00000000800084F3
166796.8 31D 8 000000000000001F
166805.2 38C 8 000000000000007F
166806.8 38D 8 00000000000000E5
166808.2 39C 8 FF6F000000000000
166820.8 3C3 8 FF00000000000000
166822.7 444 8 0000000000000005
166836.6 31C 8 00000000800084F3
166838.2 539 8 2802800008030000
166839.3 5EA 8 0000000000000016
166840.4 541 8 0000000000000000
166841.7 31D 8 000000000000001F
166851.7 5EB 8 0000000000000007
166852.9 5EC 8 000000000000000F
166854.0 66B 8 7700000000000000
166855.2 66C 8 DF09000000000000
166867.6 444 8 0000000000000005
166883.2 6C0 7 04030100000000
166884.4 3F1 8 0002000000000000
166885.7 663 8 7814E00E00AA0000
166886.8 31C 8 00000000800084F3
166898.8 31D 8 000000000000001F
166900.2 38C 8 000000000000007F
166901.5 38D 8 00000000000000E5
166914.5 39C 8 FF6F000000000000
166915.7 3C3 8 FF00000000000000
166917.2 444 8 0000000000000005
166930.3 537 8 8080808080800000
166931.6 538 8 8080008080000080
166945.7 31C 8 00000000800084F3
166947.1 6AB 8 00000000000041A1
166948.3 31D 8 000000000000001F
166977.0 444 8 0000000000000005
166992.8 3F1 8 0002000000000000
166994.0 663 8 7814E00E00AA0000
166995.2 31C 8 00000000800084F3
166996.8 31D 8 000000000000001F
166998.2 38C 8 000000000000007F
167008.3 38D 8 00000000000000E5
167009.5 39C 8 FF6F000000000000
167010.7 3C3 8 FF00000000000000
167023.9 444 8 0000000000000005
167039.6 523 8 CD1F7770450E0B02
167040.9 52E 5 603F000000
167042.0 31C 8 00000000800084F3
167043.4 31D 8 000000000000001F
167070.8 444 8 0000000000000005
167086.4 6C0 7 04030100000000
167087.8 3F1 8 0002000000000000
167089.2 663 8 7814E00E00AA0000
167090.4 31C 8 00000000800084F3
167091.9 539 8 2802800008030000
167093.1 541 8 0000000000000000
167094.3 31D 8 000000000000001F
167101.7 38C 8 000000000000007F
167103.1 38D 8 00000000000000E5
167104.4 39C 8 FF6F000000000000
167117.8 3C3 8 FF00000000000000
167119.4 444 8 0000000000000005
167121.5 537 8 8080808080800000
167133.3 538 8 8080008080000080
167134.5 31C 8 00000000800084F3
167135.8 6AB 8 00000000000041A1
167148.8 31D 8 000000000000001F
167164.6 444 8 0000000000000005
167180.2 3F1 8 0002000000000000
167181.5 663 8 7814E00E00AA0000
167195.7 31C 8 00000000800084F3
167197.2 31D 8 000000000000001F
167198.5 38C 8 000000000000007F
167211.5 38D 8 00000000000000E5
167213.4 39C 8 FF6F000000000000
167214.6 3C3 8 FF00000000000000
167215.9 444 8 0000000000000005
167243.7 31C 8 00000000800084F3
167252.5 31D 8 000000000000001F
167274.1 444 8 0000000000000005
167289.5 6C0 7 04030100000000
167290.7 3F1 8 0002000000000000
167292.0 484 8 0000000000000000
167293.2 523 8 CD1F7770450E0B02
167294.4 52E 5 603F000000
167295.5 585 8 902C00000000003F
167296.8 64C 2 0011
167298.0 663 8 7814E00E00AA0000
167299.2 6B2 8 FFFEFF0F880004D3
167300.4 31C 8 00000000800084F3
167302.7 31D 8 000000000000001F
167305.2 38C 8 000000000000007F
167306.6 38D 8 00000000000000E5
167307.9 39C 8 FF6F000000000000
167320.8 3C3 8 FF00000000000000
167322.3 444 8 0000000000000005
167323.6 537 8 8080808080800000
167336.5 538 8 8080008080000080
167337.9 31C 8 00000000800084F3
167339.3 5EA 8 0000000000000016
167340.4 5FB 8 1FFFFFFFFF1FF87E
167341.7 539 8 2802800008030000
167343.0 541 8 0000000000000000
167344.2 5FA 8 5B9DC7CC9C46F1FF
167345.3 6AB 8 00000000000041A1
167346.7 31D 8 000000000000001F
167351.8 5EB 8 0000000000000007
167353.0 5EC 8 000000000000000F
167354.2 66B 8 7700000000000000
167355.3 66C 8 DF09000000000000
167367.7 444 8 0000000000000005
167383.2 3F1 8 0002000000000000
167384.5 663 8 7814E00E00AA0000
167385.8 31C 8 00000000800084F3
167398.9 31D 8 000000000000001F
167400.4 38C 8 000000000000007F
167401.8 38D 8 00000000000000E5
167414.5 39C 8 FF6F000000000000
167415.8 3C3 8 FF00000000000000
167417.1 444 8 0000000000000005
167445.7 31C 8 00000000800084F3
167447.1 31D 8 000000000000001F
167476.9 444 8 0000000000000005
167492.8 6C0 7 04030100000000
167494.0 3F1 8 0002000000000000
167495.3 663 8 7814E00E00AA0000
167496.6 31C 8 00000000800084F3
167498.1 31D 8 000000000000001F
167499.5 38C 8 000000000000007F
167508.2 38D 8 00000000000000E5
167509.5 39C 8 FF6F000000000000
167510.7 3C3 8 FF00000000000000
167523.9 444 8 0000000000000005
167525.2 537 8 8080808080800000
167526.4 538 8 8080008080000080
167539.6 523 8 CD1F7770450E0B02
167540.9 52E 5 603F000000
167542.1 31C 8 00000000800084F3
167543.4 6AB 8 00000000000041A1
167544.6 31D 8 000000000000001F
167570.8 444 8 0000000000000005
167586.4 3F1 8 0002000000000000
167587.9 663 8 7814E00E00AA0000
167589.3 31C 8 00000000800084F3
167591.3 539 8 2802800008030000
167592.5 541 8 0000000000000000
167593.7 31D 8 000000000000001F
167601.7 38C 8 000000000000007F
167603.0 38D 8 00000000000000E5
167604.2 39C 8 FF6F000000000000
167617.8 3C3 8 FF00000000000000
167619.5 444 8 0000000000000005
167633.2 31C 8 00000000800084F3
167649.0 31D 8 000000000000001F
167664.4 444 8 0000000000000005
167680.3 6C0 7 04030100000000
167681.7 3F1 8 0002000000000000
167683.5 663 8 7814E00E00AA0000
167695.8 31C 8 00000000800084F3
167697.3 31D 8 000000000000001F
167698.7 38C 8 000000000000007F
167711.3 38D 8 00000000000000E5
167712.6 39C 8 FF6F000000000000
167713.9 3C3 8 FF00000000000000
167726.9 444 8 0000000000000005
167728.3 537 8 8080808080800000
167729.5 538 8 8080008080000080
167742.6 31C 8 00000000800084F3
167744.2 6AB 8 00000000000041A1
167746.0 31D 8 000000000000001F
167773.8 444 8 0000000000000005
167789.6 3F1 8 0002000000000000
167791.1 484 8 0000000000000000
167792.3 523 8 CD1F7770450E0B02
167793.5 52E 5 603F000000
167794.6 663 8 7814E00E00AA0000
167795.9 31C 8 00000000800084F3
167797.5 31D 8 000000000000001F
167805.2 38C 8 000000000000007F
167806.6 38D 8 00000000000000E5
167807.9 39C 8 FF6F000000000000
167820.7 3C3 8 FF00000000000000
167822.0 444 8 0000000000000005
167836.4 31C 8 00000000800084F3
167837.9 5EA 8 0000000000000016
167839.1 539 8 2802800008030000
167840.3 541 8 0000000000000000
167841.5 31D 8 000000000000001F
167851.7 5EB 8 0000000000000007
167852.9 5EC 8 000000000000000F
167854.0 66B 8 7700000000000000
167855.1 66C 8 DF09000000000000
167867.6 444 8 0000000000000005
167883.2 6C0 7 04030100000000
167884.5 3F1 8 0002000000000000
167886.6 663 8 7814E00E00AA0000
167888.0 31C 8 00000000800084F3
167898.8 31D 8 000000000000001F
167900.2 38C 8 000000000000007F
167901.5 38D 8 00000000000000E5
167914.4 39C 8 FF6F000000000000
167915.8 3C3 8 FF00000000000000
167917.1 444 8 0000000000000005
167930.1 537 8 8080808080800000
167931.4 538 8 8080008080000080
167945.7 31C 8 00000000800084F3
167947.1 6AB 8 00000000000041A1
167948.3 31D 8 000000000000001F
167977.0 444 8 0000000000000005
167992.8 3F1 8 0002000000000000
167994.0 663 8 7814E00E00AA0000
167995.5 31C 8 00000000800084F3
167997.1 31D 8 000000000000001F
167998.5 38C 8 000000000000007F
168008.2 38D 8 00000000000000E5
168009.5 39C 8 FF6F000000000000
168010.7 3C3 8 FF00000000000000
168023.9 444 8 0000000000000005
168039.6 523 8 CD1F7770450E0B02
168040.9 52E 5 603F000000
168042.0 31C 8 00000000800084F3
168043.5 31D 8 000000000000001F
168070.8 444 8 0000000000000005
168086.5 6C0 7 04030100000000
168087.9 3F1 8 0002000000000000
168089.1 663 8 7814E00E00AA0000
168090.4 31C 8 00000000800084F3
168091.8 539 8 2802800008030000
168093.1 541 8 0000000000000000
168094.3 31D 8 000000000000001F
168101.8 38C 8 000000000000007F
168103.1 38D 8 00000000000000E5
168104.4 39C 8 FF6F000000000000
168117.7 3C3 8 FF00000000000000
168119.0 444 8 0000000000000005
168120.3 537 8 8080808080800000
168133.3 538 8 8080008080000080
168134.5 31C 8 00000000800084F3
168135.9 6AB 8 00000000000041A1
168148.9 31D 8 000000000000001F
168164.4 444 8 0000000000000005
168180.1 3F1 8 0002000000000000
168181.5 663 8 7814E00E00AA0000
168195.7 31C 8 00000000800084F3
168197.1 31D 8 000000000000001F
168198.4 38C 8 000000000000007F
168211.5 38D 8 00000000000000E5
168212.9 39C 8 FF6F000000000000
168214.8 3C3 8 FF00000000000000
168226.9 444 8 0000000000000005
168242.7 31C 8 00000000800084F3
168244.1 31D 8 000000000000001F
168281.3 444 8 0000000000000005
168283.6 6C0 7 04030100000000
168285.0 3F1 8 0002000000000000
168286.4 484 8 0000000000000000
168287.7 523 8 CD1F7770450E0B02
168288.8 52E 5 603F000000
168290.0 585 8 902C00000000003F
168291.1 64C 2 0011
168292.5 663 8 7814E00E00AA0000
168293.7 6B2 8 FFFEFF0F880084D3
168296.6 31C 8 00000000800084F3
168298.2 31D 8 000000000000001F
168299.6 38C 8 000000000000007F
168300.8 38D 8 00000000000000E5
168312.5 39C 8 FF6F000000000000
168313.9 3C3 8 FF00000000000000
168315.1 444 8 0000000000000005
168328.1 537 8 8080808080800000
168329.3 538 8 8080008080000080
168344.1 31C 8 00000000800084F3
168345.5 5EA 8 0000000000000016
168346.8 5FB 8 1FFFFFFFFF1FF87E
168347.9 539 8 2802800008030000
168349.1 541 8 0000000000000000
168350.3 5FA 8 5B9DC7CC9C46F1FF
168351.5 6AB 8 00000000000041A1
168352.8 31D 8 000000000000001F
168354.3 5EB 8 0000000000000007
168355.5 5EC 8 000000000000000F
168359.5 66B 8 7700000000000000
168361.4 66C 8 DF09000000000000
168375.2 444 8 0000000000000005
168390.9 3F1 8 0002000000000000
168393.8 663 8 7814E00E00AA0000
168395.7 31C 8 00000000800084F3
168397.6 31D 8 000000000000001F
168406.7 38C 8 000000000000007F
168408.2 38D 8 00000000000000E5
168409.5 39C 8 FF6F000000000000
168410.8 3C3 8 FF00000000000000
168422.2 444 8 0000000000000005
168437.7 31C 8 00000000800084F3
168439.0 31D 8 000000000000001F
168468.9 444 8 0000000000000005
168484.6 6C0 7 04030100000000
168485.8 3F1 8 0002000000000000
168487.3 663 8 7814E00E00AA0000
168488.6 31C 8 00000000800084F3
168500.1 31D 8 000000000000001F
168501.5 38C 8 000000000000007F
168502.8 38D 8 00000000000000E5
168515.8 39C 8 FF6F000000000000
168517.2 3C3 8 FF00000000000000
168518.5 444 8 0000000000000005
168531.6 537 8 8080808080800000
168533.0 538 8 8080008080000080
168534.2 523 8 CD1F7770450E0B02
168535.4 52E 5 603F000000
168536.6 31C 8 00000000800084F3
168547.1 6AB 8 00000000000041A1
168548.4 31D 8 000000000000001F
168562.6 444 8 0000000000000005
168578.1 3F1 8 0002000000000000
168579.4 663 8 7814E00E00AA0000
168593.9 31C 8 00000000800084F3
168595.3 539 8 2802800008030000
168596.6 541 8 0000000000000000
168597.9 31D 8 000000000000001F
168599.3 38C 8 000000000000007F
168609.7 38D 8 00000000000000E5
168610.9 39C 8 FF6F000000000000
168612.2 3C3 8 FF00000000000000
168625.1 444 8 0000000000000005
168640.9 31C 8 00000000800084F3
168642.2 31D 8 000000000000001F
168672.1 444 8 0000000000000005
168687.6 6C0 7 04030100000000
168688.8 3F1 8 0002000000000000
168690.1 663 8 7814E00E00AA0000
168692.0 31C 8 00000000800084F3
168693.4 31D 8 000000000000001F
168703.4 38C 8 000000000000007F
168704.6 38D 8 00000000000000E5
168705.9 39C 8 FF6F000000000000
168718.9 3C3 8 FF00000000000000
168720.2 444 8 0000000000000005
168721.5 537 8 8080808080800000
168734.6 538 8 8080008080000080
168735.9 31C 8 00000000800084F3
168737.5 6AB 8 00000000000041A1
168750.2 31D 8 000000000000001F
168765.9 444 8 0000000000000005
168781.5 3F1 8 0002000000000000
168783.1 484 8 0000000000000000
168784.3 523 8 CD1F7770450E0B02
168785.4 52E 5 603F000000
168786.7 663 8 7814E00E00AA0000
168788.1 31C 8 00000000800084F3
168796.9 31D 8 000000000000001F
168798.2 38C 8 000000000000007F
168799.5 38D 8 00000000000000E5
168812.7 39C 8 FF6F000000000000
168814.0 3C3 8 FF00000000000000
168815.3 444 8 0000000000000005
168843.9 31C 8 00000000800084F3
168845.3 5EA 8 0000000000000016
168846.5 539 8 2802800008030000
168847.8 541 8 0000000000000000
168849.1 31D 8 000000000000001F
168851.2 5EB 8 0000000000000007
168852.6 5EC 8 000000000000000F
168859.7 66B 8 7700000000000000
168860.8 66C 8 DF09000000000000
168875.4 444 8 0000000000000005
168890.8 6C0 7 04030100000000
168892.1 3F1 8 0002000000000000
168893.3 663 8 7814E00E00AA0000
168894.6 31C 8 00000000800084F3
168895.9 31D 8 000000000000001F
168906.5 38C 8 000000000000007F
168907.9 38D 8 00000000000000E5
168909.2 39C 8 FF6F000000000000
168910.5 3C3 8 FF00000000000000
168921.9 444 8 0000000000000005
168923.3 537 8 8080808080800000
168924.5 538 8 8080008080000080
168937.7 31C 8 00000000800084F3
168939.0 6AB 8 00000000000041A1
168940.2 31D 8 000000000000001F
168968.9 444 8 0000000000000005
168984.7 3F1 8 0002000000000000
168985.9 663 8 7814E00E00AA0000
168987.4 31C 8 00000000800084F3
169000.2 31D 8 000000000000001F
169001.6 38C 8 000000000000007F
169003.5 38D 8 00000000000000E5
169015.8 39C 8 FF6F000000000000
169017.0 3C3 8 FF00000000000000
169018.3 444 8 0000000000000005
169031.7 523 8 CD1F7770450E0B02
169033.0 52E 5 603F000000
169034.3 31C 8 00000000800084F3
169047.4 31D 8 000000000000001F
169062.7 444 8 0000000000000005
169078.0 6C0 7 04030100000000
169079.2 3F1 8 0002000000000000
169080.5 663 8 7814E00E00AA0000
169094.0 31C 8 00000000800084F3
169095.3 539 8 2802800008030000
169096.6 541 8 0000000000000000
169097.9 31D 8 000000000000001F
169099.2 38C 8 000000000000007F
169109.9 38D 8 00000000000000E5
169111.1 39C 8 FF6F000000000000
169112.6 3C3 8 FF00000000000000
169125.1 444 8 0000000000000005
169126.5 537 8 8080808080800000
169127.7 538 8 8080008080000080
169140.9 31C 8 00000000800084F3
169142.3 6AB 8 00000000000041A1
169144.2 31D 8 000000000000001F
169172.2 444 8 0000000000000005
169187.7 3F1 8 0002000000000000
169188.9 663 8 7814E00E00AA0000
169190.2 31C 8 00000000800084F3
169191.6 31D 8 000000000000001F
169203.3 38C 8 000000000000007F
169204.5 38D 8 00000000000000E5
169205.8 39C 8 FF6F000000000000
169219.1 3C3 8 FF00000000000000
169220.7 444 8 0000000000000005
169234.7 31C 8 00000000800084F3
169250.2 31D 8 000000000000001F
169266.2 444 8 0000000000000005
169281.8 6C0 7 04030100000000
169283.6 3F1 8 0002000000000000
169285.4 484 8 0000000000000000
169286.8 523 8 CD1F7770450E0B02
169288.0 52E 5 603F000000
169289.2 585 8 902C00000000003F
169290.3 64C 2 0011
169291.5 663 8 7814E00E00AA0000
169292.9 6B2 8 FFFEFF0F880004D4
169294.0 31C 8 00000000800084F3
169296.9 31D 8 000000000000001F
169299.1 38C 8 000000000000007F
169300.4 38D 8 00000000000000E5
169312.6 39C 8 FF6F000000000000
169313.9 3C3 8 FF00000000000000
169315.2 444 8 0000000000000005
169328.3 537 8 8080808080800000
169329.5 538 8 8080008080000080
169343.9 31C 8 00000000800084F3
169345.3 5EA 8 0000000000000016
169346.6 5FB 8 1FFFFFFFFF1FF87E
169347.9 539 8 2802800008030000
169349.0 541 8 0000000000000000
169350.2 5FA 8 5B9DC7CC9C46F1FF
169351.4 6AB 8 00000000000041A1
169352.7 31D 8 000000000000001F
169354.1 5EB 8 0000000000000007
169355.2 5EC 8 000000000000000F
169359.8 66B 8 7700000000000000
169361.0 66C 8 DF09000000000000
169375.2 444 8 0000000000000005
169390.8 3F1 8 0002000000000000
169392.5 663 8 7814E00E00AA0000
169394.0 31C 8 00000000800084F3
169395.7 31D 8 000000000000001F
169406.6 38C 8 000000000000007F
169408.0 38D 8 00000000000000E5
169409.3 39C 8 FF6F000000000000
169422.1 3C3 8 FF00000000000000
169423.5 444 8 0000000000000005
169437.7 31C 8 00000000800084F3
169439.4 31D 8 000000000000001F
169468.9 444 8 0000000000000005
169484.7 6C0 7 04030100000000
169485.9 3F1 8 0002000000000000
169487.3 663 8 7814E00E00AA0000
169488.5 31C 8 00000000800084F3
169500.1 31D 8 000000000000001F
169501.7 38C 8 000000000000007F
169503.1 38D 8 00000000000000E5
169515.8 39C 8 FF6F000000000000
169517.0 3C3 8 FF00000000000000
169518.3 444 8 0000000000000005
169531.7 537 8 8080808080800000
169533.0 538 8 8080008080000080
169534.2 523 8 CD1F7770450E0B02
169535.4 52E 5 603F000000
169536.7 31C 8 00000000800084F3
169547.2 6AB 8 00000000000041A1
169548.4 31D 8 000000000000001F
169562.6 444 8 0000000000000005
169578.0 3F1 8 0002000000000000
169579.3 663 8 7814E00E00AA0000
169594.2 31C 8 00000000800084F3
169596.5 539 8 2802800008030000
169598.3 541 8 0000000000000000
169599.5 31D 8 000000000000001F
169600.9 38C 8 000000000000007F
169609.7 38D 8 00000000000000E5
169611.0 39C 8 FF6F000000000000
169612.4 3C3 8 FF00000000000000
169625.2 444 8 0000000000000005
169640.8 31C 8 00000000800084F3
169642.2 31D 8 000000000000001F
169672.1 444 8 0000000000000005
169687.7 6C0 7 04030100000000
169689.0 3F1 8 0002000000000000
169690.2 663 8 7814E00E00AA0000
169691.5 31C 8 00000000800084F3
169693.1 31D 8 000000000000001F
169703.3 38C 8 000000000000007F
169704.6 38D 8 00000000000000E5
169705.8 39C 8 FF6F000000000000
169719.1 3C3 8 FF00000000000000
169720.4 444 8 0000000000000005
169721.9 537 8 8080808080800000
169734.8 538 8 8080008080000080
169736.0 31C 8 00000000800084F3
169737.6 6AB 8 00000000000041A1
169750.1 31D 8 000000000000001F
169765.5 444 8 0000000000000005
169781.7 3F1 8 0002000000000000
169784.5 484 8 0000000000000000
169785.7 523 8 CD1F7770450E0B02
169787.1 52E 5 603F000000
169788.3 663 8 7814E00E00AA0000
169789.5 31C 8 00000000800084F3
169796.9 31D 8 000000000000001F
169798.3 38C 8 000000000000007F
169799.5 38D 8 00000000000000E5
169812.7 39C 8 FF6F000000000000
169814.0 3C3 8 FF00000000000000
169815.2 444 8 0000000000000005
169843.9 31C 8 00000000800084F3
169845.2 5EA 8 0000000000000016
169846.5 539 8 2802800008030000
169847.8 541 8 0000000000000000
169849.0 31D 8 000000000000001F
169850.3 5EB 8 0000000000000007
169851.6 5EC 8 000000000000000F
169859.7 66B 8 7700000000000000
169860.9 66C 8 DF09000000000000
169875.1 444 8 0000000000000005
169890.9 6C0 7 04030100000000
169892.8 3F1 8 0002000000000000
169895.0 663 8 7814E00E00AA0000
169897.2 31C 8 00000000800084F3
169900.6 31D 8 000000000000001F
169906.5 38C 8 000000000000007F
169908.0 38D 8 00000000000000E5
169909.2 39C 8 FF6F000000000000
169910.5 3C3 8 FF00000000000000
169922.0 444 8 0000000000000005
169923.5 537 8 8080808080800000
169924.7 538 8 8080008080000080
169937.6 31C 8 00000000800084F3
169939.0 6AB 8 00000000000041A1
169940.3 31D 8 000000000000001F
169968.9 444 8 0000000000000005
169984.6 3F1 8 0002000000000000
169986.0 663 8 7814E00E00AA0000
169987.5 31C 8 00000000800084F3
170000.2 31D 8 000000000000001F
170001.6 38C 8 000000000000007F
170002.8 38D 8 00000000000000E5
170015.8 39C 8 FF6F000000000000
170017.1 3C3 8 FF00000000000000
170018.3 444 8 0000000000000005
170031.6 523 8 CD1F7770450E0B02
170033.0 52E 5 603F000000
170034.1 31C 8 00000000800084F3
170047.1 31D 8 000000000000001F
170062.7 444 8 0000000000000005
170078.1 6C0 7 04030100000000
170079.4 3F1 8 0002000000000000
170080.7 663 8 7814E00E00AA0000
170093.9 31C 8 00000000800084F3
170096.1 539 8 2802800008030000
170097.3 541 8 0000000000000000
170098.5 31D 8 000000000000001F
170099.8 38C 8 000000000000007F
170109.6 38D 8 00000000000000E5
170110.9 39C 8 FF6F000000000000
170112.2 3C3 8 FF00000000000000
170125.2 444 8 0000000000000005
170126.5 537 8 8080808080800000
170127.7 538 8 8080008080000080
170140.8 31C 8 00000000800084F3
170142.2 6AB 8 00000000000041A1
170143.3 31D 8 000000000000001F
170172.3 444 8 0000000000000005
170187.7 3F1 8 0002000000000000
170189.0 663 8 7814E00E00AA0000
170190.2 31C 8 00000000800084F3
170191.6 31D 8 000000000000001F
170203.3 38C 8 000000000000007F
170204.5 38D 8 00000000000000E5
170205.8 39C 8 FF6F000000000000
170219.1 3C3 8 FF00000000000000
170220.8 444 8 0000000000000005
170234.6 31C 8 00000000800084F3
170250.3 31D 8 000000000000001F
170265.9 444 8 0000000000000005
170283.0 6C0 7 04030100000000
170284.6 3F1 8 0002000000000000
170286.4 484 8 0000000000000000
170287.8 523 8 CD1F7770450E0B02
170289.0 52E 5 603F000000
170290.2 585 8 902C00000000003F
170291.4 64C 2 0011
170292.7 663 8 7814E00E00AA0000
170294.0 6B2 8 FFFEFF0F880084D4
170295.1 31C 8 00000000800084F3
170312.6 31D 8 000000000000001F
170314.0 38C 8 000000000000007F
170315.3 38D 8 00000000000000E5
170316.6 39C 8 FF6F000000000000
170318.0 3C3 8 FF00000000000000
170319.2 444 8 0000000000000005
170328.5 537 8 8080808080800000
170329.7 538 8 8080008080000080
170343.9 31C 8 00000000800084F3
170345.3 5EA 8 0000000000000016
170346.5 5FB 8 1FFFFFFFFF1FF87E
170347.7 539 8 2802800008030000
170348.9 541 8 0000000000000000
170350.1 5FA 8 5B9DC7CC9C46F1FF
170351.2 6AB 8 00000000000041A1
170352.6 31D 8 000000000000001F
170354.0 5EB 8 0000000000000007
170355.8 5EC 8 000000000000000F
170359.9 66B 8 7700000000000000
170361.1 66C 8 DF09000000000000
170375.2 444 8 0000000000000005
170391.2 3F1 8 0002000000000000
170394.2 663 8 7814E00E00AA0000
170396.1 31C 8 00000000800084F3
170397.7 31D 8 000000000000001F
170406.7 38C 8 000000000000007F
170408.1 38D 8 00000000000000E5
170409.4 39C 8 FF6F000000000000
170410.6 3C3 8 FF00000000000000
170422.1 444 8 0000000000000005
170437.7 31C 8 00000000800084F3
170439.0 31D 8 000000000000001F
170469.0 444 8 0000000000000005
170484.4 6C0 7 04030100000000
170485.7 3F1 8 0002000000000000
170487.0 663 8 7814E00E00AA0000
170488.3 31C 8 00000000800084F3
170500.2 31D 8 000000000000001F
170501.6 38C 8 000000000000007F
170503.0 38D 8 00000000000000E5
170515.8 39C 8 FF6F000000000000
170517.0 3C3 8 FF00000000000000
170518.9 444 8 0000000000000005
170531.6 537 8 8080808080800000
170533.0 538 8 8080008080000080
170534.3 523 8 CD1F7770450E0B02
170535.5 52E 5 603F000000
170536.6 31C 8 00000000800084F3
170547.1 6AB 8 00000000000041A1
170548.4 31D 8 000000000000001F
170562.7 444 8 0000000000000005
170578.0 3F1 8 0002000000000000
170579.3 663 8 7814E00E00AA0000
170594.0 31C 8 00000000800084F3
170595.5 539 8 2802800008030000
170596.8 541 8 0000000000000000
170598.0 31D 8 000000000000001F
170599.4 38C 8 000000000000007F
170609.8 38D 8 00000000000000E5
170611.4 39C 8 FF6F000000000000
170612.9 3C3 8 FF00000000000000
170625.1 444 8 0000000000000005
170640.8 31C 8 00000000800084F3
170642.2 31D 8 000000000000001F
170672.1 444 8 0000000000000005
170687.7 6C0 7 04030100000000
170689.3 3F1 8 0002000000000000
170690.6 663 8 7814E00E00AA0000
170691.8 31C 8 00000000800084F3
170693.3 31D 8 000000000000001F
170703.3 38C 8 000000000000007F
170704.6 38D 8 00000000000000E5
170705.9 39C 8 FF6F000000000000
170718.9 3C3 8 FF00000000000000
170720.1 444 8 0000000000000005
170721.6 537 8 8080808080800000
170734.7 538 8 8080008080000080
170735.9 31C 8 00000000800084F3
170737.3 6AB 8 00000000000041A1
170750.2 31D 8 000000000000001F
170765.8 444 8 0000000000000005
170781.5 3F1 8 0002000000000000
170782.8 484 8 0000000000000000
170783.9 523 8 CD1F7770450E0B02
170785.1 52E 5 603F000000
170786.3 663 8 7814E00E00AA0000
170787.6 31C 8 00000000800084F3
170796.9 31D 8 000000000000001F
170798.4 38C 8 000000000000007F
170799.6 38D 8 00000000000000E5
170812.7 39C 8 FF6F000000000000
170814.0 3C3 8 FF00000000000000
170815.3 444 8 0000000000000005
170843.9 31C 8 00000000800084F3
170845.3 5EA 8 0000000000000016
170847.2 539 8 2802800008030000
170848.4 541 8 0000000000000000
170849.6 31D 8 000000000000001F
170851.0 5EB 8 0000000000000007
170852.1 5EC 8 000000000000000F
170859.6 66B 8 7700000000000000
170860.8 66C 8 DF09000000000000
170875.1 444 8 0000000000000005
170890.8 6C0 7 04030100000000
170892.1 3F1 8 0002000000000000
170893.3 663 8 7814E00E00AA0000
170894.5 31C 8 00000000800084F3
170895.9 31D 8 000000000000001F
170906.8 38C 8 000000000000007F
170908.3 38D 8 00000000000000E5
170909.6 39C 8 FF6F000000000000
170910.8 3C3 8 FF00000000000000
170921.9 444 8 0000000000000005
170923.4 537 8 8080808080800000
170924.6 538 8 8080008080000080
170937.6 31C 8 00000000800084F3
170939.0 6AB 8 00000000000041A1
170940.2 31D 8 000000000000001F
170968.9 444 8 0000000000000005
170984.6 3F1 8 0002000000000000
170985.9 663 8 7814E00E00AA0000
170988.1 31C 8 00000000800084F3
171000.2 31D 8 000000000000001F
171001.6 38C 8 000000000000007F
171003.0 38D 8 00000000000000E5
171015.9 39C 8 FF6F000000000000
171018.1 3C3 8 FF00000000000000
171020.3 444 8 0000000000000005
171031.6 523 8 CD1F7770450E0B02
171032.9 52E 5 603F000000
171034.1 31C 8 00000000800084F3
171047.2 31D 8 000000000000001F
171062.8 444 8 0000000000000005
171078.3 6C0 7 04030100000000
171079.5 3F1 8 0002000000000000
171080.7 663 8 7814E00E00AA0000
171093.9 31C 8 00000000800084F3
171095.3 539 8 2802800008030000
171096.6 541 8 0000000000000000
171097.8 31D 8 000000000000001F
171099.2 38C 8 000000000000007F
171109.8 38D 8 00000000000000E5
171111.3 39C 8 FF6F000000000000
171112.9 3C3 8 FF00000000000000
171125.2 444 8 0000000000000005
171126.6 537 8 8080808080800000
171127.8 538 8 8080008080000080
171140.8 31C 8 00000000800084F3
171142.2 6AB 8 00000000000041A1
171144.2 31D 8 000000000000001F
171172.1 444 8 0000000000000005
171187.7 3F1 8 0002000000000000
171188.9 663 8 7814E00E00AA0000
171190.2 31C 8 00000000800084F3
171191.7 31D 8 000000000000001F
171203.3 38C 8 000000000000007F
171204.8 38D 8 00000000000000E5
171206.8 39C 8 FF6F000000000000
171219.1 3C3 8 FF00000000000000
171220.7 444 8 0000000000000005
171234.6 31C 8 00000000800084F3
171250.3 31D 8 000000000000001F
171265.8 444 8 0000000000000005
171281.9 6C0 7 04030100000000
171283.6 3F1 8 0002000000000000
171285.1 484 8 0000000000000000
171286.3 523 8 CD1F7770450E0B02
171287.6 52E 5 603F000000
171288.8 585 8 902C00000000003F
171289.9 64C 2 0011
171291.0 663 8 7814E00E00AA0000
171292.4 6B2 8 FFFEFF0F880004D5
171293.5 31C 8 00000000800084F3
171296.9 31D 8 000000000000001F
171299.0 38C 8 000000000000007F
171300.2 38D 8 00000000000000E5
171312.8 39C 8 FF6F000000000000
171314.3 3C3 8 FF00000000000000
171315.6 444 8 0000000000000005
171328.3 537 8 8080808080800000
171329.6 538 8 8080008080000080
171344.1 31C 8 00000000800084F3
171345.6 5EA 8 0000000000000016
171349.7 5FB 8 1FFFFFFFFF1FF87E
171350.8 539 8 2802800008030000
171352.1 541 8 0000000000000000
171353.2 5FA 8 5B9DC7CC9C46F1FF
171354.3 6AB 8 00000000000041A1
171355.5 31D 8 000000000000001F
171356.9 5EB 8 0000000000000007
171358.1 5EC 8 000000000000000F
171375.2 66B 8 7700000000000000
171376.4 66C 8 DF09000000000000
171377.8 444 8 0000000000000005
171390.8 3F1 8 0002000000000000
171392.9 663 8 7814E00E00AA0000
171394.4 31C 8 00000000800084F3
171396.3 31D 8 000000000000001F
171406.7 38C 8 000000000000007F
171408.1 38D 8 00000000000000E5
171409.4 39C 8 FF6F000000000000
171410.6 3C3 8 FF00000000000000
171422.2 444 8 0000000000000005
171437.6 31C 8 00000000800084F3
171439.1 31D 8 000000000000001F
171468.9 444 8 0000000000000005
171486.7 6C0 7 04030100000000
171488.2 3F1 8 0002000000000000
171489.4 663 8 7814E00E00AA0000
171490.7 31C 8 00000000800084F3
171492.2 31D 8 000000000000001F
171500.2 38C 8 000000000000007F
171501.4 38D 8 00000000000000E5
171515.9 39C 8 FF6F000000000000
171517.3 3C3 8 FF00000000000000
171518.5 444 8 0000000000000005
171531.7 537 8 8080808080800000
171533.7 538 8 8080008080000080
171535.9 523 8 CD1F7770450E0B02
171538.0 52E 5 603F000000
171547.0 31C 8 00000000800084F3
171548.6 6AB 8 00000000000041A1
171549.8 31D 8 000000000000001F
171562.9 444 8 0000000000000005
171579.2 3F1 8 0002000000000000
171580.8 663 8 7814E00E00AA0000
171594.8 31C 8 00000000800084F3
171597.2 539 8 2802800008030000
171598.8 541 8 0000000000000000
171600.0 31D 8 000000000000001F
171601.4 38C 8 000000000000007F
171610.4 38D 8 00000000000000E5
171612.4 39C 8 FF6F000000000000
171613.7 3C3 8 FF00000000000000
171625.9 444 8 0000000000000005
171641.8 31C 8 00000000800084F3
171643.2 31D 8 000000000000001F
171673.0 444 8 0000000000000005
171688.6 6C0 7 04030100000000
171689.8 3F1 8 0002000000000000
171691.0 663 8 7814E00E00AA0000
171692.4 31C 8 00000000800084F3
171693.8 31D 8 000000000000001F
171704.2 38C 8 000000000000007F
171705.5 38D 8 00000000000000E5
171706.7 39C 8 FF6F000000000000
171719.8 3C3 8 FF00000000000000
171721.1 444 8 0000000000000005
171722.6 537 8 8080808080800000
171735.5 538 8 8080008080000080
171736.8 31C 8 00000000800084F3
171738.3 6AB 8 00000000000041A1
171751.1 31D 8 000000000000001F
171766.7 444 8 0000000000000005
171782.1 3F1 8 0002000000000000
171783.6 484 8 0000000000000000
171785.4 523 8 CD1F7770450E0B02
171786.8 52E 5 603F000000
171788.1 663 8 7814E00E00AA0000
171789.4 31C 8 00000000800084F3
171798.0 31D 8 000000000000001F
171799.4 38C 8 000000000000007F
171800.6 38D 8 00000000000000E5
171813.4 39C 8 FF6F000000000000
171814.7 3C3 8 FF00000000000000
171815.9 444 8 0000000000000005
171844.9 31C 8 00000000800084F3
171846.3 5EA 8 0000000000000016
171847.7 539 8 2802800008030000
171848.9 541 8 0000000000000000
171850.1 31D 8 000000000000001F
171851.5 5EB 8 0000000000000007
171852.8 5EC 8 000000000000000F
171860.7 66B 8 7700000000000000
171861.9 66C 8 DF09000000000000
171876.1 444 8 0000000000000005
171891.8 6C0 7 04030100000000
171893.1 3F1 8 0002000000000000
171894.4 663 8 7814E00E00AA0000
171895.6 31C 8 00000000800084F3
171897.1 31D 8 000000000000001F
171898.5 38C 8 000000000000007F
171907.5 38D 8 00000000000000E5
171908.8 39C 8 FF6F000000000000
171910.1 3C3 8 FF00000000000000
171923.2 444 8 0000000000000005
171924.5 537 8 8080808080800000
171925.7 538 8 8080008080000080
171938.6 31C 8 00000000800084F3
171939.9 6AB 8 00000000000041A1
171941.1 31D 8 000000000000001F
171969.8 444 8 0000000000000005
171985.6 3F1 8 0002000000000000
171987.0 663 8 7814E00E00AA0000
171988.3 31C 8 00000000800084F3
172001.1 31D 8 000000000000001F
172002.7 38C 8 000000000000007F
172003.9 38D 8 00000000000000E5
172016.9 39C 8 FF6F000000000000
172018.2 3C3 8 FF00000000000000
172019.5 444 8 0000000000000005
172032.2 523 8 CD1F7770450E0B02
172033.4 52E 5 603F000000
172034.5 31C 8 00000000800084F3
172048.1 31D 8 000000000000001F
172063.7 444 8 0000000000000005
172079.2 6C0 7 04030100000000
172081.1 3F1 8 0002000000000000
172082.6 663 8 7814E00E00AA0000
172095.0 31C 8 00000000800084F3
172096.7 539 8 2802800008030000
172098.1 541 8 0000000000000000
172099.5 31D 8 000000000000001F
172100.8 38C 8 000000000000007F
172110.6 38D 8 00000000000000E5
172111.9 39C 8 FF6F000000000000
172113.3 3C3 8 FF00000000000000
172126.2 444 8 0000000000000005
172127.8 537 8 8080808080800000
172129.2 538 8 8080008080000080
172141.8 31C 8 00000000800084F3
172143.2 6AB 8 00000000000041A1
172144.4 31D 8 000000000000001F
172173.1 444 8 0000000000000005
172188.6 3F1 8 0002000000000000
172189.9 663 8 7814E00E00AA0000
172191.1 31C 8 00000000800084F3
172192.6 31D 8 000000000000001F
172204.2 38C 8 000000000000007F
172205.7 38D 8 00000000000000E5
172207.0 39C 8 FF6F000000000000
172219.9 3C3 8 FF00000000000000
172222.1 444 8 0000000000000005
172235.5 31C 8 00000000800084F3
172251.1 31D 8 000000000000001F
172266.7 444 8 0000000000000005
172282.1 6C0 7 04030100000000
172284.0 3F1 8 0002000000000000
172286.4 484 8 0000000000000000
172287.7 523 8 CD1F7770450E0B02
172288.9 52E 5 603F000000
172290.1 585 8 902C00000000003F
172291.3 64C 2 0011
172292.5 663 8 7814E00E00AA0000
172293.7 6B2 8 FFFEFF0F880084D5
172294.9 31C 8 00000000800084F3
172298.2 31D 8 000000000000001F
172299.7 38C 8 000000000000007F
172301.1 38D 8 00000000000000E5
172313.6 39C 8 FF6F000000000000
172315.1 3C3 8 FF00000000000000
172316.5 444 8 0000000000000005
172329.3 537 8 8080808080800000
172330.7 538 8 8080008080000080
172344.9 31C 8 00000000800084F3
172346.4 5EA 8 0000000000000016
172347.7 5FB 8 1FFFFFFFFF1FF87E
172348.9 539 8 2802800008030000
172350.2 541 8 0000000000000000
172351.7 5FA 8 5B9DC7CC9C46F1FF
172353.0 6AB 8 00000000000041A1
172355.1 31D 8 000000000000001F
172356.7 5EB 8 0000000000000007
172357.9 5EC 8 000000000000000F
172360.6 66B 8 7700000000000000
172362.0 66C 8 DF09000000000000
172376.2 444 8 0000000000000005
172392.0 3F1 8 0002000000000000
172393.5 663 8 7814E00E00AA0000
172395.0 31C 8 00000000800084F3
172396.9 31D 8 000000000000001F
172398.5 38C 8 000000000000007F
172407.2 38D 8 00000000000000E5
172408.6 39C 8 FF6F000000000000
172410.0 3C3 8 FF00000000000000
172423.2 444 8 0000000000000005
172438.6 31C 8 00000000800084F3
172440.1 31D 8 000000000000001F
172469.9 444 8 0000000000000005
172485.6 6C0 7 04030100000000
172487.0 3F1 8 0002000000000000
172488.4 663 8 7814E00E00AA0000
172489.8 31C 8 00000000800084F3
172501.2 31D 8 000000000000001F
172502.7 38C 8 000000000000007F
172504.1 38D 8 00000000000000E5
172516.6 39C 8 FF6F000000000000
172518.8 3C3 8 FF00000000000000
172520.3 444 8 0000000000000005
172521.9 537 8 8080808080800000
172532.2 538 8 8080008080000080
172533.6 523 8 CD1F7770450E0B02
172534.9 52E 5 603F000000
172536.2 31C 8 00000000800084F3
172548.2 6AB 8 00000000000041A1
172549.6 31D 8 000000000000001F
172563.7 444 8 0000000000000005
172579.4 3F1 8 0002000000000000
172580.8 663 8 7814E00E00AA0000
172595.2 31C 8 00000000800084F3
172597.5 539 8 2802800008030000
172599.2 541 8 0000000000000000
172600.5 31D 8 000000000000001F
172602.0 38C 8 000000000000007F
172610.7 38D 8 00000000000000E5
172612.1 39C 8 FF6F000000000000
172613.3 3C3 8 FF00000000000000
172626.1 444 8 0000000000000005
172641.8 31C 8 00000000800084F3
172643.1 31D 8 000000000000001F
172673.1 444 8 0000000000000005
172688.6 6C0 7 04030100000000
172689.8 3F1 8 0002000000000000
172691.1 663 8 7814E00E00AA0000
172692.6 31C 8 00000000800084F3
172694.1 31D 8 000000000000001F
172704.4 38C 8 000000000000007F
172713.7 38D 8 00000000000000E5
172715.0 39C 8 FF6F000000000000
172719.9 3C3 8 FF00000000000000
172721.2 444 8 0000000000000005
172722.6 537 8 8080808080800000
172735.6 538 8 8080008080000080
172736.8 31C 8 00000000800084F3
172738.3 6AB 8 00000000000041A1
172751.1 31D 8 000000000000001F
172766.7 444 8 0000000000000005
172782.1 3F1 8 0002000000000000
172783.4 484 8 0000000000000000
172784.5 523 8 CD1F7770450E0B02
172785.7 52E 5 603F000000
172786.9 663 8 7814E00E00AA0000
172788.3 31C 8 00000000800084F3
172798.1 31D 8 000000000000001F
172799.5 38C 8 000000000000007F
172800.7 38D 8 00000000000000E5
172813.7 39C 8 FF6F000000000000
172815.0 3C3 8 FF00000000000000
172816.2 444 8 0000000000000005
172844.8 31C 8 00000000800084F3
172846.2 5EA 8 0000000000000016
172847.5 539 8 2802800008030000
172848.7 541 8 0000000000000000
172850.5 31D 8 000000000000001F
172852.1 5EB 8 0000000000000007
172853.4 5EC 8 000000000000000F
172860.6 66B 8 7700000000000000
172861.9 66C 8 DF09000000000000
172876.1 444 8 0000000000000005
172891.7 6C0 7 04030100000000
172893.2 3F1 8 0002000000000000
172894.5 663 8 7814E00E00AA0000
172895.8 31C 8 00000000800084F3
172897.3 31D 8 000000000000001F
172898.7 38C 8 000000000000007F
172907.1 38D 8 00000000000000E5
172908.5 39C 8 FF6F000000000000
172909.7 3C3 8 FF00000000000000
172923.1 444 8 0000000000000005
172924.4 537 8 8080808080800000
172925.6 538 8 8080008080000080
172938.6 31C 8 00000000800084F3
172940.0 6AB 8 00000000000041A1
172941.2 31D 8 000000000000001F
172969.8 444 8 0000000000000005
172985.5 3F1 8 0002000000000000
172986.8 663 8 7814E00E00AA0000
172988.1 31C 8 00000000800084F3
173001.1 31D 8 000000000000001F
173002.7 38C 8 000000000000007F
173004.0 38D 8 00000000000000E5
173016.9 39C 8 FF6F000000000000
173019.3 3C3 8 FF00000000000000
173021.0 444 8 0000000000000005
173032.4 523 8 CD1F7770450E0B02
173033.7 52E 5 603F000000
173034.9 31C 8 00000000800084F3
173048.2 31D 8 000000000000001F
173063.6 444 8 0000000000000005
173079.4 6C0 7 04030100000000
173080.9 3F1 8 0002000000000000
173082.6 663 8 7814E00E00AA0000
173094.8 31C 8 00000000800084F3
173096.2 539 8 2802800008030000
173097.6 541 8 0000000000000000
173098.8 31D 8 000000000000001F
173100.2 38C 8 000000000000007F
173110.6 38D 8 00000000000000E5
173112.0 39C 8 FF6F000000000000
173113.4 3C3 8 FF00000000000000
173126.1 444 8 0000000000000005
173127.5 537 8 8080808080800000
173128.6 538 8 8080008080000080
173141.8 31C 8 00000000800084F3
173143.2 6AB 8 00000000000041A1
173144.4 31D 8 000000000000001F
173173.0 444 8 0000000000000005
173188.6 3F1 8 0002000000000000
173190.0 663 8 7814E00E00AA0000
173191.3 31C 8 00000000800084F3
173192.9 31D 8 000000000000001F
173204.2 38C 8 000000000000007F
173205.6 38D 8 00000000000000E5
173206.9 39C 8 FF6F000000000000
173219.9 3C3 8 FF00000000000000
173222.0 444 8 0000000000000005
173235.6 31C 8 00000000800084F3
173251.2 31D 8 000000000000001F
173266.7 444 8 0000000000000005
173282.1 6C0 7 04030100000000
173283.8 3F1 8 0002000000000000
173285.3 484 8 0000000000000000
173286.5 523 8 CD1F7770450E0B02
173287.6 52E 5 603F000000
173288.8 585 8 902C00000000003F
173289.8 64C 2 0011
173290.9 663 8 7814E00E00AA0000
173292.1 6B2 8 FFFEFF0F880004D6
173293.2 31C 8 00000000800084F3
173298.0 31D 8 000000000000001F
173299.4 38C 8 000000000000007F
173300.7 38D 8 00000000000000E5
173313.6 39C 8 FF6F000000000000
173314.9 3C3 8 FF00000000000000
173316.1 444 8 0000000000000005
173329.4 537 8 8080808080800000
173330.7 538 8 8080008080000080
173344.9 31C 8 00000000800084F3
173346.3 5EA 8 0000000000000016
173347.4 5FB 8 1FFFFFFFFF1FF87E
173348.6 539 8 2802800008030000
173349.7 541 8 0000000000000000
173351.7 5FA 8 5B9DC7CC9C46F1FF
173352.9 6AB 8 00000000000041A1
173354.1 31D 8 000000000000001F
173355.5 5EB 8 0000000000000007
173356.6 5EC 8 000000000000000F
173360.6 66B 8 7700000000000000
173362.0 66C 8 DF09000000000000
173376.1 444 8 0000000000000005
173391.7 3F1 8 0002000000000000
173393.0 663 8 7814E00E00AA0000
173394.2 31C 8 00000000800084F3
173395.5 31D 8 000000000000001F
173397.0 38C 8 000000000000007F
173407.2 38D 8 00000000000000E5
173408.5 39C 8 FF6F000000000000
173409.8 3C3 8 FF00000000000000
173423.6 444 8 0000000000000005
173438.8 31C 8 00000000800084F3
173440.2 31D 8 000000000000001F
173469.9 444 8 0000000000000005
173485.7 6C0 7 04030100000000
173487.0 3F1 8 0002000000000000
173488.3 663 8 7814E00E00AA0000
173489.5 31C 8 00000000800084F3
173501.1 31D 8 000000000000001F
173503.2 38C 8 000000000000007F
173504.5 38D 8 00000000000000E5
173516.7 39C 8 FF6F000000000000
173518.1 3C3 8 FF00000000000000
173519.4 444 8 0000000000000005
173520.7 537 8 8080808080800000
173532.1 538 8 8080008080000080
173533.3 523 8 CD1F7770450E0B02
173534.7 52E 5 603F000000
173535.9 31C 8 00000000800084F3
173548.2 6AB 8 00000000000041A1
173549.5 31D 8 000000000000001F
173563.7 444 8 0000000000000005
173579.3 3F1 8 0002000000000000
173580.5 663 8 7814E00E00AA0000
173594.9 31C 8 00000000800084F3
173596.2 539 8 2802800008030000
173597.6 541 8 0000000000000000
173598.7 31D 8 000000000000001F
173600.1 38C 8 000000000000007F
173610.8 38D 8 00000000000000E5
173612.9 39C 8 FF6F000000000000
173614.9 3C3 8 FF00000000000000
173626.1 444 8 0000000000000005
173641.7 31C 8 00000000800084F3
173643.1 31D 8 000000000000001F
173673.1 444 8 0000000000000005
173688.6 6C0 7 04030100000000
173689.8 3F1 8 0002000000000000
173691.0 663 8 7814E00E00AA0000
173692.5 31C 8 00000000800084F3
173694.5 31D 8 000000000000001F
173704.2 38C 8 000000000000007F
173705.5 38D 8 00000000000000E5
173706.9 39C 8 FF6F000000000000
173719.8 3C3 8 FF00000000000000
173721.1 444 8 0000000000000005
173722.8 537 8 8080808080800000
173735.8 538 8 8080008080000080
173737.4 31C 8 00000000800084F3
173739.0 6AB 8 00000000000041A1
173751.1 31D 8 000000000000001F
173766.7 444 8 0000000000000005
173782.2 3F1 8 0002000000000000
173783.4 484 8 0000000000000000
173784.5 523 8 CD1F7770450E0B02
173785.7 52E 5 603F000000
173787.0 663 8 7814E00E00AA0000
173788.3 31C 8 00000000800084F3
173798.1 31D 8 000000000000001F
173799.5 38C 8 000000000000007F
173800.7 38D 8 00000000000000E5
173813.6 39C 8 FF6F000000000000
173814.8 3C3 8 FF00000000000000
173816.1 444 8 0000000000000005
173844.9 31C 8 00000000800084F3
173847.0 5EA 8 0000000000000016
173848.2 539 8 2802800008030000
173849.3 541 8 0000000000000000
173850.5 31D 8 000000000000001F
173852.0 5EB 8 0000000000000007
173853.2 5EC 8 000000000000000F
173860.7 66B 8 7700000000000000
173862.1 66C 8 DF09000000000000
173876.1 444 8 0000000000000005
173891.8 6C0 7 04030100000000
173893.2 3F1 8 0002000000000000
173894.4 663 8 7814E00E00AA0000
173895.6 31C 8 00000000800084F3
173897.2 31D 8 000000000000001F
173898.5 38C 8 000000000000007F
173907.3 38D 8 00000000000000E5
173908.6 39C 8 FF6F000000000000
173909.9 3C3 8 FF00000000000000
173923.1 444 8 0000000000000005
173924.5 537 8 8080808080800000
173925.7 538 8 8080008080000080
173938.6 31C 8 00000000800084F3
173939.9 6AB 8 00000000000041A1
173941.1 31D 8 000000000000001F
173969.9 444 8 0000000000000005
173985.6 3F1 8 0002000000000000
173987.6 663 8 7814E00E00AA0000
173988.9 31C 8 00000000800084F3
174001.1 31D 8 000000000000001F
174002.6 38C 8 000000000000007F
174003.9 38D 8 00000000000000E5
174016.7 39C 8 FF6F000000000000
174017.9 3C3 8 FF00000000000000
174019.2 444 8 0000000000000005
174032.1 523 8 CD1F7770450E0B02
174033.3 52E 5 603F000000
174034.5 31C 8 00000000800084F3
174048.3 31D 8 000000000000001F
174063.8 444 8 0000000000000005
174079.2 6C0 7 04030100000000
174080.4 3F1 8 0002000000000000
174081.8 663 8 7814E00E00AA0000
174095.0 31C 8 00000000800084F3
174096.3 539 8 2802800008030000
174097.7 541 8 0000000000000000
174098.9 31D 8 000000000000001F
174100.2 38C 8 000000000000007F
174110.8 38D 8 00000000000000E5
174112.2 39C 8 FF6F000000000000
174113.5 3C3 8 FF00000000000000
174126.1 444 8 0000000000000005
174127.5 537 8 8080808080800000
174128.6 538 8 8080008080000080
174141.7 31C 8 00000000800084F3
174143.0 6AB 8 00000000000041A1
174144.2 31D 8 000000000000001F
174173.3 444 8 0000000000000005
174188.6 3F1 8 0002000000000000
174189.8 663 8 7814E00E00AA0000
174191.1 31C 8 00000000800084F3
174193.2 31D 8 000000000000001F
174204.2 38C 8 000000000000007F
174205.4 38D 8 00000000000000E5
174206.8 39C 8 FF6F000000000000
174219.8 3C3 8 FF00000000000000
174221.1 444 8 0000000000000005
174235.7 31C 8 00000000800084F3
174251.2 31D 8 000000000000001F
174266.7 444 8 0000000000000005
174282.4 6C0 7 04030100000000
174284.0 3F1 8 0002000000000000
174285.9 484 8 0000000000000000
174287.5 523 8 CD1F7770450E0B02
174288.7 52E 5 603F000000
174289.9 585 8 902C00000000003F
174291.0 64C 2 0011
174292.3 663 8 7814E00E00AA0000
174293.5 6B2 8 FFFEFF0F880084D6
174294.7 31C 8 00000000800084F3
174298.1 31D 8 000000000000001F
174299.5 38C 8 000000000000007F
174300.7 38D 8 00000000000000E5
174313.7 39C 8 FF6F000000000000
174315.0 3C3 8 FF00000000000000
174316.3 444 8 0000000000000005
174329.2 537 8 8080808080800000
174330.5 538 8 8080008080000080
174344.9 31C 8 00000000800084F3
174346.6 5EA 8 0000000000000016
174347.9 5FB 8 1FFFFFFFFF1FF87E
174349.0 539 8 2802800008030000
174350.2 541 8 0000000000000000
174351.4 5FA 8 5B9DC7CC9C46F1FF
174352.8 6AB 8 00000000000041A1
174353.9 31D 8 000000000000001F
174355.3 5EB 8 0000000000000007
174356.5 5EC 8 000000000000000F
174360.6 66B 8 7700000000000000
174362.6 66C 8 DF09000000000000
174376.1 444 8 0000000000000005
174392.0 3F1 8 0002000000000000
174394.2 663 8 7814E00E00AA0000
174395.6 31C 8 00000000800084F3
174396.9 31D 8 000000000000001F
174398.3 38C 8 000000000000007F
174407.1 38D 8 00000000000000E5
174408.5 39C 8 FF6F000000000000
174409.8 3C3 8 FF00000000000000
174423.0 444 8 0000000000000005
174438.6 31C 8 00000000800084F3
174440.0 31D 8 000000000000001F
174469.8 444 8 0000000000000005
174485.5 6C0 7 04030100000000
174486.9 3F1 8 0002000000000000
174488.3 663 8 7814E00E00AA0000
174489.6 31C 8 00000000800084F3
174501.1 31D 8 000000000000001F
174502.5 38C 8 000000000000007F
174504.9 38D 8 00000000000000E5
174516.6 39C 8 FF6F000000000000
174518.0 3C3 8 FF00000000000000
174519.3 444 8 0000000000000005
174520.6 537 8 8080808080800000
174532.1 538 8 8080008080000080
174533.4 523 8 CD1F7770450E0B02
174534.8 52E 5 603F000000
174536.0 31C 8 00000000800084F3
174548.0 6AB 8 00000000000041A1
174549.2 31D 8 000000000000001F
174563.6 444 8 0000000000000005
174579.2 3F1 8 0002000000000000
174580.5 663 8 7814E00E00AA0000
174594.8 31C 8 00000000800084F3
174596.2 539 8 2802800008030000
174597.6 541 8 0000000000000000
174598.8 31D 8 000000000000001F
174600.1 38C 8 000000000000007F
174610.7 38D 8 00000000000000E5
174613.0 39C 8 FF6F000000000000
174614.9 3C3 8 FF00000000000000
174626.2 444 8 0000000000000005
174641.9 31C 8 00000000800084F3
174643.2 31D 8 000000000000001F
174673.1 444 8 0000000000000005
174688.6 6C0 7 04030100000000
174689.8 3F1 8 0002000000000000
174691.0 663 8 7814E00E00AA0000
174692.5 31C 8 00000000800084F3
174693.8 31D 8 000000000000001F
174704.3 38C 8 000000000000007F
174705.6 38D 8 00000000000000E5
174707.0 39C 8 FF6F000000000000
174719.8 3C3 8 FF00000000000000
174721.1 444 8 0000000000000005
174722.6 537 8 8080808080800000
174735.7 538 8 8080008080000080
174737.0 31C 8 00000000800084F3
174738.4 6AB 8 00000000000041A1
174751.2 31D 8 000000000000001F
174766.7 444 8 0000000000000005
174782.1 3F1 8 0002000000000000
174783.5 484 8 0000000000000000
174784.6 523 8 CD1F7770450E0B02
174785.8 52E 5 603F000000
174787.2 663 8 7814E00E00AA0000
174788.4 31C 8 00000000800084F3
174798.1 31D 8 000000000000001F
174799.5 38C 8 000000000000007F
174800.8 38D 8 00000000000000E5
174813.7 39C 8 FF6F000000000000
174815.0 3C3 8 FF00000000000000
174816.3 444 8 0000000000000005
174844.8 31C 8 00000000800084F3
174847.2 5EA 8 0000000000000016
174848.5 539 8 2802800008030000
174849.7 541 8 0000000000000000
174850.8 31D 8 000000000000001F
174852.4 5EB 8 0000000000000007
174853.6 5EC 8 000000000000000F
174860.6 66B 8 7700000000000000
174861.9 66C 8 DF09000000000000
174876.2 444 8 0000000000000005
174891.8 6C0 7 04030100000000
174893.1 3F1 8 0002000000000000
174894.4 663 8 7814E00E00AA0000
174895.6 31C 8 00000000800084F3
174897.1 31D 8 000000000000001F
174898.5 38C 8 000000000000007F
174907.1 38D 8 00000000000000E5
174908.3 39C 8 FF6F000000000000
174909.6 3C3 8 FF00000000000000
174923.1 444 8 0000000000000005
174924.5 537 8 8080808080800000
174925.6 538 8 8080008080000080
174938.8 31C 8 00000000800084F3
174940.1 6AB 8 00000000000041A1
174941.2 31D 8 000000000000001F
174969.9 444 8 0000000000000005
174985.6 3F1 8 0002000000000000
174987.0 663 8 7814E00E00AA0000
174988.9 31C 8 00000000800084F3
175001.1 31D 8 000000000000001F
175002.7 38C 8 000000000000007F
175003.9 38D 8 00000000000000E5
175016.7 39C 8 FF6F000000000000
175018.0 3C3 8 FF00000000000000
175019.2 444 8 0000000000000005
175032.2 523 8 CD1F7770450E0B02
175033.5 52E 5 603F000000
175034.7 31C 8 00000000800084F3
175048.1 31D 8 000000000000001F
175063.6 444 8 0000000000000005
175079.2 6C0 7 04030100000000
175080.5 3F1 8 0002000000000000
175081.9 663 8 7814E00E00AA0000
175094.8 31C 8 00000000800084F3
175096.1 539 8 2802800008030000
175097.6 541 8 0000000000000000
175098.7 31D 8 000000000000001F
175100.1 38C 8 000000000000007F
175110.6 38D 8 00000000000000E5
175112.1 39C 8 FF6F000000000000
175113.4 3C3 8 FF00000000000000
175126.1 444 8 0000000000000005
175127.5 537 8 8080808080800000
175129.3 538 8 8080008080000080
175141.9 31C 8 00000000800084F3
175143.2 6AB 8 00000000000041A1
175144.4 31D 8 000000000000001F
175173.1 444 8 0000000000000005
175188.6 3F1 8 0002000000000000
175189.8 663 8 7814E00E00AA0000
175191.1 31C 8 00000000800084F3
175192.6 31D 8 000000000000001F
175204.3 38C 8 000000000000007F
175206.1 38D 8 00000000000000E5
175208.0 39C 8 FF6F000000000000
175219.9 3C3 8 FF00000000000000
175221.2 444 8 0000000000000005
175235.7 31C 8 00000000800084F3
175251.1 31D 8 000000000000001F
175266.7 444 8 0000000000000005
175282.3 6C0 7 04030100000000
175284.0 3F1 8 0002000000000000
175285.6 484 8 0000000000000000
175287.2 523 8 CD1F7770450E0B02
175288.4 52E 5 603F000000
175289.5 585 8 902C00000000003F
175290.7 64C 2 0011
175291.9 663 8 7814E00E00AA0000
175293.9 6B2 8 FFFEFF0F880004D7
175295.1 31C 8 00000000800084F3
175298.2 31D 8 000000000000001F
175299.7 38C 8 000000000000007F
175300.9 38D 8 00000000000000E5
175313.6 39C 8 FF6F000000000000
175314.9 3C3 8 FF00000000000000
175316.1 444 8 0000000000000005
175329.3 537 8 8080808080800000
175330.5 538 8 8080008080000080
175345.0 31C 8 00000000800084F3
175346.4 5EA 8 0000000000000016
175347.5 5FB 8 1FFFFFFFFF1FF87E
175348.7 539 8 2802800008030000
175349.9 541 8 0000000000000000
175351.1 5FA 8 5B9DC7CC9C46F1FF
175352.3 6AB 8 00000000000041A1
175353.5 31D 8 000000000000001F
175354.8 5EB 8 0000000000000007
175356.0 5EC 8 000000000000000F
175360.7 66B 8 7700000000000000
175362.0 66C 8 DF09000000000000
175376.3 444 8 0000000000000005
175392.0 3F1 8 0002000000000000
175393.7 663 8 7814E00E00AA0000
175395.1 31C 8 00000000800084F3
175396.8 31D 8 000000000000001F
175398.3 38C 8 000000000000007F
175407.2 38D 8 00000000000000E5
175408.6 39C 8 FF6F000000000000
175409.9 3C3 8 FF00000000000000
175423.3 444 8 0000000000000005
175438.6 31C 8 00000000800084F3
175439.9 31D 8 000000000000001F
175469.9 444 8 0000000000000005
175485.7 6C0 7 04030100000000
175487.2 3F1 8 0002000000000000
175488.6 663 8 7814E00E00AA0000
175490.0 31C 8 00000000800084F3
175501.1 31D 8 000000000000001F
175502.7 38C 8 000000000000007F
175503.9 38D 8 00000000000000E5
175516.7 39C 8 FF6F000000000000
175518.1 3C3 8 FF00000000000000
175519.3 444 8 0000000000000005
175520.7 537 8 8080808080800000
175532.3 538 8 8080008080000080
175533.5 523 8 CD1F7770450E0B02
175534.7 52E 5 603F000000
175535.9 31C 8 00000000800084F3
175548.1 6AB 8 00000000000041A1
175549.3 31D 8 000000000000001F
175563.6 444 8 0000000000000005
175579.2 3F1 8 0002000000000000
175580.5 663 8 7814E00E00AA0000
175594.8 31C 8 00000000800084F3
175596.2 539 8 2802800008030000
175597.6 541 8 0000000000000000
175598.8 31D 8 000000000000001F
175600.1 38C 8 000000000000007F
175610.6 38D 8 00000000000000E5
175612.0 39C 8 FF6F000000000000
175613.3 3C3 8 FF00000000000000
175626.2 444 8 0000000000000005
175641.8 31C 8 00000000800084F3
175643.2 31D 8 000000000000001F
175673.1 444 8 0000000000000005
175688.6 6C0 7 04030100000000
175689.8 3F1 8 0002000000000000
175691.0 663 8 7814E00E00AA0000
175692.5 31C 8 00000000800084F3
175693.8 31D 8 000000000000001F
175704.3 38C 8 000000000000007F
175705.6 38D 8 00000000000000E5
175706.9 39C 8 FF6F000000000000
175719.8 3C3 8 FF00000000000000
175721.1 444 8 0000000000000005
175722.6 537 8 8080808080800000
175735.6 538 8 8080008080000080
175736.9 31C 8 00000000800084F3
175738.3 6AB 8 00000000000041A1
175751.1 31D 8 000000000000001F
175766.8 444 8 0000000000000005
175782.1 3F1 8 0002000000000000
175783.7 484 8 0000000000000000
175784.9 523 8 CD1F7770450E0B02
175786.1 52E 5 603F000000
175787.5 663 8 7814E00E00AA0000
175788.7 31C 8 00000000800084F3
175798.1 31D 8 000000000000001F
175799.4 38C 8 000000000000007F
175800.7 38D 8 00000000000000E5
175813.7 39C 8 FF6F000000000000
175814.9 3C3 8 FF00000000000000
175816.2 444 8 0000000000000005
175844.8 31C 8 00000000800084F3
175846.2 5EA 8 0000000000000016
175847.5 539 8 2802800008030000
175848.7 541 8 0000000000000000
175849.8 31D 8 000000000000001F
175851.2 5EB 8 0000000000000007
175852.6 5EC 8 000000000000000F
175860.7 66B 8 7700000000000000
175862.0 66C 8 DF09000000000000
175876.1 444 8 0000000000000005
175891.8 6C0 7 04030100000000
175893.1 3F1 8 0002000000000000
175895.1 663 8 7814E00E00AA0000
175896.4 31C 8 00000000800084F3
175898.0 31D 8 000000000000001F
175899.3 38C 8 000000000000007F
175907.2 38D 8 00000000000000E5
175908.5 39C 8 FF6F000000000000
175909.7 3C3 8 FF00000000000000
175923.2 444 8 0000000000000005
175924.6 537 8 8080808080800000
175925.7 538 8 8080008080000080
175938.6 31C 8 00000000800084F3
175940.0 6AB 8 00000000000041A1
175941.1 31D 8 000000000000001F
175969.8 444 8 0000000000000005
175985.7 3F1 8 0002000000000000
175987.2 663 8 7814E00E00AA0000
175988.5 31C 8 00000000800084F3
176001.1 31D 8 000000000000001F
176002.6 38C 8 000000000000007F
176003.8 38D 8 00000000000000E5
176016.7 39C 8 FF6F000000000000
176018.0 3C3 8 FF00000000000000
176019.2 444 8 0000000000000005
176032.2 523 8 CD1F7770450E0B02
176033.3 52E 5 603F000000
176034.5 31C 8 00000000800084F3
176048.1 31D 8 000000000000001F
176063.6 444 8 0000000000000005
176079.4 6C0 7 04030100000000
176080.6 3F1 8 0002000000000000
176082.0 663 8 7814E00E00AA0000
176094.8 31C 8 00000000800084F3
176096.2 539 8 2802800008030000
176097.5 541 8 0000000000000000
176098.7 31D 8 000000000000001F
176100.0 38C 8 000000000000007F
176110.6 38D 8 00000000000000E5
176112.0 39C 8 FF6F000000000000
176113.3 3C3 8 FF00000000000000
176126.2 444 8 0000000000000005
176127.5 537 8 8080808080800000
176128.7 538 8 8080008080000080
176141.9 31C 8 00000000800084F3
176143.2 6AB 8 00000000000041A1
176144.4 31D 8 000000000000001F
176173.1 444 8 0000000000000005
176188.7 3F1 8 0002000000000000
176189.9 663 8 7814E00E00AA0000
176191.1 31C 8 00000000800084F3
176192.7 31D 8 000000000000001F
176204.2 38C 8 000000000000007F
176205.5 38D 8 00000000000000E5
176206.8 39C 8 FF6F000000000000
176219.9 3C3 8 FF00000000000000
176221.1 444 8 0000000000000005
176235.7 31C 8 00000000800084F3
176251.2 31D 8 000000000000001F
176266.7 444 8 0000000000000005
176284.0 6C0 7 04030100000000
176285.7 3F1 8 0002000000000000
176287.5 484 8 0000000000000000
176288.6 523 8 CD1F7770450E0B02
176289.8 52E 5 603F000000
176291.0 585 8 902C00000000003F
176292.2 64C 2 0011
176293.4 663 8 7814E00E00AA0000
176294.6 6B2 8 FFFEFF0F880084D7
176295.7 31C 8 00000000800084F3
176297.9 31D 8 000000000000001F
176299.2 38C 8 000000000000007F
176300.4 38D 8 00000000000000E5
176313.6 39C 8 FF6F000000000000
176314.9 3C3 8 FF00000000000000
176316.2 444 8 0000000000000005
176329.2 537 8 8080808080800000
176330.4 538 8 8080008080000080
176344.9 31C 8 00000000800084F3
176346.2 5EA 8 0000000000000016
176347.6 5FB 8 1FFFFFFFFF1FF87E
176348.7 539 8 2802800008030000
176349.9 541 8 0000000000000000
176351.2 5FA 8 5B9DC7CC9C46F1FF
176352.3 6AB 8 00000000000041A1
176353.6 31D 8 000000000000001F
176355.6 5EB 8 0000000000000007
176356.7 5EC 8 000000000000000F
176360.7 66B 8 7700000000000000
176361.9 66C 8 DF09000000000000
176376.2 444 8 0000000000000005
176392.2 3F1 8 0002000000000000
176394.3 663 8 7814E00E00AA0000
176395.7 31C 8 00000000800084F3
176397.3 31D 8 000000000000001F
176398.8 38C 8 000000000000007F
176407.2 38D 8 00000000000000E5
176408.5 39C 8 FF6F000000000000
176409.7 3C3 8 FF00000000000000
176423.2 444 8 0000000000000005
176438.6 31C 8 00000000800084F3
176440.0 31D 8 000000000000001F
176469.9 444 8 0000000000000005
176485.5 6C0 7 04030100000000
176486.8 3F1 8 0002000000000000
176488.0 663 8 7814E00E00AA0000
176489.3 31C 8 00000000800084F3
176501.1 31D 8 000000000000001F
176502.7 38C 8 000000000000007F
176504.0 38D 8 00000000000000E5
176516.6 39C 8 FF6F000000000000
176517.9 3C3 8 FF00000000000000
176519.2 444 8 0000000000000005
176520.5 537 8 8080808080800000
176532.1 538 8 8080008080000080
176533.4 523 8 CD1F7770450E0B02
176534.6 52E 5 603F000000
176536.0 31C 8 00000000800084F3
176548.1 6AB 8 00000000000041A1
176549.2 31D 8 000000000000001F
176563.6 444 8 0000000000000005
176579.2 3F1 8 0002000000000000
176580.5 663 8 7814E00E00AA0000
176594.8 31C 8 00000000800084F3
176596.2 539 8 2802800008030000
176597.4 541 8 0000000000000000
176598.6 31D 8 000000000000001F
176599.9 38C 8 000000000000007F
176610.7 38D 8 00000000000000E5
176612.8 39C 8 FF6F000000000000
176615.0 3C3 8 FF00000000000000
176626.1 444 8 0000000000000005
176641.9 31C 8 00000000800084F3
176644.4 31D 8 000000000000001F
176673.1 444 8 0000000000000005
176688.6 6C0 7 04030100000000
176689.8 3F1 8 0002000000000000
176691.2 663 8 7814E00E00AA0000
176692.7 31C 8 00000000800084F3
176694.1 31D 8 000000000000001F
176704.3 38C 8 000000000000007F
176705.6 38D 8 00000000000000E5
176707.0 39C 8 FF6F000000000000
176719.8 3C3 8 FF00000000000000
176721.1 444 8 0000000000000005
176722.6 537 8 8080808080800000
176735.3 538 8 8080008080000080
176736.6 31C 8 00000000800084F3
176738.2 6AB 8 00000000000041A1
176751.1 31D 8 000000000000001F
176766.7 444 8 0000000000000005
176782.1 3F1 8 0002000000000000
176783.4 484 8 0000000000000000
176784.5 523 8 CD1F7770450E0B02
176785.7 52E 5 603F000000
176787.0 663 8 7814E00E00AA0000
176788.2 31C 8 00000000800084F3
176798.2 31D 8 000000000000001F
176801.2 38C 8 000000000000007F
176802.8 38D 8 00000000000000E5
176813.5 39C 8 FF6F000000000000
176815.3 3C3 8 FF00000000000000
176817.1 444 8 0000000000000005
176844.8 31C 8 00000000800084F3
176846.3 5EA 8 0000000000000016
176848.1 539 8 2802800008030000
176849.4 541 8 0000000000000000
176850.6 31D 8 000000000000001F
176852.0 5EB 8 0000000000000007
176853.3 5EC 8 000000000000000F
176860.6 66B 8 7700000000000000
176861.9 66C 8 DF09000000000000
176876.1 444 8 0000000000000005
176891.8 6C0 7 04030100000000
176893.2 3F1 8 0002000000000000
176894.4 663 8 7814E00E00AA0000
176895.6 31C 8 00000000800084F3
176897.0 31D 8 000000000000001F
176898.4 38C 8 000000000000007F
176907.1 38D 8 00000000000000E5
176908.5 39C 8 FF6F000000000000
176909.7 3C3 8 FF00000000000000
176923.1 444 8 0000000000000005
176924.4 537 8 8080808080800000
176925.6 538 8 8080008080000080
176938.6 31C 8 00000000800084F3
176939.9 6AB 8 00000000000041A1
176941.1 31D 8 000000000000001F
176969.9 444 8 0000000000000005
176985.5 3F1 8 0002000000000000
176987.0 663 8 7814E00E00AA0000
176989.0 31C 8 00000000800084F3
177001.1 31D 8 000000000000001F
177002.7 38C 8 000000000000007F
177003.9 38D 8 00000000000000E5
177016.7 39C 8 FF6F000000000000
177017.9 3C3 8 FF00000000000000
177019.2 444 8 0000000000000005
177032.1 523 8 CD1F7770450E0B02
177033.4 52E 5 603F000000
177034.8 31C 8 00000000800084F3
177048.0 31D 8 000000000000001F
177063.6 444 8 0000000000000005
177079.2 6C0 7 04030100000000
177080.4 3F1 8 0002000000000000
177081.8 663 8 7814E00E00AA0000
177094.8 31C 8 00000000800084F3
177096.5 539 8 2802800008030000
177097.7 541 8 0000000000000000
177098.9 31D 8 000000000000001F
177100.2 38C 8 000000000000007F
177110.5 38D 8 00000000000000E5
177112.1 39C 8 FF6F000000000000
177113.4 3C3 8 FF00000000000000
177126.1 444 8 0000000000000005
177127.5 537 8 8080808080800000
177128.7 538 8 8080008080000080
177141.8 31C 8 00000000800084F3
177143.3 6AB 8 00000000000041A1
177144.6 31D 8 000000000000001F
177173.0 444 8 0000000000000005
177188.6 3F1 8 0002000000000000
177189.9 663 8 7814E00E00AA0000
177191.3 31C 8 00000000800084F3
177193.6 31D 8 000000000000001F
177204.2 38C 8 000000000000007F
177205.5 38D 8 00000000000000E5
177206.9 39C 8 FF6F000000000000
177219.9 3C3 8 FF00000000000000
177221.1 444 8 0000000000000005
177235.6 31C 8 00000000800084F3
177251.3 31D 8 000000000000001F
177266.7 444 8 0000000000000005
177282.1 6C0 7 04030100000000
177284.0 3F1 8 0002000000000000
177285.4 484 8 0000000000000000
177286.7 523 8 CD1F7770450E0B02
177288.0 52E 5 603F000000
177289.2 585 8 902C00000000003F
177290.3 64C 2 0011
177291.5 663 8 7814E00E00AA0000
177293.0 6B2 8 FFFEFF0F880004D8
177294.1 31C 8 00000000800084F3
177298.1 31D 8 000000000000001F
177299.4 38C 8 000000000000007F
177300.7 38D 8 00000000000000E5
177313.6 39C 8 FF6F000000000000
177315.1 3C3 8 FF00000000000000
177316.6 444 8 0000000000000005
177329.3 537 8 8080808080800000
177330.7 538 8 8080008080000080
177344.9 31C 8 00000000800084F3
177346.5 5EA 8 0000000000000016
177347.9 5FB 8 1FFFFFFFFF1FF87E
177349.2 539 8 2802800008030000
177350.5 541 8 0000000000000000
177351.9 5FA 8 5B9DC7CC9C46F1FF
177353.2 6AB 8 00000000000041A1
177354.6 31D 8 000000000000001F
177356.1 5EB 8 0000000000000007
177357.4 5EC 8 000000000000000F
177360.6 66B 8 7700000000000000
177362.1 66C 8 DF09000000000000
177376.2 444 8 0000000000000005
177392.0 3F1 8 0002000000000000
177393.7 663 8 7814E00E00AA0000
177395.1 31C 8 00000000800084F3
177396.7 31D 8 000000000000001F
177398.3 38C 8 000000000000007F
177407.1 38D 8 00000000000000E5
177408.5 39C 8 FF6F000000000000
177409.9 3C3 8 FF00000000000000
177423.2 444 8 0000000000000005
177438.8 31C 8 00000000800084F3
177440.3 31D 8 000000000000001F
177469.9 444 8 0000000000000005
177485.6 6C0 7 04030100000000
177487.2 3F1 8 0002000000000000
177488.7 663 8 7814E00E00AA0000
177490.4 31C 8 00000000800084F3
177501.2 31D 8 000000000000001F
177503.6 38C 8 000000000000007F
177505.0 38D 8 00000000000000E5
177516.7 39C 8 FF6F000000000000
177518.1 3C3 8 FF00000000000000
177519.6 444 8 0000000000000005
177521.1 537 8 8080808080800000
177532.3 538 8 8080008080000080
177533.7 523 8 CD1F7770450E0B02
177535.1 52E 5 603F000000
177536.5 31C 8 00000000800084F3
177548.3 6AB 8 00000000000041A1
177549.8 31D 8 000000000000001F
177563.8 444 8 0000000000000005
177579.5 3F1 8 0002000000000000
177581.0 663 8 7814E00E00AA0000
177595.1 31C 8 00000000800084F3
177596.7 539 8 2802800008030000
177598.1 541 8 0000000000000000
177599.5 31D 8 000000000000001F
177601.1 38C 8 000000000000007F
177610.9 38D 8 00000000000000E5
177612.6 39C 8 FF6F000000000000
177613.8 3C3 8 FF00000000000000
177626.3 444 8 0000000000000005
177642.2 31C 8 00000000800084F3
177645.3 31D 8 000000000000001F
177673.3 444 8 0000000000000005
177688.9 6C0 7 04030100000000
177690.1 3F1 8 0002000000000000
177691.4 663 8 7814E00E00AA0000
177692.8 31C 8 00000000800084F3
177694.2 31D 8 000000000000001F
177704.5 38C 8 000000000000007F
177705.7 38D 8 00000000000000E5
177707.1 39C 8 FF6F000000000000
177720.2 3C3 8 FF00000000000000
177722.5 444 8 0000000000000005
177724.9 537 8 8080808080800000
177735.5 538 8 8080008080000080
177736.8 31C 8 00000000800084F3
177738.3 6AB 8 00000000000041A1
177751.4 31D 8 000000000000001F
177766.9 444 8 0000000000000005
177782.3 3F1 8 0002000000000000
177783.6 484 8 0000000000000000
177784.7 523 8 CD1F7770450E0B02
177785.9 52E 5 603F000000
177787.2 663 8 7814E00E00AA0000
177788.4 31C 8 00000000800084F3
177798.3 31D 8 000000000000001F
177800.2 38C 8 000000000000007F
177801.7 38D 8 00000000000000E5
177813.8 39C 8 FF6F000000000000
177815.2 3C3 8 FF00000000000000
177816.5 444 8 0000000000000005
177845.0 31C 8 00000000800084F3
177847.3 5EA 8 0000000000000016
177848.5 539 8 2802800008030000
177849.7 541 8 0000000000000000
177850.9 31D 8 000000000000001F
177852.2 5EB 8 0000000000000007
177853.3 5EC 8 000000000000000F
177860.8 66B 8 7700000000000000
177862.1 66C 8 DF09000000000000
177876.3 444 8 0000000000000005
177891.9 6C0 7 04030100000000
177893.1 3F1 8 0002000000000000
177894.3 663 8 7814E00E00AA0000
177895.6 31C 8 00000000800084F3
177896.8 31D 8 000000000000001F
177898.2 38C 8 000000000000007F
177907.7 38D 8 00000000000000E5
177908.9 39C 8 FF6F000000000000
177910.2 3C3 8 FF00000000000000
177923.2 444 8 0000000000000005
177924.5 537 8 8080808080800000
177925.7 538 8 8080008080000080
177938.8 31C 8 00000000800084F3
177940.1 6AB 8 00000000000041A1
177941.3 31D 8 000000000000001F
177970.0 444 8 0000000000000005
177985.7 3F1 8 0002000000000000
177986.9 663 8 7814E00E00AA0000
177988.8 31C 8 00000000800084F3
178001.3 31D 8 000000000000001F
178002.9 38C 8 000000000000007F
178004.1 38D 8 00000000000000E5
178016.9 39C 8 FF6F000000000000
178018.2 3C3 8 FF00000000000000
178019.4 444 8 0000000000000005
178032.3 523 8 CD1F7770450E0B02
178033.6 52E 5 603F000000
178034.7 31C 8 00000000800084F3
178048.2 31D 8 000000000000001F
178063.8 444 8 0000000000000005
178079.4 6C0 7 04030100000000
178080.6 3F1 8 0002000000000000
178081.9 663 8 7814E00E00AA0000
178095.0 31C 8 00000000800084F3
178096.4 539 8 2802800008030000
178097.8 541 8 0000000000000000
178099.2 31D 8 000000000000001F
178100.5 38C 8 000000000000007F
178110.8 38D 8 00000000000000E5
178112.1 39C 8 FF6F000000000000
178113.4 3C3 8 FF00000000000000
178126.4 444 8 0000000000000005
178127.8 537 8 8080808080800000
178129.1 538 8 8080008080000080
178142.0 31C 8 00000000800084F3
178144.1 6AB 8 00000000000041A1
178145.3 31D 8 000000000000001F
178173.3 444 8 0000000000000005
178189.0 3F1 8 0002000000000000
178190.5 663 8 7814E00E00AA0000
178192.1 31C 8 00000000800084F3
178193.6 31D 8 000000000000001F
178204.5 38C 8 000000000000007F
178205.8 38D 8 00000000000000E5
178207.3 39C 8 FF6F000000000000
178220.1 3C3 8 FF00000000000000
178221.3 444 8 0000000000000005
178236.0 31C 8 00000000800084F3
178251.5 31D 8 000000000000001F
178266.9 444 8 0000000000000005
178282.7 6C0 7 04030100000000
178284.4 3F1 8 0002000000000000
178286.2 484 8 0000000000000000
178287.9 523 8 CD1F7770450E0B02
178289.1 52E 5 603F000000
178290.3 585 8 902C00000000003F
178291.4 64C 2 0011
178292.8 663 8 7814E00E00AA0000
178294.0 6B2 8 FFFEFF0F880084D8
178295.1 31C 8 00000000800084F3
178298.5 31D 8 000000000000001F
178300.2 38C 8 000000000000007F
178301.7 38D 8 00000000000000E5
178313.8 39C 8 FF6F000000000000
178315.1 3C3 8 FF00000000000000
178316.5 444 8 0000000000000005
178329.4 537 8 8080808080800000
178330.6 538 8 8080008080000080
178345.1 31C 8 00000000800084F3
178346.5 5EA 8 0000000000000016
178347.8 5FB 8 1FFFFFFFFF1FF87E
178349.0 539 8 2802800008030000
178350.1 541 8 0000000000000000
178351.3 5FA 8 5B9DC7CC9C46F1FF
178352.6 6AB 8 00000000000041A1
178353.8 31D 8 000000000000001F
178355.2 5EB 8 0000000000000007
178356.4 5EC 8 000000000000000F
178360.9 66B 8 7700000000000000
178362.2 66C 8 DF09000000000000
178376.3 444 8 0000000000000005
178391.9 3F1 8 0002000000000000
178393.9 663 8 7814E00E00AA0000
178395.5 31C 8 00000000800084F3
178396.9 31D 8 000000000000001F
178398.3 38C 8 000000000000007F
178407.4 38D 8 00000000000000E5
178408.7 39C 8 FF6F000000000000
178410.0 3C3 8 FF00000000000000
178423.2 444 8 0000000000000005
178438.8 31C 8 00000000800084F3
178440.1 31D 8 000000000000001F
178470.1 444 8 0000000000000005
178485.8 6C0 7 04030100000000
178487.1 3F1 8 0002000000000000
178488.3 663 8 7814E00E00AA0000
178489.5 31C 8 00000000800084F3
178501.3 31D 8 000000000000001F
178503.0 38C 8 000000000000007F
178504.3 38D 8 00000000000000E5
178516.6 39C 8 FF6F000000000000
178517.9 3C3 8 FF00000000000000
178519.2 444 8 0000000000000005
178520.5 537 8 8080808080800000
178532.4 538 8 8080008080000080
178533.8 523 8 CD1F7770450E0B02
178535.0 52E 5 603F000000
178536.4 31C 8 00000000800084F3
178548.2 6AB 8 00000000000041A1
178549.4 31D 8 000000000000001F
178563.8 444 8 0000000000000005
178579.4 3F1 8 0002000000000000
178580.6 663 8 7814E00E00AA0000
178595.1 31C 8 00000000800084F3
178596.4 539 8 2802800008030000
178597.8 541 8 0000000000000000
178599.0 31D 8 000000000000001F
178600.4 38C 8 000000000000007F
178611.0 38D 8 00000000000000E5
178612.5 39C 8 FF6F000000000000
178613.8 3C3 8 FF00000000000000
178626.3 444 8 0000000000000005
178642.0 31C 8 00000000800084F3
178643.4 31D 8 000000000000001F
178673.3 444 8 0000000000000005
178688.8 6C0 7 04030100000000
178690.0 3F1 8 0002000000000000
178691.2 663 8 7814E00E00AA0000
178692.7 31C 8 00000000800084F3
178694.0 31D 8 000000000000001F
178704.5 38C 8 000000000000007F
178705.8 38D 8 00000000000000E5
178707.3 39C 8 FF6F000000000000
178720.0 3C3 8 FF00000000000000
178721.3 444 8 0000000000000005
178722.9 537 8 8080808080800000
178735.8 538 8 8080008080000080
178738.0 31C 8 00000000800084F3
178739.3 6AB 8 00000000000041A1
178751.5 31D 8 000000000000001F
178766.9 444 8 0000000000000005
178782.6 3F1 8 0002000000000000
178783.9 484 8 0000000000000000
178785.1 523 8 CD1F7770450E0B02
178786.2 52E 5 603F000000
178787.7 663 8 7814E00E00AA0000
178788.9 31C 8 00000000800084F3
178798.3 31D 8 000000000000001F
178799.6 38C 8 000000000000007F
178800.9 38D 8 00000000000000E5
178814.0 39C 8 FF6F000000000000
178815.7 3C3 8 FF00000000000000
178817.0 444 8 0000000000000005
178845.2 31C 8 00000000800084F3
178847.6 5EA 8 0000000000000016
178849.8 539 8 2802800008030000
178853.5 541 8 0000000000000000
178854.8 31D 8 000000000000001F
178856.2 5EB 8 0000000000000007
178857.4 5EC 8 000000000000000F
178860.7 66B 8 7700000000000000
178862.1 66C 8 DF09000000000000
178876.3 444 8 0000000000000005
178891.9 6C0 7 04030100000000
178893.2 3F1 8 0002000000000000
178894.5 663 8 7814E00E00AA0000
178895.7 31C 8 00000000800084F3
178897.2 31D 8 000000000000001F
178898.5 38C 8 000000000000007F
178907.6 38D 8 00000000000000E5
178908.9 39C 8 FF6F000000000000
178910.2 3C3 8 FF00000000000000
178923.2 444 8 0000000000000005
178924.6 537 8 8080808080800000
178925.8 538 8 8080008080000080
178938.8 31C 8 00000000800084F3
178940.1 6AB 8 00000000000041A1
178941.9 31D 8 000000000000001F
178970.1 444 8 0000000000000005
178985.7 3F1 8 0002000000000000
178986.9 663 8 7814E00E00AA0000
178988.2 31C 8 00000000800084F3
179001.3 31D 8 000000000000001F
179002.9 38C 8 000000000000007F
179004.1 38D 8 00000000000000E5
179016.9 39C 8 FF6F000000000000
179018.2 3C3 8 FF00000000000000
179019.4 444 8 0000000000000005
179032.3 523 8 CD1F7770450E0B02
179033.5 52E 5 603F000000
179034.7 31C 8 00000000800084F3
179048.2 31D 8 000000000000001F
179063.8 444 8 0000000000000005
179079.5 6C0 7 04030100000000
179080.8 3F1 8 0002000000000000
179082.0 663 8 7814E00E00AA0000
179095.1 31C 8 00000000800084F3
179096.7 539 8 2902800008030000
179098.1 541 8 0000000000000000
179099.3 31D 8 000000000000001F
179100.7 38C 8 000000000000007F
179110.7 38D 8 00000000000000E5
179112.7 39C 8 FF6F000000000000
179114.0 3C3 8 FF00000000000000
179126.3 444 8 0000000000000005
179127.6 537 8 8080808080800000
179128.9 538 8 8080008080000080
179142.0 31C 8 00000000800084F3
179143.3 6AB 8 00000000000041A1
179144.5 31D 8 000000000000001F
179179.5 444 8 0000000000000005
179181.0 3F1 8 0002000000000000
179182.3 663 8 7814E00E00AA0000
179195.1 31C 8 00000000800084F3
179196.4 31D 8 000000000000001F
179197.8 38C 8 000000000000007F
179210.7 38D 8 00000000000000E5
179212.1 39C 8 FF6F000000000000
179213.5 3C3 8 FF00000000000000
179226.4 444 8 0000000000000005
179242.0 31C 8 00000000800084F3
179243.4 31D 8 000000000000001F
179273.3 444 8 0000000000000005
179288.9 6C0 7 04030100000000
179290.2 3F1 8 0002000000000000
179291.5 484 8 0000000000000000
179292.8 523 8 CD1F7770450E0B02
179294.0 52E 5 603F000000
179295.3 585 8 902C00000000003F
179296.5 64C 2 0011
179297.8 663 8 7814E00E00AA0000
179299.2 6B2 8 FFFEFF0F880004D9
179301.2 31C 8 00000000800084F3
179302.7 31D 8 000000000000001F
179320.1 38C 8 000000000000007F
179321.8 38D 8 00000000000000E5
179323.2 39C 8 FF6F000000000000
179324.4 3C3 8 FF00000000000000
179325.7 444 8 0000000000000005
179327.0 537 8 8080808080800000
179335.7 538 8 8080008080000080
179337.5 31C 8 00000000800084F3
179338.9 5EA 8 0000000000000016
179340.0 5FB 8 1FFFFFFFFF1FF87E
179341.1 539 8 2902800008030000
179351.6 541 8 0000000000000000
179352.8 5FA 8 5B9DC7CC9C46F1FF
179354.1 6AB 8 00000000000041A1
179355.3 31D 8 000000000000001F
179356.6 5EB 8 0000000000000007
179357.8 5EC 8 000000000000000F
179358.9 66B 8 7700000000000000
179367.0 66C 8 DF09000000000000
179368.2 444 8 0000000000000005
179382.7 3F1 8 0002000000000000
179384.0 663 8 7814E00E00AA0000
179385.2 31C 8 00000000800084F3
179398.3 31D 8 000000000000001F
179399.8 38C 8 000000000000007F
179401.9 38D 8 00000000000000E5
179414.1 39C 8 FF6F000000000000
179415.4 3C3 8 FF00000000000000
179416.6 444 8 0000000000000005
179445.1 31C 8 00000000800084F3
179446.4 31D 8 000000000000001F
179476.3 444 8 0000000000000005
179491.9 6C0 7 04030100000000
179493.3 3F1 8 0002000000000000
179494.5 663 8 7814E00E00AA0000
179495.7 31C 8 00000000800084F3
179497.2 31D 8 000000000000001F
179498.5 38C 8 000000000000007F
179507.5 38D 8 00000000000000E5
179508.9 39C 8 FF6F000000000000
179510.1 3C3 8 FF00000000000000
179523.2 444 8 0000000000000005
179525.9 537 8 8080808080800000
179527.2 538 8 8080008080000080
179538.8 523 8 CD1F7770450E0B02
179540.1 52E 5 603F000000
179541.3 31C 8 00000000800084F3
179542.6 6AB 8 00000000000041A1
179543.8 31D 8 000000000000001F
179570.1 444 8 0000000000000005
179585.8 3F1 8 0002000000000000
179587.9 663 8 7814E00E00AA0000
179589.5 31C 8 00000000800084F3
179590.9 539 8 2902800008030000
179592.9 541 8 0000000000000000
179601.4 31D 8 000000000000001F
179603.4 38C 8 000000000000007F
179604.7 38D 8 00000000000000E5
179616.9 39C 8 FF6F000000000000
179618.2 3C3 8 FF00000000000000
179619.5 444 8 0000000000000005
179632.3 31C 8 00000000800084F3
179648.3 31D 8 000000000000001F
179664.1 444 8 0000000000000005
179679.5 6C0 7 04030100000000
179680.7 3F1 8 0002000000000000
179682.2 663 8 7814E00E00AA0000
179695.2 31C 8 00000000800084F3
179696.6 31D 8 000000000000001F
179698.2 38C 8 000000000000007F
179710.7 38D 8 00000000000000E5
179712.1 39C 8 FF6F000000000000
179713.4 3C3 8 FF00000000000000
179726.4 444 8 0000000000000005
179727.8 537 8 8080808080800000
179728.9 538 8 8080008080000080
179742.0 31C 8 00000000800084F3
179743.3 6AB 8 00000000000041A1
179744.5 31D 8 000000000000001F
179773.2 444 8 0000000000000005
179789.0 3F1 8 0002000000000000
179790.2 484 8 0000000000000000
179791.3 523 8 CD1F7770450E0B02
179792.7 52E 5 603F000000
179793.9 663 8 7814E00E00AA0000
179795.1 31C 8 00000000800084F3
179796.6 31D 8 000000000000001F
179804.6 38C 8 000000000000007F
179805.9 38D 8 00000000000000E5
179807.3 39C 8 FF6F000000000000
179820.3 3C3 8 FF00000000000000
179821.8 444 8 0000000000000005
179835.8 31C 8 00000000800084F3
179837.8 5EA 8 0000000000000016
179838.9 539 8 2902800008030000
179840.1 541 8 0000000000000000
179851.7 31D 8 000000000000001F
179854.3 5EB 8 0000000000000007
179855.5 5EC 8 000000000000000F
179856.6 66B 8 7700000000000000
179867.1 66C 8 DF09000000000000
179868.3 444 8 0000000000000005
179882.4 6C0 7 04030100000000
179883.6 3F1 8 0002000000000000
179884.8 663 8 7814E00E00AA0000
179886.1 31C 8 00000000800084F3
179898.2 31D 8 000000000000001F
179899.5 38C 8 000000000000007F
179900.8 38D 8 00000000000000E5
179914.1 39C 8 FF6F000000000000
179915.3 3C3 8 FF00000000000000
179916.7 444 8 0000000000000005
179929.5 537 8 8080808080800000
179930.6 538 8 8080008080000080
179945.1 31C 8 00000000800084F3
179946.4 6AB 8 00000000000041A1
179947.6 31D 8 000000000000001F
179976.5 444 8 0000000000000005
179991.9 3F1 8 0002000000000000
179993.5 663 8 7814E00E00AA0000
179994.8 31C 8 00000000800084F3
179996.1 31D 8 000000000000001F
179997.8 38C 8 000000000000007F

