12113.0 6C0 7 01030500000000
12182.2 3F1 8 0000000000000000
12184.1 484 8 0000000000000000
12185.8 523 8 CD1F7770450E0B02
12187.5 52E 5 603F000000
12189.2 585 8 902800000000003F
12191.2 64C 2 0011
12193.1 663 8 7300000E00000000
12194.8 6B2 8 83FEFF0F88000040
12196.7 31C 8 00000000800084F3
12198.1 6D3 7 01000000000000
12211.8 31D 8 000000000000001F
12213.3 38C 8 000000000000007F
12214.7 5FB 8 000000000000007E
12216.1 539 8 00020000FE010000
12217.7 541 8 0000000000000000
12219.1 5FA 8 000000000000F8FF
12220.5 6AB 8 0000000000000020
12221.8 38D 8 00000000000000E5
12223.2 585 8 902C00000000003F
12228.8 39C 8 FF6F000000000000
12230.0 3C3 8 FF00000000000000
12231.2 444 8 0000000000000005
12232.4 537 8 8080808080800000
12233.6 538 8 8080008080000080
12234.8 31C 8 00000000800084F3
12236.0 5EA 8 0000000000000016
12237.2 31D 8 000000000000001F
12238.4 5EB 8 0000000000000007
12239.6 5EC 8 000000000000000F
12240.8 66B 8 7700000000000000
12242.0 66C 8 DF09000000000000
12243.4 444 8 0000000000000005
12244.8 3F1 8 0000000000000000
12246.2 663 8 7314000F009C0000
12247.6 31C 8 00000000800084F3
12248.9 31D 8 000000000000001F
12250.3 38C 8 000000000000007F
12251.6 38D 8 00000000000000E5
12252.8 39C 8 FF6F000000000000
12254.0 3C3 8 FF00000000000000
12255.3 444 8 0000000000000005
12258.8 31C 8 00000000800084F3
12260.2 31D 8 000000000000001F
12261.6 444 8 0000000000000005
12274.3 6C0 7 01030500000000
12275.7 3F1 8 0000000000000000
12277.2 663 8 7314000E00AA0000
12278.5 31C 8 00000000800084F3
12279.8 6D3 7 01000000000000
12281.2 31D 8 000000000000001F
12289.9 38C 8 000000000000007F
12291.4 6AB 8 0000000000000020
12293.0 38D 8 00000000000000E5
12294.6 39C 8 FF6F000000000000
12305.6 3C3 8 FF00000000000000
12307.4 444 8 0000000000000005
12308.9 537 8 8080808080800000
12321.5 538 8 8080008080000080
12323.0 523 8 CD1F7770450E0B02
12324.4 52E 5 603F000000
12325.7 31C 8 00000000800084F3
12337.1 31D 8 000000000000001F
12338.6 539 8 31020000FE010000
12340.1 541 8 0000000000000000
12352.9 444 8 0000000000000005
12368.5 3F1 8 0000000000000000
12370.5 663 8 7314000E00AA0000
12372.0 31C 8 00000000800084F3
12384.0 31D 8 000000000000001F
12385.5 38C 8 000000000000007F
12387.2 38D 8 00000000000000E5
12399.6 39C 8 FF6F000000000000
12401.3 3C3 8 FF00000000000000
12402.7 444 8 0000000000000005
12430.9 31C 8 00000000800084F3
12432.8 31D 8 000000000000001F
12462.0 444 8 0000000000000005
12478.6 6C0 7 01030500000000
12482.8 3F1 8 0000000000000000
12484.2 663 8 7314000E00AA0000
12485.6 31C 8 00000000800084F3
12486.9 6D3 7 01000000000000
12488.3 31D 8 000000000000001F
12489.7 38C 8 000000000000007F
12493.4 6AB 8 0000000000000020
12495.7 38D 8 00000000000000E5
12497.2 39C 8 FF6F000000000000
12498.8 3C3 8 FF00000000000000
12509.0 444 8 0000000000000005
12510.7 537 8 8080808080800000
12512.4 538 8 8080008080000080
12524.7 31C 8 00000000800084F3
12526.2 31D 8 000000000000001F
12555.8 444 8 0000000000000005
12571.7 3F1 8 0000000000000000
12573.4 484 8 0000000000000000
12574.9 523 8 CD1F7770450E0B02
12576.3 52E 5 603F000000
12577.6 663 8 7314000E00AA0000
12579.0 31C 8 00000000800084F3
12587.3 31D 8 000000000000001F
12588.9 38C 8 000000000000007F
12590.5 539 8 31020000FE010000
12592.4 541 8 0000000000000000
12594.0 38D 8 00000000000000E5
12595.5 39C 8 FF6F000000000000
12602.8 3C3 8 FF00000000000000
12604.2 444 8 0000000000000005
12618.4 31C 8 00000000800084F3
12620.7 5EA 8 0000000000000016
12633.9 31D 8 000000000000001F
12635.6 5EB 8 0000000000000007
12637.3 5EC 8 000000000000000F
12638.8 66B 8 7700000000000000
12649.6 66C 8 DF09000000000000
12651.2 444 8 0000000000000005
12665.2 6C0 7 01030500000000
12666.8 3F1 8 0000000000000000
12668.3 663 8 7314000E00AA0000
12680.8 31C 8 00000000800084F3
12682.4 6D3 7 01000000000000
12683.9 31D 8 000000000000001F
12685.3 38C 8 000000000000007F
12686.7 6AB 8 0000000000000020
12696.3 38D 8 00000000000000E5
12697.9 39C 8 FF6F000000000000
12699.4 3C3 8 FF00000000000000
12712.1 444 8 0000000000000005
12713.8 537 8 8080808080800000
12715.7 538 8 8080008080000080
12727.8 31C 8 00000000800084F3
12729.2 31D 8 000000000000001F
12759.1 444 8 0000000000000005
12774.8 3F1 8 0000000000000000
12776.6 663 8 7314000E00AA0000
12778.2 31C 8 00000000800084F3
12779.6 31D 8 000000000000001F
12790.3 38C 8 000000000000007F
12791.8 38D 8 00000000000000E5
12793.4 39C 8 FF6F000000000000
12806.0 3C3 8 FF00000000000000
12807.4 444 8 0000000000000005
12821.6 523 8 CD1F7770450E0B02
12823.3 52E 5 603F000000
12824.7 31C 8 00000000800084F3
12837.1 31D 8 000000000000001F
12838.7 539 8 31020000FE010000
12840.2 541 8 0000000000000000
12852.8 444 8 0000000000000005
12868.1 6C0 7 01030500000000
12869.8 3F1 8 0000000000000000
12871.3 663 8 7314000E00AA0000
12872.4 31C 8 00000000800084F3
12884.0 6D3 7 01000000000000
12885.5 31D 8 000000000000001F
12886.9 38C 8 000000000000007F
12888.6 6AB 8 0000000000000020
12890.0 38D 8 00000000000000E5
12899.6 39C 8 FF6F000000000000
12901.0 3C3 8 FF00000000000000
12902.5 444 8 0000000000000005
12915.2 537 8 8080808080800000
12916.6 538 8 8080008080000080
12931.0 31C 8 00000000800084F3
12935.1 31D 8 000000000000001F
12962.2 444 8 0000000000000005
12977.4 3F1 8 0000000000000000
12979.0 663 8 7314000E00AA0000
12980.5 31C 8 00000000800084F3
12981.9 31D 8 000000000000001F
12983.5 38C 8 000000000000007F
12993.6 38D 8 00000000000000E5
12995.9 39C 8 FF6F000000000000
12997.7 3C3 8 FF00000000000000
13009.1 444 8 0000000000000005
13024.6 31C 8 00000000800084F3
13026.3 31D 8 000000000000001F
13055.8 444 8 0000000000000005
13071.6 6C0 7 04030500000000
13073.4 3F1 8 0000000000000000
13074.9 484 8 0000000000000000
13076.6 523 8 CD1F7770450E0B02
13078.1 52E 5 603F000000
13079.7 585 8 902C00000000003F
13081.1 64C 2 0011
13082.4 663 8 7314000E00AA0000
13083.8 6B2 8 FFFEFF0F88000040
13085.3 31C 8 00000000800084F3
13102.8 31D 8 000000000000001F
13104.4 38C 8 000000000000007F
13106.0 5FB 8 000000000000007E
13107.7 539 8 31020000FE010000
13109.1 541 8 0000000000000000
13110.6 5FA 8 000000000000F8FF
13112.0 6AB 8 0000000000000020
13113.3 38D 8 00000000000000E5
13114.6 39C 8 FF6F000000000000
13115.9 3C3 8 FF00000000000000
13117.4 444 8 0000000000000005
13118.9 537 8 8080808080800000
13134.1 538 8 8080008080000080
13135.6 31C 8 00000000800084F3
13137.3 5EA 8 0000000000000016
13138.7 31D 8 000000000000001F
13140.2 5EB 8 0000000000000007
13141.8 5EC 8 000000000000000F
13143.3 66B 8 7700000000000000
13149.5 66C 8 DF09000000000000
13151.1 444 8 0000000000000005
13165.2 3F1 8 0000000000000000
13166.9 663 8 7314000E00AA0000
13180.6 31C 8 00000000800084F3
13182.1 31D 8 000000000000001F
13183.7 38C 8 000000000000007F
13196.8 38D 8 00000000000000E5
13198.3 39C 8 FF6F000000000000
13199.8 3C3 8 FF00000000000000
13212.2 444 8 0000000000000005
13227.7 31C 8 00000000800084F3
13229.4 31D 8 000000000000001F
13259.0 444 8 0000000000000005
13274.3 6C0 7 04030500000000
13275.8 3F1 8 0000000000000000
13277.4 663 8 7314000E00AA0000
13278.8 31C 8 00000000800084F3
13280.4 31D 8 000000000000001F
13290.1 38C 8 000000000000007F
13291.6 6AB 8 00000000000000A0
13293.3 38D 8 00000000000000E5
13294.8 39C 8 FF6F000000000000
13305.6 3C3 8 FF00000000000000
13307.4 444 8 0000000000000005
13308.9 537 8 8080808080800000
13321.5 538 8 8080008080000080
13323.1 523 8 CD1F7770450E0B02
13324.6 52E 5 603F000000
13326.0 31C 8 00000000800084F3
13337.1 31D 8 000000000000001F
13342.1 539 8 31020000FE010000
13343.3 541 8 0000000000000000
13352.7 444 8 0000000000000005
13368.4 3F1 8 0000000000000000
13369.9 663 8 7314000E00AA0000
13371.2 31C 8 00000000800084F3
13383.9 31D 8 000000000000001F
13385.4 38C 8 000000000000007F
13387.2 38D 8 00000000000000E5
13399.6 39C 8 FF6F000000000000
13401.1 3C3 8 FF00000000000000
13402.5 444 8 0000000000000005
13430.9 31C 8 00000000800084F3
13432.5 31D 8 000000000000001F
13462.2 444 8 0000000000000005
13477.4 6C0 7 04030500000000
13479.0 3F1 8 0000000000000000
13480.5 663 8 7314000E00AA0000
13481.9 31C 8 00000000800084F3
13483.4 31D 8 000000000000001F
13484.6 38C 8 000000000000007F
13493.5 6AB 8 00000000000000A0
13494.9 38D 8 00000000000000E5
13496.3 39C 8 FF6F000000000000
13497.8 3C3 8 FF00000000000000
13508.9 444 8 0000000000000005
13510.5 537 8 8080808080800000
13511.8 538 8 8080008080000080
13524.7 31C 8 00000000800084F3
13526.2 31D 8 000000000000001F
13555.8 444 8 0000000000000005
13571.6 3F1 8 0000000000000000
13573.1 484 8 0000000000000000
13574.5 523 8 CD1F7770450E0B02
13576.0 52E 5 603F000000
13577.5 663 8 7314000E00AA0000
13578.9 31C 8 00000000800084F3
13587.2 31D 8 000000000000001F
13590.7 38C 8 000000000000007F
13592.0 539 8 31020000FE010000
13593.4 541 8 0000000000000000
13594.9 38D 8 00000000000000E5
13596.2 39C 8 FF6F000000000000
13602.6 3C3 8 FF00000000000000
13604.1 444 8 0000000000000005
13618.9 31C 8 00000000800084F3
13620.6 5EA 8 0000000000000016
13633.8 31D 8 000000000000001F
13635.2 5EB 8 0000000000000007
13636.4 5EC 8 000000000000000F
13637.6 66B 8 7700000000000000
13649.4 66C 8 DF09000000000000
13651.2 444 8 0000000000000005
13665.3 6C0 7 04030500000000
13666.8 3F1 8 0000000000000000
13668.1 663 8 7314000E00AA0000
13680.9 31C 8 00000000800084F3
13682.4 31D 8 000000000000001F
13683.7 38C 8 000000000000007F
13684.9 6AB 8 00000000000000A0
13696.4 38D 8 00000000000000E5
13698.2 39C 8 FF6F000000000000
13699.4 3C3 8 FF00000000000000
13712.0 444 8 0000000000000005
13713.3 537 8 8080808080800000
13714.7 538 8 8080008080000080
13727.6 31C 8 00000000800084F3
13728.9 31D 8 000000000000001F
13759.0 444 8 0000000000000005
13774.7 3F1 8 0000000000000000
13776.4 663 8 7314000E00AA0000
13777.8 31C 8 00000000800084F3
13779.1 31D 8 000000000000001F
13790.3 38C 8 000000000000007F
13791.8 38D 8 00000000000000E5
13798.0 39C 8 FF6F000000000000
13805.8 3C3 8 FF00000000000000
13807.0 444 8 0000000000000005
13821.5 523 8 CD1F7770450E0B02
13823.2 52E 5 603F000000
13824.4 31C 8 00000000800084F3
13837.0 31D 8 000000000000001F
13838.3 539 8 31020000FE010000
13839.5 541 8 0000000000000000
13852.7 444 8 0000000000000005
13868.1 6C0 7 04030500000000
13870.1 3F1 8 0000000000000000
13871.4 663 8 7314000E00AA0000
13872.8 31C 8 00000000800084F3
13883.7 31D 8 000000000000001F
13885.4 38C 8 000000000000007F
13887.0 6AB 8 00000000000000A0
13888.6 38D 8 00000000000000E5
13900.0 39C 8 FF6F000000000000
13901.8 3C3 8 FF00000000000000
13903.2 444 8 0000000000000005
13915.3 537 8 8080808080800000
13916.6 538 8 8080008080000080
13930.7 31C 8 00000000800084F3
13932.1 31D 8 000000000000001F
13962.0 444 8 0000000000000005
13977.5 3F1 8 0000000000000000
13978.8 663 8 7314000E00AA0000
13980.2 31C 8 00000000800084F3
13981.9 31D 8 000000000000001F
13983.2 38C 8 000000000000007F
13993.4 38D 8 00000000000000E5
13994.5 39C 8 FF6F000000000000
13996.0 3C3 8 FF00000000000000
14008.9 444 8 0000000000000005
14025.0 31C 8 00000000800084F3
14026.7 31D 8 000000000000001F
14055.8 444 8 0000000000000005
14071.6 6C0 7 04030500000000
14073.2 3F1 8 0000000000000000
14074.4 484 8 0000000000000000
14075.6 523 8 CD1F7770450E0B02
14076.8 52E 5 603F000000
14077.9 585 8 902C00000000003F
14078.9 64C 2 0011
14080.1 663 8 7314000E00AA0000
14081.3 6B2 8 FFFEFF0F88000040
14082.5 31C 8 00000000800084F3
14087.2 31D 8 000000000000001F
14088.6 38C 8 000000000000007F
14090.1 5FB 8 000000000000007E
14091.7 539 8 31020000FE010000
14093.4 541 8 0000000000000000
14094.7 5FA 8 000000000000F8FF
14096.0 6AB 8 00000000000000A0
14097.5 38D 8 00000000000000E5
14098.8 3F1 8 0002000000000000
14100.0 39C 8 FF6F000000000000
14102.7 3C3 8 FF00000000000000
14104.1 444 8 0000000000000005
14105.5 537 8 8080808080800000
14118.3 538 8 8080008080000080
14119.5 31C 8 00000000800084F3
14121.0 5EA 8 0000000000000016
14133.9 31D 8 000000000000001F
14135.5 5EB 8 0000000000000007
14137.1 5EC 8 000000000000000F
14138.7 66B 8 7700000000000000
14149.7 66C 8 DF09000000000000
14151.5 444 8 0000000000000005
14165.0 3F1 8 0002000000000000
14166.4 663 8 7314000E00AA0000
14180.6 31C 8 00000000800084F3
14182.3 31D 8 000000000000001F
14183.7 38C 8 000000000000007F
14196.5 38D 8 00000000000000E5
14199.5 39C 8 FF6F000000000000
14201.2 3C3 8 FF00000000000000
14212.1 444 8 0000000000000005
14227.8 31C 8 00000000800084F3
14229.1 31D 8 000000000000001F
14258.9 444 8 0000000000000005
14274.3 6C0 7 04030500000000
14275.6 3F1 8 0002000000000000
14276.8 663 8 7314000E00AA0000
14278.6 31C 8 00000000800084F3
14279.7 31D 8 000000000000001F
14290.1 38C 8 000000000000007F
14291.7 6AB 8 00000000000000A0
14293.5 38D 8 00000000000000E5
14295.2 39C 8 FF6F000000000000
14305.6 3C3 8 FF00000000000000
14306.9 444 8 0000000000000005
14308.6 537 8 8080808080800000
14322.0 538 8 8080008080000080
14324.0 523 8 CD1F7770450E0B02
14325.6 52E 5 603F000000
14327.4 31C 8 00000000800084F3
14329.0 31D 8 000000000000001F
14338.2 539 8 31020000FE010000
14339.6 541 8 0000000000000000
14353.7 444 8 0000000000000005
14369.1 3F1 8 0002000000000000
14370.7 663 8 7314000E00AA0000
14372.2 31C 8 00000000800084F3
14385.4 31D 8 000000000000001F
14387.1 38C 8 000000000000007F
14388.5 38D 8 00000000000000E5
14416.3 39C 8 FF6F000000000000
14417.7 3C3 8 FF00000000000000
14419.3 444 8 0000000000000005
14447.3 31C 8 00000000800084F3
14448.9 31D 8 000000000000001F
14451.6 444 8 0000000000000005
14463.1 6C0 7 04030500000000
14478.8 3F1 8 0002000000000000
14480.6 663 8 7314000E00AA0000
14482.0 31C 8 00000000800084F3
14483.4 31D 8 000000000000001F
14484.7 38C 8 000000000000007F
14510.2 6AB 8 00000000000000A0
14511.6 38D 8 00000000000000E5
14512.9 39C 8 FF6F000000000000
14514.2 3C3 8 FF00000000000000
14515.6 444 8 0000000000000005
14516.9 537 8 8080808080800000
14518.3 538 8 8080008080000080
14541.4 31C 8 00000000800084F3
14543.0 31D 8 000000000000001F
14556.9 444 8 0000000000000005
14587.9 3F1 8 0002000000000000
14589.4 484 8 0000000000000000
14590.8 523 8 CD1F7770450E0B02
14592.2 52E 5 603F000000
14593.6 663 8 7314000E00AA0000
14595.0 31C 8 00000000800084F3
14596.3 31D 8 000000000000001F
14597.6 38C 8 000000000000007F
14598.8 539 8 31020000FE010000
14600.1 541 8 0000000000000000
14601.4 38D 8 00000000000000E5
14602.8 39C 8 FF6F000000000000
14619.4 3C3 8 FF00000000000000
14620.7 444 8 0000000000000005
14622.0 31C 8 00000000800084F3
14623.2 5EA 8 0000000000000016
14635.4 31D 8 000000000000001F
14637.0 5EB 8 0000000000000007
14638.6 5EC 8 000000000000000F
14639.9 66B 8 7700000000000000
14666.3 66C 8 DF09000000000000
14667.8 444 8 0000000000000005
14671.2 6C0 7 04030500000000
14672.6 3F1 8 0002000000000000
14674.4 663 8 7314000E00AA0000
14697.5 31C 8 00000000800084F3
14699.1 31D 8 000000000000001F
14700.6 38C 8 000000000000007F
14701.9 6AB 8 00000000000000A0
14703.1 38D 8 00000000000000E5
14704.4 39C 8 FF6F000000000000
14705.8 3C3 8 FF00000000000000
14707.0 444 8 0000000000000005
14713.1 537 8 8080808080800000
14714.4 538 8 8080008080000080
14728.8 31C 8 00000000800084F3
14731.1 31D 8 000000000000001F
14760.0 444 8 0000000000000005
14791.1 3F1 8 0002000000000000
14792.6 663 8 7314000E00AA0000
14794.1 31C 8 00000000800084F3
14795.6 31D 8 000000000000001F
14796.9 38C 8 000000000000007F
14798.4 38D 8 00000000000000E5
14799.8 39C 8 FF6F000000000000
14806.9 3C3 8 FF00000000000000
14808.4 444 8 0000000000000005
14838.1 523 8 CD1F7770450E0B02
14839.6 52E 5 603F000000
14841.1 31C 8 00000000800084F3
14842.4 31D 8 000000000000001F
14843.9 539 8 31020000FE010000
14845.3 541 8 0000000000000000
14869.2 444 8 0000000000000005
14870.7 6C0 7 04030500000000
14872.2 3F1 8 0002000000000000
14873.7 663 8 7314000E00AA0000
14875.1 31C 8 00000000800084F3
14884.9 31D 8 000000000000001F
14886.6 38C 8 000000000000007F
14889.3 6AB 8 00000000000000A0
14890.7 38D 8 00000000000000E5
14916.4 39C 8 FF6F000000000000
14918.0 3C3 8 FF00000000000000
14919.4 444 8 0000000000000005
14920.7 537 8 8080808080800000
14922.0 538 8 8080008080000080
14947.5 31C 8 00000000800084F3
14948.9 31D 8 000000000000001F
14950.4 444 8 0000000000000005
14963.2 3F1 8 0002000000000000
14964.5 663 8 7314000E00AA0000
14978.7 31C 8 00000000800084F3
14980.3 31D 8 000000000000001F
14981.7 38C 8 000000000000007F
15010.1 38D 8 00000000000000E5
15011.6 39C 8 FF6F000000000000
15013.1 3C3 8 FF00000000000000
15014.5 444 8 0000000000000005
15041.2 31C 8 00000000800084F3
15042.8 31D 8 000000000000001F
15056.9 444 8 0000000000000005
15087.8 6C0 7 04030500000000
15089.1 3F1 8 0002000000000000
15090.4 484 8 0000000000000000
15092.2 523 8 CD1F7770450E0B02
15093.6 52E 5 603F000000
15094.8 585 8 902C00000000003F
15096.3 64C 2 0011
15097.9 663 8 7314000E00AA0000
15099.6 6B2 8 FFFEFF0F88008040
15100.8 31C 8 00000000800084F3
15102.3 31D 8 000000000000001F
15103.6 38C 8 000000000000007F
15105.1 5FB 8 000000000000007E
15106.4 539 8 31020000FE010000
15107.9 541 8 0000000000000000
15109.1 5FA 8 000000000000F8FF
15111.7 6AB 8 00000000000000A0
15112.8 38D 8 00000000000000E5
15113.9 39C 8 FF6F000000000000
15119.4 3C3 8 FF00000000000000
15121.1 444 8 0000000000000005
15122.6 537 8 8080808080800000
15124.0 538 8 8080008080000080
15125.1 31C 8 00000000800084F3
15126.3 5EA 8 0000000000000016
15150.4 31D 8 000000000000001F
15151.6 5EB 8 0000000000000007
15152.9 5EC 8 000000000000000F
15154.0 66B 8 7700000000000000
15155.2 66C 8 DF09000000000000
15156.6 444 8 0000000000000005
15166.1 3F1 8 0002000000000000
15167.7 663 8 7314000E00AA0000
15182.5 31C 8 00000000800084F3
15184.1 31D 8 000000000000001F
15185.6 38C 8 000000000000007F
15187.1 38D 8 00000000000000E5
15213.4 39C 8 FF6F000000000000
15215.1 3C3 8 FF00000000000000
15216.5 444 8 0000000000000005
15228.8 31C 8 00000000800084F3
15230.3 31D 8 000000000000001F
15260.0 444 8 0000000000000005
15275.6 6C0 7 04030500000000
15277.1 3F1 8 0002000000000000
15278.5 663 8 7314000E00AA0000
15280.0 31C 8 00000000800084F3
15281.3 31D 8 000000000000001F
15306.9 38C 8 000000000000007F
15308.3 6AB 8 00000000000000A0
15309.6 38D 8 00000000000000E5
15311.2 39C 8 FF6F000000000000
15312.5 3C3 8 FF00000000000000
15313.8 444 8 0000000000000005
15316.5 537 8 8080808080800000
15317.7 538 8 8080008080000080
15322.4 523 8 CD1F7770450E0B02
15323.9 52E 5 603F000000
15325.4 31C 8 00000000800084F3
15326.8 31D 8 000000000000001F
15338.0 539 8 31020000FE010000
15339.7 541 8 0000000000000000
15353.8 444 8 0000000000000005
15385.2 3F1 8 0002000000000000
15386.6 663 8 7314000E00AA0000
15388.0 31C 8 00000000800084F3
15389.6 31D 8 000000000000001F
15390.9 38C 8 000000000000007F
15392.3 38D 8 00000000000000E5
15416.3 39C 8 FF6F000000000000
15417.6 3C3 8 FF00000000000000
15419.0 444 8 0000000000000005
15432.0 31C 8 00000000800084F3
15433.6 31D 8 000000000000001F
15463.4 444 8 0000000000000005
15464.9 6C0 7 04030500000000
15466.2 3F1 8 0002000000000000
15478.7 663 8 7314000E00AA0000
15480.4 31C 8 00000000800084F3
15481.8 31D 8 000000000000001F
15483.1 38C 8 000000000000007F
15494.4 6AB 8 00000000000000A0
15495.9 38D 8 00000000000000E5
15497.3 39C 8 FF6F000000000000
15498.9 3C3 8 FF00000000000000
15510.1 444 8 0000000000000005
15511.7 537 8 8080808080800000
15513.1 538 8 8080008080000080
15541.3 31C 8 00000000800084F3
15542.8 31D 8 000000000000001F
15556.9 444 8 0000000000000005
15587.8 3F1 8 0002000000000000
15589.4 484 8 0000000000000000
15590.8 523 8 CD1F7770450E0B02
15592.2 52E 5 603F000000
15593.6 663 8 7314000E00AA0000
15595.0 31C 8 00000000800084F3
15596.4 31D 8 000000000000001F
15597.7 38C 8 000000000000007F
15599.3 539 8 31020000FE010000
15600.6 541 8 0000000000000000
15602.0 38D 8 00000000000000E5
15603.3 39C 8 FF6F000000000000
15619.4 3C3 8 FF00000000000000
15620.7 444 8 0000000000000005
15622.0 31C 8 00000000800084F3
15623.4 5EA 8 0000000000000016
15635.1 31D 8 000000000000001F
15636.7 5EB 8 0000000000000007
15638.3 5EC 8 000000000000000F
15639.8 66B 8 7700000000000000
15650.3 66C 8 DF09000000000000
15651.7 444 8 0000000000000005
15666.0 6C0 7 04030500000000
15667.5 3F1 8 0002000000000000
15668.9 663 8 7314000E00AA0000
15681.9 31C 8 00000000800084F3
15683.4 31D 8 000000000000001F
15684.8 38C 8 000000000000007F
15686.2 6AB 8 00000000000000A0
15687.7 38D 8 00000000000000E5
15697.3 39C 8 FF6F000000000000
15698.8 3C3 8 FF00000000000000
15700.2 444 8 0000000000000005
15713.3 537 8 8080808080800000
15714.8 538 8 8080008080000080
15744.4 31C 8 00000000800084F3
15745.9 31D 8 000000000000001F
15760.1 444 8 0000000000000005
15791.2 3F1 8 0002000000000000
15792.6 663 8 7314000E00AA0000
15793.9 31C 8 00000000800084F3
15795.2 31D 8 000000000000001F
15796.8 38C 8 000000000000007F
15798.1 38D 8 00000000000000E5
15799.4 39C 8 FF6F000000000000
15807.0 3C3 8 FF00000000000000
15808.5 444 8 0000000000000005
15822.2 523 8 CD1F7770450E0B02
15823.9 52E 5 603F000000
15825.2 31C 8 00000000800084F3
15827.0 31D 8 000000000000001F
15838.1 539 8 31020000FE010000
15839.6 541 8 0000000000000000
15853.7 444 8 0000000000000005
15885.1 6C0 7 04030500000000
15886.3 3F1 8 0002000000000000
15887.8 663 8 7314000E00AA0000
15889.4 31C 8 00000000800084F3
15891.6 31D 8 000000000000001F
15893.1 38C 8 000000000000007F
15894.4 6AB 8 00000000000000A0
15895.7 38D 8 00000000000000E5
15900.4 39C 8 FF6F000000000000
15902.1 3C3 8 FF00000000000000
15903.7 444 8 0000000000000005
15916.3 537 8 8080808080800000
15917.8 538 8 8080008080000080
15932.0 31C 8 00000000800084F3
15933.3 31D 8 000000000000001F
15963.2 444 8 0000000000000005
15964.8 3F1 8 0002000000000000
15978.7 663 8 7314000E00AA0000
15980.0 31C 8 00000000800084F3
15981.3 31D 8 000000000000001F
15982.6 38C 8 000000000000007F
15994.5 38D 8 00000000000000E5
15996.0 39C 8 FF6F000000000000
15997.3 3C3 8 FF00000000000000
16010.0 444 8 0000000000000005
16041.2 31C 8 00000000800084F3
16042.4 31D 8 000000000000001F
16057.3 444 8 0000000000000005
16087.9 6C0 7 04030500000000
16089.3 3F1 8 0002000000000000
16090.6 484 8 0000000000000000
16092.1 523 8 CD1F7770450E0B02
16093.5 52E 5 603F000000
16094.8 585 8 902C00000000003F
16096.0 64C 2 0011
16097.4 663 8 7314000E00AA0000
16098.8 6B2 8 FFFEFF0F88000041
16100.4 31C 8 00000000800084F3
16101.8 31D 8 000000000000001F
16102.9 38C 8 000000000000007F
16104.3 5FB 8 000000000000007E
16105.9 539 8 31020000FE010000
16107.5 541 8 0000000000000000
16109.1 5FA 8 000000000000F8FF
16110.3 6AB 8 00000000000000A0
16111.5 38D 8 00000000000000E5
16112.7 39C 8 FF6F000000000000
16119.3 3C3 8 FF00000000000000
16120.8 444 8 0000000000000005
16122.2 537 8 8080808080800000
16123.6 538 8 8080008080000080
16124.9 31C 8 00000000800084F3
16126.1 5EA 8 0000000000000016
16135.2 31D 8 000000000000001F
16136.5 5EB 8 0000000000000007
16138.1 5EC 8 000000000000000F
16139.2 66B 8 7700000000000000
16166.4 66C 8 DF09000000000000
16168.1 444 8 0000000000000005
16169.6 3F1 8 0002000000000000
16172.1 663 8 7314000E00AA0000
16182.3 31C 8 00000000800084F3
16183.9 31D 8 000000000000001F
16185.4 38C 8 000000000000007F
16186.8 38D 8 00000000000000E5
16213.2 39C 8 FF6F000000000000
16214.4 3C3 8 FF00000000000000
16215.6 444 8 0000000000000005
16228.7 31C 8 00000000800084F3
16230.0 31D 8 000000000000001F
16260.1 444 8 0000000000000005
16291.3 6C0 7 04030500000000
16292.8 3F1 8 0002000000000000
16293.9 663 8 7314000E00AA0000
16295.1 31C 8 00000000800084F3
16296.3 31D 8 000000000000001F
16297.5 38C 8 000000000000007F
16298.7 6AB 8 00000000000000A0
16300.2 38D 8 00000000000000E5
16301.6 39C 8 FF6F000000000000
16307.0 3C3 8 FF00000000000000
16308.8 444 8 0000000000000005
16310.4 537 8 8080808080800000
16338.1 538 8 8080008080000080
16339.4 523 8 CD1F7770450E0B02
16340.7 52E 5 603F000000
16341.9 31C 8 00000000800084F3
16343.2 31D 8 000000000000001F
16344.4 539 8 31020000FE010000
16345.7 541 8 0000000000000000
16353.7 444 8 0000000000000005
16385.3 3F1 8 0002000000000000
16386.7 663 8 7314000E00AA0000
16388.2 31C 8 00000000800084F3
16389.6 31D 8 000000000000001F
16391.3 38C 8 000000000000007F
16392.7 38D 8 00000000000000E5
16416.2 39C 8 FF6F000000000000
16417.7 3C3 8 FF00000000000000
16419.2 444 8 0000000000000005
16432.0 31C 8 00000000800084F3
16433.9 31D 8 000000000000001F
16463.4 444 8 0000000000000005
16464.9 6C0 7 04030500000000
16466.3 3F1 8 0002000000000000
16478.7 663 8 7314000E00AA0000
16480.2 31C 8 00000000800084F3
16481.8 31D 8 000000000000001F
16483.1 38C 8 000000000000007F
16494.4 6AB 8 00000000000000A0
16495.9 38D 8 00000000000000E5
16497.4 39C 8 FF6F000000000000
16498.9 3C3 8 FF00000000000000
16510.2 444 8 0000000000000005
16511.7 537 8 8080808080800000
16513.2 538 8 8080008080000080
16541.3 31C 8 00000000800084F3
16542.8 31D 8 000000000000001F
16557.1 444 8 0000000000000005
16587.9 3F1 8 0002000000000000
16589.9 484 8 0000000000000000
16591.5 523 8 CD1F7770450E0B02
16593.2 52E 5 603F000000
16594.8 663 8 7314000E00AA0000
16596.4 31C 8 00000000800084F3
16597.8 31D 8 000000000000001F
16599.1 38C 8 000000000000007F
16600.4 539 8 31020000FE010000
16601.7 541 8 0000000000000000
16603.0 38D 8 00000000000000E5
16604.3 39C 8 FF6F000000000000
16619.6 3C3 8 FF00000000000000
16620.9 444 8 0000000000000005
16622.2 31C 8 00000000800084F3
16623.5 5EA 8 0000000000000016
16635.1 31D 8 000000000000001F
16636.7 5EB 8 0000000000000007
16638.1 5EC 8 000000000000000F
16639.5 66B 8 7700000000000000
16666.2 66C 8 DF09000000000000
16667.7 444 8 0000000000000005
16669.2 6C0 7 04030500000000
16670.6 3F1 8 0002000000000000
16671.9 663 8 7314000E00AA0000
16681.7 31C 8 00000000800084F3
16683.4 31D 8 000000000000001F
16685.0 38C 8 000000000000007F
16686.3 6AB 8 00000000000000A0
16697.4 38D 8 00000000000000E5
16698.7 39C 8 FF6F000000000000
16700.1 3C3 8 FF00000000000000
16701.5 444 8 0000000000000005
16713.1 537 8 8080808080800000
16714.6 538 8 8080008080000080
16729.0 31C 8 00000000800084F3
16730.4 31D 8 000000000000001F
16775.3 444 8 0000000000000005
16776.7 3F1 8 0002000000000000
16778.1 663 8 7314000E00AA0000
16779.4 31C 8 00000000800084F3
16780.8 31D 8 000000000000001F
16791.2 38C 8 000000000000007F
16792.7 38D 8 00000000000000E5
16794.0 39C 8 FF6F000000000000
16806.9 3C3 8 FF00000000000000
16808.4 444 8 0000000000000005
16838.1 523 8 CD1F7770450E0B02
16839.5 52E 5 603F000000
16840.8 31C 8 00000000800084F3
16842.0 31D 8 000000000000001F
16843.6 539 8 31020000FE010000
16845.0 541 8 0000000000000000
16853.9 444 8 0000000000000005
16885.0 6C0 7 04030500000000
16886.6 3F1 8 0002000000000000
16888.0 663 8 7314000E00AA0000
16889.4 31C 8 00000000800084F3
16890.8 31D 8 000000000000001F
16892.2 38C 8 000000000000007F
16893.7 6AB 8 00000000000000A0
16895.1 38D 8 00000000000000E5
16916.3 39C 8 FF6F000000000000
16917.8 3C3 8 FF00000000000000
16919.2 444 8 0000000000000005
16920.5 537 8 8080808080800000
16921.8 538 8 8080008080000080
16932.0 31C 8 00000000800084F3
16933.5 31D 8 000000000000001F
16963.5 444 8 0000000000000005
16965.1 3F1 8 0002000000000000
16966.5 663 8 7314000E00AA0000
16978.9 31C 8 00000000800084F3
16980.4 31D 8 000000000000001F
16981.8 38C 8 000000000000007F
16994.5 38D 8 00000000000000E5
16996.1 39C 8 FF6F000000000000
16997.5 3C3 8 FF00000000000000
17010.0 444 8 0000000000000005
17041.2 31C 8 00000000800084F3
17042.4 31D 8 000000000000001F
17057.0 444 8 0000000000000005
17087.9 6C0 7 04030100000000
17089.9 3F1 8 0002000000000000
17091.7 484 8 0000000000000000
17093.4 523 8 CD1F7770450E0B02
17094.8 52E 5 603F000000
17096.5 585 8 902C00000000003F
17097.9 64C 2 0011
17099.5 663 8 7314000E00AA0000
17101.2 6B2 8 FFFEFF0F88008041
17104.4 31C 8 00000000800084F3
17105.6 31D 8 000000000000001F
17106.9 38C 8 000000000000007F
17108.1 5FB 8 000000000000007E
17109.3 539 8 31020000FE010000
17110.5 541 8 0000000000000000
17111.6 5FA 8 000000000000F8FF
17112.6 38D 8 00000000000000E5
17113.7 6AB 8 00000000000000A0
17114.8 39C 8 FF6F000000000000
17119.6 3C3 8 FF00000000000000
17121.1 444 8 0000000000000005
17122.4 537 8 8080808080800000
17123.6 538 8 8080008080000080
17124.8 31C 8 00000000800084F3
17126.1 5EA 8 0000000000000016
17134.8 31D 8 000000000000001F
17136.6 5EB 8 0000000000000007
17138.1 5EC 8 000000000000000F
17139.6 66B 8 7700000000000000
17150.4 66C 8 DF09000000000000
17151.9 444 8 0000000000000005
17166.4 3F1 8 0002000000000000
17168.1 663 8 7314000E00AA0000
17182.0 31C 8 00000000800084F3
17183.6 31D 8 000000000000001F
17185.1 38C 8 000000000000007F
17186.5 38D 8 00000000000000E5
17213.1 39C 8 FF6F000000000000
17214.7 3C3 8 FF00000000000000
17216.2 444 8 0000000000000005
17228.7 31C 8 00000000800084F3
17230.1 31D 8 000000000000001F
17260.1 444 8 0000000000000005
17291.4 6C0 7 04030100000000
17293.1 3F1 8 0002000000000000
17294.5 663 8 7B14000E00AA0000
17296.0 31C 8 00000000800084F3
17298.9 31D 8 000000000000001F
17300.3 38C 8 000000000000007F
17301.5 6AB 8 00000000000000A0
17302.7 38D 8 00000000000000E5
17304.1 39C 8 FF6F000000000000
17306.9 3C3 8 FF00000000000000
17308.4 444 8 0000000000000005
17310.0 537 8 8080808080800000
17338.1 538 8 8080008080000080
17339.5 523 8 CD1F7770450E0B02
17340.9 52E 5 603F000000
17342.4 31C 8 00000000800084F3
17343.9 31D 8 000000000000001F
17345.4 539 8 31020000FE010000
17346.8 541 8 0000000000000000
17353.8 444 8 0000000000000005
17385.1 3F1 8 0002000000000000
17386.6 663 8 7B14000E00AA0000
17388.1 31C 8 00000000800084F3
17389.6 31D 8 000000000000001F
17391.0 38C 8 000000000000007F
17392.3 38D 8 00000000000000E5
17400.4 39C 8 FF6F000000000000
17401.8 3C3 8 FF00000000000000
17403.3 444 8 0000000000000005
17431.8 31C 8 00000000800084F3
17433.1 31D 8 000000000000001F
17463.5 444 8 0000000000000005
17465.4 6C0 7 04030100000000
17467.2 3F1 8 0002000000000000
17469.1 663 8 7B14000E00AA0000
17478.8 31C 8 00000000800084F3
17480.3 31D 8 000000000000001F
17481.6 38C 8 000000000000007F
17510.1 6AB 8 00000000000000A0
17511.4 38D 8 00000000000000E5
17512.6 39C 8 FF6F000000000000
17513.7 3C3 8 FF00000000000000
17516.3 444 8 0000000000000005
17517.9 537 8 8080808080800000
17519.2 538 8 8080008080000080
17541.3 31C 8 00000000800084F3
17542.6 31D 8 000000000000001F
17559.2 444 8 0000000000000005
17588.2 3F1 8 0002000000000000
17590.1 484 8 0000000000000000
17591.8 523 8 CD1F7770450E0B02
17593.5 52E 5 603F000000
17594.9 663 8 7B14000E00AA0000
17596.6 31C 8 00000000800084F3
17598.2 31D 8 000000000000001F
17599.6 38C 8 000000000000007F
17601.4 539 8 31020000FE010000
17602.7 541 8 0000000000000000
17604.1 38D 8 00000000000000E5
17605.3 39C 8 FF6F000000000000
17619.5 3C3 8 FF00000000000000
17620.8 444 8 0000000000000005
17622.1 31C 8 00000000800084F3
17623.4 5EA 8 0000000000000016
17650.4 31D 8 000000000000001F
17651.9 5EB 8 0000000000000007
17653.2 5EC 8 000000000000000F
17654.6 66B 8 7700000000000000
17656.0 66C 8 DF09000000000000
17657.2 444 8 0000000000000005
17666.3 6C0 7 04030100000000
17667.9 3F1 8 0002000000000000
17669.3 663 8 7B14000E00AA0000
17681.7 31C 8 00000000800084F3
17683.3 31D 8 000000000000001F
17684.7 38C 8 000000000000007F
17686.0 6AB 8 00000000000000A0
17697.5 38D 8 00000000000000E5
17698.9 39C 8 FF6F000000000000
17700.3 3C3 8 FF00000000000000
17703.2 444 8 0000000000000005
17713.1 537 8 8080808080800000
17714.6 538 8 8080008080000080
17728.7 31C 8 00000000800084F3
17730.3 31D 8 000000000000001F
17760.1 444 8 0000000000000005
17791.2 3F1 8 0002000000000000
17792.8 663 8 7B14000E00AA0000
17794.2 31C 8 00000000800084F3
17795.6 31D 8 000000000000001F
17796.9 38C 8 000000000000007F
17798.3 38D 8 00000000000000E5
17799.8 39C 8 FF6F000000000000
17806.9 3C3 8 FF00000000000000
17808.3 444 8 0000000000000005
17822.3 523 8 CD1F7770450E0B02
17823.9 52E 5 603F000000
17827.6 31C 8 00000000800084F3
17829.0 31D 8 000000000000001F
17837.9 539 8 31020000FE010000
17839.4 541 8 0000000000000000
17853.7 444 8 0000000000000005
17884.7 6C0 7 04030100000000
17886.4 3F1 8 0002000000000000
17887.8 663 8 7B14000E00AA0000
17889.3 31C 8 00000000800084F3
17890.7 31D 8 000000000000001F
17892.0 38C 8 000000000000007F
17893.4 6AB 8 00000000000000A0
17894.8 38D 8 00000000000000E5
17900.4 39C 8 FF6F000000000000
17902.0 3C3 8 FF00000000000000
17903.5 444 8 0000000000000005
17916.2 537 8 8080808080800000
17917.6 538 8 8080008080000080
17931.9 31C 8 00000000800084F3
17933.1 31D 8 000000000000001F
17963.3 444 8 0000000000000005
17965.2 3F1 8 0002000000000000
17966.7 663 8 7B14000E00AA0000
17978.9 31C 8 00000000800084F3
17980.4 31D 8 000000000000001F
17982.0 38C 8 000000000000007F
17994.4 38D 8 00000000000000E5
17995.9 39C 8 FF6F000000000000
17997.2 3C3 8 FF00000000000000
18010.1 444 8 0000000000000005
18041.2 31C 8 00000000800084F3
18042.5 31D 8 000000000000001F
18072.3 444 8 0000000000000005
18073.5 6C0 7 04030100000000
18075.1 3F1 8 0002000000000000
18076.4 484 8 0000000000000000
18077.7 523 8 CD1F7770450E0B02
18078.9 52E 5 603F000000
18079.9 585 8 902C00000000003F
18081.1 64C 2 0011
18082.5 663 8 7B14000E00AA0000
18083.6 6B2 8 FFFEFF0F880000C2
18084.9 31C 8 00000000800084F3
18086.1 31D 8 000000000000001F
18087.9 38C 8 000000000000007F
18089.9 5FB 8 000000000000007E
18091.5 539 8 31020000FE010000
18093.2 541 8 0000000000000000
18094.6 38D 8 00000000000000E5
18096.1 5FA 8 000000000000F8FF
18097.6 6AB 8 00000000000000A0
18098.8 39C 8 FF6F000000000000
18103.9 3C3 8 FF00000000000000
18105.4 444 8 0000000000000005
18106.9 537 8 8080808080800000
18135.2 538 8 8080008080000080
18136.8 31C 8 00000000800084F3
18138.3 5EA 8 0000000000000016
18141.2 31D 8 000000000000001F
18142.8 5EB 8 0000000000000007
18144.2 5EC 8 000000000000000F
18145.7 66B 8 7700000000000000
18166.3 66C 8 DF09000000000000
18167.9 444 8 0000000000000005
18169.4 3F1 8 0002000000000000
18170.9 663 8 7B14000E00AA0000
18182.0 31C 8 00000000800084F3
18183.7 31D 8 000000000000001F
18185.2 38C 8 000000000000007F
18186.7 38D 8 00000000000000E5
18213.1 39C 8 FF6F000000000000
18214.5 3C3 8 FF00000000000000
18215.9 444 8 0000000000000005
18228.8 31C 8 00000000800084F3
18230.3 31D 8 000000000000001F
18260.2 444 8 0000000000000005
18275.6 6C0 7 04030100000000
18277.1 3F1 8 0002000000000000
18278.7 663 8 7B14000E00AA0000
18280.0 31C 8 00000000800084F3
18281.5 31D 8 000000000000001F
18291.3 38C 8 000000000000007F
18292.7 6AB 8 00000000000000A0
18294.2 38D 8 00000000000000E5
18295.4 39C 8 FF6F000000000000
18307.0 3C3 8 FF00000000000000
18308.4 444 8 0000000000000005
18309.9 537 8 8080808080800000
18311.4 538 8 8080008080000080
18337.9 523 8 CD1F7770450E0B02
18339.4 52E 5 603F000000
18340.8 31C 8 00000000800084F3
18342.3 31D 8 000000000000001F
18343.6 539 8 31020000FE010000
18344.9 541 8 0000000000000000
18353.9 444 8 0000000000000005
18385.1 3F1 8 0002000000000000
18386.6 663 8 7B14000E00AA0000
18388.1 31C 8 00000000800084F3
18389.5 31D 8 000000000000001F
18390.9 38C 8 000000000000007F
18392.2 38D 8 00000000000000E5
18416.2 39C 8 FF6F000000000000
18417.7 3C3 8 FF00000000000000
18419.0 444 8 0000000000000005
18431.9 31C 8 00000000800084F3
18433.1 31D 8 000000000000001F
18463.2 444 8 0000000000000005
18464.6 6C0 7 04030100000000
18478.7 3F1 8 0002000000000000
18480.1 663 8 7B14000E00AA0000
18481.4 31C 8 00000000800084F3
18483.3 31D 8 000000000000001F
18484.6 38C 8 000000000000007F
18510.2 6AB 8 00000000000000A0
18511.9 38D 8 00000000000000E5
18513.2 39C 8 FF6F000000000000
18514.5 3C3 8 FF00000000000000
18515.8 444 8 0000000000000005
18517.1 537 8 8080808080800000
18518.6 538 8 8080008080000080
18541.2 31C 8 00000000800084F3
18542.5 31D 8 000000000000001F
18557.0 444 8 0000000000000005
18588.1 3F1 8 0002000000000000
18590.3 484 8 0000000000000000
18592.1 523 8 CD1F7770450E0B02
18593.9 52E 5 603F000000
18595.4 663 8 7B14000E00AA0000
18597.0 31C 8 00000000800084F3
18598.6 31D 8 000000000000001F
18599.9 38C 8 000000000000007F
18601.5 539 8 31020000FE010000
18604.3 541 8 0000000000000000
18605.5 38D 8 00000000000000E5
18606.6 39C 8 FF6F000000000000
18619.3 3C3 8 FF00000000000000
18620.8 444 8 0000000000000005
18622.3 31C 8 00000000800084F3
18623.6 5EA 8 0000000000000016
18635.2 31D 8 000000000000001F
18636.6 5EB 8 0000000000000007
18637.9 5EC 8 000000000000000F
18639.4 66B 8 7700000000000000
18666.1 66C 8 DF09000000000000
18667.6 444 8 0000000000000005
18669.0 6C0 7 04030100000000
18670.3 3F1 8 0002000000000000
18671.8 663 8 7B14000E00AA0000
18681.9 31C 8 00000000800084F3
18683.4 31D 8 000000000000001F
18684.9 38C 8 000000000000007F
18686.3 6AB 8 00000000000000A0
18697.5 38D 8 00000000000000E5
18699.1 39C 8 FF6F000000000000
18700.6 3C3 8 FF00000000000000
18702.4 444 8 0000000000000005
18713.1 537 8 8080808080800000
18714.6 538 8 8080008080000080
18728.7 31C 8 00000000800084F3
18730.3 31D 8 000000000000001F
18760.0 444 8 0000000000000005
18791.3 3F1 8 0002000000000000
18792.6 663 8 7B14000E00AA0000
18794.0 31C 8 00000000800084F3
18795.4 31D 8 000000000000001F
18796.7 38C 8 000000000000007F
18798.1 38D 8 00000000000000E5
18799.7 39C 8 FF6F000000000000
18807.0 3C3 8 FF00000000000000
18810.2 444 8 0000000000000005
18837.9 523 8 CD1F7770450E0B02
18839.6 52E 5 603F000000
18841.3 31C 8 00000000800084F3
18842.7 31D 8 000000000000001F
18844.0 539 8 31020000FE010000
18845.4 541 8 0000000000000000
18853.8 444 8 0000000000000005
18884.9 6C0 7 04030100000000
18886.4 3F1 8 0002000000000000
18887.9 663 8 7B14000E00AA0000
18889.3 31C 8 00000000800084F3
18890.5 31D 8 000000000000001F
18891.8 38C 8 000000000000007F
18893.1 6AB 8 00000000000000A0
18894.3 38D 8 00000000000000E5
18900.4 39C 8 FF6F000000000000
18902.0 3C3 8 FF00000000000000
18903.4 444 8 0000000000000005
18916.3 537 8 8080808080800000
18917.6 538 8 8080008080000080
18931.9 31C 8 00000000800084F3
18933.5 31D 8 000000000000001F
18963.2 444 8 0000000000000005
18964.8 3F1 8 0002000000000000
18978.8 663 8 7814000E00AA0000
18980.4 31C 8 00000000800084F3
18981.9 31D 8 000000000000001F
18983.2 38C 8 000000000000007F
19010.2 38D 8 00000000000000E5
19011.6 39C 8 FF6F000000000000
19013.2 3C3 8 FF00000000000000
19014.5 444 8 0000000000000005
19041.4 31C 8 00000000800084F3
19042.9 31D 8 000000000000001F
19056.9 444 8 0000000000000005
19088.0 6C0 7 04030100000000
19089.7 3F1 8 0002000000000000
19091.4 484 8 0000000000000000
19092.9 523 8 CD1F7770450E0B02
19094.3 52E 5 603F000000
19095.6 585 8 902C00000000003F
19097.0 64C 2 0011
19098.4 663 8 7814000E00AA0000
19100.1 6B2 8 FFFEFF0F880080C2
19101.5 31C 8 00000000800084F3
19102.8 31D 8 000000000000001F
19104.3 38C 8 000000000000007F
19105.6 5FB 8 000000000000007E
19106.8 539 8 31020000FE010000
19108.0 38D 8 00000000000000E5
19109.2 541 8 0000000000000000
19110.5 5FA 8 000000000000F8FF
19111.7 6AB 8 00000000000000A0
19113.0 39C 8 FF6F000000000000
19119.4 3C3 8 FF00000000000000
19121.0 444 8 0000000000000005
19122.4 537 8 8080808080800000
19123.8 538 8 8080008080000080
19125.1 31C 8 00000000800084F3
19126.4 5EA 8 0000000000000016
19135.2 31D 8 000000000000001F
19136.6 5EB 8 0000000000000007
19138.1 5EC 8 000000000000000F
19139.5 66B 8 7700000000000000
19166.3 66C 8 DF09000000000000
19168.0 444 8 0000000000000005
19169.4 3F1 8 0002000000000000
19170.8 663 8 7814000E00AA0000
19182.1 31C 8 00000000800084F3
19183.7 31D 8 000000000000001F
19185.1 38C 8 000000000000007F
19188.4 38D 8 00000000000000E5
19213.3 39C 8 FF6F000000000000
19214.8 3C3 8 FF00000000000000
19217.2 444 8 0000000000000005
19228.7 31C 8 00000000800084F3
19229.9 31D 8 000000000000001F
19275.8 444 8 0000000000000005
19277.3 6C0 7 04030100000000
19279.3 3F1 8 0002000000000000
19280.6 663 8 7814000E00AA0000
19282.1 31C 8 00000000800084F3
19283.5 31D 8 000000000000001F
19306.9 38C 8 000000000000007F
19308.4 6AB 8 00000000000000A0
19309.6 38D 8 00000000000000E5
19311.4 39C 8 FF6F000000000000
19312.6 3C3 8 FF00000000000000
19313.9 444 8 0000000000000005
19315.2 537 8 8080808080800000
19322.2 538 8 8080008080000080
19323.7 523 8 CD1F7770450E0B02
19325.0 52E 5 603F000000
19326.3 31C 8 00000000800084F3
19327.4 31D 8 000000000000001F
19337.8 539 8 31020000FE010000
19339.2 541 8 0000000000000000
19353.7 444 8 0000000000000005
19385.1 3F1 8 0002000000000000
19386.8 663 8 7814000E00AA0000
19388.5 31C 8 00000000800084F3
19389.7 31D 8 000000000000001F
19391.3 38C 8 000000000000007F
19392.6 38D 8 00000000000000E5
19416.2 39C 8 FF6F000000000000
19417.4 3C3 8 FF00000000000000
19418.7 444 8 0000000000000005
19431.9 31C 8 00000000800084F3
19433.3 31D 8 000000000000001F
19463.1 444 8 0000000000000005
19465.2 6C0 7 04030100000000
19478.6 3F1 8 0002000000000000
19479.9 663 8 7814000E00AA0000
19481.2 31C 8 00000000800084F3
19483.1 31D 8 000000000000001F
19484.3 38C 8 000000000000007F
19494.4 6AB 8 00000000000000A0
19496.0 38D 8 00000000000000E5
19497.4 39C 8 FF6F000000000000
19498.8 3C3 8 FF00000000000000
19525.3 444 8 0000000000000005
19526.6 537 8 8080808080800000
19528.1 538 8 8080008080000080
19529.3 31C 8 00000000800084F3
19530.6 31D 8 000000000000001F
19572.3 444 8 0000000000000005
19574.2 3F1 8 0002000000000000
19575.7 484 8 0000000000000000
19577.1 523 8 CD1F7770450E0B02
19578.5 52E 5 603F000000
19579.7 663 8 7814000E00AA0000
19581.0 31C 8 00000000800084F3
19582.4 31D 8 000000000000001F
19587.9 38C 8 000000000000007F
19590.4 539 8 31020000FE010000
19592.1 38D 8 00000000000000E5
19593.8 541 8 0000000000000000
19595.2 39C 8 FF6F000000000000
19603.8 3C3 8 FF00000000000000
19605.0 444 8 0000000000000005
19619.4 31C 8 00000000800084F3
19621.1 5EA 8 0000000000000016
19635.0 31D 8 000000000000001F
19636.9 5EB 8 0000000000000007
19638.1 5EC 8 000000000000000F
19639.3 66B 8 7700000000000000
19650.3 66C 8 DF09000000000000
19651.5 444 8 0000000000000005
19665.9 6C0 7 04030100000000
19667.2 3F1 8 0002000000000000
19668.6 663 8 7814000E00AA0000
19681.8 31C 8 00000000800084F3
19683.8 31D 8 000000000000001F
19685.4 38C 8 000000000000007F
19686.9 6AB 8 00000000000000A0
19697.4 38D 8 00000000000000E5
19699.0 39C 8 FF6F000000000000
19700.6 3C3 8 FF00000000000000
19702.2 444 8 0000000000000005
19713.1 537 8 8080808080800000
19714.3 538 8 8080008080000080
19728.7 31C 8 00000000800084F3
19730.2 31D 8 000000000000001F
19760.2 444 8 0000000000000005
19791.2 3F1 8 0002000000000000
19792.7 663 8 7814000E00AA0000
19793.9 31C 8 00000000800084F3
19795.2 31D 8 000000000000001F
19796.4 38C 8 000000000000007F
19797.8 38D 8 00000000000000E5
19799.2 39C 8 FF6F000000000000
19807.1 3C3 8 FF00000000000000
19808.8 444 8 0000000000000005
19838.0 523 8 CD1F7770450E0B02
19839.3 52E 5 603F000000
19840.8 31C 8 00000000800084F3
19842.0 31D 8 000000000000001F
19843.2 539 8 31020000FE010000
19844.4 541 8 0000000000000000
19853.4 444 8 0000000000000005
19869.3 6C0 7 04030100000000
19870.9 3F1 8 0002000000000000
19872.3 663 8 7814000E00AA0000
19873.7 31C 8 00000000800084F3
19885.0 31D 8 000000000000001F
19886.6 38C 8 000000000000007F
19888.2 6AB 8 00000000000000A0
19889.8 38D 8 00000000000000E5
19916.6 39C 8 FF6F000000000000
19918.3 3C3 8 FF00000000000000
19920.1 444 8 0000000000000005
19921.6 537 8 8080808080800000
19923.2 538 8 8080008080000080
19947.4 31C 8 00000000800084F3
19948.8 31D 8 000000000000001F
19950.1 444 8 0000000000000005
19963.2 3F1 8 0002000000000000
19978.7 663 8 7814000E00AA0000
19980.0 31C 8 00000000800084F3
19981.8 31D 8 000000000000001F
19983.3 38C 8 000000000000007F
19994.4 38D 8 00000000000000E5
19995.7 39C 8 FF6F000000000000
19996.9 3C3 8 FF00000000000000
20010.2 444 8 0000000000000005
20041.4 31C 8 00000000800084F3
20042.8 31D 8 000000000000001F
20056.9 444 8 0000000000000005
20087.9 6C0 7 04030100000000
20090.0 3F1 8 0002000000000000
20091.6 484 8 0000000000000000
20093.3 523 8 CD1F7770450E0B02
20094.7 52E 5 603F000000
20096.2 585 8 902C00000000003F
20097.8 64C 2 0011
20099.5 663 8 7814000E00AA0000
20101.0 6B2 8 FFFEFF0F880000C3
20103.0 31C 8 00000000800084F3
20104.7 31D 8 000000000000001F
20105.9 38C 8 000000000000007F
20107.0 5FB 8 000000000000007E
20108.9 38D 8 00000000000000E5
20110.7 539 8 31020000FE010000
20111.7 541 8 0000000000000000
20112.9 5FA 8 000000000000F8FF
20114.0 6AB 8 00000000000000A0
20115.1 39C 8 FF6F000000000000
20119.4 3C3 8 FF00000000000000
20120.9 444 8 0000000000000005
20122.5 537 8 8080808080800000
20123.8 538 8 8080008080000080
20124.9 31C 8 00000000800084F3
20126.3 5EA 8 0000000000000016
20135.2 31D 8 000000000000001F
20137.4 5EB 8 0000000000000007
20139.1 5EC 8 000000000000000F
20140.4 66B 8 7700000000000000
20150.5 66C 8 DF09000000000000
20151.9 444 8 0000000000000005
20166.3 3F1 8 0002000000000000
20167.7 663 8 7814000E00AA0000
20182.0 31C 8 00000000800084F3
20183.6 31D 8 000000000000001F
20185.1 38C 8 000000000000007F
20213.3 38D 8 00000000000000E5
20214.7 39C 8 FF6F000000000000
20216.2 3C3 8 FF00000000000000
20217.5 444 8 0000000000000005
20228.7 31C 8 00000000800084F3
20230.3 31D 8 000000000000001F
20260.1 444 8 0000000000000005
20275.6 6C0 7 04030100000000
20277.1 3F1 8 0002000000000000
20278.6 663 8 7814000E00AA0000
20280.0 31C 8 00000000800084F3
20281.5 31D 8 000000000000001F
20307.1 38C 8 000000000000007F
20308.6 38D 8 00000000000000E5
20309.8 6AB 8 00000000000000A0
20312.0 39C 8 FF6F000000000000
20313.5 3C3 8 FF00000000000000
20315.0 444 8 0000000000000005
20316.5 537 8 8080808080800000
20318.0 538 8 8080008080000080
20322.3 523 8 CD1F7770450E0B02
20323.8 52E 5 603F000000
20325.3 31C 8 00000000800084F3
20326.6 31D 8 000000000000001F
20337.9 539 8 31020000FE010000
20339.4 541 8 0000000000000000
20353.7 444 8 0000000000000005
20369.2 3F1 8 0002000000000000
20370.7 663 8 7814000E00AA0000
20372.2 31C 8 00000000800084F3
20385.0 31D 8 000000000000001F
20386.8 38C 8 000000000000007F
20388.4 38D 8 00000000000000E5
20416.3 39C 8 FF6F000000000000
20417.8 3C3 8 FF00000000000000
20419.2 444 8 0000000000000005
20432.0 31C 8 00000000800084F3
20433.5 31D 8 000000000000001F
20447.4 444 8 0000000000000005
20463.2 6C0 7 04030100000000
20478.7 3F1 8 0002000000000000
20479.9 663 8 7814000E00AA0000
20481.5 31C 8 00000000800084F3
20483.1 31D 8 000000000000001F
20484.4 38C 8 000000000000007F
20494.3 38D 8 00000000000000E5
20495.9 6AB 8 00000000000000A0
20497.2 39C 8 FF6F000000000000
20498.6 3C3 8 FF00000000000000
20525.3 444 8 0000000000000005
20526.5 537 8 8080808080800000
20527.8 538 8 8080008080000080
20529.6 31C 8 00000000800084F3
20530.8 31D 8 000000000000001F
20572.3 444 8 0000000000000005
20573.7 3F1 8 0002000000000000
20575.3 484 8 0000000000000000
20576.7 523 8 CD1F7770450E0B02
20578.7 52E 5 603F000000
20580.0 663 8 7814000E00AA0000
20581.3 31C 8 00000000800084F3
20582.7 31D 8 000000000000001F
20588.2 38C 8 000000000000007F
20590.5 38D 8 00000000000000E5
20592.2 539 8 31020000FE010000
20593.8 541 8 0000000000000000
20595.3 39C 8 FF6F000000000000
20603.7 3C3 8 FF00000000000000
20605.2 444 8 0000000000000005
20619.4 31C 8 00000000800084F3
20620.8 5EA 8 0000000000000016
20635.0 31D 8 000000000000001F
20636.5 5EB 8 0000000000000007
20638.3 5EC 8 000000000000000F
20640.1 66B 8 7700000000000000
20666.2 66C 8 DF09000000000000
20667.8 444 8 0000000000000005
20669.3 6C0 7 04030100000000
20670.7 3F1 8 0002000000000000
20671.9 663 8 7814000E00AA0000
20681.8 31C 8 00000000800084F3
20683.3 31D 8 000000000000001F
20684.9 38C 8 000000000000007F
20686.3 38D 8 00000000000000E5
20697.6 6AB 8 00000000000000A0
20698.9 39C 8 FF6F000000000000
20700.2 3C3 8 FF00000000000000
20701.6 444 8 0000000000000005
20713.2 537 8 8080808080800000
20715.4 538 8 8080008080000080
20728.8 31C 8 00000000800084F3
20730.4 31D 8 000000000000001F
20760.1 444 8 0000000000000005
20791.3 3F1 8 0002000000000000
20792.8 663 8 7814000E00AA0000
20794.2 31C 8 00000000800084F3
20795.6 31D 8 000000000000001F
20797.0 38C 8 000000000000007F
20798.3 38D 8 00000000000000E5
20799.9 39C 8 FF6F000000000000
20806.9 3C3 8 FF00000000000000
20808.4 444 8 0000000000000005
20822.3 523 8 CD1F7770450E0B02
20823.9 52E 5 603F000000
20825.4 31C 8 00000000800084F3
20826.7 31D 8 000000000000001F
20837.8 539 8 31020000FE010000
20839.7 541 8 0000000000000000
20853.7 444 8 0000000000000005
20885.2 6C0 7 04030100000000
20886.9 3F1 8 0002000000000000
20888.2 663 8 7814000E00AA0000
20889.6 31C 8 00000000800084F3
20891.1 31D 8 000000000000001F
20892.4 38C 8 000000000000007F
20893.8 38D 8 00000000000000E5
20895.2 6AB 8 00000000000000A0
20916.2 39C 8 FF6F000000000000
20917.6 3C3 8 FF00000000000000
20918.9 444 8 0000000000000005
20920.1 537 8 8080808080800000
20921.5 538 8 8080008080000080
20932.1 31C 8 00000000800084F3
20933.4 31D 8 000000000000001F
20963.1 444 8 0000000000000005
20964.7 3F1 8 0002000000000000
20978.7 663 8 7814000E00AA0000
20980.0 31C 8 00000000800084F3
20981.5 31D 8 000000000000001F
20983.0 38C 8 000000000000007F
20994.3 38D 8 00000000000000E5
20995.8 39C 8 FF6F000000000000
20997.2 3C3 8 FF00000000000000
21010.0 444 8 0000000000000005
21041.6 31C 8 00000000800084F3
21043.2 31D 8 000000000000001F
21072.3 444 8 0000000000000005
21073.7 6C0 7 04030100000000
21075.5 3F1 8 0002000000000000
21076.8 484 8 0000000000000000
21078.5 523 8 CD1F7770450E0B02
21079.7 52E 5 603F000000
21080.8 585 8 902C00000000003F
21081.9 64C 2 0011
21083.4 663 8 7814000E00AA0000
21084.5 6B2 8 FFFEFF0F880080C3
21085.6 31C 8 00000000800084F3
21086.7 31D 8 000000000000001F
21103.8 38C 8 000000000000007F
21105.3 38D 8 00000000000000E5
21106.8 5FB 8 000000000000007E
21108.6 539 8 31020000FE010000
21110.1 541 8 0000000000000000
21111.6 5FA 8 000000000000F8FF
21113.0 6AB 8 00000000000000A0
21114.2 39C 8 FF6F000000000000
21115.5 3C3 8 FF00000000000000
21116.8 444 8 0000000000000005
21118.1 537 8 8080808080800000
21135.2 538 8 8080008080000080
21137.0 31C 8 00000000800084F3
21138.3 5EA 8 0000000000000016
21139.7 31D 8 000000000000001F
21141.7 5EB 8 0000000000000007
21142.9 5EC 8 000000000000000F
21144.1 66B 8 7700000000000000
21166.3 66C 8 DF09000000000000
21167.7 444 8 0000000000000005
21169.1 3F1 8 0002000000000000
21170.6 663 8 7814000E00AA0000
21181.9 31C 8 00000000800084F3
21183.5 31D 8 000000000000001F
21184.8 38C 8 000000000000007F
21186.1 38D 8 00000000000000E5
21213.3 39C 8 FF6F000000000000
21214.9 3C3 8 FF00000000000000
21216.3 444 8 0000000000000005
21228.7 31C 8 00000000800084F3
21230.3 31D 8 000000000000001F
21260.0 444 8 0000000000000005
21275.6 6C0 7 04030100000000
21277.0 3F1 8 0002000000000000
21278.4 663 8 7814000E00AA0000
21279.8 31C 8 00000000800084F3
21281.2 31D 8 000000000000001F
21307.0 38C 8 000000000000007F
21308.5 38D 8 00000000000000E5
21310.1 6AB 8 00000000000000A0
21311.6 39C 8 FF6F000000000000
21312.9 3C3 8 FF00000000000000
21314.3 444 8 0000000000000005
21315.6 537 8 8080808080800000
21338.2 538 8 8080008080000080
21339.6 523 8 CD1F7770450E0B02
21341.1 52E 5 603F000000
21342.4 31C 8 00000000800084F3
21343.8 31D 8 000000000000001F
21345.2 539 8 31020000FE010000
21346.6 541 8 0000000000000000
21353.8 444 8 0000000000000005
21369.2 3F1 8 0002000000000000
21370.7 663 8 7814000E00AA0000
21372.2 31C 8 00000000800084F3
21385.0 31D 8 000000000000001F
21386.4 38C 8 000000000000007F
21387.7 38D 8 00000000000000E5
21416.3 39C 8 FF6F000000000000
21418.0 3C3 8 FF00000000000000
21419.4 444 8 0000000000000005
21432.0 31C 8 00000000800084F3
21433.3 31D 8 000000000000001F
21463.3 444 8 0000000000000005
21464.9 6C0 7 04030100000000
21466.2 3F1 8 0002000000000000
21478.7 663 8 7814000E00AA0000
21479.9 31C 8 00000000800084F3
21481.2 31D 8 000000000000001F
21483.2 38C 8 000000000000007F
21494.4 38D 8 00000000000000E5
21496.0 6AB 8 00000000000000A0
21497.4 39C 8 FF6F000000000000
21498.7 3C3 8 FF00000000000000
21510.0 444 8 0000000000000005
21511.6 537 8 8080808080800000
21512.9 538 8 8080008080000080
21541.2 31C 8 00000000800084F3
21542.4 31D 8 000000000000001F
21556.9 444 8 0000000000000005
21587.9 3F1 8 0002000000000000
21589.9 484 8 0000000000000000
21591.4 523 8 CD1F7770450E0B02
21592.9 52E 5 603F000000
21594.6 663 8 7814000E00AA0000
21596.0 31C 8 00000000800084F3
21597.5 31D 8 000000000000001F
21599.1 38C 8 000000000000007F
21600.5 38D 8 00000000000000E5
21602.6 539 8 31020000FE010000
21604.0 541 8 0000000000000000
21605.6 39C 8 FF6F000000000000
21619.4 3C3 8 FF00000000000000
21620.7 444 8 0000000000000005
21622.0 31C 8 00000000800084F3
21623.2 5EA 8 0000000000000016
21635.2 31D 8 000000000000001F
21636.8 5EB 8 0000000000000007
21638.5 5EC 8 000000000000000F
21639.7 66B 8 7700000000000000
21666.2 66C 8 DF09000000000000
21667.6 444 8 0000000000000005
21669.1 6C0 7 04030100000000
21670.5 3F1 8 0002000000000000
21671.8 663 8 7814000E00AA0000
21697.6 31C 8 00000000800084F3
21699.4 31D 8 000000000000001F
21700.8 38C 8 000000000000007F
21702.8 38D 8 00000000000000E5
21704.3 6AB 8 00000000000000A0
21706.0 39C 8 FF6F000000000000
21707.6 3C3 8 FF00000000000000
21708.9 444 8 0000000000000005
21713.1 537 8 8080808080800000
21714.5 538 8 8080008080000080
21728.8 31C 8 00000000800084F3
21730.3 31D 8 000000000000001F
21760.1 444 8 0000000000000005
21791.0 3F1 8 0002000000000000
21792.4 663 8 7814000E00AA0000
21793.6 31C 8 00000000800084F3
21795.0 31D 8 000000000000001F
21796.2 38C 8 000000000000007F
21797.5 38D 8 00000000000000E5
21798.7 39C 8 FF6F000000000000
21806.9 3C3 8 FF00000000000000
21808.9 444 8 0000000000000005
21822.3 523 8 CD1F7770450E0B02
21823.8 52E 5 603F000000
21825.4 31C 8 00000000800084F3
21827.0 31D 8 000000000000001F
21838.2 539 8 31020000FE010000
21839.6 541 8 0000000000000000
21853.8 444 8 0000000000000005
21885.2 6C0 7 04030100000000
21886.7 3F1 8 0002000000000000
21888.3 663 8 7814000E00AA0000
21889.7 31C 8 00000000800084F3
21891.2 31D 8 000000000000001F
21892.5 38C 8 000000000000007F
21893.7 38D 8 00000000000000E5
21894.9 6AB 8 00000000000000A0
21916.3 39C 8 FF6F000000000000
21926.0 3C3 8 FF00000000000000
21927.7 444 8 0000000000000005
21928.9 537 8 8080808080800000
21930.1 538 8 8080008080000080
21947.7 31C 8 00000000800084F3
21949.3 31D 8 000000000000001F
21951.1 444 8 0000000000000005
21963.1 3F1 8 0002000000000000
21978.8 663 8 7814000E00AA0000
21980.1 31C 8 00000000800084F3
21981.6 31D 8 000000000000001F
21983.3 38C 8 000000000000007F
21994.4 38D 8 00000000000000E5
21995.8 39C 8 FF6F000000000000
21997.1 3C3 8 FF00000000000000
22010.0 444 8 0000000000000005
22041.3 31C 8 00000000800084F3
22042.5 31D 8 000000000000001F
22072.4 444 8 0000000000000005
22073.7 6C0 7 04030100000000
22075.8 3F1 8 0002000000000000
22077.2 484 8 0000000000000000
22079.0 523 8 CD1F7770450E0B02
22080.1 52E 5 603F000000
22081.3 585 8 902C00000000003F
22082.4 64C 2 0011
22083.7 663 8 7814000E00AA0000
22085.1 6B2 8 FFFEFF0F880000C4
22086.4 31C 8 00000000800084F3
22087.6 31D 8 000000000000001F
22103.7 38C 8 000000000000007F
22105.4 38D 8 00000000000000E5
22107.1 5FB 8 000000000000007E
22108.5 539 8 31020000FE010000
22110.0 541 8 0000000000000000
22111.4 5FA 8 000000000000F8FF
22113.1 6AB 8 00000000000000A0
22114.4 39C 8 FF6F000000000000
22115.6 3C3 8 FF00000000000000
22116.9 444 8 0000000000000005
22118.4 537 8 8080808080800000
22135.3 538 8 8080008080000080
22137.0 31C 8 00000000800084F3
22138.4 5EA 8 0000000000000016
22140.1 31D 8 000000000000001F
22141.7 5EB 8 0000000000000007
22143.0 5EC 8 000000000000000F
22144.2 66B 8 7700000000000000
22166.5 66C 8 DF09000000000000
22168.2 444 8 0000000000000005
22169.7 3F1 8 0002000000000000
22171.1 663 8 7814000E00AA0000
22182.0 31C 8 00000000800084F3
22183.5 31D 8 000000000000001F
22185.1 38C 8 000000000000007F
22186.6 38D 8 00000000000000E5
22213.2 39C 8 FF6F000000000000
22215.2 3C3 8 FF00000000000000
22218.2 444 8 0000000000000005
22229.0 31C 8 00000000800084F3
22230.3 31D 8 000000000000001F
22260.1 444 8 0000000000000005
22275.6 6C0 7 04030100000000
22277.2 3F1 8 0002000000000000
22278.6 663 8 7814000E00AA0000
22280.0 31C 8 00000000800084F3
22281.5 31D 8 000000000000001F
22306.9 38C 8 000000000000007F
22308.5 38D 8 00000000000000E5
22309.7 6AB 8 00000000000000A0
22311.3 39C 8 FF6F000000000000
22312.7 3C3 8 FF00000000000000
22314.5 444 8 0000000000000005
22315.8 537 8 8080808080800000
22338.2 538 8 8080008080000080
22339.6 523 8 CD1F7770450E0B02
22340.9 52E 5 603F000000
22342.1 31C 8 00000000800084F3
22343.3 31D 8 000000000000001F
22344.5 539 8 31020000FE010000
22345.7 541 8 0000000000000000
22369.2 444 8 0000000000000005
22370.7 3F1 8 0002000000000000
22372.1 663 8 7814000E00AA0000
22373.6 31C 8 00000000800084F3
22385.2 31D 8 000000000000001F
22386.6 38C 8 000000000000007F
22388.2 38D 8 00000000000000E5
22400.5 39C 8 FF6F000000000000
22402.1 3C3 8 FF00000000000000
22403.5 444 8 0000000000000005
22447.5 31C 8 00000000800084F3
22448.8 31D 8 000000000000001F
22450.0 444 8 0000000000000005
22463.5 6C0 7 04030100000000
22470.0 3F1 8 0002000000000000
22475.7 663 8 7814000E00AA0000
22494.5 31C 8 00000000800084F3
22496.0 31D 8 000000000000001F
22497.3 38C 8 000000000000007F
22498.5 38D 8 00000000000000E5
22499.9 6AB 8 00000000000000A0
22501.1 39C 8 FF6F000000000000
22502.3 3C3 8 FF00000000000000
22510.1 444 8 0000000000000005
22511.6 537 8 8080808080800000
22513.1 538 8 8080008080000080
22541.3 31C 8 00000000800084F3
22542.9 31D 8 000000000000001F
22572.3 444 8 0000000000000005
22573.6 3F1 8 0002000000000000
22574.9 484 8 0000000000000000
22576.1 523 8 CD1F7770450E0B02
22577.4 52E 5 603F000000
22578.6 663 8 7814000E00AA0000
22579.8 31C 8 00000000800084F3
22581.1 31D 8 000000000000001F
22587.9 38C 8 000000000000007F
22589.9 38D 8 00000000000000E5
22591.7 539 8 31020000FE010000
22593.3 541 8 0000000000000000
22594.8 39C 8 FF6F000000000000
22603.8 3C3 8 FF00000000000000
22605.4 444 8 0000000000000005
22619.5 31C 8 00000000800084F3
22621.1 5EA 8 0000000000000016
22650.5 31D 8 000000000000001F
22651.8 5EB 8 0000000000000007
22653.2 5EC 8 000000000000000F
22654.5 66B 8 7700000000000000
22655.9 66C 8 DF09000000000000
22657.4 444 8 0000000000000005
22666.0 6C0 7 04030100000000
22667.4 3F1 8 0002000000000000
22668.7 663 8 7814000E00AA0000
22681.9 31C 8 00000000800084F3
22683.6 31D 8 000000000000001F
22685.0 38C 8 000000000000007F
22686.4 38D 8 00000000000000E5
22697.4 6AB 8 00000000000000A0
22698.7 39C 8 FF6F000000000000
22700.1 3C3 8 FF00000000000000
22701.5 444 8 0000000000000005
22713.3 537 8 8080808080800000
22714.7 538 8 8080008080000080
22744.6 31C 8 00000000800084F3
22746.1 31D 8 000000000000001F
22775.5 444 8 0000000000000005
22777.3 3F1 8 0002000000000000
22778.6 663 8 7814000E00AA0000
22779.9 31C 8 00000000800084F3
22781.3 31D 8 000000000000001F
22791.3 38C 8 000000000000007F
22793.6 38D 8 00000000000000E5
22795.5 39C 8 FF6F000000000000
22822.3 3C3 8 FF00000000000000
22824.0 444 8 0000000000000005
22825.4 523 8 CD1F7770450E0B02
22826.9 52E 5 603F000000
22828.1 31C 8 00000000800084F3
22829.5 31D 8 000000000000001F
22838.2 539 8 31020000FE010000
22839.8 541 8 0000000000000000
22853.8 444 8 0000000000000005
22885.3 6C0 7 04030100000000
22887.0 3F1 8 0002000000000000
22888.6 663 8 7814000E00AA0000
22890.0 31C 8 00000000800084F3
22892.1 31D 8 000000000000001F
22893.5 38C 8 000000000000007F
22894.9 38D 8 00000000000000E5
22896.5 6AB 8 00000000000000A0
22916.2 39C 8 FF6F000000000000
22917.7 3C3 8 FF00000000000000
22918.9 444 8 0000000000000005
22920.2 537 8 8080808080800000
22921.4 538 8 8080008080000080
22932.0 31C 8 00000000800084F3
22933.4 31D 8 000000000000001F
22963.2 444 8 0000000000000005
22978.9 3F1 8 0002000000000000
22980.3 663 8 7814000E00AA0000
22981.8 31C 8 00000000800084F3
22983.5 31D 8 000000000000001F
22985.0 38C 8 000000000000007F
22994.3 38D 8 00000000000000E5
22996.1 39C 8 FF6F000000000000
22997.4 3C3 8 FF00000000000000
23009.9 444 8 0000000000000005
23041.4 31C 8 00000000800084F3
23042.6 31D 8 000000000000001F
23057.0 444 8 0000000000000005
23088.2 6C0 7 04030100000000
23090.3 3F1 8 0002000000000000
23092.2 484 8 0000000000000000
23093.9 523 8 CD1F7770450E0B02
23095.3 52E 5 603F000000
23097.0 585 8 902C00000000003F
23098.6 64C 2 0011
23100.2 663 8 7814000E00AA0000
23101.7 6B2 8 FFFEFF0F880080C4
23103.3 31C 8 00000000800084F3
23104.9 31D 8 000000000000001F
23106.3 38C 8 000000000000007F
23108.0 38D 8 00000000000000E5
23110.9 5FB 8 000000000000007E
23112.3 539 8 31020000FE010000
23113.8 541 8 0000000000000000
23114.9 5FA 8 000000000000F8FF
23115.9 6AB 8 00000000000000A0
23117.1 39C 8 FF6F000000000000
23119.2 3C3 8 FF00000000000000
23120.8 444 8 0000000000000005
23122.1 537 8 8080808080800000
23124.0 538 8 8080008080000080
23125.6 31C 8 00000000800084F3
23126.7 5EA 8 0000000000000016
23135.3 31D 8 000000000000001F
23136.8 5EB 8 0000000000000007
23138.1 5EC 8 000000000000000F
23139.6 66B 8 7700000000000000
23166.4 66C 8 DF09000000000000
23167.9 444 8 0000000000000005
23169.2 3F1 8 0002000000000000
23170.4 663 8 7814000E00AA0000
23182.3 31C 8 00000000800084F3
23184.0 31D 8 000000000000001F
23185.4 38C 8 000000000000007F
23186.6 38D 8 00000000000000E5
23213.2 39C 8 FF6F000000000000
23214.5 3C3 8 FF00000000000000
23215.8 444 8 0000000000000005
23228.7 31C 8 00000000800084F3
23230.0 31D 8 000000000000001F
23260.0 444 8 0000000000000005
23275.8 6C0 7 04030100000000
23282.1 3F1 8 0002000000000000
23283.6 663 8 7814000E00AA0000
23284.8 31C 8 00000000800084F3
23286.1 31D 8 000000000000001F
23307.1 38C 8 000000000000007F
23309.1 38D 8 00000000000000E5
23310.7 6AB 8 00000000000000A0
23312.8 39C 8 FF6F000000000000
23314.1 3C3 8 FF00000000000000
23315.3 444 8 0000000000000005
23316.7 537 8 8080808080800000
23317.9 538 8 8080008080000080
23338.1 523 8 CD1F7770450E0B02
23339.6 52E 5 603F000000
23340.9 31C 8 00000000800084F3
23342.2 31D 8 000000000000001F
23343.4 539 8 31020000FE010000
23344.5 541 8 0000000000000000
23353.8 444 8 0000000000000005
23385.2 3F1 8 0002000000000000
23386.8 663 8 7814000E00AA0000
23388.1 31C 8 00000000800084F3
23389.4 31D 8 000000000000001F
23390.7 38C 8 000000000000007F
23392.5 38D 8 00000000000000E5
23416.2 39C 8 FF6F000000000000
23417.7 3C3 8 FF00000000000000
23419.0 444 8 0000000000000005
23432.0 31C 8 00000000800084F3
23433.3 31D 8 000000000000001F
23463.2 444 8 0000000000000005
23464.9 6C0 7 04030100000000
23478.8 3F1 8 0002000000000000
23480.0 663 8 7814000E00AA0000
23481.6 31C 8 00000000800084F3
23483.4 31D 8 000000000000001F
23484.8 38C 8 000000000000007F
23494.4 38D 8 00000000000000E5
23496.1 6AB 8 00000000000000A0
23497.4 39C 8 FF6F000000000000
23499.0 3C3 8 FF00000000000000
23510.2 444 8 0000000000000005
23511.8 537 8 8080808080800000
23513.1 538 8 8080008080000080
23541.2 31C 8 00000000800084F3
23542.4 31D 8 000000000000001F
23556.9 444 8 0000000000000005
23587.8 3F1 8 0002000000000000
23589.7 484 8 0000000000000000
23591.6 523 8 CD1F7770450E0B02
23593.4 52E 5 603F000000
23594.9 663 8 7814000E00AA0000
23596.6 31C 8 00000000800084F3
23598.1 31D 8 000000000000001F
23599.5 38C 8 000000000000007F
23600.8 38D 8 00000000000000E5
23602.0 539 8 31020000FE010000
23603.2 541 8 0000000000000000
23604.7 39C 8 FF6F000000000000
23619.4 3C3 8 FF00000000000000
23620.7 444 8 0000000000000005
23621.9 31C 8 00000000800084F3
23623.2 5EA 8 0000000000000016
23635.2 31D 8 000000000000001F
23636.9 5EB 8 0000000000000007
23638.3 5EC 8 000000000000000F
23639.5 66B 8 7700000000000000
23666.4 66C 8 DF09000000000000
23667.9 444 8 0000000000000005
23669.4 6C0 7 04030100000000
23670.6 3F1 8 0002000000000000
23671.9 663 8 7814000E00AA0000
23697.6 31C 8 00000000800084F3
23699.1 31D 8 000000000000001F
23700.5 38C 8 000000000000007F
23702.1 38D 8 00000000000000E5
23703.6 6AB 8 00000000000000A0
23704.8 39C 8 FF6F000000000000
23706.4 3C3 8 FF00000000000000
23708.2 444 8 0000000000000005
23713.2 537 8 8080808080800000
23715.2 538 8 8080008080000080
23728.9 31C 8 00000000800084F3
23730.2 31D 8 000000000000001F
23760.0 444 8 0000000000000005
23791.1 3F1 8 0002000000000000
23792.6 663 8 7814000E00AA0000
23794.0 31C 8 00000000800084F3
23795.4 31D 8 000000000000001F
23796.8 38C 8 000000000000007F
23798.2 38D 8 00000000000000E5
23799.6 39C 8 FF6F000000000000
23807.0 3C3 8 FF00000000000000
23808.5 444 8 0000000000000005
23838.2 523 8 CD1F7770450E0B02
23839.8 52E 5 603F000000
23841.2 31C 8 00000000800084F3
23842.9 31D 8 000000000000001F
23844.5 539 8 31020000FE010000
23845.9 541 8 0000000000000000
23853.8 444 8 0000000000000005
23885.1 6C0 7 04030100000000
23886.7 3F1 8 0002000000000000
23888.2 663 8 7814000E00AA0000
23889.6 31C 8 00000000800084F3
23890.9 31D 8 000000000000001F
23892.3 38C 8 000000000000007F
23893.8 38D 8 00000000000000E5
23895.2 6AB 8 00000000000000A0
23916.2 39C 8 FF6F000000000000
23917.5 3C3 8 FF00000000000000
23919.0 444 8 0000000000000005
23920.5 537 8 8080808080800000
23922.1 538 8 8080008080000080
23932.0 31C 8 00000000800084F3
23933.5 31D 8 000000000000001F
23963.3 444 8 0000000000000005
23964.7 3F1 8 0002000000000000
23978.7 663 8 7814000E00AA0000
23980.3 31C 8 00000000800084F3
23981.7 31D 8 000000000000001F
23983.0 38C 8 000000000000007F
24010.0 38D 8 00000000000000E5
24011.3 39C 8 FF6F000000000000
24012.7 3C3 8 FF00000000000000
24014.0 444 8 0000000000000005
24041.3 31C 8 00000000800084F3
24042.6 31D 8 000000000000001F
24072.3 444 8 0000000000000005
24073.7 6C0 7 04030100000000
24075.3 3F1 8 0002000000000000
24076.5 484 8 0000000000000000
24078.5 523 8 CD1F7770450E0B02
24079.8 52E 5 603F000000
24081.1 585 8 902C00000000003F
24082.4 64C 2 0011
24083.7 663 8 7814000E00AA0000
24085.0 6B2 8 FFFEFF0F880000C5
24086.3 31C 8 00000000800084F3
24087.3 31D 8 000000000000001F
24103.8 38C 8 000000000000007F
24105.4 38D 8 00000000000000E5
24107.0 5FB 8 000000000000007E
24108.6 539 8 31020000FE010000
24110.0 541 8 0000000000000000
24111.5 5FA 8 000000000000F8FF
24112.7 6AB 8 00000000000000A0
24114.0 39C 8 FF6F000000000000
24115.4 3C3 8 FF00000000000000
24116.7 444 8 0000000000000005
24117.9 537 8 8080808080800000
24135.2 538 8 8080008080000080
24136.8 31C 8 00000000800084F3
24138.4 5EA 8 0000000000000016
24139.7 31D 8 000000000000001F
24141.9 5EB 8 0000000000000007
24143.2 5EC 8 000000000000000F
24144.4 66B 8 7700000000000000
24166.3 66C 8 DF09000000000000
24168.0 444 8 0000000000000005
24169.4 3F1 8 0002000000000000
24170.7 663 8 7814000E00AA0000
24182.1 31C 8 00000000800084F3
24183.5 31D 8 000000000000001F
24185.0 38C 8 000000000000007F
24213.2 38D 8 00000000000000E5
24214.7 39C 8 FF6F000000000000
24216.2 3C3 8 FF00000000000000
24217.6 444 8 0000000000000005
24244.5 31C 8 00000000800084F3
24246.3 31D 8 000000000000001F
24260.1 444 8 0000000000000005
24275.6 6C0 7 04030100000000
24277.1 3F1 8 0002000000000000
24278.7 663 8 7814000E00AA0000
24280.2 31C 8 00000000800084F3
24281.6 31D 8 000000000000001F
24307.2 38C 8 000000000000007F
24308.9 38D 8 00000000000000E5
24310.3 6AB 8 00000000000000A0
24311.7 39C 8 FF6F000000000000
24313.2 3C3 8 FF00000000000000
24314.7 444 8 0000000000000005
24316.3 537 8 8080808080800000
24322.8 538 8 8080008080000080
24324.3 523 8 CD1F7770450E0B02
24325.8 52E 5 603F000000
24327.2 31C 8 00000000800084F3
24328.7 31D 8 000000000000001F
24338.7 539 8 31020000FE010000
24340.2 541 8 0000000000000000
24354.4 444 8 0000000000000005
24369.7 3F1 8 0002000000000000
24371.5 663 8 7814000E00AA0000
24372.9 31C 8 00000000800084F3
24385.5 31D 8 000000000000001F
24386.9 38C 8 000000000000007F
24388.5 38D 8 00000000000000E5
24400.9 39C 8 FF6F000000000000
24402.5 3C3 8 FF00000000000000
24404.1 444 8 0000000000000005
24432.4 31C 8 00000000800084F3
24433.8 31D 8 000000000000001F
24447.8 444 8 0000000000000005
24463.5 6C0 7 04030100000000
24464.7 3F1 8 0002000000000000
24465.9 663 8 7814000E00AA0000
24479.4 31C 8 00000000800084F3
24480.7 31D 8 000000000000001F
24482.3 38C 8 000000000000007F
24495.1 38D 8 00000000000000E5
24496.7 6AB 8 00000000000000A0
24498.1 39C 8 FF6F000000000000
24499.3 3C3 8 FF00000000000000
24510.5 444 8 0000000000000005
24512.0 537 8 8080808080800000
24513.2 538 8 8080008080000080
24526.4 31C 8 00000000800084F3
24527.7 31D 8 000000000000001F
24557.5 444 8 0000000000000005
24573.3 3F1 8 0002000000000000
24575.9 484 8 0000000000000000
24577.8 523 8 CD1F7770450E0B02
24579.3 52E 5 603F000000
24580.6 663 8 7814000E00AA0000
24581.7 31C 8 00000000800084F3
24583.5 31D 8 000000000000001F
24588.5 38C 8 000000000000007F
24590.0 38D 8 00000000000000E5
24592.4 539 8 31020000FE010000
24593.8 541 8 0000000000000000
24595.0 39C 8 FF6F000000000000
24604.3 3C3 8 FF00000000000000
24605.7 444 8 0000000000000005
24620.0 31C 8 00000000800084F3
24621.4 5EA 8 0000000000000016
24635.4 31D 8 000000000000001F
24639.7 5EB 8 0000000000000007
24641.6 5EC 8 000000000000000F
24642.9 66B 8 7700000000000000
24651.0 66C 8 DF09000000000000
24652.5 444 8 0000000000000005
24666.7 6C0 7 04030100000000
24668.4 3F1 8 0002000000000000
24669.8 663 8 7814000E00AA0000
24682.4 31C 8 00000000800084F3
24684.0 31D 8 000000000000001F
24686.4 38C 8 000000000000007F
24688.0 38D 8 00000000000000E5
24697.8 6AB 8 00000000000000A0
24699.3 39C 8 FF6F000000000000
24700.7 3C3 8 FF00000000000000
24702.2 444 8 0000000000000005
24713.8 537 8 8080808080800000
24715.4 538 8 8080008080000080
24729.4 31C 8 00000000800084F3
24730.9 31D 8 000000000000001F
24760.5 444 8 0000000000000005
24776.1 3F1 8 0002000000000000
24777.8 663 8 7814000E00AA0000
24779.1 31C 8 00000000800084F3
24780.7 31D 8 000000000000001F
24792.0 38C 8 000000000000007F
24793.5 38D 8 00000000000000E5
24794.8 39C 8 FF6F000000000000
24807.5 3C3 8 FF00000000000000
24808.9 444 8 0000000000000005
24822.8 523 8 CD1F7770450E0B02
24824.2 52E 5 603F000000
24825.6 31C 8 00000000800084F3
24827.1 31D 8 000000000000001F
24838.8 539 8 31020000FE010000
24840.2 541 8 0000000000000000
24854.4 444 8 0000000000000005
24870.1 6C0 7 04030100000000
24871.6 3F1 8 0002000000000000
24873.4 663 8 7814000E00AA0000
24874.7 31C 8 00000000800084F3
24885.5 31D 8 000000000000001F
24886.8 38C 8 000000000000007F
24888.6 38D 8 00000000000000E5
24890.4 6AB 8 00000000000000A0
24901.4 39C 8 FF6F000000000000
24903.0 3C3 8 FF00000000000000
24904.3 444 8 0000000000000005
24917.0 537 8 8080808080800000
24918.3 538 8 8080008080000080
24932.7 31C 8 00000000800084F3
24934.4 31D 8 000000000000001F
24947.8 444 8 0000000000000005
24963.7 3F1 8 0002000000000000
24965.2 663 8 7814E00E00AA0000
24979.3 31C 8 00000000800084F3
24980.9 31D 8 000000000000001F
24982.5 38C 8 000000000000007F
24995.1 38D 8 00000000000000E5
24996.7 39C 8 FF6F000000000000
24998.0 3C3 8 FF00000000000000
25010.7 444 8 0000000000000005
25026.1 31C 8 00000000800084F3
25027.5 31D 8 000000000000001F
25057.5 444 8 0000000000000005
25073.7 6C0 7 04030100000000
25075.7 3F1 8 0002000000000000
25077.4 484 8 0000000000000000
25078.9 523 8 CD1F7770450E0B02
25080.6 52E 5 603F000000
25082.0 585 8 902C00000000003F
25084.2 64C 2 0011
25086.3 663 8 7814E00E00AA0000
25087.6 6B2 8 FFFEFF0F880080C5
25089.0 31C 8 00000000800084F3
25090.2 31D 8 000000000000001F
25104.4 38C 8 000000000000007F
25105.9 38D 8 00000000000000E5
25107.4 5FB 8 000000000000007E
25108.9 539 8 31020000FE010000
25110.3 541 8 0000000000000000
25111.6 5FA 8 000000000000F8FF
25113.1 6AB 8 00000000000000A0
25114.3 39C 8 FF6F000000000000
25115.6 3C3 8 FF00000000000000
25116.8 444 8 0000000000000005
25118.1 537 8 8080808080800000
25119.8 538 8 8080008080000080
25121.5 31C 8 00000000800084F3
25123.0 5EA 8 0000000000000016
25135.4 31D 8 000000000000001F
25136.8 5EB 8 0000000000000007
25138.2 5EC 8 000000000000000F
25139.5 66B 8 7700000000000000
25151.0 66C 8 DF09000000000000
25152.4 444 8 0000000000000005
25166.6 3F1 8 0002000000000000
25168.0 663 8 7814E00E00AA0000
25182.4 31C 8 00000000800084F3
25184.0 31D 8 000000000000001F
25185.4 38C 8 000000000000007F
25187.7 38D 8 00000000000000E5
25198.0 39C 8 FF6F000000000000
25199.6 3C3 8 FF00000000000000
25201.1 444 8 0000000000000005
25229.4 31C 8 00000000800084F3
25231.0 31D 8 000000000000001F
25260.6 444 8 0000000000000005
25275.9 6C0 7 04030100000000
25277.3 3F1 8 0002000000000000
25278.6 663 8 7814E00E00AA0000
25279.9 31C 8 00000000800084F3
25281.2 31D 8 000000000000001F
25291.8 38C 8 000000000000007F
25293.4 38D 8 00000000000000E5
25294.7 6AB 8 00000000000000A0
25296.1 39C 8 FF6F000000000000
25307.5 3C3 8 FF00000000000000
25309.1 444 8 0000000000000005
25310.5 537 8 8080808080800000
25312.0 538 8 8080008080000080
25322.8 523 8 CD1F7770450E0B02
25324.3 52E 5 603F000000
25325.7 31C 8 00000000800084F3
25327.2 31D 8 000000000000001F
25338.7 539 8 31020000FE010000
25340.1 541 8 0000000000000000
25354.4 444 8 0000000000000005
25369.7 3F1 8 0002000000000000
25371.2 663 8 7814E00E00AA0000
25372.5 31C 8 00000000800084F3
25385.4 31D 8 000000000000001F
25386.9 38C 8 000000000000007F
25388.5 38D 8 00000000000000E5
25401.0 39C 8 FF6F000000000000
25402.2 3C3 8 FF00000000000000
25403.4 444 8 0000000000000005
25432.5 31C 8 00000000800084F3
25434.1 31D 8 000000000000001F
25447.8 444 8 0000000000000005
25463.4 6C0 7 04030100000000
25465.0 3F1 8 0002000000000000
25479.3 663 8 7814E00E00AA0000
25480.5 31C 8 00000000800084F3
25482.0 31D 8 000000000000001F
25483.5 38C 8 000000000000007F
25495.2 38D 8 00000000000000E5
25496.6 6AB 8 00000000000000A0
25498.1 39C 8 FF6F000000000000
25499.2 3C3 8 FF00000000000000
25510.6 444 8 0000000000000005
25512.2 537 8 8080808080800000
25513.4 538 8 8080008080000080
25526.5 31C 8 00000000800084F3
25528.5 31D 8 000000000000001F
25557.4 444 8 0000000000000005
25573.2 3F1 8 0002000000000000
25574.5 484 8 0000000000000000
25575.8 523 8 CD1F7770450E0B02
25577.3 52E 5 603F000000
25578.7 663 8 7814E00E00AA0000
25579.8 31C 8 00000000800084F3
25580.9 31D 8 000000000000001F
25589.4 38C 8 000000000000007F
25591.0 38D 8 00000000000000E5
25592.7 539 8 31020000FE010000
25594.5 541 8 0000000000000000
25596.4 39C 8 FF6F000000000000
25604.4 3C3 8 FF00000000000000
25605.8 444 8 0000000000000005
25620.0 31C 8 00000000800084F3
25621.4 5EA 8 0000000000000016
25636.1 31D 8 000000000000001F
25637.6 5EB 8 0000000000000007
25638.8 5EC 8 000000000000000F
25640.0 66B 8 7700000000000000
25650.9 66C 8 DF09000000000000
25652.6 444 8 0000000000000005
25666.5 6C0 7 04030100000000
25667.9 3F1 8 0002000000000000
25669.2 663 8 7814E00E00AA0000
25682.2 31C 8 00000000800084F3
25683.9 31D 8 000000000000001F
25685.4 38C 8 000000000000007F
25686.7 38D 8 00000000000000E5
25697.8 6AB 8 00000000000000A0
25699.1 39C 8 FF6F000000000000
25700.5 3C3 8 FF00000000000000
25702.2 444 8 0000000000000005
25713.7 537 8 8080808080800000
25715.1 538 8 8080008080000080
25729.4 31C 8 00000000800084F3
25731.0 31D 8 000000000000001F
25760.7 444 8 0000000000000005
25775.9 3F1 8 0002000000000000
25777.5 663 8 7814E00E00AA0000
25778.9 31C 8 00000000800084F3
25780.3 31D 8 000000000000001F
25792.0 38C 8 000000000000007F
25793.5 38D 8 00000000000000E5
25794.9 39C 8 FF6F000000000000
25807.5 3C3 8 FF00000000000000
25809.0 444 8 0000000000000005
25822.8 523 8 CD1F7770450E0B02
25824.4 52E 5 603F000000
25825.9 31C 8 00000000800084F3
25827.8 31D 8 000000000000001F
25838.7 539 8 31020000FE010000
25840.9 541 8 0000000000000000
25854.5 444 8 0000000000000005
25869.9 6C0 7 04030100000000
25871.5 3F1 8 0002000000000000
25873.0 663 8 7814E00E00AA0000
25874.4 31C 8 00000000800084F3
25885.3 31D 8 000000000000001F
25886.8 38C 8 000000000000007F
25888.3 38D 8 00000000000000E5
25889.6 6AB 8 00000000000000A0
25900.9 39C 8 FF6F000000000000
25902.7 3C3 8 FF00000000000000
25904.0 444 8 0000000000000005
25916.8 537 8 8080808080800000
25918.2 538 8 8080008080000080
25932.4 31C 8 00000000800084F3
25933.7 31D 8 000000000000001F
25947.9 444 8 0000000000000005
25963.8 3F1 8 0002000000000000
25965.6 663 8 7814E00E00AA0000
25979.4 31C 8 00000000800084F3
25981.0 31D 8 000000000000001F
25982.5 38C 8 000000000000007F
25995.1 38D 8 00000000000000E5
26002.5 39C 8 FF6F000000000000
26004.4 3C3 8 FF00000000000000
26010.6 444 8 0000000000000005
26026.2 31C 8 00000000800084F3
26027.5 31D 8 000000000000001F
26057.5 444 8 0000000000000005
26073.2 6C0 7 04030100000000
26074.7 3F1 8 0002000000000000
26076.2 484 8 0000000000000000
26077.7 523 8 CD1F7770450E0B02
26079.3 52E 5 603F000000
26080.6 585 8 902C00000000003F
26082.5 64C 2 0011
26083.7 663 8 7814E00E00AA0000
26085.3 6B2 8 FFFEFF0F880000C6
26086.6 31C 8 00000000800084F3
26087.7 31D 8 000000000000001F
26104.6 38C 8 000000000000007F
26106.4 38D 8 00000000000000E5
26108.4 5FB 8 000000000000007E
26110.3 539 8 31020000FE010000
26111.8 541 8 0000000000000000
26113.5 5FA 8 000000000000F8FF
26114.8 6AB 8 00000000000000A0
26116.3 39C 8 FF6F000000000000
26117.6 3C3 8 FF00000000000000
26118.8 444 8 0000000000000005
26120.1 537 8 8080808080800000
26135.3 538 8 8080008080000080
26136.8 31C 8 00000000800084F3
26138.2 5EA 8 0000000000000016
26139.6 31D 8 000000000000001F
26141.1 5EB 8 0000000000000007
26142.4 5EC 8 000000000000000F
26144.1 66B 8 7700000000000000
26150.9 66C 8 DF09000000000000
26152.4 444 8 0000000000000005
26166.5 3F1 8 0002000000000000
26168.0 663 8 7814E00E00AA0000
26182.3 31C 8 00000000800084F3
26183.8 31D 8 000000000000001F
26185.4 38C 8 000000000000007F
26186.8 38D 8 00000000000000E5
26197.8 39C 8 FF6F000000000000
26199.4 3C3 8 FF00000000000000
26200.7 444 8 0000000000000005
26229.6 31C 8 00000000800084F3
26231.3 31D 8 000000000000001F
26261.5 444 8 0000000000000005
26276.2 6C0 7 04030100000000
26277.7 3F1 8 0002000000000000
26279.3 663 8 7814E00E00AA0000
26280.6 31C 8 00000000800084F3
26281.9 31D 8 000000000000001F
26291.8 38C 8 000000000000007F
26293.2 38D 8 00000000000000E5
26294.5 6AB 8 00000000000000A0
26295.7 39C 8 FF6F000000000000
26307.6 3C3 8 FF00000000000000
26309.1 444 8 0000000000000005
26310.5 537 8 8080808080800000
26311.9 538 8 8080008080000080
26322.8 523 8 CD1F7770450E0B02
26324.1 52E 5 603F000000
26325.4 31C 8 00000000800084F3
26326.8 31D 8 000000000000001F
26338.8 539 8 31020000FE010000
26340.3 541 8 0000000000000000
26354.3 444 8 0000000000000005
26369.7 3F1 8 0002000000000000
26371.2 663 8 7814E00E00AA0000
26372.6 31C 8 00000000800084F3
26385.4 31D 8 000000000000001F
26387.2 38C 8 000000000000007F
26388.6 38D 8 00000000000000E5
26400.9 39C 8 FF6F000000000000
26402.2 3C3 8 FF00000000000000
26403.5 444 8 0000000000000005
26432.5 31C 8 00000000800084F3
26433.9 31D 8 000000000000001F
26447.7 444 8 0000000000000005
26463.5 6C0 7 04030100000000
26465.2 3F1 8 0002000000000000
26467.0 663 8 7814E00E00AA0000
26479.4 31C 8 00000000800084F3
26480.9 31D 8 000000000000001F
26482.4 38C 8 000000000000007F
26495.0 38D 8 00000000000000E5
26496.5 6AB 8 00000000000000A0
26497.8 39C 8 FF6F000000000000
26499.3 3C3 8 FF00000000000000
26510.5 444 8 0000000000000005
26512.1 537 8 8080808080800000
26513.3 538 8 8080008080000080
26526.1 31C 8 00000000800084F3
26527.7 31D 8 000000000000001F
26557.6 444 8 0000000000000005
26573.2 3F1 8 0002000000000000
26574.6 484 8 0000000000000000
26576.1 523 8 CD1F7770450E0B02
26577.6 52E 5 603F000000
26579.0 663 8 7814E00E00AA0000
26580.2 31C 8 00000000800084F3
26581.5 31D 8 000000000000001F
26588.4 38C 8 000000000000007F
26589.7 38D 8 00000000000000E5
26591.2 539 8 31020000FE010000
26592.7 541 8 0000000000000000
26594.3 39C 8 FF6F000000000000
26604.5 3C3 8 FF00000000000000
26607.2 444 8 0000000000000005
26619.9 31C 8 00000000800084F3
26621.2 5EA 8 0000000000000016
26635.5 31D 8 000000000000001F
26637.0 5EB 8 0000000000000007
26638.5 5EC 8 000000000000000F
26639.8 66B 8 7700000000000000
26651.0 66C 8 DF09000000000000
26652.9 444 8 0000000000000005
26666.5 6C0 7 04030100000000
26668.5 3F1 8 0002000000000000
26669.7 663 8 7814E00E00AA0000
26682.3 31C 8 00000000800084F3
26683.5 31D 8 000000000000001F
26685.1 38C 8 000000000000007F
26686.5 38D 8 00000000000000E5
26697.9 6AB 8 00000000000000A0
26699.2 39C 8 FF6F000000000000
26700.7 3C3 8 FF00000000000000
26702.1 444 8 0000000000000005
26713.7 537 8 8080808080800000
26715.4 538 8 8080008080000080
26729.3 31C 8 00000000800084F3
26730.7 31D 8 000000000000001F
26760.6 444 8 0000000000000005
26776.0 3F1 8 0002000000000000
26777.5 663 8 7814E00E00AA0000
26778.9 31C 8 00000000800084F3
26780.3 31D 8 000000000000001F
26791.7 38C 8 000000000000007F
26793.2 38D 8 00000000000000E5
26794.6 39C 8 FF6F000000000000
26807.5 3C3 8 FF00000000000000
26809.0 444 8 0000000000000005
26822.9 523 8 CD1F7770450E0B02
26824.3 52E 5 603F000000
26825.8 31C 8 00000000800084F3
26827.7 31D 8 000000000000001F
26838.7 539 8 31020000FE010000
26840.2 541 8 0000000000000000
26854.3 444 8 0000000000000005
26870.1 6C0 7 04030100000000
26871.4 3F1 8 0002000000000000
26873.1 663 8 7814E00E00AA0000
26874.6 31C 8 00000000800084F3
26885.4 31D 8 000000000000001F
26887.8 38C 8 000000000000007F
26889.3 38D 8 00000000000000E5
26890.6 6AB 8 00000000000000A0
26900.9 39C 8 FF6F000000000000
26902.3 3C3 8 FF00000000000000
26903.7 444 8 0000000000000005
26916.9 537 8 8080808080800000
26918.3 538 8 8080008080000080
26932.5 31C 8 00000000800084F3
26933.8 31D 8 000000000000001F
26947.7 444 8 0000000000000005
26963.6 3F1 8 0002000000000000
26965.2 663 8 7814E00E00AA0000
26979.2 31C 8 00000000800084F3
26980.9 31D 8 000000000000001F
26982.3 38C 8 000000000000007F
26995.0 38D 8 00000000000000E5
26996.4 39C 8 FF6F000000000000
26998.0 3C3 8 FF00000000000000
27010.6 444 8 0000000000000005
27026.2 31C 8 00000000800084F3
27027.7 31D 8 000000000000001F
27057.5 444 8 0000000000000005
27073.3 6C0 7 04030100000000
27074.9 3F1 8 0002000000000000
27076.2 484 8 0000000000000000
27077.6 523 8 CD1F7770450E0B02
27078.7 52E 5 603F000000
27079.9 585 8 902C00000000003F
27081.0 64C 2 0011
27082.2 663 8 7814E00E00AA0000
27083.5 6B2 8 FFFEFF0F880080C6
27084.9 31C 8 00000000800084F3
27086.2 31D 8 000000000000001F
27088.8 38C 8 000000000000007F
27090.0 38D 8 00000000000000E5
27092.2 5FB 8 000000000000007E
27093.8 539 8 31020000FE010000
27095.2 541 8 0000000000000000
27096.4 5FA 8 000000000000F8FF
27097.7 6AB 8 00000000000000A0
27098.8 39C 8 FF6F000000000000
27104.6 3C3 8 FF00000000000000
27106.2 444 8 0000000000000005
27108.0 537 8 8080808080800000
27119.8 538 8 8080008080000080
27121.6 31C 8 00000000800084F3
27123.1 5EA 8 0000000000000016
27135.4 31D 8 000000000000001F
27137.0 5EB 8 0000000000000007
27138.4 5EC 8 000000000000000F
27139.8 66B 8 7700000000000000
27150.9 66C 8 DF09000000000000
27152.5 444 8 0000000000000005
27167.5 3F1 8 0002000000000000
27168.9 663 8 7814E00E00AA0000
27170.2 31C 8 00000000800084F3
27183.4 31D 8 000000000000001F
27185.0 38C 8 000000000000007F
27186.3 38D 8 00000000000000E5
27199.2 39C 8 FF6F000000000000
27200.9 3C3 8 FF00000000000000
27202.4 444 8 0000000000000005
27230.5 31C 8 00000000800084F3
27232.1 31D 8 000000000000001F
27261.4 444 8 0000000000000005
27277.2 6C0 7 04030100000000
27278.6 3F1 8 0002000000000000
27280.0 663 8 7814E00E00AA0000
27281.5 31C 8 00000000800084F3
27282.9 31D 8 000000000000001F
27292.5 38C 8 000000000000007F
27293.9 38D 8 00000000000000E5
27295.3 6AB 8 00000000000000A0
27296.6 39C 8 FF6F000000000000
27297.9 3C3 8 FF00000000000000
27308.5 444 8 0000000000000005
27310.0 537 8 8080808080800000
27311.4 538 8 8080008080000080
27324.2 523 8 CD1F7770450E0B02
27325.8 52E 5 603F000000
27327.2 31C 8 00000000800084F3
27328.5 31D 8 000000000000001F
27339.7 539 8 31020000FE010000
27341.2 541 8 0000000000000000
27355.4 444 8 0000000000000005
27370.9 3F1 8 0002000000000000
27372.5 663 8 7814E00E00AA0000
27374.0 31C 8 00000000800084F3
27386.5 31D 8 000000000000001F
27387.9 38C 8 000000000000007F
27389.4 38D 8 00000000000000E5
27402.2 39C 8 FF6F000000000000
27403.7 3C3 8 FF00000000000000
27405.1 444 8 0000000000000005
27417.5 31C 8 00000000800084F3
27433.7 31D 8 000000000000001F
27449.1 444 8 0000000000000005
27464.7 6C0 7 04030100000000
27466.2 3F1 8 0002000000000000
27467.7 663 8 7814E00E00AA0000
27480.2 31C 8 00000000800084F3
27482.1 31D 8 000000000000001F
27483.6 38C 8 000000000000007F
27495.7 38D 8 00000000000000E5
27497.2 6AB 8 00000000000000A0
27498.8 39C 8 FF6F000000000000
27501.1 3C3 8 FF00000000000000
27511.7 444 8 0000000000000005
27513.0 537 8 8080808080800000
27514.4 538 8 8080008080000080
27527.1 31C 8 00000000800084F3
27528.4 31D 8 000000000000001F
27558.3 444 8 0000000000000005
27574.2 3F1 8 0002000000000000
27575.8 484 8 0000000000000000
27577.1 523 8 CD1F7770450E0B02
27578.7 52E 5 603F000000
27580.0 663 8 7814E00E00AA0000
27581.3 31C 8 00000000800084F3
27582.5 31D 8 000000000000001F
27589.7 38C 8 000000000000007F
27590.9 38D 8 00000000000000E5
27592.3 539 8 31020000FE010000
27593.9 541 8 0000000000000000
27595.3 39C 8 FF6F000000000000
27605.4 3C3 8 FF00000000000000
27607.8 444 8 0000000000000005
27620.7 31C 8 00000000800084F3
27622.3 5EA 8 0000000000000016
27636.5 31D 8 000000000000001F
27638.0 5EB 8 0000000000000007
27639.4 5EC 8 000000000000000F
27640.8 66B 8 7700000000000000
27652.3 66C 8 DF09000000000000
27653.8 444 8 0000000000000005
27667.5 6C0 7 04030100000000
27669.0 3F1 8 0002000000000000
27670.3 663 8 7814E00E00AA0000
27671.7 31C 8 00000000800084F3
27683.5 31D 8 000000000000001F
27685.0 38C 8 000000000000007F
27686.4 38D 8 00000000000000E5
27699.1 6AB 8 00000000000000A0
27700.5 39C 8 FF6F000000000000
27702.0 3C3 8 FF00000000000000
27703.3 444 8 0000000000000005
27714.8 537 8 8080808080800000
27716.4 538 8 8080008080000080
27730.4 31C 8 00000000800084F3
27734.8 31D 8 000000000000001F
27761.7 444 8 0000000000000005
27777.2 3F1 8 0002000000000000
27778.8 663 8 7814E00E00AA0000
27780.3 31C 8 00000000800084F3
27781.7 31D 8 000000000000001F
27792.5 38C 8 000000000000007F
27794.1 38D 8 00000000000000E5
27795.5 39C 8 FF6F000000000000
27796.9 3C3 8 FF00000000000000
27808.5 444 8 0000000000000005
27824.0 523 8 CD1F7770450E0B02
27825.5 52E 5 603F000000
27827.1 31C 8 00000000800084F3
27828.5 31D 8 000000000000001F
27839.8 539 8 31020000FE010000
27841.4 541 8 0000000000000000
27855.4 444 8 0000000000000005
27871.0 6C0 7 04030100000000
27872.5 3F1 8 0002000000000000
27874.1 663 8 7814E00E00AA0000
27875.5 31C 8 00000000800084F3
27886.6 31D 8 000000000000001F
27888.1 38C 8 000000000000007F
27889.6 38D 8 00000000000000E5
27891.0 6AB 8 00000000000000A0
27902.3 39C 8 FF6F000000000000
27903.7 3C3 8 FF00000000000000
27905.2 444 8 0000000000000005
27907.4 537 8 8080808080800000
27917.6 538 8 8080008080000080
27919.0 31C 8 00000000800084F3
27933.4 31D 8 000000000000001F
27949.0 444 8 0000000000000005
27964.7 3F1 8 0002000000000000
27966.2 663 8 7814E00E00AA0000
27980.4 31C 8 00000000800084F3
27982.1 31D 8 000000000000001F
27983.5 38C 8 000000000000007F
27995.7 38D 8 00000000000000E5
27997.2 39C 8 FF6F000000000000
27998.6 3C3 8 FF00000000000000
28011.5 444 8 0000000000000005
28027.1 31C 8 00000000800084F3
28028.4 31D 8 000000000000001F
28058.4 444 8 0000000000000005
28074.5 6C0 7 04030100000000
28076.3 3F1 8 0002000000000000
28078.4 484 8 0000000000000000
28080.2 523 8 CD1F7770450E0B02
28081.8 52E 5 603F000000
28083.1 585 8 902C00000000003F
28084.4 64C 2 0011
28086.0 663 8 7814E00E00AA0000
28087.2 6B2 8 FFFEFF0F880000C7
28088.5 31C 8 00000000800084F3
28089.7 31D 8 000000000000001F
28105.4 38C 8 000000000000007F
28107.2 38D 8 00000000000000E5
28108.8 5FB 8 000000000000007E
28110.2 539 8 31020000FE010000
28111.7 541 8 0000000000000000
28113.3 5FA 8 000000000000F8FF
28114.7 6AB 8 00000000000000A0
28116.0 39C 8 FF6F000000000000
28118.1 3C3 8 FF00000000000000
28119.4 444 8 0000000000000005
28120.7 537 8 8080808080800000
28136.6 538 8 8080008080000080
28138.1 31C 8 00000000800084F3
28139.5 5EA 8 0000000000000016
28140.8 31D 8 000000000000001F
28142.2 5EB 8 0000000000000007
28143.5 5EC 8 000000000000000F
28145.1 66B 8 7700000000000000
28152.1 66C 8 DF09000000000000
28153.5 444 8 0000000000000005
28167.5 3F1 8 0002000000000000
28169.0 663 8 7814E00E00AA0000
28170.4 31C 8 00000000800084F3
28183.3 31D 8 000000000000001F
28184.7 38C 8 000000000000007F
28186.3 38D 8 00000000000000E5
28198.8 39C 8 FF6F000000000000
28200.3 3C3 8 FF00000000000000
28201.7 444 8 0000000000000005
28230.3 31C 8 00000000800084F3
28231.9 31D 8 000000000000001F
28261.7 444 8 0000000000000005
28277.3 6C0 7 04030100000000
28279.0 3F1 8 0002000000000000
28280.4 663 8 7814E00E00AA0000
28281.7 31C 8 00000000800084F3
28283.1 31D 8 000000000000001F
28292.5 38C 8 000000000000007F
28294.0 38D 8 00000000000000E5
28295.5 6AB 8 00000000000000A0
28297.0 39C 8 FF6F000000000000
28298.4 3C3 8 FF00000000000000
28308.4 444 8 0000000000000005
28310.0 537 8 8080808080800000
28312.1 538 8 8080008080000080
28324.1 523 8 CD1F7770450E0B02
28325.6 52E 5 603F000000
28327.1 31C 8 00000000800084F3
28328.5 31D 8 000000000000001F
28339.7 539 8 31020000FE010000
28341.2 541 8 0000000000000000
28355.3 444 8 0000000000000005
28370.9 3F1 8 0002000000000000
28372.4 663 8 7814E00E00AA0000
28374.0 31C 8 00000000800084F3
28386.6 31D 8 000000000000001F
28388.0 38C 8 000000000000007F
28389.5 38D 8 00000000000000E5
28402.2 39C 8 FF6F000000000000
28403.6 3C3 8 FF00000000000000
28404.9 444 8 0000000000000005
28417.5 31C 8 00000000800084F3
28433.5 31D 8 000000000000001F
28449.0 444 8 0000000000000005
28464.7 6C0 7 04030100000000
28466.1 3F1 8 0002000000000000
28467.6 663 8 7814E00E00AA0000
28480.2 31C 8 00000000800084F3
28481.6 31D 8 000000000000001F
28483.0 38C 8 000000000000007F
28495.7 38D 8 00000000000000E5
28497.1 6AB 8 00000000000000A0
28498.6 39C 8 FF6F000000000000
28499.8 3C3 8 FF00000000000000
28511.7 444 8 0000000000000005
28513.2 537 8 8080808080800000
28514.4 538 8 8080008080000080
28527.2 31C 8 00000000800084F3
28531.6 31D 8 000000000000001F
28558.4 444 8 0000000000000005
28574.0 3F1 8 0002000000000000
28575.6 484 8 0000000000000000
28576.9 523 8 CD1F7770450E0B02
28578.5 52E 5 603F000000
28579.7 663 8 7814E00E00AA0000
28580.8 31C 8 00000000800084F3
28582.0 31D 8 000000000000001F
28589.7 38C 8 000000000000007F
28591.3 38D 8 00000000000000E5
28592.7 539 8 31020000FE010000
28594.0 541 8 0000000000000000
28595.2 39C 8 FF6F000000000000
28605.4 3C3 8 FF00000000000000
28607.3 444 8 0000000000000005
28620.9 31C 8 00000000800084F3
28622.7 5EA 8 0000000000000016
28636.6 31D 8 000000000000001F
28638.1 5EB 8 0000000000000007
28639.6 5EC 8 000000000000000F
28641.1 66B 8 7700000000000000
28652.2 66C 8 DF09000000000000
28653.8 444 8 0000000000000005
28667.5 6C0 7 04030100000000
28669.1 3F1 8 0002000000000000
28670.4 663 8 7814E00E00AA0000
28671.8 31C 8 00000000800084F3
28683.5 31D 8 000000000000001F
28685.0 38C 8 000000000000007F
28686.3 38D 8 00000000000000E5
28699.2 6AB 8 00000000000000A0
28700.7 39C 8 FF6F000000000000
28702.3 3C3 8 FF00000000000000
28703.7 444 8 0000000000000005
28714.8 537 8 8080808080800000
28716.2 538 8 8080008080000080
28730.1 31C 8 00000000800084F3
28732.8 31D 8 000000000000001F
28761.5 444 8 0000000000000005
28777.1 3F1 8 0002000000000000
28779.0 663 8 7814E00E00AA0000
28780.8 31C 8 00000000800084F3
28782.5 31D 8 000000000000001F
28792.5 38C 8 000000000000007F
28794.3 38D 8 00000000000000E5
28795.9 39C 8 FF6F000000000000
28797.7 3C3 8 FF00000000000000
28808.3 444 8 0000000000000005
28824.0 523 8 CD1F7770450E0B02
28825.8 52E 5 603F000000
28828.1 31C 8 00000000800084F3
28829.7 31D 8 000000000000001F
28839.6 539 8 31020000FE010000
28841.4 541 8 0000000000000000
28855.3 444 8 0000000000000005
28871.2 6C0 7 04030100000000
28873.9 3F1 8 0002000000000000
28876.8 663 8 7814E00E00AA0000
28878.6 31C 8 00000000800084F3
28886.4 31D 8 000000000000001F
28888.1 38C 8 000000000000007F
28889.5 38D 8 00000000000000E5
28890.9 6AB 8 00000000000000A0
28902.1 39C 8 FF6F000000000000
28903.6 3C3 8 FF00000000000000
28905.3 444 8 0000000000000005
28906.5 537 8 8080808080800000
28917.5 538 8 8080008080000080
28918.9 31C 8 00000000800084F3
28933.3 31D 8 000000000000001F
28949.0 444 8 0000000000000005
28964.6 3F1 8 0002000000000000
28966.7 663 8 7814E00E00AA0000
28980.1 31C 8 00000000800084F3
28981.6 31D 8 000000000000001F
28983.0 38C 8 000000000000007F
28995.7 38D 8 00000000000000E5
28997.1 39C 8 FF6F000000000000
28998.5 3C3 8 FF00000000000000
29011.4 444 8 0000000000000005
29027.1 31C 8 00000000800084F3
29028.7 31D 8 000000000000001F
29058.3 444 8 0000000000000005
29073.9 6C0 7 04030100000000
29075.2 3F1 8 0002000000000000
29076.5 484 8 0000000000000000
29077.7 523 8 CD1F7770450E0B02
29078.8 52E 5 603F000000
29080.0 585 8 902C00000000003F
29081.4 64C 2 0011
29082.5 663 8 7814E00E00AA0000
29083.8 6B2 8 FFFEFF0F880080C7
29085.0 31C 8 00000000800084F3
29086.6 31D 8 000000000000001F
29089.7 38C 8 000000000000007F
29091.2 38D 8 00000000000000E5
29092.7 5FB 8 000000000000007E
29093.9 539 8 31020000FE010000
29095.1 541 8 0000000000000000
29096.3 5FA 8 000000000000F8FF
29097.5 6AB 8 0000000000003FA1
29098.7 39C 8 FF6F000000000000
29105.0 3C3 8 FF00000000000000
29106.4 444 8 0000000000000005
29107.8 537 8 8080808080800000
29120.7 538 8 8080008080000080
29122.3 31C 8 00000000800084F3
29123.9 5EA 8 0000000000000016
29136.6 31D 8 000000000000001F
29138.0 5EB 8 0000000000000007
29139.5 5EC 8 000000000000000F
29141.5 66B 8 7700000000000000
29152.3 66C 8 DF09000000000000
29153.8 444 8 0000000000000005
29167.6 3F1 8 0002000000000000
29169.2 663 8 7814E00E00AA0000
29170.7 31C 8 00000000800084F3
29183.4 31D 8 000000000000001F
29185.0 38C 8 000000000000007F
29186.6 38D 8 00000000000000E5
29199.1 39C 8 FF6F000000000000
29200.9 3C3 8 FF00000000000000
29202.3 444 8 0000000000000005
29230.1 31C 8 00000000800084F3
29231.7 31D 8 000000000000001F
29261.7 444 8 0000000000000005
29277.3 6C0 7 04030100000000
29278.8 3F1 8 0002000000000000
29280.2 663 8 7814E00E00AA0000
29281.6 31C 8 00000000800084F3
29283.2 31D 8 000000000000001F
29292.5 38C 8 000000000000007F
29294.0 38D 8 00000000000000E5
29295.7 6AB 8 0000000000003FA1
29297.1 39C 8 FF6F000000000000
29298.5 3C3 8 FF00000000000000
29308.2 444 8 0000000000000005
29309.8 537 8 8080808080800000
29311.2 538 8 8080008080000080
29324.2 523 8 CD1F7770450E0B02
29325.6 52E 5 603F000000
29327.0 31C 8 00000000800084F3
29328.4 31D 8 000000000000001F
29339.7 539 8 31020000FE010000
29341.8 541 8 0000000000000000
29355.3 444 8 0000000000000005
29370.9 3F1 8 0002000000000000
29372.4 663 8 7814E00E00AA0000
29373.7 31C 8 00000000800084F3
29386.5 31D 8 000000000000001F
29388.1 38C 8 000000000000007F
29389.5 38D 8 00000000000000E5
29402.2 39C 8 FF6F000000000000
29403.8 3C3 8 FF00000000000000
29405.3 444 8 0000000000000005
29417.7 31C 8 00000000800084F3
29433.8 31D 8 000000000000001F
29449.1 444 8 0000000000000005
29464.4 6C0 7 04030100000000
29465.9 3F1 8 0002000000000000
29467.3 663 8 7814E00E00AA0000
29480.0 31C 8 00000000800084F3
29481.6 31D 8 000000000000001F
29482.9 38C 8 000000000000007F
29495.7 38D 8 00000000000000E5
29497.1 6AB 8 0000000000003FA1
29498.6 39C 8 FF6F000000000000
29500.2 3C3 8 FF00000000000000
29511.6 444 8 0000000000000005
29513.0 537 8 8080808080800000
29514.3 538 8 8080008080000080
29527.1 31C 8 00000000800084F3
29528.6 31D 8 000000000000001F
29558.5 444 8 0000000000000005
29573.9 3F1 8 0002000000000000
29575.8 484 8 0000000000000000
29577.6 523 8 CD1F7770450E0B02
29579.2 52E 5 603F000000
29581.2 663 8 7814E00E00AA0000
29584.2 31C 8 00000000800084F3
29586.2 31D 8 000000000000001F
29589.5 38C 8 000000000000007F
29591.3 38D 8 00000000000000E5
29592.8 539 8 31020000FE010000
29594.6 541 8 0000000000000000
29596.2 39C 8 FF6F000000000000
29605.3 3C3 8 FF00000000000000
29607.2 444 8 0000000000000005
29620.7 31C 8 00000000800084F3
29622.3 5EA 8 0000000000000016
29636.3 31D 8 000000000000001F
29637.8 5EB 8 0000000000000007
29639.1 5EC 8 000000000000000F
29640.4 66B 8 7700000000000000
29651.9 66C 8 DF09000000000000
29653.4 444 8 0000000000000005
29667.5 6C0 7 04030100000000
29669.0 3F1 8 0002000000000000
29670.4 663 8 7814E00E00AA0000
29671.9 31C 8 00000000800084F3
29683.3 31D 8 000000000000001F
29685.0 38C 8 000000000000007F
29686.4 38D 8 00000000000000E5
29698.9 6AB 8 0000000000003FA1
29700.4 39C 8 FF6F000000000000
29701.8 3C3 8 FF00000000000000
29703.1 444 8 0000000000000005
29714.6 537 8 8080808080800000
29716.0 538 8 8080008080000080
29730.2 31C 8 00000000800084F3
29732.2 31D 8 000000000000001F
29761.7 444 8 0000000000000005
29777.2 3F1 8 0002000000000000
29779.1 663 8 7814E00E00AA0000
29781.0 31C 8 00000000800084F3
29783.7 31D 8 000000000000001F
29792.6 38C 8 000000000000007F
29794.0 38D 8 00000000000000E5
29795.5 39C 8 FF6F000000000000
29796.9 3C3 8 FF00000000000000
29808.4 444 8 0000000000000005
29824.0 523 8 CD1F7770450E0B02
29825.5 52E 5 603F000000
29827.0 31C 8 00000000800084F3
29828.6 31D 8 000000000000001F
29839.6 539 8 31020000FE010000
29841.1 541 8 0000000000000000
29855.3 444 8 0000000000000005
29870.8 6C0 7 04030100000000
29872.4 3F1 8 0002000000000000
29873.7 663 8 7814E00E00AA0000
29874.9 31C 8 00000000800084F3
29886.6 31D 8 000000000000001F
29888.1 38C 8 000000000000007F
29889.7 38D 8 00000000000000E5
29891.1 6AB 8 0000000000003FA1
29902.3 39C 8 FF6F000000000000
29903.7 3C3 8 FF00000000000000
29905.0 444 8 0000000000000005
29906.6 537 8 8080808080800000
29917.7 538 8 8080008080000080
29919.2 31C 8 00000000800084F3
29933.5 31D 8 000000000000001F
29949.0 444 8 0000000000000005
29964.7 3F1 8 0002000000000000
29966.0 663 8 7814E00E00AA0000
29980.4 31C 8 00000000800084F3
29982.0 31D 8 000000000000001F
29983.4 38C 8 000000000000007F
29995.8 38D 8 00000000000000E5
29998.4 39C 8 FF6F000000000000
29999.9 3C3 8 FF00000000000000
30011.6 444 8 0000000000000005
30027.2 31C 8 00000000800084F3
30028.4 31D 8 000000000000001F
30058.4 444 8 0000000000000005
30074.0 6C0 7 04030100000000
30075.5 3F1 8 0002000000000000
30076.8 484 8 0000000000000000
30078.8 523 8 CD1F7770450E0B02
30080.1 52E 5 603F000000
30081.3 585 8 902C00000000003F
30082.4 64C 2 0011
30083.5 663 8 7814E00E00AA0000
30084.7 6B2 8 FFFEFF0F880000C8
30086.2 31C 8 00000000800084F3
30087.4 31D 8 000000000000001F
30089.7 38C 8 000000000000007F
30100.5 38D 8 00000000000000E5
30102.0 5FB 8 000000000000007E
30103.5 539 8 31020000FE010000
30105.8 541 8 0000000000000000
30107.4 5FA 8 000000000000F8FF
30108.9 6AB 8 0000000000003FA1
30110.4 39C 8 FF6F000000000000
30120.7 3C3 8 FF00000000000000
30122.0 444 8 0000000000000005
30123.7 537 8 8080808080800000
30124.9 538 8 8080008080000080
30126.2 31C 8 00000000800084F3
30127.6 5EA 8 0000000000000016
30136.6 31D 8 000000000000001F
30138.0 5EB 8 0000000000000007
30139.6 5EC 8 000000000000000F
30141.0 66B 8 7700000000000000
30152.2 66C 8 DF09000000000000
30153.6 444 8 0000000000000005
30167.6 3F1 8 0002000000000000
30169.1 663 8 7814E00E00AA0000
30170.5 31C 8 00000000800084F3
30183.4 31D 8 000000000000001F
30184.9 38C 8 000000000000007F
30186.4 38D 8 00000000000000E5
30199.1 39C 8 FF6F000000000000
30200.6 3C3 8 FF00000000000000
30202.4 444 8 0000000000000005
30230.4 31C 8 00000000800084F3
30232.1 31D 8 000000000000001F
30261.7 444 8 0000000000000005
30277.2 6C0 7 04030100000000
30278.7 3F1 8 0002000000000000
30280.0 663 8 7814E00E00AA0000
30281.3 31C 8 00000000800084F3
30282.6 31D 8 000000000000001F
30292.5 38C 8 000000000000007F
30294.0 38D 8 00000000000000E5
30295.5 6AB 8 0000000000003FA1
30297.1 39C 8 FF6F000000000000
30298.5 3C3 8 FF00000000000000
30308.4 444 8 0000000000000005
30310.0 537 8 8080808080800000
30311.5 538 8 8080008080000080
30324.1 523 8 CD1F7770450E0B02
30325.6 52E 5 603F000000
30327.0 31C 8 00000000800084F3
30328.5 31D 8 000000000000001F
30339.6 539 8 31020000FE010000
30341.0 541 8 0000000000000000
30355.3 444 8 0000000000000005
30371.0 3F1 8 0002000000000000
30372.4 663 8 7814E00E00AA0000
30373.9 31C 8 00000000800084F3
30386.6 31D 8 000000000000001F
30388.1 38C 8 000000000000007F
30389.4 38D 8 00000000000000E5
30402.2 39C 8 FF6F000000000000
30403.6 3C3 8 FF00000000000000
30405.1 444 8 0000000000000005
30417.6 31C 8 00000000800084F3
30433.5 31D 8 000000000000001F
30449.2 444 8 0000000000000005
30465.0 6C0 7 04030100000000
30466.7 3F1 8 0002000000000000
30468.1 663 8 7814E00E00AA0000
30480.4 31C 8 00000000800084F3
30481.9 31D 8 000000000000001F
30483.5 38C 8 000000000000007F
30495.8 38D 8 00000000000000E5
30497.4 6AB 8 0000000000003FA1
30499.1 39C 8 FF6F000000000000
30500.6 3C3 8 FF00000000000000
30511.8 444 8 0000000000000005
30513.4 537 8 8080808080800000
30514.9 538 8 8080008080000080
30527.1 31C 8 00000000800084F3
30528.3 31D 8 000000000000001F
30558.5 444 8 0000000000000005
30574.1 3F1 8 0002000000000000
30576.0 484 8 0000000000000000
30577.3 523 8 CD1F7770450E0B02
30578.7 52E 5 603F000000
30580.0 663 8 7814E00E00AA0000
30581.3 31C 8 00000000800084F3
30582.6 31D 8 000000000000001F
30589.6 38C 8 000000000000007F
30591.1 38D 8 00000000000000E5
30592.6 539 8 31020000FE010000
30594.0 541 8 0000000000000000
30596.1 39C 8 FF6F000000000000
30605.7 3C3 8 FF00000000000000
30607.2 444 8 0000000000000005
30620.7 31C 8 00000000800084F3
30622.2 5EA 8 0000000000000016
30636.7 31D 8 000000000000001F
30638.3 5EB 8 0000000000000007
30640.0 5EC 8 000000000000000F
30641.8 66B 8 7700000000000000
30652.2 66C 8 DF09000000000000
30653.4 444 8 0000000000000005
30667.5 6C0 7 04030100000000
30669.0 3F1 8 0002000000000000
30670.3 663 8 7814E00E00AA0000
30671.5 31C 8 00000000800084F3
30683.5 31D 8 000000000000001F
30684.7 38C 8 000000000000007F
30686.5 38D 8 00000000000000E5
30699.0 6AB 8 0000000000003FA1
30700.4 39C 8 FF6F000000000000
30701.7 3C3 8 FF00000000000000
30703.0 444 8 0000000000000005
30715.0 537 8 8080808080800000
30716.5 538 8 8080008080000080
30730.3 31C 8 00000000800084F3
30731.9 31D 8 000000000000001F
30761.7 444 8 0000000000000005
30777.8 3F1 8 0002000000000000
30779.4 663 8 7814E00E00AA0000
30781.4 31C 8 00000000800084F3
30783.1 31D 8 000000000000001F
30784.4 38C 8 000000000000007F
30792.8 38D 8 00000000000000E5
30794.3 39C 8 FF6F000000000000
30795.8 3C3 8 FF00000000000000
30808.7 444 8 0000000000000005
30824.4 523 8 CD1F7770450E0B02
30826.1 52E 5 603F000000
30828.1 31C 8 00000000800084F3
30829.9 31D 8 000000000000001F
30839.8 539 8 31020000FE010000
30841.4 541 8 0000000000000000
30855.6 444 8 0000000000000005
30871.2 6C0 7 04030100000000
30872.7 3F1 8 0002000000000000
30874.2 663 8 7814E00E00AA0000
30875.6 31C 8 00000000800084F3
30886.9 31D 8 000000000000001F
30888.4 38C 8 000000000000007F
30889.9 38D 8 00000000000000E5
30891.4 6AB 8 0000000000003FA1
30902.3 39C 8 FF6F000000000000
30903.8 3C3 8 FF00000000000000
30905.4 444 8 0000000000000005
30906.8 537 8 8080808080800000
30917.7 538 8 8080008080000080
30919.2 31C 8 00000000800084F3
30933.6 31D 8 000000000000001F
30949.3 444 8 0000000000000005
30964.8 3F1 8 0002000000000000
30966.5 663 8 7814E00E00AA0000
30980.5 31C 8 00000000800084F3
30982.0 31D 8 000000000000001F
30983.5 38C 8 000000000000007F
30995.9 38D 8 00000000000000E5
30997.5 39C 8 FF6F000000000000
30999.3 3C3 8 FF00000000000000
31012.0 444 8 0000000000000005
31027.4 31C 8 00000000800084F3
31028.9 31D 8 000000000000001F
31058.7 444 8 0000000000000005
31074.3 6C0 7 04030100000000
31075.7 3F1 8 0002000000000000
31077.0 484 8 0000000000000000
31078.3 523 8 CD1F7770450E0B02
31079.7 52E 5 603F000000
31081.1 585 8 902C00000000003F
31082.5 64C 2 0011
31083.7 663 8 7814E00E00AA0000
31085.1 6B2 8 FFFEFF0F880080C8
31086.4 31C 8 00000000800084F3
31087.7 31D 8 000000000000001F
31089.8 38C 8 000000000000007F
31091.4 38D 8 00000000000000E5
31092.9 5FB 8 000000000000007E
31094.3 539 8 31020000FE010000
31095.7 541 8 0000000000000000
31097.0 5FA 8 000000000000F8FF
31098.6 6AB 8 0000000000003FA1
31099.9 39C 8 FF6F000000000000
31105.9 3C3 8 FF00000000000000
31107.9 444 8 0000000000000005
31109.5 537 8 8080808080800000
31120.8 538 8 8080008080000080
31122.3 31C 8 00000000800084F3
31123.9 5EA 8 0000000000000016
31136.7 31D 8 000000000000001F
31138.3 5EB 8 0000000000000007
31139.7 5EC 8 000000000000000F
31141.2 66B 8 7700000000000000
31152.3 66C 8 DF09000000000000
31153.8 444 8 0000000000000005
31167.7 3F1 8 0002000000000000
31169.2 663 8 7814E00E00AA0000
31170.7 31C 8 00000000800084F3
31183.6 31D 8 000000000000001F
31185.2 38C 8 000000000000007F
31187.5 38D 8 00000000000000E5
31199.6 39C 8 FF6F000000000000
31201.2 3C3 8 FF00000000000000
31202.7 444 8 0000000000000005
31230.6 31C 8 00000000800084F3
31232.1 31D 8 000000000000001F
31261.9 444 8 0000000000000005
31277.2 6C0 7 04030100000000
31278.8 3F1 8 0002000000000000
31280.2 663 8 7814E00E00AA0000
31281.7 31C 8 00000000800084F3
31283.5 31D 8 000000000000001F
31292.7 38C 8 000000000000007F
31294.2 38D 8 00000000000000E5
31295.7 6AB 8 0000000000003FA1
31297.1 39C 8 FF6F000000000000
31298.6 3C3 8 FF00000000000000
31308.6 444 8 0000000000000005
31310.1 537 8 8080808080800000
31311.5 538 8 8080008080000080
31324.3 523 8 CD1F7770450E0B02
31325.8 52E 5 603F000000
31327.2 31C 8 00000000800084F3
31328.6 31D 8 000000000000001F
31339.8 539 8 31020000FE010000
31341.3 541 8 0000000000000000
31355.5 444 8 0000000000000005
31371.2 3F1 8 0002000000000000
31372.7 663 8 7814E00E00AA0000
31374.3 31C 8 00000000800084F3
31386.9 31D 8 000000000000001F
31388.5 38C 8 000000000000007F
31390.0 38D 8 00000000000000E5
31402.4 39C 8 FF6F000000000000
31403.9 3C3 8 FF00000000000000
31405.2 444 8 0000000000000005
31417.6 31C 8 00000000800084F3
31433.7 31D 8 000000000000001F
31449.3 444 8 0000000000000005
31465.0 6C0 7 04030100000000
31466.4 3F1 8 0002000000000000
31467.7 663 8 7814E00E00AA0000
31480.4 31C 8 00000000800084F3
31482.1 31D 8 000000000000001F
31483.7 38C 8 000000000000007F
31495.8 38D 8 00000000000000E5
31497.4 6AB 8 0000000000003FA1
31498.8 39C 8 FF6F000000000000
31500.5 3C3 8 FF00000000000000
31511.7 444 8 0000000000000005
31513.2 537 8 8080808080800000
31514.6 538 8 8080008080000080
31527.4 31C 8 00000000800084F3
31528.9 31D 8 000000000000001F
31558.7 444 8 0000000000000005
31574.3 3F1 8 0002000000000000
31575.8 484 8 0000000000000000
31577.3 523 8 CD1F7770450E0B02
31578.7 52E 5 603F000000
31580.2 663 8 7814E00E00AA0000
31581.5 31C 8 00000000800084F3
31582.9 31D 8 000000000000001F
31589.8 38C 8 000000000000007F
31591.4 38D 8 00000000000000E5
31592.8 539 8 31020000FE010000
31594.2 541 8 0000000000000000
31595.5 39C 8 FF6F000000000000
31605.5 3C3 8 FF00000000000000
31607.3 444 8 0000000000000005
31620.9 31C 8 00000000800084F3
31622.4 5EA 8 0000000000000016
31636.8 31D 8 000000000000001F
31638.3 5EB 8 0000000000000007
31639.8 5EC 8 000000000000000F
31641.2 66B 8 7700000000000000
31652.4 66C 8 DF09000000000000
31653.8 444 8 0000000000000005
31667.7 6C0 7 04030100000000
31669.2 3F1 8 0002000000000000
31670.6 663 8 7814E00E00AA0000
31671.9 31C 8 00000000800084F3
31683.7 31D 8 000000000000001F
31685.2 38C 8 000000000000007F
31686.5 38D 8 00000000000000E5
31699.0 6AB 8 0000000000003FA1
31700.4 39C 8 FF6F000000000000
31702.0 3C3 8 FF00000000000000
31703.5 444 8 0000000000000005
31714.8 537 8 8080808080800000
31716.5 538 8 8080008080000080
31730.4 31C 8 00000000800084F3
31731.8 31D 8 000000000000001F
31761.7 444 8 0000000000000005
31777.4 3F1 8 0002000000000000
31779.0 663 8 7814E00E00AA0000
31780.4 31C 8 00000000800084F3
31782.2 31D 8 000000000000001F
31783.8 38C 8 000000000000007F
31792.7 38D 8 00000000000000E5
31794.0 39C 8 FF6F000000000000
31795.2 3C3 8 FF00000000000000
31808.7 444 8 0000000000000005
31824.3 523 8 CD1F7770450E0B02
31825.7 52E 5 603F000000
31827.2 31C 8 00000000800084F3
31828.6 31D 8 000000000000001F
31839.9 539 8 31020000FE010000
31842.1 541 8 0000000000000000
31855.4 444 8 0000000000000005
31871.1 6C0 7 04030100000000
31873.2 3F1 8 0002000000000000
31874.5 663 8 7814E00E00AA0000
31875.7 31C 8 00000000800084F3
31886.9 31D 8 000000000000001F
31888.6 38C 8 000000000000007F
31890.2 38D 8 00000000000000E5
31891.6 6AB 8 0000000000003FA1
31902.5 39C 8 FF6F000000000000
31903.9 3C3 8 FF00000000000000
31905.2 444 8 0000000000000005
31906.9 537 8 8080808080800000
31917.7 538 8 8080008080000080
31919.1 31C 8 00000000800084F3
31933.6 31D 8 000000000000001F
31949.2 444 8 0000000000000005
31964.8 3F1 8 0002000000000000
31966.1 663 8 7814E00E00AA0000
31980.5 31C 8 00000000800084F3
31981.9 31D 8 000000000000001F
31983.4 38C 8 000000000000007F
31995.8 38D 8 00000000000000E5
31997.3 39C 8 FF6F000000000000
31998.9 3C3 8 FF00000000000000
32011.8 444 8 0000000000000005
32027.4 31C 8 00000000800084F3
32028.7 31D 8 000000000000001F
32058.6 444 8 0000000000000005
32074.4 6C0 7 04030100000000
32076.0 3F1 8 0002000000000000
32077.4 484 8 0000000000000000
32078.8 523 8 CD1F7770450E0B02
32080.1 52E 5 603F000000
32082.2 585 8 902C00000000003F
32083.5 64C 2 0011
32084.6 663 8 7814E00E00AA0000
32085.8 6B2 8 FFFEFF0F880000C9
32087.0 31C 8 00000000800084F3
32088.3 31D 8 000000000000001F
32105.6 38C 8 000000000000007F
32107.6 38D 8 00000000000000E5
32109.2 5FB 8 000000000000007E
32110.9 539 8 32020000FE010000
32112.3 541 8 0000000000000000
32114.0 5FA 8 000000000000F8FF
32115.2 6AB 8 0000000000003FA1
32116.9 39C 8 FF6F000000000000
32118.2 3C3 8 FF00000000000000
32119.4 444 8 0000000000000005
32120.5 537 8 8080808080800000
32136.8 538 8 8080008080000080
32138.4 31C 8 00000000800084F3
32139.7 5EA 8 0000000000000016
32141.0 31D 8 000000000000001F
32142.2 5EB 8 0000000000000007
32143.7 5EC 8 000000000000000F
32144.8 66B 8 7700000000000000
32152.3 66C 8 DF09000000000000
32153.5 444 8 0000000000000005
32167.7 3F1 8 0002000000000000
32168.9 663 8 7814E00E00AA0000
32170.1 31C 8 00000000800084F3
32183.6 31D 8 000000000000001F
32185.0 38C 8 000000000000007F
32186.7 38D 8 00000000000000E5
32199.3 39C 8 FF6F000000000000
32200.9 3C3 8 FF00000000000000
32202.2 444 8 0000000000000005
32230.5 31C 8 00000000800084F3
32232.0 31D 8 000000000000001F
32261.8 444 8 0000000000000005
32277.4 6C0 7 04030100000000
32279.0 3F1 8 0002000000000000
32280.3 663 8 7814E00E00AA0000
32281.5 31C 8 00000000800084F3
32283.5 31D 8 000000000000001F
32292.7 38C 8 000000000000007F
32294.1 38D 8 00000000000000E5
32295.6 6AB 8 0000000000003FA1
32297.2 39C 8 FF6F000000000000
32298.7 3C3 8 FF00000000000000
32308.6 444 8 0000000000000005
32310.0 537 8 8080808080800000
32311.4 538 8 8080008080000080
32324.2 523 8 CD1F7770450E0B02
32325.7 52E 5 603F000000
32327.0 31C 8 00000000800084F3
32328.3 31D 8 000000000000001F
32339.9 539 8 32020000FE010000
32341.3 541 8 0000000000000000
32355.5 444 8 0000000000000005
32371.1 3F1 8 0002000000000000
32372.6 663 8 7814E00E00AA0000
32374.0 31C 8 00000000800084F3
32386.7 31D 8 000000000000001F
32388.3 38C 8 000000000000007F
32389.8 38D 8 00000000000000E5
32402.4 39C 8 FF6F000000000000
32403.8 3C3 8 FF00000000000000
32405.2 444 8 0000000000000005
32417.7 31C 8 00000000800084F3
32433.3 31D 8 000000000000001F
32449.2 444 8 0000000000000005
32464.8 6C0 7 04030100000000
32466.3 3F1 8 0002000000000000
32468.5 663 8 7814E00E00AA0000
32480.4 31C 8 00000000800084F3
32482.0 31D 8 000000000000001F
32483.5 38C 8 000000000000007F
32495.9 38D 8 00000000000000E5
32497.3 6AB 8 0000000000003FA1
32498.7 39C 8 FF6F000000000000
32500.1 3C3 8 FF00000000000000
32511.9 444 8 0000000000000005
32513.4 537 8 8080808080800000
32514.8 538 8 8080008080000080
32527.3 31C 8 00000000800084F3
32528.8 31D 8 000000000000001F
32558.7 444 8 0000000000000005
32574.4 3F1 8 0002000000000000
32575.8 484 8 0000000000000000
32577.2 523 8 CD1F7770450E0B02
32578.9 52E 5 603F000000
32580.2 663 8 7814E00E00AA0000
32581.6 31C 8 00000000800084F3
32582.9 31D 8 000000000000001F
32589.8 38C 8 000000000000007F
32591.3 38D 8 00000000000000E5
32592.6 539 8 32020000FE010000
32593.9 541 8 0000000000000000
32595.2 39C 8 FF6F000000000000
32605.5 3C3 8 FF00000000000000
32607.2 444 8 0000000000000005
32620.9 31C 8 00000000800084F3
32622.6 5EA 8 0000000000000016
32636.8 31D 8 000000000000001F
32638.4 5EB 8 0000000000000007
32639.8 5EC 8 000000000000000F
32641.3 66B 8 7700000000000000
32652.3 66C 8 DF09000000000000
32653.8 444 8 0000000000000005
32667.7 6C0 7 04030100000000
32669.2 3F1 8 0002000000000000
32670.4 663 8 7814E00E00AA0000
32671.8 31C 8 00000000800084F3
32683.3 31D 8 000000000000001F
32685.0 38C 8 000000000000007F
32686.5 38D 8 00000000000000E5
32699.2 6AB 8 0000000000003FA1
32700.8 39C 8 FF6F000000000000
32702.3 3C3 8 FF00000000000000
32703.7 444 8 0000000000000005
32714.9 537 8 8080808080800000
32716.3 538 8 8080008080000080
32730.4 31C 8 00000000800084F3
32731.9 31D 8 000000000000001F
32761.9 444 8 0000000000000005
32777.5 3F1 8 0002000000000000
32778.9 663 8 7814E00E00AA0000
32780.4 31C 8 00000000800084F3
32781.9 31D 8 000000000000001F
32783.4 38C 8 000000000000007F
32792.7 38D 8 00000000000000E5
32794.3 39C 8 FF6F000000000000
32795.8 3C3 8 FF00000000000000
32808.7 444 8 0000000000000005
32824.3 523 8 CD1F7770450E0B02
32825.7 52E 5 603F000000
32827.5 31C 8 00000000800084F3
32829.5 31D 8 000000000000001F
32839.8 539 8 32020000FE010000
32841.1 541 8 0000000000000000
32855.6 444 8 0000000000000005
32871.0 6C0 7 04030100000000
32872.5 3F1 8 0002000000000000
32874.0 663 8 7814E00E00AA0000
32876.3 31C 8 00000000800084F3
32886.7 31D 8 000000000000001F
32888.1 38C 8 000000000000007F
32889.4 38D 8 00000000000000E5
32890.6 6AB 8 0000000000003FA1
32902.5 39C 8 FF6F000000000000
32904.1 3C3 8 FF00000000000000
32905.5 444 8 0000000000000005
32906.9 537 8 8080808080800000
32917.8 538 8 8080008080000080
32919.4 31C 8 00000000800084F3
32933.5 31D 8 000000000000001F
32949.3 444 8 0000000000000005
32964.8 3F1 8 0002000000000000
32966.3 663 8 7814E00E00AA0000
32980.5 31C 8 00000000800084F3
32982.2 31D 8 000000000000001F
32983.4 38C 8 000000000000007F
32995.8 38D 8 00000000000000E5
32997.2 39C 8 FF6F000000000000
32998.5 3C3 8 FF00000000000000
33011.8 444 8 0000000000000005
33027.3 31C 8 00000000800084F3
33028.6 31D 8 000000000000001F
33058.6 444 8 0000000000000005
33074.4 6C0 7 04030100000000
33076.0 3F1 8 0002000000000000
33077.5 484 8 0000000000000000
33078.9 523 8 CD1F7770450E0B02
33080.1 52E 5 603F000000
33081.2 585 8 902C00000000003F
33082.5 64C 2 0011
33083.8 663 8 7814E00E00AA0000
33084.9 6B2 8 FFFEFF0F880080C9
33086.3 31C 8 00000000800084F3
33087.5 31D 8 000000000000001F
33105.8 38C 8 000000000000007F
33108.1 38D 8 00000000000000E5
33109.6 5FB 8 000000000000007E
33111.3 539 8 32020000FE010000
33112.8 541 8 0000000000000000
33114.3 5FA 8 000000000000F8FF
33115.6 6AB 8 0000000000003FA1
33117.3 39C 8 FF6F000000000000
33118.7 3C3 8 FF00000000000000
33119.9 444 8 0000000000000005
33121.3 537 8 8080808080800000
33136.7 538 8 8080008080000080
33138.1 31C 8 00000000800084F3
33139.5 5EA 8 0000000000000016
33140.8 31D 8 000000000000001F
33142.3 5EB 8 0000000000000007
33143.6 5EC 8 000000000000000F
33144.9 66B 8 7700000000000000
33152.4 66C 8 DF09000000000000
33154.0 444 8 0000000000000005
33167.7 3F1 8 0002000000000000
33169.1 663 8 7814E00E00AA0000
33170.4 31C 8 00000000800084F3
33183.6 31D 8 000000000000001F
33185.2 38C 8 000000000000007F
33186.8 38D 8 00000000000000E5
33199.3 39C 8 FF6F000000000000
33200.9 3C3 8 FF00000000000000
33202.3 444 8 0000000000000005
33230.5 31C 8 00000000800084F3
33231.9 31D 8 000000000000001F
33261.8 444 8 0000000000000005
33277.4 6C0 7 04030100000000
33279.1 3F1 8 0002000000000000
33280.5 663 8 7814E00E00AA0000
33281.9 31C 8 00000000800084F3
33284.3 31D 8 000000000000001F
33285.6 38C 8 000000000000007F
33292.8 38D 8 00000000000000E5
33294.2 6AB 8 0000000000003FA1
33295.7 39C 8 FF6F000000000000
33297.1 3C3 8 FF00000000000000
33308.6 444 8 0000000000000005
33310.1 537 8 8080808080800000
33311.5 538 8 8080008080000080
33324.4 523 8 CD1F7770450E0B02
33325.8 52E 5 603F000000
33327.1 31C 8 00000000800084F3
33328.6 31D 8 000000000000001F
33339.5 539 8 32020000FE010000
33341.0 541 8 0000000000000000
33355.7 444 8 0000000000000005
33371.0 3F1 8 0002000000000000
33372.6 663 8 7814E00E00AA0000
33374.1 31C 8 00000000800084F3
33386.9 31D 8 000000000000001F
33388.4 38C 8 000000000000007F
33389.8 38D 8 00000000000000E5
33402.4 39C 8 FF6F000000000000
33403.9 3C3 8 FF00000000000000
33405.2 444 8 0000000000000005
33417.6 31C 8 00000000800084F3
33434.2 31D 8 000000000000001F
33449.4 444 8 0000000000000005
33465.0 6C0 7 04030100000000
33466.7 3F1 8 0002000000000000
33468.3 663 8 7814E00E00AA0000
33480.4 31C 8 00000000800084F3
33482.1 31D 8 000000000000001F
33483.7 38C 8 000000000000007F
33495.8 38D 8 00000000000000E5
33498.2 6AB 8 0000000000003FA1
33499.6 39C 8 FF6F000000000000
33501.2 3C3 8 FF00000000000000
33512.2 444 8 0000000000000005
33513.8 537 8 8080808080800000
33515.3 538 8 8080008080000080
33527.3 31C 8 00000000800084F3
33528.6 31D 8 000000000000001F
33558.6 444 8 0000000000000005
33574.3 3F1 8 0002000000000000
33575.9 484 8 0000000000000000
33577.3 523 8 CD1F7770450E0B02
33579.0 52E 5 603F000000
33580.2 663 8 7814E00E00AA0000
33581.4 31C 8 00000000800084F3
33582.7 31D 8 000000000000001F
33589.5 38C 8 000000000000007F
33590.7 38D 8 00000000000000E5
33592.3 539 8 32028000FE010000
33593.9 541 8 0000000000000000
33595.2 39C 8 FF6F000000000000
33605.6 3C3 8 FF00000000000000
33611.4 444 8 0000000000000005
33620.8 31C 8 00000000800084F3
33622.5 5EA 8 0000000000000016
33636.7 31D 8 000000000000001F
33638.2 5EB 8 0000000000000007
33639.6 5EC 8 000000000000000F
33641.0 66B 8 7700000000000000
33652.4 66C 8 DF09000000000000
33653.8 444 8 0000000000000005
33667.7 6C0 7 04030100000000
33669.3 3F1 8 0002000000000000
33670.6 663 8 7814E00E00AA0000
33671.9 31C 8 00000000800084F3
33683.7 31D 8 000000000000001F
33686.1 38C 8 000000000000007F
33687.4 38D 8 00000000000000E5
33699.4 6AB 8 0000000000003FA1
33700.9 39C 8 FF6F000000000000
33702.2 3C3 8 FF00000000000000
33703.7 444 8 0000000000000005
33714.8 537 8 8080808080800000
33716.2 538 8 8080008080000080
33730.5 31C 8 00000000800084F3
33731.9 31D 8 000000000000001F
33761.7 444 8 0000000000000005
33777.3 3F1 8 0002000000000000
33779.0 663 8 7814E00E00AA0000
33780.4 31C 8 00000000800084F3
33781.8 31D 8 000000000000001F
33792.7 38C 8 000000000000007F
33794.3 38D 8 00000000000000E5
33795.8 39C 8 FF6F000000000000
33797.2 3C3 8 FF00000000000000
33808.7 444 8 0000000000000005
33824.4 523 8 CD1F7770450E0B02
33825.9 52E 5 603F000000
33828.7 31C 8 00000000800084F3
33830.4 31D 8 000000000000001F
33839.6 539 8 32028000FE010000
33841.1 541 8 0000000000000000
33855.6 444 8 0000000000000005
33871.2 6C0 7 04030100000000
33873.1 3F1 8 0002000000000000
33874.6 663 8 7814E00E00AA0000
33876.3 31C 8 00000000800084F3
33886.5 31D 8 000000000000001F
33888.0 38C 8 000000000000007F
33890.3 38D 8 00000000000000E5
33891.9 6AB 8 0000000000003FA1
33902.4 39C 8 FF6F000000000000
33904.0 3C3 8 FF00000000000000
33905.4 444 8 0000000000000005
33906.8 537 8 8080808080800000
33917.8 538 8 8080008080000080
33919.3 31C 8 00000000800084F3
33933.6 31D 8 000000000000001F
33949.3 444 8 0000000000000005
33964.9 3F1 8 0002000000000000
33966.4 663 8 7814E00E00AA0000
33980.5 31C 8 00000000800084F3
33982.2 31D 8 000000000000001F
33983.7 38C 8 000000000000007F
33995.8 38D 8 00000000000000E5
33997.2 39C 8 FF6F000000000000
33998.7 3C3 8 FF00000000000000
34011.7 444 8 0000000000000005
34027.2 31C 8 00000000800084F3
34028.5 31D 8 000000000000001F
34058.6 444 8 0000000000000005
34074.5 6C0 7 04030100000000
34076.1 3F1 8 0002000000000000
34077.5 484 8 0000000000000000
34078.8 523 8 CD1F7770450E0B02
34079.9 52E 5 603F000000
34081.1 585 8 902C00000000003F
34082.3 64C 2 0011
34083.7 663 8 7814E00E00AA0000
34084.8 6B2 8 FFFEFF0F880000CA
34086.0 31C 8 00000000800084F3
34087.3 31D 8 000000000000001F
34089.5 38C 8 000000000000007F
34090.8 38D 8 00000000000000E5
34092.5 5FB 8 000000000000007E
34093.9 539 8 32028000FE010000
34095.1 541 8 0000000000000000
34097.4 5FA 8 000000000000F8FF
34098.6 6AB 8 0000000000003FA1
34100.0 39C 8 FF6F000000000000
34105.5 3C3 8 FF00000000000000
34106.8 444 8 0000000000000005
34108.5 537 8 8080808080800000
34121.1 538 8 8080008080000080
34126.3 31C 8 00000000800084F3
34128.0 5EA 8 0000000000000016
34136.8 31D 8 000000000000001F
34138.3 5EB 8 0000000000000007
34139.6 5EC 8 000000000000000F
34140.8 66B 8 7700000000000000
34152.1 66C 8 DF09000000000000
34153.5 444 8 0000000000000005
34167.7 3F1 8 0002000000000000
34169.3 663 8 7814E00E00AA0000
34170.7 31C 8 00000000800084F3
34183.6 31D 8 000000000000001F
34188.2 38C 8 000000000000007F
34189.8 38D 8 00000000000000E5
34199.3 39C 8 FF6F000000000000
34201.1 3C3 8 FF00000000000000
34202.5 444 8 0000000000000005
34230.5 31C 8 00000000800084F3
34232.0 31D 8 000000000000001F
34261.8 444 8 0000000000000005
34277.3 6C0 7 04030100000000
34278.8 3F1 8 0002000000000000
34280.0 663 8 7814E00E00AA0000
34281.2 31C 8 00000000800084F3
34282.6 31D 8 000000000000001F
34292.7 38C 8 000000000000007F
34294.2 38D 8 00000000000000E5
34295.6 6AB 8 0000000000003FA1
34297.0 39C 8 FF6F000000000000
34299.2 3C3 8 FF00000000000000
34308.6 444 8 0000000000000005
34310.0 537 8 8080808080800000
34311.4 538 8 8080008080000080
34324.8 523 8 CD1F7770450E0B02
34326.2 52E 5 603F000000
34327.8 31C 8 00000000800084F3
34329.3 31D 8 000000000000001F
34340.7 539 8 32028000FE010000
34342.2 541 8 0000000000000000
34356.5 444 8 0000000000000005
34372.1 3F1 8 0002000000000000
34373.6 663 8 7814E00E00AA0000
34375.0 31C 8 00000000800084F3
34387.8 31D 8 000000000000001F
34389.4 38C 8 000000000000007F
34390.7 38D 8 00000000000000E5
34392.5 39C 8 FF6F000000000000
34403.3 3C3 8 FF00000000000000
34404.7 444 8 0000000000000005
34418.9 31C 8 00000000800084F3
34434.9 31D 8 000000000000001F
34450.3 444 8 0000000000000005
34466.2 6C0 7 04030100000000
34468.2 3F1 8 0002000000000000
34470.1 663 8 7814E00E00AA0000
34481.6 31C 8 00000000800084F3
34483.8 31D 8 000000000000001F
34485.2 38C 8 000000000000007F
34497.0 38D 8 00000000000000E5
34498.5 6AB 8 0000000000003FA1
34499.8 39C 8 FF6F000000000000
34501.5 3C3 8 FF00000000000000
34512.7 444 8 0000000000000005
34513.9 537 8 8080808080800000
34516.1 538 8 8080008080000080
34528.3 31C 8 00000000800084F3
34529.6 31D 8 000000000000001F
34559.5 444 8 0000000000000005
34575.2 3F1 8 0002000000000000
34576.7 484 8 0000000000000000
34578.4 523 8 CD1F7770450E0B02
34579.9 52E 5 603F000000
34581.5 663 8 7814E00E00AA0000
34582.6 31C 8 00000000800084F3
34583.7 31D 8 000000000000001F
34590.8 38C 8 000000000000007F
34592.4 38D 8 00000000000000E5
34594.1 539 8 32028000FE010000
34595.3 541 8 0000000000000000
34596.5 39C 8 FF6F000000000000
34606.4 3C3 8 FF00000000000000
34608.0 444 8 0000000000000005
34622.1 31C 8 00000000800084F3
34623.7 5EA 8 0000000000000016
34637.7 31D 8 000000000000001F
34639.4 5EB 8 0000000000000007
34640.9 5EC 8 000000000000000F
34642.1 66B 8 7700000000000000
34643.4 66C 8 DF09000000000000
34653.0 444 8 0000000000000005
34668.7 6C0 7 04030100000000
34670.3 3F1 8 0002000000000000
34671.7 663 8 7814E00E00AA0000
34673.0 31C 8 00000000800084F3
34684.6 31D 8 000000000000001F
34686.2 38C 8 000000000000007F
34687.7 38D 8 00000000000000E5
34700.1 6AB 8 0000000000003FA1
34701.7 39C 8 FF6F000000000000
34703.2 3C3 8 FF00000000000000
34705.4 444 8 0000000000000005
34715.8 537 8 8080808080800000
34717.4 538 8 8080008080000080
34731.5 31C 8 00000000800084F3
34733.1 31D 8 000000000000001F
34762.8 444 8 0000000000000005
34778.0 3F1 8 0002000000000000
34779.5 663 8 7814E00E00AA0000
34781.0 31C 8 00000000800084F3
34782.4 31D 8 000000000000001F
34783.7 38C 8 000000000000007F
34793.9 38D 8 00000000000000E5
34795.5 39C 8 FF6F000000000000
34796.9 3C3 8 FF00000000000000
34809.6 444 8 0000000000000005
34825.2 523 8 CD1F7770450E0B02
34827.0 52E 5 603F000000
34828.5 31C 8 00000000800084F3
34830.0 31D 8 000000000000001F
34841.7 539 8 32028000FE010000
34846.0 541 8 0000000000000000
34856.7 444 8 0000000000000005
34871.9 6C0 7 04030100000000
34873.5 3F1 8 0002000000000000
34874.9 663 8 7814E00E00AA0000
34876.4 31C 8 00000000800084F3
34887.7 31D 8 000000000000001F
34889.4 38C 8 000000000000007F
34890.8 38D 8 00000000000000E5
34892.3 6AB 8 0000000000003FA1
34893.7 39C 8 FF6F000000000000
34903.3 3C3 8 FF00000000000000
34904.6 444 8 0000000000000005
34905.8 537 8 8080808080800000
34918.9 538 8 8080008080000080
34921.3 31C 8 00000000800084F3
34934.6 31D 8 000000000000001F
34950.3 444 8 0000000000000005
34965.9 3F1 8 0002000000000000
34967.6 663 8 7814E00E00AA0000
34981.2 31C 8 00000000800084F3
34982.7 31D 8 000000000000001F
34984.0 38C 8 000000000000007F
34997.2 38D 8 00000000000000E5
34998.7 39C 8 FF6F000000000000
35000.1 3C3 8 FF00000000000000
35012.7 444 8 0000000000000005
35028.3 31C 8 00000000800084F3
35029.8 31D 8 000000000000001F
35059.6 444 8 0000000000000005
35074.9 6C0 7 04030100000000
35076.4 3F1 8 0002000000000000
35077.8 484 8 0000000000000000
35079.2 523 8 CD1F7770450E0B02
35080.6 52E 5 603F000000
35081.9 585 8 902C00000000003F
35083.1 64C 2 0011
35084.3 663 8 7814E00E00AA0000
35085.6 6B2 8 FFFEFF0F880080CA
35087.0 31C 8 00000000800084F3
35088.4 31D 8 000000000000001F
35090.8 38C 8 000000000000007F
35092.2 38D 8 00000000000000E5
35093.6 5FB 8 000000000000007E
35094.9 539 8 32028000FE010000
35096.2 541 8 0000000000000000
35097.7 5FA 8 000000000000F8FF
35099.2 39C 8 FF6F000000000000
35100.5 6AB 8 0000000000003FA1
35106.4 3C3 8 FF00000000000000
35108.0 444 8 0000000000000005
35110.3 537 8 8080808080800000
35122.1 538 8 8080008080000080
35123.8 31C 8 00000000800084F3
35125.3 5EA 8 0000000000000016
35137.8 31D 8 000000000000001F
35139.8 5EB 8 0000000000000007
35141.5 5EC 8 000000000000000F
35143.1 66B 8 7700000000000000
35144.5 66C 8 DF09000000000000
35153.1 444 8 0000000000000005
35168.9 3F1 8 0002000000000000
35170.5 663 8 7814E00E00AA0000
35171.8 31C 8 00000000800084F3
35184.6 31D 8 000000000000001F
35186.1 38C 8 000000000000007F
35187.6 38D 8 00000000000000E5
35200.4 39C 8 FF6F000000000000
35201.9 3C3 8 FF00000000000000
35203.2 444 8 0000000000000005
35231.4 31C 8 00000000800084F3
35233.0 31D 8 000000000000001F
35247.4 444 8 0000000000000005
35278.1 6C0 7 04030100000000
35279.6 3F1 8 0002000000000000
35281.0 663 8 7814E00E00AA0000
35282.5 31C 8 00000000800084F3
35284.0 31D 8 000000000000001F
35285.6 38C 8 000000000000007F
35294.1 38D 8 00000000000000E5
35295.8 6AB 8 0000000000003FA1
35297.2 39C 8 FF6F000000000000
35298.7 3C3 8 FF00000000000000
35309.5 444 8 0000000000000005
35311.0 537 8 8080808080800000
35312.4 538 8 8080008080000080
35325.2 523 8 CD1F7770450E0B02
35326.7 52E 5 603F000000
35328.0 31C 8 00000000800084F3
35329.2 31D 8 000000000000001F
35340.8 539 8 32028000FE010000
35342.3 541 8 0000000000000000
35356.4 444 8 0000000000000005
35372.2 3F1 8 0002000000000000
35373.6 663 8 7814E00E00AA0000
35375.1 31C 8 00000000800084F3
35376.5 31D 8 000000000000001F
35387.8 38C 8 000000000000007F
35389.7 38D 8 00000000000000E5
35391.1 39C 8 FF6F000000000000
35403.3 3C3 8 FF00000000000000
35404.7 444 8 0000000000000005
35418.7 31C 8 00000000800084F3
35434.6 31D 8 000000000000001F
35450.2 444 8 0000000000000005
35465.8 6C0 7 04030100000000
35467.4 3F1 8 0002000000000000
35468.8 663 8 7814E00E00AA0000
35481.7 31C 8 00000000800084F3
35483.4 31D 8 000000000000001F
35485.1 38C 8 000000000000007F
35496.9 38D 8 00000000000000E5
35498.5 6AB 8 0000000000003FA1
35499.8 39C 8 FF6F000000000000
35501.4 3C3 8 FF00000000000000
35512.8 444 8 0000000000000005
35514.4 537 8 8080808080800000
35515.9 538 8 8080008080000080
35528.4 31C 8 00000000800084F3
35529.8 31D 8 000000000000001F
35559.7 444 8 0000000000000005
35575.0 3F1 8 0002000000000000
35576.3 484 8 0000000000000000
35577.7 523 8 CD1F7770450E0B02
35579.2 52E 5 603F000000
35580.5 663 8 7814E00E00AA0000
35581.7 31C 8 00000000800084F3
35582.9 31D 8 000000000000001F
35590.8 38C 8 000000000000007F
35592.9 38D 8 00000000000000E5
35594.5 539 8 32028000FE010000
35596.8 541 8 0000000000000000
35598.7 39C 8 FF6F000000000000
35606.4 3C3 8 FF00000000000000
35607.7 444 8 0000000000000005
35622.0 31C 8 00000000800084F3
35623.7 5EA 8 0000000000000016
35637.8 31D 8 000000000000001F
35639.3 5EB 8 0000000000000007
35640.7 5EC 8 000000000000000F
35642.0 66B 8 7700000000000000
35643.2 66C 8 DF09000000000000
35653.4 444 8 0000000000000005
35668.9 6C0 7 04030100000000
35670.7 3F1 8 0002000000000000
35672.0 663 8 7814E00E00AA0000
35673.4 31C 8 00000000800084F3
35684.5 31D 8 000000000000001F
35686.0 38C 8 000000000000007F
35687.7 38D 8 00000000000000E5
35700.3 6AB 8 0000000000003FA1
35701.5 39C 8 FF6F000000000000
35702.8 3C3 8 FF00000000000000
35704.2 444 8 0000000000000005
35715.7 537 8 8080808080800000
35716.9 538 8 8080008080000080
35731.5 31C 8 00000000800084F3
35733.7 31D 8 000000000000001F
35762.7 444 8 0000000000000005
35778.1 3F1 8 0002000000000000
35779.3 663 8 7814E00E00AA0000
35780.9 31C 8 00000000800084F3
35782.3 31D 8 000000000000001F
35783.7 38C 8 000000000000007F
35793.9 38D 8 00000000000000E5
35795.4 39C 8 FF6F000000000000
35796.8 3C3 8 FF00000000000000
35810.9 444 8 0000000000000005
35825.1 523 8 CD1F7770450E0B02
35828.3 52E 5 603F000000
35830.0 31C 8 00000000800084F3
35831.4 31D 8 000000000000001F
35840.6 539 8 32028000FE010000
35842.1 541 8 0000000000000000
35856.6 444 8 0000000000000005
35872.0 6C0 7 04030100000000
35873.5 3F1 8 0002000000000000
35875.1 663 8 7814E00E00AA0000
35876.5 31C 8 00000000800084F3
35887.7 31D 8 000000000000001F
35889.3 38C 8 000000000000007F
35890.8 38D 8 00000000000000E5
35892.3 6AB 8 0000000000003FA1
35894.0 39C 8 FF6F000000000000
35903.0 3C3 8 FF00000000000000
35904.5 444 8 0000000000000005
35906.0 537 8 8080808080800000
35918.9 538 8 8080008080000080
35920.5 31C 8 00000000800084F3
35934.6 31D 8 000000000000001F
35950.2 444 8 0000000000000005
35965.8 3F1 8 0002000000000000
35967.3 663 8 7814E00E00AA0000
35981.2 31C 8 00000000800084F3
35982.7 31D 8 000000000000001F
35984.2 38C 8 000000000000007F
35997.1 38D 8 00000000000000E5
35998.7 39C 8 FF6F000000000000
36000.0 3C3 8 FF00000000000000
36012.7 444 8 0000000000000005
36028.2 31C 8 00000000800084F3
36030.1 31D 8 000000000000001F
36059.7 444 8 0000000000000005
36075.0 6C0 7 04030100000000
36076.6 3F1 8 0002000000000000
36078.0 484 8 0000000000000000
36079.6 523 8 CD1F7770450E0B02
36081.1 52E 5 603F000000
36082.6 585 8 902C00000000003F
36084.1 64C 2 0011
36085.4 663 8 7814E00E00AA0000
36086.9 6B2 8 FFFEFF0F880000CB
36088.2 31C 8 00000000800084F3
36089.7 31D 8 000000000000001F
36106.4 38C 8 000000000000007F
36108.0 38D 8 00000000000000E5
36109.4 5FB 8 000000000000007E
36110.7 539 8 32028000FE010000
36112.0 541 8 0000000000000000
36113.3 39C 8 FF6F000000000000
36114.6 5FA 8 000000000000F8FF
36116.1 6AB 8 0000000000003FA1
36117.4 3C3 8 FF00000000000000
36118.7 444 8 0000000000000005
36120.1 537 8 8080808080800000
36137.5 538 8 8080008080000080
36138.9 31C 8 00000000800084F3
36140.4 5EA 8 0000000000000016
36141.8 31D 8 000000000000001F
36143.9 5EB 8 0000000000000007
36145.1 5EC 8 000000000000000F
36146.4 66B 8 7700000000000000
36147.8 66C 8 DF09000000000000
36153.3 444 8 0000000000000005
36169.0 3F1 8 0002000000000000
36170.4 663 8 7814E00E00AA0000
36171.7 31C 8 00000000800084F3
36184.6 31D 8 000000000000001F
36186.1 38C 8 000000000000007F
36187.4 38D 8 00000000000000E5
36200.2 39C 8 FF6F000000000000
36201.7 3C3 8 FF00000000000000
36203.2 444 8 0000000000000005
36231.5 31C 8 00000000800084F3
36233.0 31D 8 000000000000001F
36263.0 444 8 0000000000000005
36278.1 6C0 7 04030100000000
36279.5 3F1 8 0002000000000000
36280.9 663 8 7814E00E00AA0000
36282.2 31C 8 00000000800084F3
36283.7 31D 8 000000000000001F
36285.2 38C 8 000000000000007F
36293.9 38D 8 00000000000000E5
36295.5 6AB 8 0000000000003FA1
36296.9 39C 8 FF6F000000000000
36298.2 3C3 8 FF00000000000000
36309.6 444 8 0000000000000005
36311.0 537 8 8080808080800000
36312.4 538 8 8080008080000080
36325.3 523 8 CD1F7770450E0B02
36326.8 52E 5 603F000000
36328.2 31C 8 00000000800084F3
36329.7 31D 8 000000000000001F
36340.6 539 8 32028000FE010000
36343.0 541 8 0000000000000000
36356.5 444 8 0000000000000005
36372.3 3F1 8 0002000000000000
36374.0 663 8 7814E00E00AA0000
36375.7 31C 8 00000000800084F3
36377.2 31D 8 000000000000001F
36387.8 38C 8 000000000000007F
36389.0 38D 8 00000000000000E5
36390.3 39C 8 FF6F000000000000
36403.3 3C3 8 FF00000000000000
36404.5 444 8 0000000000000005
36418.8 31C 8 00000000800084F3
36434.5 31D 8 000000000000001F
36450.2 444 8 0000000000000005
36465.8 6C0 7 04030100000000
36467.6 3F1 8 0002000000000000
36468.8 663 8 7814E00E00AA0000
36481.5 31C 8 00000000800084F3
36483.3 31D 8 000000000000001F
36484.8 38C 8 000000000000007F
36497.0 38D 8 00000000000000E5
36498.2 6AB 8 0000000000003FA1
36499.5 39C 8 FF6F000000000000
36500.7 3C3 8 FF00000000000000
36512.7 444 8 0000000000000005
36514.1 537 8 8080808080800000
36515.3 538 8 8080008080000080
36528.3 31C 8 00000000800084F3
36529.7 31D 8 000000000000001F
36559.4 444 8 0000000000000005
36575.1 3F1 8 0002000000000000
36576.7 484 8 0000000000000000
36578.5 523 8 CD1F7770450E0B02
36579.8 52E 5 603F000000
36581.3 663 8 7814E00E00AA0000
36583.4 31C 8 00000000800084F3
36584.7 31D 8 000000000000001F
36590.8 38C 8 000000000000007F
36592.3 38D 8 00000000000000E5
36593.9 539 8 32028000FE010000
36595.2 541 8 0000000000000000
36596.6 39C 8 FF6F000000000000
36606.6 3C3 8 FF00000000000000
36608.1 444 8 0000000000000005
36622.2 31C 8 00000000800084F3
36623.7 5EA 8 0000000000000016
36637.4 31D 8 000000000000001F
36638.7 5EB 8 0000000000000007
36639.9 5EC 8 000000000000000F
36641.3 66B 8 7700000000000000
36642.6 66C 8 DF09000000000000
36653.4 444 8 0000000000000005
36669.1 6C0 7 04030100000000
36671.1 3F1 8 0002000000000000
36672.9 663 8 7814E00E00AA0000
36674.3 31C 8 00000000800084F3
36684.6 31D 8 000000000000001F
36686.2 38C 8 000000000000007F
36687.8 38D 8 00000000000000E5
36700.2 6AB 8 0000000000003FA1
36701.8 39C 8 FF6F000000000000
36703.2 3C3 8 FF00000000000000
36704.4 444 8 0000000000000005
36715.9 537 8 8080808080800000
36717.3 538 8 8080008080000080
36731.4 31C 8 00000000800084F3
36732.9 31D 8 000000000000001F
36762.9 444 8 0000000000000005
36778.0 3F1 8 0002000000000000
36779.5 663 8 7814E00E00AA0000
36781.0 31C 8 00000000800084F3
36783.3 31D 8 000000000000001F
36784.6 38C 8 000000000000007F
36794.0 38D 8 00000000000000E5
36795.6 39C 8 FF6F000000000000
36797.5 3C3 8 FF00000000000000
36809.4 444 8 0000000000000005
36825.4 523 8 CD1F7770450E0B02
36827.1 52E 5 603F000000
36828.6 31C 8 00000000800084F3
36830.2 31D 8 000000000000001F
36840.9 539 8 32028000FE010000
36842.3 541 8 0000000000000000
36856.6 444 8 0000000000000005
36871.8 6C0 7 04030100000000
36873.5 3F1 8 0002000000000000
36874.9 663 8 7814E00E00AA0000
36876.3 31C 8 00000000800084F3
36887.4 31D 8 000000000000001F
36889.0 38C 8 000000000000007F
36890.4 38D 8 00000000000000E5
36891.9 6AB 8 0000000000003FA1
36893.3 39C 8 FF6F000000000000
36903.1 3C3 8 FF00000000000000
36908.0 444 8 0000000000000005
36909.8 537 8 8080808080800000
36918.9 538 8 8080008080000080
36920.4 31C 8 00000000800084F3
36934.5 31D 8 000000000000001F
36950.3 444 8 0000000000000005
36965.8 3F1 8 0002000000000000
36967.4 663 8 7814E00E00AA0000
36981.2 31C 8 00000000800084F3
36982.8 31D 8 000000000000001F
36984.2 38C 8 000000000000007F
36997.0 38D 8 00000000000000E5
36999.3 39C 8 FF6F000000000000
37000.7 3C3 8 FF00000000000000
37012.7 444 8 0000000000000005
37028.3 31C 8 00000000800084F3
37030.0 31D 8 000000000000001F
37059.6 444 8 0000000000000005
37075.0 6C0 7 04030100000000
37076.3 3F1 8 0002000000000000
37077.7 484 8 0000000000000000
37079.0 523 8 CD1F7770450E0B02
37080.3 52E 5 603F000000
37081.5 585 8 902C00000000003F
37082.7 64C 2 0011
37084.0 663 8 7814E00E00AA0000
37085.2 6B2 8 FFFEFF0F880080CB
37086.5 31C 8 00000000800084F3
37087.9 31D 8 000000000000001F
37090.8 38C 8 000000000000007F
37092.2 38D 8 00000000000000E5
37093.5 5FB 8 000000000000007E
37094.8 539 8 32028000FE010000
37096.1 39C 8 FF6F000000000000
37097.4 541 8 0000000000000000
37098.7 5FA 8 000000000000F8FF
37099.7 6AB 8 0000000000003FA1
37106.4 3C3 8 FF00000000000000
37108.0 444 8 0000000000000005
37109.6 537 8 8080808080800000
37122.2 538 8 8080008080000080
37123.5 31C 8 00000000800084F3
37124.8 5EA 8 0000000000000016
37126.2 31D 8 000000000000001F
37137.8 5EB 8 0000000000000007
37139.2 5EC 8 000000000000000F
37140.5 66B 8 7700000000000000
37141.9 66C 8 DF09000000000000
37153.4 444 8 0000000000000005
37168.8 3F1 8 0002000000000000
37170.4 663 8 7814E00E00AA0000
37171.8 31C 8 00000000800084F3
37184.5 31D 8 000000000000001F
37186.2 38C 8 000000000000007F
37187.5 38D 8 00000000000000E5
37200.2 39C 8 FF6F000000000000
37202.1 3C3 8 FF00000000000000
37203.4 444 8 0000000000000005
37231.5 31C 8 00000000800084F3
37232.7 31D 8 000000000000001F
37262.7 444 8 0000000000000005
37278.1 6C0 7 04030100000000
37279.6 3F1 8 0002000000000000
37281.1 663 8 7814E00E00AA0000
37282.7 31C 8 00000000800084F3
37284.0 31D 8 000000000000001F
37285.3 38C 8 000000000000007F
37293.9 38D 8 00000000000000E5
37295.4 6AB 8 0000000000003FA1
37296.8 39C 8 FF6F000000000000
37298.1 3C3 8 FF00000000000000
37309.6 444 8 0000000000000005
37311.1 537 8 8080808080800000
37312.5 538 8 8080008080000080
37325.2 523 8 CD1F7770450E0B02
37326.6 52E 5 603F000000
37328.1 31C 8 00000000800084F3
37329.7 31D 8 000000000000001F
37340.5 539 8 32028000FE010000
37341.9 541 8 0000000000000000
37356.5 444 8 0000000000000005
37371.9 3F1 8 0002000000000000
37373.3 663 8 7814E00E00AA0000
37374.8 31C 8 00000000800084F3
37387.7 31D 8 000000000000001F
37389.2 38C 8 000000000000007F
37390.7 38D 8 00000000000000E5
37392.2 39C 8 FF6F000000000000
37403.3 3C3 8 FF00000000000000
37404.9 444 8 0000000000000005
37420.3 31C 8 00000000800084F3
37436.0 31D 8 000000000000001F
37451.2 444 8 0000000000000005
37466.9 6C0 7 04030100000000
37468.6 3F1 8 0002000000000000
37470.0 663 8 7814E00E00AA0000
37482.4 31C 8 00000000800084F3
37483.9 31D 8 000000000000001F
37485.5 38C 8 000000000000007F
37487.0 38D 8 00000000000000E5
37498.1 6AB 8 0000000000003FA1
37499.5 39C 8 FF6F000000000000
37500.9 3C3 8 FF00000000000000
37502.2 444 8 0000000000000005
37514.1 537 8 8080808080800000
37515.6 538 8 8080008080000080
37529.6 31C 8 00000000800084F3
37531.2 31D 8 000000000000001F
37560.9 444 8 0000000000000005
37576.8 3F1 8 0002000000000000
37578.7 484 8 0000000000000000
37580.3 523 8 CD1F7770450E0B02
37582.0 52E 5 603F000000
37583.5 663 8 7814E00E00AA0000
37584.9 31C 8 00000000800084F3
37586.1 31D 8 000000000000001F
37592.5 38C 8 000000000000007F
37594.1 38D 8 00000000000000E5
37595.8 539 8 32028000FE010000
37598.2 541 8 0000000000000000
37599.7 39C 8 FF6F000000000000
37607.8 3C3 8 FF00000000000000
37610.0 444 8 0000000000000005
37623.3 31C 8 00000000800084F3
37625.0 5EA 8 0000000000000016
37626.4 31D 8 000000000000001F
37627.7 5EB 8 0000000000000007
37639.2 5EC 8 000000000000000F
37640.7 66B 8 7700000000000000
37642.0 66C 8 DF09000000000000
37655.2 444 8 0000000000000005
37670.3 6C0 7 04030100000000
37672.1 3F1 8 0002000000000000
37673.6 663 8 7814E00E00AA0000
37675.1 31C 8 00000000800084F3
37685.6 31D 8 000000000000001F
37687.1 38C 8 000000000000007F
37689.0 38D 8 00000000000000E5
37701.4 6AB 8 0000000000003FA1
37702.9 39C 8 FF6F000000000000
37704.1 3C3 8 FF00000000000000
37705.6 444 8 0000000000000005
37717.3 537 8 8080808080800000
37719.1 538 8 8080008080000080
37732.9 31C 8 00000000800084F3
37734.3 31D 8 000000000000001F
37748.1 444 8 0000000000000005
37764.0 3F1 8 0002000000000000
37765.6 663 8 7814E00E00AA0000
37779.6 31C 8 00000000800084F3
37781.2 31D 8 000000000000001F
37782.6 38C 8 000000000000007F
37795.3 38D 8 00000000000000E5
37796.9 39C 8 FF6F000000000000
37799.2 3C3 8 FF00000000000000
37810.9 444 8 0000000000000005
37826.7 523 8 CD1F7770450E0B02
37829.9 52E 5 603F000000
37831.5 31C 8 00000000800084F3
37833.6 31D 8 000000000000001F
37842.2 539 8 32028000FE010000
37843.7 541 8 0000000000000000
37857.9 444 8 0000000000000005
37873.6 6C0 7 04030100000000
37875.0 3F1 8 0002000000000000
37876.3 663 8 7814E00E00AA0000
37877.8 31C 8 00000000800084F3
37879.2 31D 8 000000000000001F
37888.7 38C 8 000000000000007F
37890.2 38D 8 00000000000000E5
37891.6 6AB 8 0000000000003FA1
37892.8 39C 8 FF6F000000000000
37904.8 3C3 8 FF00000000000000
37906.3 444 8 0000000000000005
37907.8 537 8 8080808080800000
37920.4 538 8 8080008080000080
37921.9 31C 8 00000000800084F3
37935.9 31D 8 000000000000001F
37951.2 444 8 0000000000000005
37966.9 3F1 8 0002000000000000
37968.5 663 8 7814E00E00AA0000
37982.7 31C 8 00000000800084F3
37984.4 31D 8 000000000000001F
37985.8 38C 8 000000000000007F
37987.2 38D 8 00000000000000E5
37998.1 39C 8 FF6F000000000000
37999.6 3C3 8 FF00000000000000
38001.0 444 8 0000000000000005
38029.8 31C 8 00000000800084F3
38031.3 31D 8 000000000000001F
38060.9 444 8 0000000000000005
38076.6 6C0 7 04030100000000
38078.1 3F1 8 0002000000000000
38079.6 484 8 0000000000000000
38081.3 523 8 CD1F7770450E0B02
38082.8 52E 5 603F000000
38084.2 585 8 902C00000000003F
38085.6 64C 2 0011
38086.9 663 8 7814E00E00AA0000
38088.2 6B2 8 FFFEFF0F880000CC
38089.5 31C 8 00000000800084F3
38090.9 31D 8 000000000000001F
38107.7 38C 8 000000000000007F
38109.3 38D 8 00000000000000E5
38110.9 5FB 8 000000000000007E
38112.4 39C 8 FF6F000000000000
38113.8 539 8 32028000FE010000
38115.2 541 8 0000000000000000
38116.5 5FA 8 000000000000F8FF
38117.8 6AB 8 0000000000003FA1
38119.2 3C3 8 FF00000000000000
38120.6 444 8 0000000000000005
38121.9 537 8 8080808080800000
38123.4 538 8 8080008080000080
38139.2 31C 8 00000000800084F3
38141.1 5EA 8 0000000000000016
38142.8 31D 8 000000000000001F
38144.2 5EB 8 0000000000000007
38145.5 5EC 8 000000000000000F
38146.7 66B 8 7700000000000000
38147.9 66C 8 DF09000000000000
38154.8 444 8 0000000000000005
38170.0 3F1 8 0002000000000000
38172.8 663 8 7814E00E00AA0000
38174.1 31C 8 00000000800084F3
38185.7 31D 8 000000000000001F
38187.1 38C 8 000000000000007F
38188.7 38D 8 00000000000000E5
38201.2 39C 8 FF6F000000000000
38202.7 3C3 8 FF00000000000000
38204.2 444 8 0000000000000005
38232.7 31C 8 00000000800084F3
38234.4 31D 8 000000000000001F
38248.1 444 8 0000000000000005
38264.0 6C0 7 04030100000000
38275.7 3F1 8 0002000000000000
38277.2 663 8 7814E00E00AA0000
38279.6 31C 8 00000000800084F3
38281.0 31D 8 000000000000001F
38282.6 38C 8 000000000000007F
38295.3 38D 8 00000000000000E5
38296.9 6AB 8 0000000000003FA1
38298.3 39C 8 FF6F000000000000
38299.6 3C3 8 FF00000000000000
38310.7 444 8 0000000000000005
38312.3 537 8 8080808080800000
38313.7 538 8 8080008080000080
38326.7 523 8 CD1F7770450E0B02
38328.4 52E 5 603F000000
38330.5 31C 8 00000000800084F3
38332.0 31D 8 000000000000001F
38342.2 539 8 32028000FE010000
38343.7 541 8 0000000000000000
38357.7 444 8 0000000000000005
38373.4 3F1 8 0002000000000000
38374.8 663 8 7814E00E00AA0000
38376.2 31C 8 00000000800084F3
38378.6 31D 8 000000000000001F
38389.0 38C 8 000000000000007F
38390.7 38D 8 00000000000000E5
38392.2 39C 8 FF6F000000000000
38404.7 3C3 8 FF00000000000000
38406.3 444 8 0000000000000005
38421.8 31C 8 00000000800084F3
38437.4 31D 8 000000000000001F
38453.1 444 8 0000000000000005
38468.3 6C0 7 04030100000000
38469.9 3F1 8 0002000000000000
38471.1 663 8 7814E00E00AA0000
38472.4 31C 8 00000000800084F3
38483.9 31D 8 000000000000001F
38485.3 38C 8 000000000000007F
38487.0 38D 8 00000000000000E5
38499.7 6AB 8 0000000000003FA1
38501.3 39C 8 FF6F000000000000
38502.5 3C3 8 FF00000000000000
38503.8 444 8 0000000000000005
38515.4 537 8 8080808080800000
38516.7 538 8 8080008080000080
38530.9 31C 8 00000000800084F3
38532.2 31D 8 000000000000001F
38562.9 444 8 0000000000000005
38577.9 3F1 8 0002000000000000
38579.9 484 8 0000000000000000
38581.6 523 8 CD1F7770450E0B02
38583.1 52E 5 603F000000
38584.5 663 8 7814E00E00AA0000
38586.0 31C 8 00000000800084F3
38587.6 31D 8 000000000000001F
38589.0 38C 8 000000000000007F
38593.2 38D 8 00000000000000E5
38595.5 539 8 32028000FE010000
38596.8 39C 8 FF6F000000000000
38598.1 541 8 0000000000000000
38599.4 3C3 8 FF00000000000000
38608.9 444 8 0000000000000005
38624.9 31C 8 00000000800084F3
38626.5 5EA 8 0000000000000016
38628.0 31D 8 000000000000001F
38629.3 5EB 8 0000000000000007
38640.6 5EC 8 000000000000000F
38642.3 66B 8 7700000000000000
38643.6 66C 8 DF09000000000000
38656.0 444 8 0000000000000005
38671.5 6C0 7 04030100000000
38673.5 3F1 8 0002000000000000
38675.2 663 8 7814E00E00AA0000
38676.5 31C 8 00000000800084F3
38687.1 31D 8 000000000000001F
38688.7 38C 8 000000000000007F
38690.1 38D 8 00000000000000E5
38702.7 6AB 8 0000000000003FA1
38704.3 39C 8 FF6F000000000000
38706.0 3C3 8 FF00000000000000
38707.3 444 8 0000000000000005
38708.8 537 8 8080808080800000
38718.3 538 8 8080008080000080
38719.8 31C 8 00000000800084F3
38734.1 31D 8 000000000000001F
38749.8 444 8 0000000000000005
38765.6 3F1 8 0002000000000000
38767.1 663 8 7814E00E00AA0000
38780.8 31C 8 00000000800084F3
38782.3 31D 8 000000000000001F
38783.9 38C 8 000000000000007F
38796.6 38D 8 00000000000000E5
38798.1 39C 8 FF6F000000000000
38799.7 3C3 8 FF00000000000000
38812.3 444 8 0000000000000005
38828.1 523 8 CD1F7770450E0B02
38829.5 52E 5 603F000000
38830.8 31C 8 00000000800084F3
38832.2 31D 8 000000000000001F
38843.5 539 8 32028000FE010000
38845.1 541 8 0000000000000000
38858.9 444 8 0000000000000005
38874.7 6C0 7 04030100000000
38876.5 3F1 8 0002000000000000
38877.9 663 8 7814E00E00AA0000
38879.4 31C 8 00000000800084F3
38881.0 31D 8 000000000000001F
38890.1 38C 8 000000000000007F
38891.6 38D 8 00000000000000E5
38893.2 39C 8 FF6F000000000000
38894.7 6AB 8 0000000000003FA1
38906.7 3C3 8 FF00000000000000
38911.1 444 8 0000000000000005
38912.4 537 8 8080808080800000
38921.7 538 8 8080008080000080
38923.3 31C 8 00000000800084F3
38937.5 31D 8 000000000000001F
38952.9 444 8 0000000000000005
38968.6 3F1 8 0002000000000000
38970.0 663 8 7814E00E00AA0000
38971.4 31C 8 00000000800084F3
38984.1 31D 8 000000000000001F
38985.6 38C 8 000000000000007F
38987.0 38D 8 00000000000000E5
38999.7 39C 8 FF6F000000000000
39002.0 3C3 8 FF00000000000000
39003.2 444 8 0000000000000005
39030.9 31C 8 00000000800084F3
39032.3 31D 8 000000000000001F
39062.3 444 8 0000000000000005
39077.7 6C0 7 04030100000000
39079.2 3F1 8 0002000000000000
39080.7 484 8 0000000000000000
39082.0 523 8 CD1F7770450E0B02
39083.4 52E 5 603F000000
39084.6 585 8 902C00000000003F
39085.7 64C 2 0011
39086.8 663 8 7814E00E00AA0000
39088.0 6B2 8 FFFEFF0F880080CC
39089.3 31C 8 00000000800084F3
39090.4 31D 8 000000000000001F
39091.6 38C 8 000000000000007F
39093.2 38D 8 00000000000000E5
39094.8 39C 8 FF6F000000000000
39096.2 5FB 8 000000000000007E
39097.7 539 8 320280005A000000
39099.0 541 8 0000000000000000
39100.3 5FA 8 000000000000F8FF
39101.5 6AB 8 0000000000003FA1
39102.7 3C3 8 FF00000000000000
39109.1 444 8 0000000000000005
39110.5 537 8 8080808080800000
39111.8 538 8 8080008080000080
39124.6 31C 8 00000000800084F3
39126.0 5EA 8 0000000000000016
39128.1 31D 8 000000000000001F
39129.8 5EB 8 0000000000000007
39140.2 5EC 8 000000000000000F
39142.6 66B 8 7700000000000000
39144.0 66C 8 DF09000000000000
39156.0 444 8 0000000000000005
39171.6 3F1 8 0002000000000000
39173.8 663 8 7814E00E00AA0000
39175.3 31C 8 00000000800084F3
39187.4 31D 8 000000000000001F
39188.8 38C 8 000000000000007F
39190.2 38D 8 00000000000000E5
39202.8 39C 8 FF6F000000000000
39205.4 3C3 8 FF00000000000000
39206.8 444 8 0000000000000005
39218.3 31C 8 00000000800084F3
39234.1 31D 8 000000000000001F
39249.8 444 8 0000000000000005
39265.6 6C0 7 04030100000000
39267.6 3F1 8 0002000000000000
39269.2 663 8 7814E00E00AA0000
39280.9 31C 8 00000000800084F3
39282.3 31D 8 000000000000001F
39283.8 38C 8 000000000000007F
39296.3 38D 8 00000000000000E5
39297.7 39C 8 FF6F000000000000
39299.5 6AB 8 0000000000003FA1
39301.0 3C3 8 FF00000000000000
39312.4 444 8 0000000000000005
39314.1 537 8 8080808080800000
39315.4 538 8 8080008080000080
39328.0 523 8 CD1F7770450E0B02
39329.2 52E 5 603F000000
39330.4 31C 8 00000000800084F3
39331.7 31D 8 000000000000001F
39343.7 539 8 320280005A000000
39345.3 541 8 0000000000000000
39359.0 444 8 0000000000000005
39374.6 3F1 8 0002000000000000
39377.1 663 8 7814E00E00AA0000
39378.6 31C 8 00000000800084F3
39379.7 31D 8 000000000000001F
39390.5 38C 8 000000000000007F
39392.2 38D 8 00000000000000E5
39393.7 39C 8 FF6F000000000000
39406.0 3C3 8 FF00000000000000
39407.6 444 8 0000000000000005
39421.7 31C 8 00000000800084F3
39437.4 31D 8 000000000000001F
39452.9 444 8 0000000000000005
39468.3 6C0 7 04030100000000
39469.8 3F1 8 0002000000000000
39471.2 663 8 7814E00E00AA0000
39472.2 31C 8 00000000800084F3
39484.1 31D 8 000000000000001F
39485.4 38C 8 000000000000007F
39486.7 38D 8 00000000000000E5
39499.6 39C 8 FF6F000000000000
39501.1 6AB 8 0000000000003FA1
39502.5 3C3 8 FF00000000000000
39503.9 444 8 0000000000000005
39515.5 537 8 8080808080800000
39516.9 538 8 8080008080000080
39531.0 31C 8 00000000800084F3
39532.3 31D 8 000000000000001F
39562.4 444 8 0000000000000005
39577.8 3F1 8 0002000000000000
39580.2 484 8 0000000000000000
39581.5 523 8 CD1F7770450E0B02
39583.0 52E 5 603F000000
39584.6 663 8 7814E00E00AA0000
39586.0 31C 8 00000000800084F3
39588.2 31D 8 000000000000001F
39589.5 38C 8 000000000000007F
39593.8 38D 8 00000000000000E5
39595.4 39C 8 FF6F000000000000
39597.0 539 8 320280005A000000
39598.5 541 8 0000000000000000
39600.1 3C3 8 FF00000000000000
39609.2 444 8 0000000000000005
39624.8 31C 8 00000000800084F3
39628.1 5EA 8 0000000000000016
39629.3 31D 8 000000000000001F
39630.4 5EB 8 0000000000000007
39640.6 5EC 8 000000000000000F
39641.9 66B 8 7700000000000000
39643.1 66C 8 DF09000000000000
39655.9 444 8 0000000000000005
39671.9 6C0 7 04030100000000
39674.3 3F1 8 0002000000000000
39676.1 663 8 7814E00E00AA0000
39677.6 31C 8 00000000800084F3
39687.3 31D 8 000000000000001F
39689.0 38C 8 000000000000007F
39690.5 38D 8 00000000000000E5
39702.7 39C 8 FF6F000000000000
39704.2 6AB 8 0000000000003FA1
39705.6 3C3 8 FF00000000000000
39707.0 444 8 0000000000000005
39708.5 537 8 8080808080800000
39718.2 538 8 8080008080000080
39719.7 31C 8 00000000800084F3
39734.1 31D 8 000000000000001F
39749.9 444 8 0000000000000005
39765.5 3F1 8 0002000000000000
39767.0 663 8 7814E00E00AA0000
39780.8 31C 8 00000000800084F3
39783.7 31D 8 000000000000001F
39785.1 38C 8 000000000000007F
39796.6 38D 8 00000000000000E5
39798.2 39C 8 FF6F000000000000
39799.6 3C3 8 FF00000000000000
39812.5 444 8 0000000000000005
39827.9 523 8 CD1F7770450E0B02
39829.4 52E 5 603F000000
39830.7 31C 8 00000000800084F3
39832.1 31D 8 000000000000001F
39843.7 539 8 320280005A000000
39845.3 541 8 0000000000000000
39859.2 444 8 0000000000000005
39874.6 6C0 7 04030100000000
39875.9 3F1 8 0002000000000000
39877.3 663 8 7814E00E00AA0000
39878.9 31C 8 00000000800084F3
39880.2 31D 8 000000000000001F
39890.4 38C 8 000000000000007F
39892.1 38D 8 00000000000000E5
39893.7 39C 8 FF6F000000000000
39895.2 6AB 8 0000000000003FA1
39905.7 3C3 8 FF00000000000000
39907.5 444 8 0000000000000005
39909.3 537 8 8080808080800000
39921.7 538 8 8080008080000080
39923.3 31C 8 00000000800084F3
39937.4 31D 8 000000000000001F
39953.3 444 8 0000000000000005
39968.3 3F1 8 0002000000000000
39969.8 663 8 7814E00E00AA0000
39971.1 31C 8 00000000800084F3
39984.1 31D 8 000000000000001F
39986.6 38C 8 000000000000007F
39988.1 38D 8 00000000000000E5
39999.8 39C 8 FF6F000000000000
40001.3 3C3 8 FF00000000000000
40002.6 444 8 0000000000000005
40031.1 31C 8 00000000800084F3
40032.3 31D 8 000000000000001F
40062.4 444 8 0000000000000005
40077.6 6C0 7 04030100000000
40079.6 3F1 8 0002000000000000
40081.4 484 8 0000000000000000
40083.3 523 8 CD1F7770450E0B02
40084.6 52E 5 603F000000
40085.9 585 8 902C00000000003F
40087.1 64C 2 0011
40088.3 663 8 7814E00E00AA0000
40090.0 6B2 8 FFFEFF0F880000CD
40091.0 31C 8 00000000800084F3
40092.4 31D 8 000000000000001F
40093.8 38C 8 000000000000007F
40109.2 38D 8 00000000000000E5
40110.7 39C 8 FF6F000000000000
40112.2 5FB 8 000000000000007E
40113.7 539 8 3202800008030000
40115.3 541 8 0000000000000000
40116.7 5FA 8 5B9DC7CC9C46F1FF
40118.0 6AB 8 0000000000003FA1
40119.3 3C3 8 FF00000000000000
40120.7 444 8 0000000000000005
40122.1 537 8 8080808080800000
40123.4 538 8 8080008080000080
40140.5 31C 8 00000000800084F3
40142.3 5EA 8 0000000000000016
40143.7 31D 8 000000000000001F
40145.0 5EB 8 0000000000000007
40147.6 5EC 8 000000000000000F
40148.9 66B 8 7700000000000000
40150.1 66C 8 DF09000000000000
40156.1 444 8 0000000000000005
40171.6 3F1 8 0002000000000000
40173.1 663 8 7814E00E00AA0000
40174.6 31C 8 00000000800084F3
40187.3 31D 8 000000000000001F
40190.4 38C 8 000000000000007F
40191.8 38D 8 00000000000000E5
40203.0 39C 8 FF6F000000000000
40204.4 3C3 8 FF00000000000000
40205.8 444 8 0000000000000005
40218.2 31C 8 00000000800084F3
40234.2 31D 8 000000000000001F
40249.8 444 8 0000000000000005
40265.5 6C0 7 04030100000000
40267.3 3F1 8 0002000000000000
40268.6 663 8 7814E00E00AA0000
40281.1 31C 8 00000000800084F3
40282.6 31D 8 000000000000001F
40284.0 38C 8 000000000000007F
40296.4 38D 8 00000000000000E5
40298.1 39C 8 FF6F000000000000
40299.4 6AB 8 0000000000003FA1
40301.0 3C3 8 FF00000000000000
40312.3 444 8 0000000000000005
40313.8 537 8 8080808080800000
40315.3 538 8 8080008080000080
40327.8 523 8 CD1F7770450E0B02
40329.3 52E 5 603F000000
40330.8 31C 8 00000000800084F3
40332.3 31D 8 000000000000001F
40343.6 539 8 3202800008030000
40346.1 541 8 0000000000000000
40359.3 444 8 0000000000000005
40374.6 3F1 8 0002000000000000
40376.0 663 8 7814E00E00AA0000
40377.6 31C 8 00000000800084F3
40379.0 31D 8 000000000000001F
40390.5 38C 8 000000000000007F
40392.2 38D 8 00000000000000E5
40393.7 39C 8 FF6F000000000000
40406.0 3C3 8 FF00000000000000
40407.6 444 8 0000000000000005
40421.5 31C 8 00000000800084F3
40437.5 31D 8 000000000000001F
40452.9 444 8 0000000000000005
40468.9 6C0 7 04030100000000
40470.4 3F1 8 0002000000000000
40471.7 663 8 7814E00E00AA0000
40473.0 31C 8 00000000800084F3
40484.0 31D 8 000000000000001F
40485.8 38C 8 000000000000007F
40487.3 38D 8 00000000000000E5
40499.9 39C 8 FF6F000000000000
40501.4 6AB 8 0000000000003FA1
40502.8 3C3 8 FF00000000000000
40504.1 444 8 0000000000000005
40515.4 537 8 8080808080800000
40517.0 538 8 8080008080000080
40531.1 31C 8 00000000800084F3
40532.6 31D 8 000000000000001F
40562.3 444 8 0000000000000005
40577.7 3F1 8 0002000000000000
40579.2 484 8 0000000000000000
40580.7 523 8 CD1F7770450E0B02
40582.0 52E 5 603F000000
40584.4 663 8 7814E00E00AA0000
40585.7 31C 8 00000000800084F3
40587.1 31D 8 000000000000001F
40588.6 38C 8 000000000000007F
40593.3 38D 8 00000000000000E5
40594.9 39C 8 FF6F000000000000
40596.3 539 8 3202800008030000
40597.8 541 8 0000000000000000
40599.1 3C3 8 FF00000000000000
40609.3 444 8 0000000000000005
40624.8 31C 8 00000000800084F3
40626.3 5EA 8 0000000000000016
40627.9 31D 8 000000000000001F
40629.2 5EB 8 0000000000000007
40640.5 5EC 8 000000000000000F
40642.2 66B 8 7700000000000000
40643.6 66C 8 DF09000000000000
40656.0 444 8 0000000000000005
40671.7 6C0 7 04030100000000
40673.1 3F1 8 0002000000000000
40674.4 663 8 7814E00E00AA0000
40675.7 31C 8 00000000800084F3
40687.3 31D 8 000000000000001F
40688.8 38C 8 000000000000007F
40690.2 38D 8 00000000000000E5
40702.6 39C 8 FF6F000000000000
40704.3 6AB 8 0000000000003FA1
40705.6 3C3 8 FF00000000000000
40707.2 444 8 0000000000000005
40708.9 537 8 8080808080800000
40718.3 538 8 8080008080000080
40719.8 31C 8 00000000800084F3
40734.0 31D 8 000000000000001F
40750.0 444 8 0000000000000005
40765.6 3F1 8 0002000000000000
40767.0 663 8 7814E00E00AA0000
40780.8 31C 8 00000000800084F3
40782.3 31D 8 000000000000001F
40783.8 38C 8 000000000000007F
40796.8 38D 8 00000000000000E5
40798.2 39C 8 FF6F000000000000
40799.5 3C3 8 FF00000000000000
40812.4 444 8 0000000000000005
40827.9 523 8 CD1F7770450E0B02
40829.7 52E 5 603F000000
40831.2 31C 8 00000000800084F3
40832.8 31D 8 000000000000001F
40843.3 539 8 3202800008030000
40845.0 541 8 0000000000000000
40858.9 444 8 0000000000000005
40874.9 6C0 7 04030100000000
40876.5 3F1 8 0002000000000000
40878.0 663 8 7814E00E00AA0000
40879.4 31C 8 00000000800084F3
40880.8 31D 8 000000000000001F
40890.1 38C 8 000000000000007F
40891.8 38D 8 00000000000000E5
40893.6 39C 8 FF6F000000000000
40895.1 6AB 8 0000000000003FA1
40905.8 3C3 8 FF00000000000000
40907.5 444 8 0000000000000005
40909.0 537 8 8080808080800000
40921.5 538 8 8080008080000080
40922.9 31C 8 00000000800084F3
40937.6 31D 8 000000000000001F
40952.9 444 8 0000000000000005
40968.2 3F1 8 0002000000000000
40969.6 663 8 7814E00E00AA0000
40972.0 31C 8 00000000800084F3
40984.1 31D 8 000000000000001F
40985.6 38C 8 000000000000007F
40987.1 38D 8 00000000000000E5
41000.0 39C 8 FF6F000000000000
41004.4 3C3 8 FF00000000000000
41005.6 444 8 0000000000000005
41031.1 31C 8 00000000800084F3
41032.5 31D 8 000000000000001F
41062.6 444 8 0000000000000005
41077.6 6C0 7 04030100000000
41079.0 3F1 8 0002000000000000
41080.3 484 8 0000000000000000
41081.6 523 8 CD1F7770450E0B02
41083.0 52E 5 603F000000
41084.3 585 8 902C00000000003F
41085.8 64C 2 0011
41087.1 663 8 7814E00E00AA0000
41088.4 6B2 8 FFFEFF0F880080CD
41090.1 31C 8 00000000800084F3
41091.2 31D 8 000000000000001F
41092.6 38C 8 000000000000007F
41109.0 38D 8 00000000000000E5
41110.6 39C 8 FF6F000000000000
41112.2 5FB 8 000000000000007E
41113.4 539 8 3202800008030000
41114.7 541 8 0000000000000000
41116.1 5FA 8 5B9DC7CC9C46F1FF
41117.5 6AB 8 0000000000003FA1
41118.9 3C3 8 FF00000000000000
41120.0 444 8 0000000000000005
41121.3 537 8 8080808080800000
41122.6 538 8 8080008080000080
41124.5 31C 8 00000000800084F3
41126.2 5EA 8 0000000000000016
41129.0 31D 8 000000000000001F
41130.2 5EB 8 0000000000000007
41140.2 5EC 8 000000000000000F
41141.9 66B 8 7700000000000000
41143.1 66C 8 DF09000000000000
41155.9 444 8 0000000000000005
41171.4 3F1 8 0002000000000000
41173.4 663 8 7814E00E00AA0000
41175.5 31C 8 00000000800084F3
41187.4 31D 8 000000000000001F
41188.9 38C 8 000000000000007F
41190.5 38D 8 00000000000000E5
41203.0 39C 8 FF6F000000000000
41204.5 3C3 8 FF00000000000000
41206.0 444 8 0000000000000005
41218.2 31C 8 00000000800084F3
41234.0 31D 8 000000000000001F
41249.9 444 8 0000000000000005
41265.1 6C0 7 04030100000000
41266.9 3F1 8 0002000000000000
41268.8 663 8 7814E00E00AA0000
41281.1 31C 8 00000000800084F3
41282.7 31D 8 000000000000001F
41284.3 38C 8 000000000000007F
41296.3 38D 8 00000000000000E5
41297.8 39C 8 FF6F000000000000
41299.4 6AB 8 0000000000003FA1
41300.8 3C3 8 FF00000000000000
41312.4 444 8 0000000000000005
41314.0 537 8 8080808080800000
41315.6 538 8 8080008080000080
41328.1 523 8 CD1F7770450E0B02
41329.8 52E 5 603F000000
41331.8 31C 8 00000000800084F3
41334.2 31D 8 000000000000001F
41343.4 539 8 3202800008030000
41344.9 541 8 0000000000000000
41359.0 444 8 0000000000000005
41374.6 3F1 8 0002000000000000
41376.2 663 8 7814E00E00AA0000
41377.8 31C 8 00000000800084F3
41379.4 31D 8 000000000000001F
41390.8 38C 8 000000000000007F
41392.4 38D 8 00000000000000E5
41394.1 39C 8 FF6F000000000000
41406.1 3C3 8 FF00000000000000
41407.6 444 8 0000000000000005
41421.7 31C 8 00000000800084F3
41437.5 31D 8 000000000000001F
41453.2 444 8 0000000000000005
41468.3 6C0 7 04030100000000
41470.0 3F1 8 0002000000000000
41471.4 663 8 7814E00E00AA0000
41472.7 31C 8 00000000800084F3
41484.1 31D 8 000000000000001F
41485.6 38C 8 000000000000007F
41487.2 38D 8 00000000000000E5
41499.8 39C 8 FF6F000000000000
41501.2 6AB 8 0000000000003FA1
41502.6 3C3 8 FF00000000000000
41504.1 444 8 0000000000000005
41515.6 537 8 8080808080800000
41517.1 538 8 8080008080000080
41531.0 31C 8 00000000800084F3
41532.5 31D 8 000000000000001F
41562.1 444 8 0000000000000005
41577.7 3F1 8 0002000000000000
41580.4 484 8 0000000000000000
41581.9 523 8 CD1F7770450E0B02
41583.4 52E 5 603F000000
41584.8 663 8 7814E00E00AA0000
41586.1 31C 8 00000000800084F3
41587.5 31D 8 000000000000001F
41588.8 38C 8 000000000000007F
41593.5 38D 8 00000000000000E5
41595.0 39C 8 FF6F000000000000
41596.4 539 8 3202800008030000
41597.7 541 8 0000000000000000
41599.0 3C3 8 FF00000000000000
41609.1 444 8 0000000000000005
41624.8 31C 8 00000000800084F3
41626.4 5EA 8 0000000000000016
41627.9 31D 8 000000000000001F
41629.2 5EB 8 0000000000000007
41640.5 5EC 8 000000000000000F
41642.1 66B 8 7700000000000000
41643.5 66C 8 DF09000000000000
41656.1 444 8 0000000000000005
41671.7 6C0 7 04030100000000
41673.1 3F1 8 0002000000000000
41674.6 663 8 7814E00E00AA0000
41675.9 31C 8 00000000800084F3
41687.3 31D 8 000000000000001F
41688.9 38C 8 000000000000007F
41690.6 38D 8 00000000000000E5
41702.7 39C 8 FF6F000000000000
41704.6 6AB 8 0000000000003FA1
41706.3 3C3 8 FF00000000000000
41707.7 444 8 0000000000000005
41709.3 537 8 8080808080800000
41718.2 538 8 8080008080000080
41719.7 31C 8 00000000800084F3
41734.3 31D 8 000000000000001F
41749.8 444 8 0000000000000005
41765.5 3F1 8 0002000000000000
41767.0 663 8 7814E00E00AA0000
41780.8 31C 8 00000000800084F3
41782.4 31D 8 000000000000001F
41783.9 38C 8 000000000000007F
41796.6 38D 8 00000000000000E5
41797.9 39C 8 FF6F000000000000
41799.1 3C3 8 FF00000000000000
41812.4 444 8 0000000000000005
41828.0 523 8 CD1F7770450E0B02
41829.8 52E 5 603F000000
41831.5 31C 8 00000000800084F3
41833.0 31D 8 000000000000001F
41843.3 539 8 3202800008030000
41845.4 541 8 0000000000000000
41859.3 444 8 0000000000000005
41875.0 6C0 7 04030100000000
41877.0 3F1 8 0002000000000000
41878.2 663 8 7814E00E00AA0000
41879.5 31C 8 00000000800084F3
41880.8 31D 8 000000000000001F
41890.2 38C 8 000000000000007F
41891.9 38D 8 00000000000000E5
41893.5 39C 8 FF6F000000000000
41894.8 6AB 8 0000000000003FA1
41905.9 3C3 8 FF00000000000000
41907.6 444 8 0000000000000005
41909.2 537 8 8080808080800000
41921.5 538 8 8080008080000080
41923.2 31C 8 00000000800084F3
41937.3 31D 8 000000000000001F
41953.4 444 8 0000000000000005
41968.2 3F1 8 0002000000000000
41969.6 663 8 7814E00E00AA0000
41971.0 31C 8 00000000800084F3
41984.1 31D 8 000000000000001F
41985.5 38C 8 000000000000007F
41986.8 38D 8 00000000000000E5
41999.8 39C 8 FF6F000000000000
42001.1 3C3 8 FF00000000000000
42002.4 444 8 0000000000000005
42031.2 31C 8 00000000800084F3
42032.6 31D 8 000000000000001F
42062.3 444 8 0000000000000005
42077.8 6C0 7 04030100000000
42080.1 3F1 8 0002000000000000
42081.6 484 8 0000000000000000
42083.1 523 8 CD1F7770450E0B02
42084.3 52E 5 603F000000
42085.4 585 8 902C00000000003F
42086.6 64C 2 0011
42087.8 663 8 7814E00E00AA0000
42089.3 6B2 8 FFFEFF0F880000CE
42090.9 31C 8 00000000800084F3
42092.3 31D 8 000000000000001F
42093.8 38C 8 000000000000007F
42109.3 38D 8 00000000000000E5
42110.8 39C 8 FF6F000000000000
42112.1 5FB 8 000000000000007E
42113.6 539 8 3202800008030000
42115.1 541 8 0000000000000000
42116.4 5FA 8 5B9DC7CC9C46F1FF
42118.0 6AB 8 0000000000003FA1
42119.2 3C3 8 FF00000000000000
42120.5 444 8 0000000000000005
42121.8 537 8 8080808080800000
42124.2 538 8 8080008080000080
42140.5 31C 8 00000000800084F3
42142.0 5EA 8 0000000000000016
42143.3 31D 8 000000000000001F
42144.8 5EB 8 0000000000000007
42146.2 5EC 8 000000000000000F
42147.6 66B 8 7700000000000000
42149.0 66C 8 DF09000000000000
42156.1 444 8 0000000000000005
42171.9 3F1 8 0002000000000000
42173.6 663 8 7814E00E00AA0000
42175.2 31C 8 00000000800084F3
42187.2 31D 8 000000000000001F
42188.8 38C 8 000000000000007F
42190.3 38D 8 00000000000000E5
42203.1 39C 8 FF6F000000000000
42204.5 3C3 8 FF00000000000000
42205.8 444 8 0000000000000005
42218.2 31C 8 00000000800084F3
42234.3 31D 8 000000000000001F
42249.8 444 8 0000000000000005
42265.5 6C0 7 04030100000000
42267.2 3F1 8 0002000000000000
42268.6 663 8 7814E00E00AA0000
42281.3 31C 8 00000000800084F3
42282.8 31D 8 000000000000001F
42284.3 38C 8 000000000000007F
42296.3 38D 8 00000000000000E5
42297.8 39C 8 FF6F000000000000
42299.3 6AB 8 0000000000003FA1
42300.8 3C3 8 FF00000000000000
42312.3 444 8 0000000000000005
42313.9 537 8 8080808080800000
42315.3 538 8 8080008080000080
42328.4 523 8 CD1F7770450E0B02
42329.8 52E 5 603F000000
42331.4 31C 8 00000000800084F3
42332.8 31D 8 000000000000001F
42343.3 539 8 3202800008030000
42344.8 541 8 0000000000000000
42359.2 444 8 0000000000000005
42374.8 3F1 8 0002000000000000
42376.4 663 8 7814E00E00AA0000
42378.0 31C 8 00000000800084F3
42379.3 31D 8 000000000000001F
42390.5 38C 8 000000000000007F
42392.0 38D 8 00000000000000E5
42393.3 39C 8 FF6F000000000000
42406.0 3C3 8 FF00000000000000
42407.6 444 8 0000000000000005
42421.4 31C 8 00000000800084F3
42437.3 31D 8 000000000000001F
42452.9 444 8 0000000000000005
42468.2 6C0 7 04030100000000
42469.7 3F1 8 0002000000000000
42471.0 663 8 7814E00E00AA0000
42472.2 31C 8 00000000800084F3
42484.1 31D 8 000000000000001F
42485.6 38C 8 000000000000007F
42487.1 38D 8 00000000000000E5
42499.8 39C 8 FF6F000000000000
42501.4 6AB 8 0000000000003FA1
42502.9 3C3 8 FF00000000000000
42504.2 444 8 0000000000000005
42515.4 537 8 8080808080800000
42516.8 538 8 8080008080000080
42531.2 31C 8 00000000800084F3
42532.7 31D 8 000000000000001F
42562.8 444 8 0000000000000005
42578.0 3F1 8 0002000000000000
42579.4 484 8 0000000000000000
42580.7 523 8 CD1F7770450E0B02
42582.2 52E 5 603F000000
42583.5 663 8 7814E00E00AA0000
42585.1 31C 8 00000000800084F3
42586.5 31D 8 000000000000001F
42588.1 38C 8 000000000000007F
42593.6 38D 8 00000000000000E5
42595.2 39C 8 FF6F000000000000
42596.7 539 8 3202800008030000
42598.2 541 8 0000000000000000
42599.7 3C3 8 FF00000000000000
42609.5 444 8 0000000000000005
42625.2 31C 8 00000000800084F3
42627.1 5EA 8 0000000000000016
42628.5 31D 8 000000000000001F
42629.9 5EB 8 0000000000000007
42640.6 5EC 8 000000000000000F
42642.2 66B 8 7700000000000000
42643.8 66C 8 DF09000000000000
42656.6 444 8 0000000000000005
42672.0 6C0 7 04030100000000
42673.6 3F1 8 0002000000000000
42675.1 663 8 7814E00E00AA0000
42676.6 31C 8 00000000800084F3
42687.9 31D 8 000000000000001F
42689.7 38C 8 000000000000007F
42691.3 38D 8 00000000000000E5
42692.7 39C 8 FF6F000000000000
42703.0 6AB 8 0000000000003FA1
42704.5 3C3 8 FF00000000000000
42705.9 444 8 0000000000000005
42708.5 537 8 8080808080800000
42718.9 538 8 8080008080000080
42720.3 31C 8 00000000800084F3
42734.7 31D 8 000000000000001F
42750.4 444 8 0000000000000005
42765.8 3F1 8 0002000000000000
42767.2 663 8 7814E00E00AA0000
42781.2 31C 8 00000000800084F3
42782.7 31D 8 000000000000001F
42784.1 38C 8 000000000000007F
42797.0 38D 8 00000000000000E5
42798.4 39C 8 FF6F000000000000
42799.7 3C3 8 FF00000000000000
42812.7 444 8 0000000000000005
42828.3 523 8 CD1F7770450E0B02
42829.9 52E 5 603F000000
42831.4 31C 8 00000000800084F3
42832.7 31D 8 000000000000001F
42843.9 539 8 3202800008030000
42846.0 541 8 0000000000000000
42859.6 444 8 0000000000000005
42875.0 6C0 7 04030100000000
42876.4 3F1 8 0002000000000000
42878.4 663 8 7814E00E00AA0000
42880.0 31C 8 00000000800084F3
42881.2 31D 8 000000000000001F
42891.0 38C 8 000000000000007F
42892.7 38D 8 00000000000000E5
42894.2 39C 8 FF6F000000000000
42895.4 6AB 8 0000000000003FA1
42906.1 3C3 8 FF00000000000000
42907.4 444 8 0000000000000005
42909.0 537 8 8080808080800000
42922.3 538 8 8080008080000080
42924.9 31C 8 00000000800084F3
42937.7 31D 8 000000000000001F
42953.4 444 8 0000000000000005
42969.0 3F1 8 0002000000000000
42970.9 663 8 7814E00E00AA0000
42973.7 31C 8 00000000800084F3
42984.5 31D 8 000000000000001F
42986.0 38C 8 000000000000007F
42987.2 38D 8 00000000000000E5
43000.2 39C 8 FF6F000000000000
43001.7 3C3 8 FF00000000000000
43002.9 444 8 0000000000000005
43031.5 31C 8 00000000800084F3
43032.9 31D 8 000000000000001F
43062.7 444 8 0000000000000005
43078.0 6C0 7 04030100000000
43079.4 3F1 8 0002000000000000
43080.9 484 8 0000000000000000
43082.2 523 8 CD1F7770450E0B02
43084.0 52E 5 603F000000
43085.3 585 8 902C00000000003F
43086.6 64C 2 0011
43087.8 663 8 7814E00E00AA0000
43089.1 6B2 8 FFFEFF0F880080CE
43090.4 31C 8 00000000800084F3
43091.8 31D 8 000000000000001F
43093.0 38C 8 000000000000007F
43109.5 38D 8 00000000000000E5
43111.3 39C 8 FF6F000000000000
43112.8 5FB 8 000000000000007E
43114.3 539 8 3202800008030000
43115.6 541 8 0000000000000000
43117.2 5FA 8 5B9DC7CC9C46F1FF
43118.6 6AB 8 0000000000003FA1
43121.1 3C3 8 FF00000000000000
43122.5 444 8 0000000000000005
43123.8 537 8 8080808080800000
43125.2 538 8 8080008080000080
43140.7 31C 8 00000000800084F3
43142.6 5EA 8 0000000000000016
43143.9 31D 8 000000000000001F
43145.2 5EB 8 0000000000000007
43146.4 5EC 8 000000000000000F
43147.6 66B 8 7700000000000000
43148.8 66C 8 DF09000000000000
43156.4 444 8 0000000000000005
43172.2 3F1 8 0002000000000000
43174.1 663 8 7814E00E00AA0000
43175.6 31C 8 00000000800084F3
43187.7 31D 8 000000000000001F
43189.1 38C 8 000000000000007F
43190.6 38D 8 00000000000000E5
43192.0 39C 8 FF6F000000000000
43203.3 3C3 8 FF00000000000000
43205.1 444 8 0000000000000005
43218.8 31C 8 00000000800084F3
43234.5 31D 8 000000000000001F
43250.4 444 8 0000000000000005
43265.9 6C0 7 04030100000000
43267.5 3F1 8 0002000000000000
43269.0 663 8 7814E00E00AA0000
43281.5 31C 8 00000000800084F3
43282.9 31D 8 000000000000001F
43284.3 38C 8 000000000000007F
43296.7 38D 8 00000000000000E5
43298.3 39C 8 FF6F000000000000
43299.6 6AB 8 0000000000003FA1
43300.9 3C3 8 FF00000000000000
43313.8 444 8 0000000000000005
43315.5 537 8 8080808080800000
43317.0 538 8 8080008080000080
43328.3 523 8 CD1F7770450E0B02
43329.7 52E 5 603F000000
43331.2 31C 8 00000000800084F3
43332.7 31D 8 000000000000001F
43344.0 539 8 3202800008030000
43345.8 541 8 0000000000000000
43359.5 444 8 0000000000000005
43375.2 3F1 8 0002000000000000
43376.7 663 8 7814E00E00AA0000
43378.5 31C 8 00000000800084F3
43379.8 31D 8 000000000000001F
43391.0 38C 8 000000000000007F
43392.4 38D 8 00000000000000E5
43393.8 39C 8 FF6F000000000000
43406.4 3C3 8 FF00000000000000
43407.8 444 8 0000000000000005
43422.0 31C 8 00000000800084F3
43437.7 31D 8 000000000000001F
43453.4 444 8 0000000000000005
43468.9 6C0 7 04030100000000
43470.2 3F1 8 0002000000000000
43471.5 663 8 7814E00E00AA0000
43472.8 31C 8 00000000800084F3
43484.6 31D 8 000000000000001F
43486.1 38C 8 000000000000007F
43487.7 38D 8 00000000000000E5
43500.3 39C 8 FF6F000000000000
43501.9 6AB 8 0000000000003FA1
43503.3 3C3 8 FF00000000000000
43504.8 444 8 0000000000000005
43515.8 537 8 8080808080800000
43518.1 538 8 8080008080000080
43531.4 31C 8 00000000800084F3
43532.9 31D 8 000000000000001F
43563.0 444 8 0000000000000005
43578.2 3F1 8 0002000000000000
43579.8 484 8 0000000000000000
43581.1 523 8 CD1F7770450E0B02
43582.4 52E 5 603F000000
43584.2 663 8 7814E00E00AA0000
43585.5 31C 8 00000000800084F3
43586.8 31D 8 000000000000001F
43588.0 38C 8 000000000000007F
43593.8 38D 8 00000000000000E5
43595.2 39C 8 FF6F000000000000
43596.6 539 8 3202800008030000
43598.1 541 8 0000000000000000
43599.6 3C3 8 FF00000000000000
43609.5 444 8 0000000000000005
43625.3 31C 8 00000000800084F3
43626.9 5EA 8 0000000000000016
43628.6 31D 8 000000000000001F
43630.2 5EB 8 0000000000000007
43640.8 5EC 8 000000000000000F
43642.2 66B 8 7700000000000000
43643.4 66C 8 DF09000000000000
43656.6 444 8 0000000000000005
43672.0 6C0 7 04030100000000
43674.1 3F1 8 0002000000000000
43675.7 663 8 7814E00E00AA0000
43677.0 31C 8 00000000800084F3
43687.8 31D 8 000000000000001F
43689.6 38C 8 000000000000007F
43691.1 38D 8 00000000000000E5
43692.7 39C 8 FF6F000000000000
43703.2 6AB 8 0000000000003FA1
43705.0 3C3 8 FF00000000000000
43706.5 444 8 0000000000000005
43707.8 537 8 8080808080800000
43719.1 538 8 8080008080000080
43725.5 31C 8 00000000800084F3
43734.8 31D 8 000000000000001F
43750.4 444 8 0000000000000005
43766.0 3F1 8 0002000000000000
43767.5 663 8 7814E00E00AA0000
43781.3 31C 8 00000000800084F3
43782.8 31D 8 000000000000001F
43784.3 38C 8 000000000000007F
43797.2 38D 8 00000000000000E5
43798.8 39C 8 FF6F000000000000
43800.3 3C3 8 FF00000000000000
43812.8 444 8 0000000000000005
43828.4 523 8 CD1F7770450E0B02
43829.9 52E 5 603F000000
43831.4 31C 8 00000000800084F3
43832.8 31D 8 000000000000001F
43844.1 539 8 3202800008030000
43846.0 541 8 0000000000000000
43859.8 444 8 0000000000000005
43875.1 6C0 7 04030100000000
43876.7 3F1 8 0002000000000000
43878.3 663 8 7814E00E00AA0000
43880.0 31C 8 00000000800084F3
43881.6 31D 8 000000000000001F
43890.9 38C 8 000000000000007F
43892.4 38D 8 00000000000000E5
43893.7 39C 8 FF6F000000000000
43895.0 6AB 8 0000000000003FA1
43906.6 3C3 8 FF00000000000000
43909.0 444 8 0000000000000005
43910.5 537 8 8080808080800000
43922.2 538 8 8080008080000080
43923.5 31C 8 00000000800084F3
43937.9 31D 8 000000000000001F
43953.4 444 8 0000000000000005
43969.2 3F1 8 0002000000000000
43970.8 663 8 7814E00E00AA0000
43972.3 31C 8 00000000800084F3
43984.7 31D 8 000000000000001F
43986.3 38C 8 000000000000007F
43987.9 38D 8 00000000000000E5
44000.4 39C 8 FF6F000000000000
44001.9 3C3 8 FF00000000000000
44003.3 444 8 0000000000000005
44031.7 31C 8 00000000800084F3
44033.2 31D 8 000000000000001F
44062.9 444 8 0000000000000005
44078.3 6C0 7 04030100000000
44080.0 3F1 8 0002000000000000
44081.6 484 8 0000000000000000
44082.9 523 8 CD1F7770450E0B02
44084.4 52E 5 603F000000
44085.8 585 8 902C00000000003F
44087.0 64C 2 0011
44088.2 663 8 7814E00E00AA0000
44089.6 6B2 8 FFFEFF0F880000CF
44091.0 31C 8 00000000800084F3
44092.3 31D 8 000000000000001F
44093.7 38C 8 000000000000007F
44109.8 38D 8 00000000000000E5
44111.4 39C 8 FF6F000000000000
44112.8 5FB 8 000000000000007E
44114.1 539 8 3202800008030000
44116.9 541 8 0000000000000000
44118.3 5FA 8 5B9DC7CC9C46F1FF
44119.7 6AB 8 0000000000003FA1
44120.9 3C3 8 FF00000000000000
44122.1 444 8 0000000000000005
44123.5 537 8 8080808080800000
44124.8 538 8 8080008080000080
44140.8 31C 8 00000000800084F3
44142.6 5EA 8 0000000000000016
44144.2 31D 8 000000000000001F
44145.8 5EB 8 0000000000000007
44147.2 5EC 8 000000000000000F
44148.9 66B 8 7700000000000000
44150.3 66C 8 DF09000000000000
44156.7 444 8 0000000000000005
44172.3 3F1 8 0002000000000000
44174.1 663 8 7814E00E00AA0000
44175.7 31C 8 00000000800084F3
44187.9 31D 8 000000000000001F
44189.4 38C 8 000000000000007F
44190.9 38D 8 00000000000000E5
44192.4 39C 8 FF6F000000000000
44203.6 3C3 8 FF00000000000000
44205.2 444 8 0000000000000005
44219.0 31C 8 00000000800084F3
44234.7 31D 8 000000000000001F
44250.5 444 8 0000000000000005
44266.1 6C0 7 04030100000000
44267.7 3F1 8 0002000000000000
44269.0 663 8 7814E00E00AA0000
44281.6 31C 8 00000000800084F3
44283.1 31D 8 000000000000001F
44284.6 38C 8 000000000000007F
44297.2 38D 8 00000000000000E5
44299.8 39C 8 FF6F000000000000
44301.2 6AB 8 0000000000003FA1
44302.6 3C3 8 FF00000000000000
44313.3 444 8 0000000000000005
44314.9 537 8 8080808080800000
44316.4 538 8 8080008080000080
44328.9 523 8 CD1F7770450E0B02
44330.4 52E 5 603F000000
44332.0 31C 8 00000000800084F3
44333.4 31D 8 000000000000001F
44344.7 539 8 3202800008030000
44346.2 541 8 0000000000000000
44360.3 444 8 0000000000000005
44375.7 3F1 8 0002000000000000
44377.2 663 8 7814E00E00AA0000
44378.5 31C 8 00000000800084F3
44379.9 31D 8 000000000000001F
44391.3 38C 8 000000000000007F
44392.9 38D 8 00000000000000E5
44394.4 39C 8 FF6F000000000000
44407.3 3C3 8 FF00000000000000
44408.7 444 8 0000000000000005
44422.7 31C 8 00000000800084F3
44424.2 31D 8 000000000000001F
44454.1 444 8 0000000000000005
44469.6 6C0 7 04030100000000
44471.2 3F1 8 0002000000000000
44472.6 663 8 7814E00E00AA0000
44473.9 31C 8 00000000800084F3
44485.4 31D 8 000000000000001F
44486.9 38C 8 000000000000007F
44488.2 38D 8 00000000000000E5
44500.9 39C 8 FF6F000000000000
44502.4 6AB 8 0000000000003FA1
44503.8 3C3 8 FF00000000000000
44505.1 444 8 0000000000000005
44516.6 537 8 8080808080800000
44518.0 538 8 8080008080000080
44532.2 31C 8 00000000800084F3
44533.7 31D 8 000000000000001F
44547.8 444 8 0000000000000005
44579.1 3F1 8 0002000000000000
44580.6 484 8 0000000000000000
44582.3 523 8 CD1F7770450E0B02
44583.6 52E 5 603F000000
44585.0 663 8 7814E00E00AA0000
44586.5 31C 8 00000000800084F3
44587.9 31D 8 000000000000001F
44589.4 38C 8 000000000000007F
44594.7 38D 8 00000000000000E5
44596.2 39C 8 FF6F000000000000
44597.5 539 8 3202800008030000
44598.9 541 8 0000000000000000
44600.3 3C3 8 FF00000000000000
44610.4 444 8 0000000000000005
44626.0 31C 8 00000000800084F3
44627.7 5EA 8 0000000000000016
44629.4 31D 8 000000000000001F
44630.7 5EB 8 0000000000000007
44641.3 5EC 8 000000000000000F
44642.6 66B 8 7700000000000000
44643.8 66C 8 DF09000000000000
44657.2 444 8 0000000000000005
44672.5 6C0 7 04030100000000
44674.0 3F1 8 0002000000000000
44675.7 663 8 7814E00E00AA0000
44677.2 31C 8 00000000800084F3
44678.6 31D 8 000000000000001F
44688.3 38C 8 000000000000007F
44690.2 38D 8 00000000000000E5
44692.9 39C 8 FF6F000000000000
44704.3 6AB 8 0000000000003FA1
44705.7 3C3 8 FF00000000000000
44707.2 444 8 0000000000000005
44708.6 537 8 8080808080800000
44719.8 538 8 8080008080000080
44724.3 31C 8 00000000800084F3
44735.4 31D 8 000000000000001F
44750.9 444 8 0000000000000005
44766.7 3F1 8 0002000000000000
44768.3 663 8 7814E00E00AA0000
44782.2 31C 8 00000000800084F3
44783.8 31D 8 000000000000001F
44785.2 38C 8 000000000000007F
44797.8 38D 8 00000000000000E5
44799.3 39C 8 FF6F000000000000
44800.6 3C3 8 FF00000000000000
44802.4 444 8 0000000000000005
44829.1 523 8 CD1F7770450E0B02
44830.7 52E 5 603F000000
44832.0 31C 8 00000000800084F3
44833.2 31D 8 000000000000001F
44844.8 539 8 3202800008030000
44846.9 541 8 0000000000000000
44860.3 444 8 0000000000000005
44876.0 6C0 7 04030100000000
44877.7 3F1 8 0002000000000000
44879.2 663 8 7814E00E00AA0000
44880.5 31C 8 00000000800084F3
44881.7 31D 8 000000000000001F
44891.3 38C 8 000000000000007F
44892.8 38D 8 00000000000000E5
44894.1 39C 8 FF6F000000000000
44895.4 6AB 8 0000000000003FA1
44907.2 3C3 8 FF00000000000000
44908.7 444 8 0000000000000005
44910.0 537 8 8080808080800000
44923.0 538 8 8080008080000080
44924.6 31C 8 00000000800084F3
44926.2 31D 8 000000000000001F
44954.3 444 8 0000000000000005
44969.5 3F1 8 0002000000000000
44971.0 663 8 7814E00E00AA0000
44972.6 31C 8 00000000800084F3
44985.4 31D 8 000000000000001F
44986.9 38C 8 000000000000007F
44988.4 38D 8 00000000000000E5
45005.1 39C 8 FF6F000000000000
45006.5 3C3 8 FF00000000000000
45008.4 444 8 0000000000000005
45032.2 31C 8 00000000800084F3
45033.7 31D 8 000000000000001F
45047.9 444 8 0000000000000005
45063.4 6C0 7 04030100000000
45079.0 3F1 8 0002000000000000
45081.6 484 8 0000000000000000
45083.1 523 8 CD1F7770450E0B02
45084.6 52E 5 603F000000
45085.8 585 8 902C00000000003F
45087.0 64C 2 0011
45088.1 663 8 7814E00E00AA0000
45089.4 6B2 8 FFFEFF0F880080CF
45090.7 31C 8 00000000800084F3
45092.1 31D 8 000000000000001F
45093.4 38C 8 000000000000007F
45110.3 38D 8 00000000000000E5
45112.1 39C 8 FF6F000000000000
45114.5 5FB 8 000000000000007E
45115.7 539 8 3202800008030000
45117.1 541 8 0000000000000000
45118.4 5FA 8 5B9DC7CC9C46F1FF
45119.6 6AB 8 0000000000003FA1
45120.8 3C3 8 FF00000000000000
45122.1 444 8 0000000000000005
45123.6 537 8 8080808080800000
45124.8 538 8 8080008080000080
45141.3 31C 8 00000000800084F3
45142.7 5EA 8 0000000000000016
45143.9 31D 8 000000000000001F
45145.2 5EB 8 0000000000000007
45146.3 5EC 8 000000000000000F
45147.6 66B 8 7700000000000000
45148.9 66C 8 DF09000000000000
45157.1 444 8 0000000000000005
45172.5 3F1 8 0002000000000000
45173.9 663 8 7814E00E00AA0000
45175.2 31C 8 00000000800084F3
45177.0 31D 8 000000000000001F
45188.6 38C 8 000000000000007F
45190.1 38D 8 00000000000000E5
45191.6 39C 8 FF6F000000000000
45204.5 3C3 8 FF00000000000000
45206.1 444 8 0000000000000005
45219.7 31C 8 00000000800084F3
45235.2 31D 8 000000000000001F
45251.1 444 8 0000000000000005
45266.8 6C0 7 04030100000000
45268.6 3F1 8 0002000000000000
45270.2 663 8 7814E00E00AA0000
45282.2 31C 8 00000000800084F3
45284.1 31D 8 000000000000001F
45285.4 38C 8 000000000000007F
45297.9 38D 8 00000000000000E5
45302.3 39C 8 FF6F000000000000
45303.6 6AB 8 0000000000003FA1
45304.9 3C3 8 FF00000000000000
45306.2 444 8 0000000000000005
45313.2 537 8 8080808080800000
45314.7 538 8 8080008080000080
45329.2 523 8 CD1F7770450E0B02
45330.7 52E 5 603F000000
45332.1 31C 8 00000000800084F3
45333.7 31D 8 000000000000001F
45344.7 539 8 3202800008030000
45346.3 541 8 0000000000000000
45360.3 444 8 0000000000000005
45375.7 3F1 8 0002000000000000
45377.3 663 8 7814E00E00AA0000
45378.8 31C 8 00000000800084F3
45380.2 31D 8 000000000000001F
45391.4 38C 8 000000000000007F
45392.9 38D 8 00000000000000E5
45394.3 39C 8 FF6F000000000000
45407.2 3C3 8 FF00000000000000
45408.8 444 8 0000000000000005
45422.7 31C 8 00000000800084F3
45424.1 31D 8 000000000000001F
45454.3 444 8 0000000000000005
45469.5 6C0 7 04030100000000
45470.9 3F1 8 0002000000000000
45472.5 663 8 7814E00E00AA0000
45473.8 31C 8 00000000800084F3
45485.3 31D 8 000000000000001F
45486.8 38C 8 000000000000007F
45488.1 38D 8 00000000000000E5
45501.1 39C 8 FF6F000000000000
45502.6 6AB 8 0000000000003FA1
45504.0 3C3 8 FF00000000000000
45505.5 444 8 0000000000000005
45516.6 537 8 8080808080800000
45518.1 538 8 8080008080000080
45532.3 31C 8 00000000800084F3
45533.8 31D 8 000000000000001F
45547.8 444 8 0000000000000005
45579.1 3F1 8 0002000000000000
45580.7 484 8 0000000000000000
45582.3 523 8 CD1F7770450E0B02
45584.0 52E 5 603F000000
45585.5 663 8 7814E00E00AA0000
45587.1 31C 8 00000000800084F3
45588.6 31D 8 000000000000001F
45590.0 38C 8 000000000000007F
45594.7 38D 8 00000000000000E5
45596.3 39C 8 FF6F000000000000
45597.9 539 8 3202800008030000
45599.2 541 8 0000000000000000
45600.5 3C3 8 FF00000000000000
45610.4 444 8 0000000000000005
45626.0 31C 8 00000000800084F3
45627.9 5EA 8 0000000000000016
45629.2 31D 8 000000000000001F
45630.6 5EB 8 0000000000000007
45641.3 5EC 8 000000000000000F
45642.8 66B 8 7700000000000000
45643.9 66C 8 DF09000000000000
45657.2 444 8 0000000000000005
45672.5 6C0 7 04030100000000
45674.1 3F1 8 0002000000000000
45675.7 663 8 7814E00E00AA0000
45678.2 31C 8 00000000800084F3
45679.7 31D 8 000000000000001F
45688.2 38C 8 000000000000007F
45689.6 38D 8 00000000000000E5
45691.2 39C 8 FF6F000000000000
45703.9 6AB 8 0000000000003FA1
45705.4 3C3 8 FF00000000000000
45707.2 444 8 0000000000000005
45708.9 537 8 8080808080800000
45719.7 538 8 8080008080000080
45721.1 31C 8 00000000800084F3
45735.5 31D 8 000000000000001F
45750.8 444 8 0000000000000005
45766.7 3F1 8 0002000000000000
45768.4 663 8 7814E00E00AA0000
45782.5 31C 8 00000000800084F3
45784.1 31D 8 000000000000001F
45785.4 38C 8 000000000000007F
45797.8 38D 8 00000000000000E5
45799.4 39C 8 FF6F000000000000
45801.0 3C3 8 FF00000000000000
45802.3 444 8 0000000000000005
45813.6 523 8 CD1F7770450E0B02
45815.0 52E 5 603F000000
45829.3 31C 8 00000000800084F3
45830.9 31D 8 000000000000001F
45844.7 539 8 3202800008030000
45846.3 541 8 0000000000000000
45860.3 444 8 0000000000000005
45875.7 6C0 7 04030100000000
45877.1 3F1 8 0002000000000000
45878.5 663 8 7814E00E00AA0000
45879.8 31C 8 00000000800084F3
45881.5 31D 8 000000000000001F
45891.3 38C 8 000000000000007F
45892.7 38D 8 00000000000000E5
45894.0 39C 8 FF6F000000000000
45895.3 6AB 8 0000000000003FA1
45907.2 3C3 8 FF00000000000000
45909.3 444 8 0000000000000005
45910.7 537 8 8080808080800000
45922.8 538 8 8080008080000080
45924.6 31C 8 00000000800084F3
45926.1 31D 8 000000000000001F
45954.3 444 8 0000000000000005
45969.5 3F1 8 0002000000000000
45970.9 663 8 7814E00E00AA0000
45972.4 31C 8 00000000800084F3
45985.3 31D 8 000000000000001F
45986.9 38C 8 000000000000007F
45988.5 38D 8 00000000000000E5
46000.8 39C 8 FF6F000000000000
46002.2 3C3 8 FF00000000000000
46003.8 444 8 0000000000000005
46032.3 31C 8 00000000800084F3
46033.8 31D 8 000000000000001F
46047.8 444 8 0000000000000005
46063.5 6C0 7 04030100000000
46079.2 3F1 8 0002000000000000
46080.7 484 8 0000000000000000
46082.0 523 8 CD1F7770450E0B02
46083.3 52E 5 603F000000
46084.6 585 8 902C00000000003F
46085.9 64C 2 0011
46087.1 663 8 7814E00E00AA0000
46088.4 6B2 8 FFFEFF0F880000D0
46089.6 31C 8 00000000800084F3
46090.9 31D 8 000000000000001F
46092.1 38C 8 000000000000007F
46094.6 38D 8 00000000000000E5
46096.1 39C 8 FF6F000000000000
46097.5 5FB 8 000000000000007E
46099.0 539 8 3202800008030000
46101.1 541 8 0000000000000000
46102.5 5FA 8 5B9DC7CC9C46F1FF
46103.8 6AB 8 0000000000003FA1
46105.1 3C3 8 FF00000000000000
46110.3 444 8 0000000000000005
46111.8 537 8 8080808080800000
46113.4 538 8 8080008080000080
46126.0 31C 8 00000000800084F3
46127.7 5EA 8 0000000000000016
46129.2 31D 8 000000000000001F
46130.7 5EB 8 0000000000000007
46141.3 5EC 8 000000000000000F
46142.7 66B 8 7700000000000000
46144.0 66C 8 DF09000000000000
46157.2 444 8 0000000000000005
46172.5 3F1 8 0002000000000000
46174.0 663 8 7814E00E00AA0000
46175.5 31C 8 00000000800084F3
46177.0 31D 8 000000000000001F
46188.3 38C 8 000000000000007F
46189.7 38D 8 00000000000000E5
46191.2 39C 8 FF6F000000000000
46204.2 3C3 8 FF00000000000000
46205.5 444 8 0000000000000005
46219.7 31C 8 00000000800084F3
46235.3 31D 8 000000000000001F
46250.8 444 8 0000000000000005
46266.9 6C0 7 04030100000000
46268.5 3F1 8 0002000000000000
46269.9 663 8 7814E00E00AA0000
46282.2 31C 8 00000000800084F3
46283.8 31D 8 000000000000001F
46285.4 38C 8 000000000000007F
46297.6 38D 8 00000000000000E5
46299.5 39C 8 FF6F000000000000
46301.0 6AB 8 0000000000003FA1
46302.2 3C3 8 FF00000000000000
46303.5 444 8 0000000000000005
46313.4 537 8 8080808080800000
46315.3 538 8 8080008080000080
46329.2 523 8 CD1F7770450E0B02
46330.8 52E 5 603F000000
46332.2 31C 8 00000000800084F3
46333.6 31D 8 000000000000001F
46344.7 539 8 3202800008030000
46346.1 541 8 0000000000000000
46360.3 444 8 0000000000000005
46375.7 3F1 8 0002000000000000
46377.3 663 8 7814E00E00AA0000
46378.7 31C 8 00000000800084F3
46380.1 31D 8 000000000000001F
46391.4 38C 8 000000000000007F
46392.9 38D 8 00000000000000E5
46394.3 39C 8 FF6F000000000000
46407.2 3C3 8 FF00000000000000
46408.7 444 8 0000000000000005
46422.9 31C 8 00000000800084F3
46424.3 31D 8 000000000000001F
46454.0 444 8 0000000000000005
46469.5 6C0 7 04030100000000
46471.1 3F1 8 0002000000000000
46472.7 663 8 7814E00E00AA0000
46473.9 31C 8 00000000800084F3
46485.4 31D 8 000000000000001F
46486.9 38C 8 000000000000007F
46488.3 38D 8 00000000000000E5
46500.8 39C 8 FF6F000000000000
46503.0 6AB 8 0000000000003FA1
46504.2 3C3 8 FF00000000000000
46505.4 444 8 0000000000000005
46516.5 537 8 8080808080800000
46518.0 538 8 8080008080000080
46532.1 31C 8 00000000800084F3
46533.4 31D 8 000000000000001F
46548.0 444 8 0000000000000005
46563.6 3F1 8 0002000000000000
46579.1 484 8 0000000000000000
46580.5 523 8 CD1F7770450E0B02
46581.9 52E 5 603F000000
46583.4 663 8 7814E00E00AA0000
46584.8 31C 8 00000000800084F3
46586.3 31D 8 000000000000001F
46587.6 38C 8 000000000000007F
46594.6 38D 8 00000000000000E5
46595.9 39C 8 FF6F000000000000
46597.7 539 8 3302800008030000
46599.2 541 8 0000000000000000
46600.4 3C3 8 FF00000000000000
46610.3 444 8 0000000000000005
46626.0 31C 8 00000000800084F3
46627.8 5EA 8 0000000000000016
46629.3 31D 8 000000000000001F
46630.5 5EB 8 0000000000000007
46641.4 5EC 8 000000000000000F
46642.7 66B 8 7700000000000000
46644.0 66C 8 DF09000000000000
46657.1 444 8 0000000000000005
46672.6 6C0 7 04030100000000
46673.9 3F1 8 0002000000000000
46675.5 663 8 7814E00E00AA0000
46677.0 31C 8 00000000800084F3
46678.8 31D 8 000000000000001F
46688.3 38C 8 000000000000007F
46689.9 38D 8 00000000000000E5
46691.5 39C 8 FF6F000000000000
46704.1 6AB 8 0000000000003FA1
46706.0 3C3 8 FF00000000000000
46707.7 444 8 0000000000000005
46709.1 537 8 8080808080800000
46719.7 538 8 8080008080000080
46721.4 31C 8 00000000800084F3
46735.4 31D 8 000000000000001F
46750.9 444 8 0000000000000005
46766.8 3F1 8 0002000000000000
46768.3 663 8 7814E00E00AA0000
46782.0 31C 8 00000000800084F3
46783.7 31D 8 000000000000001F
46785.1 38C 8 000000000000007F
46797.8 38D 8 00000000000000E5
46799.2 39C 8 FF6F000000000000
46800.8 3C3 8 FF00000000000000
46802.3 444 8 0000000000000005
46829.2 523 8 CD1F7770450E0B02
46830.8 52E 5 603F000000
46832.3 31C 8 00000000800084F3
46833.8 31D 8 000000000000001F
46844.7 539 8 3302800008030000
46846.2 541 8 0000000000000000
46860.1 444 8 0000000000000005
46875.9 6C0 7 04030100000000
46877.5 3F1 8 0002000000000000
46879.0 663 8 7814E00E00AA0000
46880.5 31C 8 00000000800084F3
46882.1 31D 8 000000000000001F
46891.7 38C 8 000000000000007F
46893.9 38D 8 00000000000000E5
46895.1 39C 8 FF6F000000000000
46896.5 6AB 8 0000000000003FA1
46907.2 3C3 8 FF00000000000000
46908.7 444 8 0000000000000005
46910.2 537 8 8080808080800000
46922.7 538 8 8080008080000080
46924.1 31C 8 00000000800084F3
46925.4 31D 8 000000000000001F
46954.2 444 8 0000000000000005
46969.5 3F1 8 0002000000000000
46971.0 663 8 7814E00E00AA0000
46972.5 31C 8 00000000800084F3
46985.3 31D 8 000000000000001F
46986.8 38C 8 000000000000007F
46988.1 38D 8 00000000000000E5
47000.9 39C 8 FF6F000000000000
47002.4 3C3 8 FF00000000000000
47003.9 444 8 0000000000000005
47033.4 31C 8 00000000800084F3
47036.8 31D 8 000000000000001F
47047.9 444 8 0000000000000005
47063.5 6C0 7 04030100000000
47079.2 3F1 8 0002000000000000
47081.3 484 8 0000000000000000
47082.9 523 8 CD1F7770450E0B02
47084.5 52E 5 603F000000
47086.2 585 8 902C00000000003F
47087.7 64C 2 0011
47089.1 663 8 7814E00E00AA0000
47090.8 6B2 8 FFFEFF0F880080D0
47091.9 31C 8 00000000800084F3
47093.3 31D 8 000000000000001F
47094.6 38C 8 000000000000007F
47110.4 38D 8 00000000000000E5
47112.1 39C 8 FF6F000000000000
47113.4 5FB 8 000000000000007E
47114.7 539 8 3302800008030000
47115.9 541 8 0000000000000000
47117.2 5FA 8 5B9DC7CC9C46F1FF
47118.5 6AB 8 0000000000003FA1
47119.7 3C3 8 FF00000000000000
47120.9 444 8 0000000000000005
47122.2 537 8 8080808080800000
47123.8 538 8 8080008080000080
47126.1 31C 8 00000000800084F3
47127.6 5EA 8 0000000000000016
47129.2 31D 8 000000000000001F
47130.4 5EB 8 0000000000000007
47141.3 5EC 8 000000000000000F
47142.5 66B 8 7700000000000000
47143.8 66C 8 DF09000000000000
47157.2 444 8 0000000000000005
47172.6 3F1 8 0002000000000000
47174.0 663 8 7814E00E00AA0000
47175.3 31C 8 00000000800084F3
47177.0 31D 8 000000000000001F
47188.1 38C 8 000000000000007F
47189.4 38D 8 00000000000000E5
47190.8 39C 8 FF6F000000000000
47204.1 3C3 8 FF00000000000000
47205.5 444 8 0000000000000005
47219.7 31C 8 00000000800084F3
47235.6 31D 8 000000000000001F
47250.9 444 8 0000000000000005
47266.8 6C0 7 04030100000000
47268.5 3F1 8 0002000000000000
47270.4 663 8 7814E00E00AA0000
47281.9 31C 8 00000000800084F3
47283.3 31D 8 000000000000001F
47284.6 38C 8 000000000000007F
47297.9 38D 8 00000000000000E5
47299.5 39C 8 FF6F000000000000
47301.1 6AB 8 0000000000003FA1
47302.4 3C3 8 FF00000000000000
47303.8 444 8 0000000000000005
47313.8 537 8 8080808080800000
47315.6 538 8 8080008080000080
47317.1 523 8 CD1F7770450E0B02
47318.6 52E 5 603F000000
47329.2 31C 8 00000000800084F3
47330.6 31D 8 000000000000001F
47344.8 539 8 3302800008030000
47346.5 541 8 0000000000000000
47360.4 444 8 0000000000000005
47375.7 3F1 8 0002000000000000
47377.0 663 8 7814E00E00AA0000
47378.3 31C 8 00000000800084F3
47379.7 31D 8 000000000000001F
47391.3 38C 8 000000000000007F
47392.6 38D 8 00000000000000E5
47393.9 39C 8 FF6F000000000000
47407.1 3C3 8 FF00000000000000
47408.4 444 8 0000000000000005
47422.6 31C 8 00000000800084F3
47424.1 31D 8 000000000000001F
47454.2 444 8 0000000000000005
47469.4 6C0 7 04030100000000
47470.9 3F1 8 0002000000000000
47472.4 663 8 7814E00E00AA0000
47473.8 31C 8 00000000800084F3
47485.4 31D 8 000000000000001F
47487.6 38C 8 000000000000007F
47489.1 38D 8 00000000000000E5
47501.0 39C 8 FF6F000000000000
47502.7 6AB 8 0000000000003FA1
47504.1 3C3 8 FF00000000000000
47505.6 444 8 0000000000000005
47516.7 537 8 8080808080800000
47518.1 538 8 8080008080000080
47532.0 31C 8 00000000800084F3
47533.5 31D 8 000000000000001F
47547.7 444 8 0000000000000005
47578.9 3F1 8 0002000000000000
47580.4 484 8 0000000000000000
47581.7 523 8 CD1F7770450E0B02
47583.2 52E 5 603F000000
47584.4 663 8 7814E00E00AA0000
47585.8 31C 8 00000000800084F3
47587.1 31D 8 000000000000001F
47588.6 38C 8 000000000000007F
47594.7 38D 8 00000000000000E5
47596.1 39C 8 FF6F000000000000
47597.8 539 8 3302800008030000
47599.3 541 8 0000000000000000
47600.6 3C3 8 FF00000000000000
47610.3 444 8 0000000000000005
47626.0 31C 8 00000000800084F3
47627.5 5EA 8 0000000000000016
47629.1 31D 8 000000000000001F
47630.4 5EB 8 0000000000000007
47641.3 5EC 8 000000000000000F
47642.7 66B 8 7700000000000000
47643.9 66C 8 DF09000000000000
47657.2 444 8 0000000000000005
47672.6 6C0 7 04030100000000
47674.6 3F1 8 0002000000000000
47676.2 663 8 7814E00E00AA0000
47677.4 31C 8 00000000800084F3
47678.6 31D 8 000000000000001F
47688.2 38C 8 000000000000007F
47690.1 38D 8 00000000000000E5
47692.1 39C 8 FF6F000000000000
47704.2 6AB 8 0000000000003FA1
47706.4 3C3 8 FF00000000000000
47708.5 444 8 0000000000000005
47710.1 537 8 8080808080800000
47719.8 538 8 8080008080000080
47721.3 31C 8 00000000800084F3
47735.4 31D 8 000000000000001F
47750.8 444 8 0000000000000005
47766.4 3F1 8 0002000000000000
47767.8 663 8 7814E00E00AA0000
47782.2 31C 8 00000000800084F3
47783.7 31D 8 000000000000001F
47785.3 38C 8 000000000000007F
47797.8 38D 8 00000000000000E5
47799.3 39C 8 FF6F000000000000
47800.7 3C3 8 FF00000000000000
47802.1 444 8 0000000000000005
47829.1 523 8 CD1F7770450E0B02
47830.6 52E 5 603F000000
47832.2 31C 8 00000000800084F3
47833.7 31D 8 000000000000001F
47844.7 539 8 3302800008030000
47846.2 541 8 0000000000000000
47860.6 444 8 0000000000000005
47876.0 6C0 7 04030100000000
47877.6 3F1 8 0002000000000000
47879.6 663 8 7814E00E00AA0000
47880.9 31C 8 00000000800084F3
47882.3 31D 8 000000000000001F
47891.6 38C 8 000000000000007F
47893.3 38D 8 00000000000000E5
47894.8 39C 8 FF6F000000000000
47896.4 6AB 8 0000000000003FA1
47907.3 3C3 8 FF00000000000000
47908.8 444 8 0000000000000005
47910.2 537 8 8080808080800000
47922.7 538 8 8080008080000080
47924.1 31C 8 00000000800084F3
47925.7 31D 8 000000000000001F
47954.2 444 8 0000000000000005
47970.0 3F1 8 0002000000000000
47971.6 663 8 7814E00E00AA0000
47973.2 31C 8 00000000800084F3
47985.4 31D 8 000000000000001F
47986.9 38C 8 000000000000007F
47988.2 38D 8 00000000000000E5
48000.8 39C 8 FF6F000000000000
48002.3 3C3 8 FF00000000000000
48003.8 444 8 0000000000000005
48032.4 31C 8 00000000800084F3
48033.8 31D 8 000000000000001F
48048.2 444 8 0000000000000005
48063.9 6C0 7 04030100000000
48065.9 3F1 8 0002000000000000
48079.1 484 8 0000000000000000
48080.5 523 8 CD1F7770450E0B02
48081.8 52E 5 603F000000
48084.1 585 8 902C00000000003F
48085.5 64C 2 0011
48087.1 663 8 7814E00E00AA0000
48088.9 6B2 8 FFFEFF0F880000D1
48090.3 31C 8 00000000800084F3
48091.9 31D 8 000000000000001F
48093.2 38C 8 000000000000007F
48110.3 38D 8 00000000000000E5
48111.9 39C 8 FF6F000000000000
48113.2 5FB 8 000000000000007E
48114.7 539 8 3302800008030000
48116.0 541 8 0000000000000000
48117.2 5FA 8 5B9DC7CC9C46F1FF
48118.7 6AB 8 0000000000003FA1
48119.7 3C3 8 FF00000000000000
48121.0 444 8 0000000000000005
48122.1 537 8 8080808080800000
48123.5 538 8 8080008080000080
48126.0 31C 8 00000000800084F3
48127.8 5EA 8 0000000000000016
48129.0 31D 8 000000000000001F
48130.3 5EB 8 0000000000000007
48141.4 5EC 8 000000000000000F
48142.9 66B 8 7700000000000000
48144.2 66C 8 DF09000000000000
48157.2 444 8 0000000000000005
48172.5 3F1 8 0002000000000000
48173.9 663 8 7814E00E00AA0000
48175.2 31C 8 00000000800084F3
48176.8 31D 8 000000000000001F
48188.2 38C 8 000000000000007F
48189.5 38D 8 00000000000000E5
48190.9 39C 8 FF6F000000000000
48204.1 3C3 8 FF00000000000000
48205.4 444 8 0000000000000005
48219.6 31C 8 00000000800084F3
48235.5 31D 8 000000000000001F
48250.9 444 8 0000000000000005
48266.5 6C0 7 04030100000000
48268.4 3F1 8 0002000000000000
48270.1 663 8 7814E00E00AA0000
48282.2 31C 8 00000000800084F3
48284.3 31D 8 000000000000001F
48285.6 38C 8 000000000000007F
48297.8 38D 8 00000000000000E5
48299.5 39C 8 FF6F000000000000
48301.2 6AB 8 0000000000003FA1
48302.7 3C3 8 FF00000000000000
48304.1 444 8 0000000000000005
48313.4 537 8 8080808080800000
48314.8 538 8 8080008080000080
48329.0 523 8 CD1F7770450E0B02
48330.3 52E 5 603F000000
48331.5 31C 8 00000000800084F3
48332.9 31D 8 000000000000001F
48344.7 539 8 3302800008030000
48346.4 541 8 0000000000000000
48360.5 444 8 0000000000000005
48375.8 3F1 8 0002000000000000
48377.3 663 8 7814E00E00AA0000
48378.8 31C 8 00000000800084F3
48380.1 31D 8 000000000000001F
48391.4 38C 8 000000000000007F
48392.8 38D 8 00000000000000E5
48394.2 39C 8 FF6F000000000000
48407.1 3C3 8 FF00000000000000
48408.5 444 8 0000000000000005
48422.8 31C 8 00000000800084F3
48424.1 31D 8 000000000000001F
48454.1 444 8 0000000000000005
48469.5 6C0 7 04030100000000
48471.6 3F1 8 0002000000000000
48473.4 663 8 7814E00E00AA0000
48474.6 31C 8 00000000800084F3
48485.3 31D 8 000000000000001F
48487.2 38C 8 000000000000007F
48488.6 38D 8 00000000000000E5
48500.9 39C 8 FF6F000000000000
48502.6 6AB 8 0000000000003FA1
48504.0 3C3 8 FF00000000000000
48505.3 444 8 0000000000000005
48516.6 537 8 8080808080800000
48518.0 538 8 8080008080000080
48532.2 31C 8 00000000800084F3
48533.5 31D 8 000000000000001F
48547.8 444 8 0000000000000005
48579.3 3F1 8 0002000000000000
48581.4 484 8 0000000000000000
48583.1 523 8 CD1F7770450E0B02
48584.6 52E 5 603F000000
48586.2 663 8 7814E00E00AA0000
48587.6 31C 8 00000000800084F3
48589.3 31D 8 000000000000001F
48590.5 38C 8 000000000000007F
48594.7 38D 8 00000000000000E5
48596.4 39C 8 FF6F000000000000
48597.9 539 8 3302800008030000
48599.2 541 8 0000000000000000
48600.5 3C3 8 FF00000000000000
48610.3 444 8 0000000000000005
48626.1 31C 8 00000000800084F3
48627.8 5EA 8 0000000000000016
48629.2 31D 8 000000000000001F
48630.7 5EB 8 0000000000000007
48641.4 5EC 8 000000000000000F
48643.7 66B 8 7700000000000000
48645.2 66C 8 DF09000000000000
48657.3 444 8 0000000000000005
48672.6 6C0 7 04030100000000
48674.0 3F1 8 0002000000000000
48675.4 663 8 7814E00E00AA0000
48676.9 31C 8 00000000800084F3
48678.1 31D 8 000000000000001F
48688.2 38C 8 000000000000007F
48689.8 38D 8 00000000000000E5
48691.3 39C 8 FF6F000000000000
48704.1 6AB 8 0000000000003FA1
48705.8 3C3 8 FF00000000000000
48707.2 444 8 0000000000000005
48708.8 537 8 8080808080800000
48719.8 538 8 8080008080000080
48721.7 31C 8 00000000800084F3
48735.4 31D 8 000000000000001F
48750.7 444 8 0000000000000005
48766.6 3F1 8 0002000000000000
48768.0 663 8 7814E00E00AA0000
48782.1 31C 8 00000000800084F3
48783.6 31D 8 000000000000001F
48785.1 38C 8 000000000000007F
48797.8 38D 8 00000000000000E5
48799.2 39C 8 FF6F000000000000
48800.9 3C3 8 FF00000000000000
48802.4 444 8 0000000000000005
48829.2 523 8 CD1F7770450E0B02
48830.6 52E 5 603F000000
48832.1 31C 8 00000000800084F3
48833.6 31D 8 000000000000001F
48844.7 539 8 3302800008030000
48846.8 541 8 0000000000000000
48860.3 444 8 0000000000000005
48876.0 6C0 7 04030100000000
48877.6 3F1 8 0002000000000000
48879.2 663 8 7814E00E00AA0000
48880.6 31C 8 00000000800084F3
48882.0 31D 8 000000000000001F
48891.3 38C 8 000000000000007F
48892.9 38D 8 00000000000000E5
48894.4 39C 8 FF6F000000000000
48895.7 6AB 8 0000000000003FA1
48907.3 3C3 8 FF00000000000000
48908.8 444 8 0000000000000005
48910.1 537 8 8080808080800000
48922.8 538 8 8080008080000080
48924.7 31C 8 00000000800084F3
48926.1 31D 8 000000000000001F
48954.2 444 8 0000000000000005
48970.1 3F1 8 0002000000000000
48973.1 663 8 7814E00E00AA0000
48974.4 31C 8 00000000800084F3
48985.4 31D 8 000000000000001F
48987.1 38C 8 000000000000007F
48988.5 38D 8 00000000000000E5
49001.0 39C 8 FF6F000000000000
49002.7 3C3 8 FF00000000000000
49004.3 444 8 0000000000000005
49032.2 31C 8 00000000800084F3
49033.7 31D 8 000000000000001F
49047.8 444 8 0000000000000005
49064.3 6C0 7 04030100000000
49068.7 3F1 8 0002000000000000
49079.2 484 8 0000000000000000
49081.4 523 8 CD1F7770450E0B02
49082.8 52E 5 603F000000
49084.1 585 8 902C00000000003F
49085.4 64C 2 0011
49086.6 663 8 7814E00E00AA0000
49087.9 6B2 8 FFFEFF0F880080D1
49089.3 31C 8 00000000800084F3
49090.7 31D 8 000000000000001F
49091.9 38C 8 000000000000007F
49094.6 38D 8 00000000000000E5
49096.2 39C 8 FF6F000000000000
49097.8 5FB 8 000000000000007E
49099.0 539 8 3302800008030000
49100.3 541 8 0000000000000000
49101.7 5FA 8 5B9DC7CC9C46F1FF
49103.2 6AB 8 0000000000003FA1
49104.5 3C3 8 FF00000000000000
49110.3 444 8 0000000000000005
49111.8 537 8 8080808080800000
49113.3 538 8 8080008080000080
49126.0 31C 8 00000000800084F3
49127.5 5EA 8 0000000000000016
49128.9 31D 8 000000000000001F
49130.3 5EB 8 0000000000000007
49141.3 5EC 8 000000000000000F
49142.8 66B 8 7700000000000000
49144.2 66C 8 DF09000000000000
49157.3 444 8 0000000000000005
49172.6 3F1 8 0002000000000000
49179.6 663 8 7814E00E00AA0000
49181.3 31C 8 00000000800084F3
49182.7 31D 8 000000000000001F
49188.2 38C 8 000000000000007F
49189.5 38D 8 00000000000000E5
49191.0 39C 8 FF6F000000000000
49204.3 3C3 8 FF00000000000000
49206.2 444 8 0000000000000005
49219.6 31C 8 00000000800084F3
49235.5 31D 8 000000000000001F
49250.8 444 8 0000000000000005
49266.8 6C0 7 04030100000000
49268.7 3F1 8 0002000000000000
49270.3 663 8 7814E00E00AA0000
49282.0 31C 8 00000000800084F3
49284.3 31D 8 000000000000001F
49285.7 38C 8 000000000000007F
49297.8 38D 8 00000000000000E5
49299.3 39C 8 FF6F000000000000
49300.5 6AB 8 0000000000003FA1
49301.8 3C3 8 FF00000000000000
49303.0 444 8 0000000000000005
49313.5 537 8 8080808080800000
49315.3 538 8 8080008080000080
49329.1 523 8 CD1F7770450E0B02
49330.4 52E 5 603F000000
49331.6 31C 8 00000000800084F3
49332.9 31D 8 000000000000001F
49344.6 539 8 3302800008030000
49346.6 541 8 0000000000000000
49360.6 444 8 0000000000000005
49376.0 3F1 8 0002000000000000
49377.7 663 8 7814E00E00AA0000
49379.0 31C 8 00000000800084F3
49380.3 31D 8 000000000000001F
49391.3 38C 8 000000000000007F
49392.8 38D 8 00000000000000E5
49394.0 39C 8 FF6F000000000000
49407.2 3C3 8 FF00000000000000
49408.7 444 8 0000000000000005
49422.7 31C 8 00000000800084F3
49424.0 31D 8 000000000000001F
49454.2 444 8 0000000000000005
49469.6 6C0 7 04030100000000
49471.0 3F1 8 0002000000000000
49472.5 663 8 7814E00E00AA0000
49473.7 31C 8 00000000800084F3
49485.5 31D 8 000000000000001F
49487.3 38C 8 000000000000007F
49488.9 38D 8 00000000000000E5
49501.0 39C 8 FF6F000000000000
49502.7 6AB 8 0000000000003FA1
49504.0 3C3 8 FF00000000000000
49505.3 444 8 0000000000000005
49516.5 537 8 8080808080800000
49518.0 538 8 8080008080000080
49532.2 31C 8 00000000800084F3
49533.6 31D 8 000000000000001F
49547.7 444 8 0000000000000005
49563.7 3F1 8 0002000000000000
49579.2 484 8 0000000000000000
49580.7 523 8 CD1F7770450E0B02
49582.1 52E 5 603F000000
49583.6 663 8 7814E00E00AA0000
49584.9 31C 8 00000000800084F3
49586.3 31D 8 000000000000001F
49587.5 38C 8 000000000000007F
49594.4 38D 8 00000000000000E5
49595.6 39C 8 FF6F000000000000
49596.9 539 8 3302800008030000
49598.3 541 8 0000000000000000
49599.9 3C3 8 FF00000000000000
49610.2 444 8 0000000000000005
49626.6 31C 8 00000000800084F3
49628.1 5EA 8 0000000000000016
49629.5 31D 8 000000000000001F
49630.7 5EB 8 0000000000000007
49641.3 5EC 8 000000000000000F
49642.6 66B 8 7700000000000000
49643.9 66C 8 DF09000000000000
49657.1 444 8 0000000000000005
49672.6 6C0 7 04030100000000
49673.8 3F1 8 0002000000000000
49675.2 663 8 7814E00E00AA0000
49676.5 31C 8 00000000800084F3
49677.8 31D 8 000000000000001F
49688.1 38C 8 000000000000007F
49689.4 38D 8 00000000000000E5
49690.7 39C 8 FF6F000000000000
49704.1 6AB 8 0000000000003FA1
49705.5 3C3 8 FF00000000000000
49706.9 444 8 0000000000000005
49708.3 537 8 8080808080800000
49719.6 538 8 8080008080000080
49721.1 31C 8 00000000800084F3
49735.5 31D 8 000000000000001F
49751.0 444 8 0000000000000005
49766.6 3F1 8 0002000000000000
49768.1 663 8 7814E00E00AA0000
49782.1 31C 8 00000000800084F3
49783.6 31D 8 000000000000001F
49785.2 38C 8 000000000000007F
49797.9 38D 8 00000000000000E5
49799.5 39C 8 FF6F000000000000
49801.1 3C3 8 FF00000000000000
49802.5 444 8 0000000000000005
49829.2 523 8 CD1F7770450E0B02
49831.4 52E 5 603F000000
49832.7 31C 8 00000000800084F3
49834.2 31D 8 000000000000001F
49844.6 539 8 3302800008030000
49846.3 541 8 0000000000000000
49860.5 444 8 0000000000000005
49876.0 6C0 7 04030100000000
49877.5 3F1 8 0002000000000000
49879.0 663 8 7814E00E00AA0000
49880.4 31C 8 00000000800084F3
49881.8 31D 8 000000000000001F
49891.3 38C 8 000000000000007F
49892.8 38D 8 00000000000000E5
49894.3 39C 8 FF6F000000000000
49895.7 6AB 8 0000000000003FA1
49907.2 3C3 8 FF00000000000000
49908.7 444 8 0000000000000005
49910.2 537 8 8080808080800000
49923.1 538 8 8080008080000080
49924.5 31C 8 00000000800084F3
49926.0 31D 8 000000000000001F
49954.1 444 8 0000000000000005
49969.8 3F1 8 0002000000000000
49971.3 663 8 7814E00E00AA0000
49972.8 31C 8 00000000800084F3
49985.4 31D 8 000000000000001F
49987.2 38C 8 000000000000007F
49988.7 38D 8 00000000000000E5
50000.9 39C 8 FF6F000000000000
50002.4 3C3 8 FF00000000000000
50003.9 444 8 0000000000000005
50032.3 31C 8 00000000800084F3
50033.8 31D 8 000000000000001F
50047.8 444 8 0000000000000005
50063.6 6C0 7 04030100000000
50080.4 3F1 8 0002000000000000
50084.5 484 8 0000000000000000
50087.4 523 8 CD1F7770450E0B02
50089.9 52E 5 603F000000
50091.6 585 8 902C00000000003F
50093.2 64C 2 0011
50094.6 663 8 7814E00E00AA0000
50096.1 6B2 8 FFFEFF0F880000D2
50097.3 31C 8 00000000800084F3
50099.1 31D 8 000000000000001F
50100.5 38C 8 000000000000007F
50110.2 38D 8 00000000000000E5
50111.4 39C 8 FF6F000000000000
50112.9 5FB 8 000000000000007E
50114.1 539 8 3302800008030000
50115.3 541 8 0000000000000000
50116.5 5FA 8 5B9DC7CC9C46F1FF
50118.1 6AB 8 0000000000003FA1
50119.4 3C3 8 FF00000000000000
50120.6 444 8 0000000000000005
50121.9 537 8 8080808080800000
50123.1 538 8 8080008080000080
50126.0 31C 8 00000000800084F3
50127.5 5EA 8 0000000000000016
50128.9 31D 8 000000000000001F
50130.1 5EB 8 0000000000000007
50141.3 5EC 8 000000000000000F
50142.9 66B 8 7700000000000000
50144.3 66C 8 DF09000000000000
50157.1 444 8 0000000000000005
50172.5 3F1 8 0002000000000000
50174.0 663 8 7814E00E00AA0000
50175.2 31C 8 00000000800084F3
50176.9 31D 8 000000000000001F
50188.1 38C 8 000000000000007F
50189.4 38D 8 00000000000000E5
50190.8 39C 8 FF6F000000000000
50204.0 3C3 8 FF00000000000000
50205.2 444 8 0000000000000005
50219.6 31C 8 00000000800084F3
50235.7 31D 8 000000000000001F
50251.0 444 8 0000000000000005
50266.6 6C0 7 04030100000000
50268.5 3F1 8 0002000000000000
50270.2 663 8 7814E00E00AA0000
50282.1 31C 8 00000000800084F3
50283.7 31D 8 000000000000001F
50285.2 38C 8 000000000000007F
50297.8 38D 8 00000000000000E5
50299.2 39C 8 FF6F000000000000
50300.5 6AB 8 0000000000003FA1
50302.1 3C3 8 FF00000000000000
50303.5 444 8 0000000000000005
50313.4 537 8 8080808080800000
50315.0 538 8 8080008080000080
50329.1 523 8 CD1F7770450E0B02
50330.3 52E 5 603F000000
50331.6 31C 8 00000000800084F3
50332.8 31D 8 000000000000001F
50344.4 539 8 3302800008030000
50345.7 541 8 0000000000000000
50360.4 444 8 0000000000000005
50375.7 3F1 8 0002000000000000
50377.1 663 8 7814E00E00AA0000
50378.4 31C 8 00000000800084F3
50379.7 31D 8 000000000000001F
50391.3 38C 8 000000000000007F
50393.4 38D 8 00000000000000E5
50394.6 39C 8 FF6F000000000000
50407.2 3C3 8 FF00000000000000
50408.6 444 8 0000000000000005
50422.8 31C 8 00000000800084F3
50424.2 31D 8 000000000000001F
50454.1 444 8 0000000000000005
50469.5 6C0 7 04030100000000
50470.8 3F1 8 0002000000000000
50472.2 663 8 7814E00E00AA0000
50473.5 31C 8 00000000800084F3
50485.4 31D 8 000000000000001F
50487.1 38C 8 000000000000007F
50488.4 38D 8 00000000000000E5
50500.9 39C 8 FF6F000000000000
50502.4 6AB 8 0000000000003FA1
50504.1 3C3 8 FF00000000000000
50505.5 444 8 0000000000000005
50516.6 537 8 8080808080800000
50517.9 538 8 8080008080000080
50532.2 31C 8 00000000800084F3
50544.1 31D 8 000000000000001F
50547.8 444 8 0000000000000005
50579.2 3F1 8 0002000000000000
50580.7 484 8 0000000000000000
50582.0 523 8 CD1F7770450E0B02
50583.7 52E 5 603F000000
50585.1 663 8 7814E00E00AA0000
50586.4 31C 8 00000000800084F3
50587.7 31D 8 000000000000001F
50588.8 38C 8 000000000000007F
50594.4 38D 8 00000000000000E5
50595.5 39C 8 FF6F000000000000
50597.9 539 8 3302800008030000
50599.3 541 8 0000000000000000
50600.9 3C3 8 FF00000000000000
50610.2 444 8 0000000000000005
50626.0 31C 8 00000000800084F3
50627.7 5EA 8 0000000000000016
50629.2 31D 8 000000000000001F
50630.6 5EB 8 0000000000000007
50641.3 5EC 8 000000000000000F
50642.7 66B 8 7700000000000000
50643.9 66C 8 DF09000000000000
50657.1 444 8 0000000000000005
50672.5 6C0 7 04030100000000
50673.8 3F1 8 0002000000000000
50675.2 663 8 7814E00E00AA0000
50676.8 31C 8 00000000800084F3
50678.1 31D 8 000000000000001F
50688.2 38C 8 000000000000007F
50689.8 38D 8 00000000000000E5
50691.2 39C 8 FF6F000000000000
50704.0 6AB 8 0000000000003FA1
50705.3 3C3 8 FF00000000000000
50706.9 444 8 0000000000000005
50708.4 537 8 8080808080800000
50719.7 538 8 8080008080000080
50721.0 31C 8 00000000800084F3
50735.4 31D 8 000000000000001F
50751.0 444 8 0000000000000005
50766.8 3F1 8 0002000000000000
50768.3 663 8 7814E00E00AA0000
50782.5 31C 8 00000000800084F3
50784.0 31D 8 000000000000001F
50785.4 38C 8 000000000000007F
50797.8 38D 8 00000000000000E5
50799.8 39C 8 FF6F000000000000
50801.1 3C3 8 FF00000000000000
50802.4 444 8 0000000000000005
50829.3 523 8 CD1F7770450E0B02
50830.7 52E 5 603F000000
50831.9 31C 8 00000000800084F3
50833.2 31D 8 000000000000001F
50844.5 539 8 3302800008030000
50846.2 541 8 0000000000000000
50860.4 444 8 0000000000000005
50876.0 6C0 7 04030100000000
50877.8 3F1 8 0002000000000000
50879.5 663 8 7814E00E00AA0000
50880.9 31C 8 00000000800084F3
50882.4 31D 8 000000000000001F
50891.4 38C 8 000000000000007F
50893.2 38D 8 00000000000000E5
50895.1 39C 8 FF6F000000000000
50896.6 6AB 8 0000000000003FA1
50907.2 3C3 8 FF00000000000000
50909.4 444 8 0000000000000005
50911.0 537 8 8080808080800000
50922.9 538 8 8080008080000080
50924.7 31C 8 00000000800084F3
50926.1 31D 8 000000000000001F
50954.3 444 8 0000000000000005
50969.5 3F1 8 0002000000000000
50971.1 663 8 7814E00E00AA0000
50972.6 31C 8 00000000800084F3
50985.5 31D 8 000000000000001F
50987.0 38C 8 000000000000007F
50988.4 38D 8 00000000000000E5
51000.9 39C 8 FF6F000000000000
51003.3 3C3 8 FF00000000000000
51004.7 444 8 0000000000000005
51032.4 31C 8 00000000800084F3
51034.1 31D 8 000000000000001F
51047.9 444 8 0000000000000005
51079.2 6C0 7 04030100000000
51080.6 3F1 8 0002000000000000
51082.0 484 8 0000000000000000
51083.3 523 8 CD1F7770450E0B02
51084.5 52E 5 603F000000
51085.7 585 8 902C00000000003F
51086.9 64C 2 0011
51088.1 663 8 7814E00E00AA0000
51089.5 6B2 8 FFFEFF0F880080D2
51090.8 31C 8 00000000800084F3
51092.2 31D 8 000000000000001F
51093.5 38C 8 000000000000007F
51110.3 38D 8 00000000000000E5
51112.0 39C 8 FF6F000000000000
51113.5 5FB 8 000000000000007E
51114.9 539 8 3302800008030000
51116.4 541 8 0000000000000000
51117.9 5FA 8 5B9DC7CC9C46F1FF
51119.4 6AB 8 0000000000003FA1
51120.8 3C3 8 FF00000000000000
51122.1 444 8 0000000000000005
51123.6 537 8 8080808080800000
51124.9 538 8 8080008080000080
51141.3 31C 8 00000000800084F3
51142.7 5EA 8 0000000000000016
51144.2 31D 8 000000000000001F
51145.6 5EB 8 0000000000000007
51147.1 5EC 8 000000000000000F
51148.5 66B 8 7700000000000000
51149.8 66C 8 DF09000000000000
51157.9 444 8 0000000000000005
51172.6 3F1 8 0002000000000000
51174.5 663 8 7814E00E00AA0000
51176.2 31C 8 00000000800084F3
51177.7 31D 8 000000000000001F
51188.3 38C 8 000000000000007F
51189.9 38D 8 00000000000000E5
51191.4 39C 8 FF6F000000000000
51204.1 3C3 8 FF00000000000000
51205.7 444 8 0000000000000005
51219.7 31C 8 00000000800084F3
51235.3 31D 8 000000000000001F
51251.0 444 8 0000000000000005
51266.9 6C0 7 04030100000000
51268.6 3F1 8 0002000000000000
51270.2 663 8 7814E00E00AA0000
51282.3 31C 8 00000000800084F3
51283.8 31D 8 000000000000001F
51285.5 38C 8 000000000000007F
51297.5 38D 8 00000000000000E5
51299.0 39C 8 FF6F000000000000
51300.5 6AB 8 0000000000003FA1
51302.0 3C3 8 FF00000000000000
51303.4 444 8 0000000000000005
51313.5 537 8 8080808080800000
51315.0 538 8 8080008080000080
51329.1 523 8 CD1F7770450E0B02
51330.4 52E 5 603F000000
51331.8 31C 8 00000000800084F3
51333.5 31D 8 000000000000001F
51344.6 539 8 3302800008030000
51346.2 541 8 0000000000000000
51360.5 444 8 0000000000000005
51375.8 3F1 8 0002000000000000
51378.0 663 8 7814E00E00AA0000
51379.5 31C 8 00000000800084F3
51380.9 31D 8 000000000000001F
51391.6 38C 8 000000000000007F
51393.1 38D 8 00000000000000E5
51394.6 39C 8 FF6F000000000000
51407.4 3C3 8 FF00000000000000
51408.9 444 8 0000000000000005
51422.9 31C 8 00000000800084F3
51424.7 31D 8 000000000000001F
51453.9 444 8 0000000000000005
51469.4 6C0 7 04030100000000
51470.9 3F1 8 0002000000000000
51472.3 663 8 7814E00E00AA0000
51473.7 31C 8 00000000800084F3
51485.3 31D 8 000000000000001F
51486.8 38C 8 000000000000007F
51488.2 38D 8 00000000000000E5
51501.0 39C 8 FF6F000000000000
51503.0 6AB 8 0000000000003FA1
51504.4 3C3 8 FF00000000000000
51505.7 444 8 0000000000000005
51516.5 537 8 8080808080800000
51517.9 538 8 8080008080000080
51532.2 31C 8 00000000800084F3
51533.5 31D 8 000000000000001F
51547.9 444 8 0000000000000005
51579.2 3F1 8 0002000000000000
51580.6 484 8 0000000000000000
51581.9 523 8 CD1F7770450E0B02
51583.4 52E 5 603F000000
51584.7 663 8 7814E00E00AA0000
51586.2 31C 8 00000000800084F3
51588.2 31D 8 000000000000001F
51589.6 38C 8 000000000000007F
51594.7 38D 8 00000000000000E5
51596.6 39C 8 FF6F000000000000
51598.3 539 8 3302800008030000
51599.8 541 8 0000000000000000
51601.0 3C3 8 FF00000000000000
51610.3 444 8 0000000000000005
51626.0 31C 8 00000000800084F3
51627.6 5EA 8 0000000000000016
51628.9 31D 8 000000000000001F
51630.1 5EB 8 0000000000000007
51641.4 5EC 8 000000000000000F
51642.7 66B 8 7700000000000000
51644.0 66C 8 DF09000000000000
51657.2 444 8 0000000000000005
51672.5 6C0 7 04030100000000
51674.3 3F1 8 0002000000000000
51675.6 663 8 7814E00E00AA0000
51676.8 31C 8 00000000800084F3
51678.2 31D 8 000000000000001F
51688.2 38C 8 000000000000007F
51689.6 38D 8 00000000000000E5
51690.9 39C 8 FF6F000000000000
51704.1 6AB 8 0000000000003FA1
51705.6 3C3 8 FF00000000000000
51707.2 444 8 0000000000000005
51708.6 537 8 8080808080800000
51719.6 538 8 8080008080000080
51720.9 31C 8 00000000800084F3
51735.4 31D 8 000000000000001F
51751.1 444 8 0000000000000005
51766.7 3F1 8 0002000000000000
51768.3 663 8 7814E00E00AA0000
51782.2 31C 8 00000000800084F3
51784.0 31D 8 000000000000001F
51785.5 38C 8 000000000000007F
51797.6 38D 8 00000000000000E5
51799.0 39C 8 FF6F000000000000
51800.2 3C3 8 FF00000000000000
51801.9 444 8 0000000000000005
51829.1 523 8 CD1F7770450E0B02
51830.3 52E 5 603F000000
51831.5 31C 8 00000000800084F3
51832.8 31D 8 000000000000001F
51844.9 539 8 3302800008030000
51846.6 541 8 0000000000000000
51860.2 444 8 0000000000000005
51876.1 6C0 7 04030100000000
51877.9 3F1 8 0002000000000000
51879.6 663 8 7814E00E00AA0000
51880.8 31C 8 00000000800084F3
51882.2 31D 8 000000000000001F
51891.5 38C 8 000000000000007F
51896.4 38D 8 00000000000000E5
51898.3 39C 8 FF6F000000000000
51907.2 6AB 8 0000000000003FA1
51908.6 3C3 8 FF00000000000000
51909.9 444 8 0000000000000005
51911.4 537 8 8080808080800000
51923.0 538 8 8080008080000080
51924.6 31C 8 00000000800084F3
51926.3 31D 8 000000000000001F
51954.2 444 8 0000000000000005
51969.8 3F1 8 0002000000000000
51971.5 663 8 7814E00E00AA0000
51973.3 31C 8 00000000800084F3
51985.4 31D 8 000000000000001F
51987.9 38C 8 000000000000007F
51989.6 38D 8 00000000000000E5
52001.0 39C 8 FF6F000000000000
52002.4 3C3 8 FF00000000000000
52003.9 444 8 0000000000000005
52032.2 31C 8 00000000800084F3
52033.5 31D 8 000000000000001F
52047.9 444 8 0000000000000005
52079.1 6C0 7 04030100000000
52080.5 3F1 8 0002000000000000
52082.1 484 8 0000000000000000
52083.7 523 8 CD1F7770450E0B02
52084.9 52E 5 603F000000
52086.2 585 8 902C00000000003F
52087.7 64C 2 0011
52089.0 663 8 7814E00E00AA0000
52090.4 6B2 8 FFFEFF0F880000D3
52091.5 31C 8 00000000800084F3
52092.9 31D 8 000000000000001F
52094.1 38C 8 000000000000007F
52110.1 38D 8 00000000000000E5
52111.4 39C 8 FF6F000000000000
52112.9 5FB 8 000000000000007E
52114.3 539 8 3302800008030000
52115.5 541 8 0000000000000000
52116.7 5FA 8 5B9DC7CC9C46F1FF
52118.0 3C3 8 FF00000000000000
52119.5 6AB 8 0000000000003FA1
52120.8 444 8 0000000000000005
52122.1 537 8 8080808080800000
52123.2 538 8 8080008080000080
52126.0 31C 8 00000000800084F3
52127.5 5EA 8 0000000000000016
52129.0 31D 8 000000000000001F
52131.0 5EB 8 0000000000000007
52141.5 5EC 8 000000000000000F
52142.9 66B 8 7700000000000000
52144.3 66C 8 DF09000000000000
52157.2 444 8 0000000000000005
52172.6 3F1 8 0002000000000000
52174.2 663 8 7814E00E00AA0000
52175.5 31C 8 00000000800084F3
52176.9 31D 8 000000000000001F
52188.2 38C 8 000000000000007F
52189.6 38D 8 00000000000000E5
52191.0 39C 8 FF6F000000000000
52204.2 3C3 8 FF00000000000000
52205.8 444 8 0000000000000005
52219.6 31C 8 00000000800084F3
52235.4 31D 8 000000000000001F
52251.2 444 8 0000000000000005
52266.8 6C0 7 04030100000000
52268.5 3F1 8 0002000000000000
52269.9 663 8 7814E00E00AA0000
52282.2 31C 8 00000000800084F3
52284.0 31D 8 000000000000001F
52285.6 38C 8 000000000000007F
52297.6 38D 8 00000000000000E5
52299.1 39C 8 FF6F000000000000
52300.3 6AB 8 0000000000003FA1
52301.7 3C3 8 FF00000000000000
52313.8 444 8 0000000000000005
52315.4 537 8 8080808080800000
52316.8 538 8 8080008080000080
52318.1 523 8 CD1F7770450E0B02
52319.5 52E 5 603F000000
52329.2 31C 8 00000000800084F3
52331.4 31D 8 000000000000001F
52344.7 539 8 3302800008030000
52346.4 541 8 0000000000000000
52360.4 444 8 0000000000000005
52375.9 3F1 8 0002000000000000
52377.4 663 8 7814E00E00AA0000
52379.0 31C 8 00000000800084F3
52380.5 31D 8 000000000000001F
52391.3 38C 8 000000000000007F
52393.0 38D 8 00000000000000E5
52394.3 39C 8 FF6F000000000000
52407.4 3C3 8 FF00000000000000
52408.8 444 8 0000000000000005
52422.9 31C 8 00000000800084F3
52424.5 31D 8 000000000000001F
52453.9 444 8 0000000000000005
52469.7 6C0 7 04030100000000
52471.3 3F1 8 0002000000000000
52472.6 663 8 7814E00E00AA0000
52473.8 31C 8 00000000800084F3
52485.4 31D 8 000000000000001F
52487.0 38C 8 000000000000007F
52488.4 38D 8 00000000000000E5
52501.1 39C 8 FF6F000000000000
52502.6 6AB 8 0000000000003FA1
52504.1 3C3 8 FF00000000000000
52505.6 444 8 0000000000000005
52516.4 537 8 8080808080800000
52517.9 538 8 8080008080000080
52532.2 31C 8 00000000800084F3
52533.8 31D 8 000000000000001F
52547.9 444 8 0000000000000005
52579.2 3F1 8 0002000000000000
52581.3 484 8 0000000000000000
52582.7 523 8 CD1F7770450E0B02
52584.2 52E 5 603F000000
52585.4 663 8 7814E00E00AA0000
52586.9 31C 8 00000000800084F3
52588.1 31D 8 000000000000001F
52589.4 38C 8 000000000000007F
52594.7 38D 8 00000000000000E5
52596.4 39C 8 FF6F000000000000
52597.9 539 8 3302800008030000
52599.2 541 8 0000000000000000
52600.6 3C3 8 FF00000000000000
52610.4 444 8 0000000000000005
52625.9 31C 8 00000000800084F3
52627.7 5EA 8 0000000000000016
52629.4 31D 8 000000000000001F
52630.6 5EB 8 0000000000000007
52641.3 5EC 8 000000000000000F
52642.6 66B 8 7700000000000000
52643.9 66C 8 DF09000000000000
52657.1 444 8 0000000000000005
52672.6 6C0 7 04030100000000
52674.1 3F1 8 0002000000000000
52675.4 663 8 7814E00E00AA0000
52676.6 31C 8 00000000800084F3
52677.9 31D 8 000000000000001F
52688.2 38C 8 000000000000007F
52689.5 38D 8 00000000000000E5
52690.8 39C 8 FF6F000000000000
52704.1 6AB 8 0000000000003FA1
52705.4 3C3 8 FF00000000000000
52707.1 444 8 0000000000000005
52708.5 537 8 8080808080800000
52719.6 538 8 8080008080000080
52721.4 31C 8 00000000800084F3
52735.7 31D 8 000000000000001F
52751.1 444 8 0000000000000005
52767.0 3F1 8 0002000000000000
52768.6 663 8 7814E00E00AA0000
52782.1 31C 8 00000000800084F3
52783.5 31D 8 000000000000001F
52784.8 38C 8 000000000000007F
52797.9 38D 8 00000000000000E5
52799.5 39C 8 FF6F000000000000
52800.9 3C3 8 FF00000000000000
52802.1 444 8 0000000000000005
52829.1 523 8 CD1F7770450E0B02
52830.5 52E 5 603F000000
52831.7 31C 8 00000000800084F3
52833.0 31D 8 000000000000001F
52844.9 539 8 3302800008030000
52846.6 541 8 0000000000000000
52860.2 444 8 0000000000000005
52876.0 6C0 7 04030100000000
52878.2 3F1 8 0002000000000000
52879.6 663 8 7814E00E00AA0000
52880.9 31C 8 00000000800084F3
52882.4 31D 8 000000000000001F
52891.4 38C 8 000000000000007F
52893.1 38D 8 00000000000000E5
52894.4 39C 8 FF6F000000000000
52907.2 6AB 8 0000000000003FA1
52908.7 3C3 8 FF00000000000000
52910.0 444 8 0000000000000005
52911.6 537 8 8080808080800000
52922.8 538 8 8080008080000080
52924.1 31C 8 00000000800084F3
52925.9 31D 8 000000000000001F
52954.2 444 8 0000000000000005
52969.8 3F1 8 0002000000000000
52972.0 663 8 7814E00E00AA0000
52974.0 31C 8 00000000800084F3
52985.2 31D 8 000000000000001F
52987.0 38C 8 000000000000007F
52988.8 38D 8 00000000000000E5
53001.2 39C 8 FF6F000000000000
53002.8 3C3 8 FF00000000000000
53004.1 444 8 0000000000000005
53032.2 31C 8 00000000800084F3
53033.5 31D 8 000000000000001F
53048.1 444 8 0000000000000005
53079.2 6C0 7 04030100000000
53080.8 3F1 8 0002000000000000
53082.1 484 8 0000000000000000
53083.6 523 8 CD1F7770450E0B02
53084.9 52E 5 603F000000
53086.2 585 8 902C00000000003F
53087.4 64C 2 0011
53088.8 663 8 7814E00E00AA0000
53090.2 6B2 8 FFFEFF0F880080D3
53091.3 31C 8 00000000800084F3
53093.1 31D 8 000000000000001F
53094.4 38C 8 000000000000007F
53110.2 38D 8 00000000000000E5
53111.8 39C 8 FF6F000000000000
53113.2 5FB 8 000000000000007E
53114.4 539 8 3302800008030000
53115.7 541 8 0000000000000000
53117.0 3C3 8 FF00000000000000
53118.3 5FA 8 5B9DC7CC9C46F1FF
53119.6 6AB 8 0000000000003FA1
53121.0 444 8 0000000000000005
53123.1 537 8 8080808080800000
53124.4 538 8 8080008080000080
53141.3 31C 8 00000000800084F3
53142.8 5EA 8 0000000000000016
53144.0 31D 8 000000000000001F
53145.2 5EB 8 0000000000000007
53146.4 5EC 8 000000000000000F
53147.6 66B 8 7700000000000000
53148.9 66C 8 DF09000000000000
53157.0 444 8 0000000000000005
53172.6 3F1 8 0002000000000000
53173.8 663 8 7814E00E00AA0000
53175.1 31C 8 00000000800084F3
53176.8 31D 8 000000000000001F
53188.2 38C 8 000000000000007F
53189.5 38D 8 00000000000000E5
53190.9 39C 8 FF6F000000000000
53205.0 3C3 8 FF00000000000000
53206.6 444 8 0000000000000005
53219.6 31C 8 00000000800084F3
53235.4 31D 8 000000000000001F
53251.1 444 8 0000000000000005
53266.8 6C0 7 04030100000000
53268.6 3F1 8 0002000000000000
53270.4 663 8 7814E00E00AA0000
53282.1 31C 8 00000000800084F3
53283.7 31D 8 000000000000001F
53285.0 38C 8 000000000000007F
53297.9 38D 8 00000000000000E5
53300.0 39C 8 FF6F000000000000
53301.3 6AB 8 0000000000003FA1
53302.6 3C3 8 FF00000000000000
53304.1 444 8 0000000000000005
53313.4 537 8 8080808080800000
53315.4 538 8 8080008080000080
53329.2 523 8 CD1F7770450E0B02
53330.5 52E 5 603F000000
53331.8 31C 8 00000000800084F3
53333.1 31D 8 000000000000001F
53344.7 539 8 3302800008030000
53346.3 541 8 0000000000000000
53360.5 444 8 0000000000000005
53375.8 3F1 8 0002000000000000
53376.9 663 8 7814E00E00AA0000
53378.3 31C 8 00000000800084F3
53379.6 31D 8 000000000000001F
53391.3 38C 8 000000000000007F
53392.9 38D 8 00000000000000E5
53394.3 39C 8 FF6F000000000000
53407.1 3C3 8 FF00000000000000
53408.4 444 8 0000000000000005
53422.8 31C 8 00000000800084F3
53424.3 31D 8 000000000000001F
53454.3 444 8 0000000000000005
53469.7 6C0 7 04030100000000
53471.1 3F1 8 0002000000000000
53472.7 663 8 7814E00E00AA0000
53474.2 31C 8 00000000800084F3
53485.5 31D 8 000000000000001F
53487.2 38C 8 000000000000007F
53488.6 38D 8 00000000000000E5
53501.0 39C 8 FF6F000000000000
53502.4 6AB 8 0000000000003FA1
53503.8 3C3 8 FF00000000000000
53505.1 444 8 0000000000000005
53516.7 537 8 8080808080800000
53518.2 538 8 8080008080000080
53532.2 31C 8 00000000800084F3
53533.6 31D 8 000000000000001F
53547.9 444 8 0000000000000005
53579.1 3F1 8 0002000000000000
53580.5 484 8 0000000000000000
53581.7 523 8 CD1F7770450E0B02
53583.2 52E 5 603F000000
53584.6 663 8 7814E00E00AA0000
53586.0 31C 8 00000000800084F3
53587.3 31D 8 000000000000001F
53588.9 38C 8 000000000000007F
53594.7 38D 8 00000000000000E5
53596.5 39C 8 FF6F000000000000
53597.9 539 8 3302800008030000
53599.7 541 8 0000000000000000
53601.2 3C3 8 FF00000000000000
53610.2 444 8 0000000000000005
53626.0 31C 8 00000000800084F3
53627.4 5EA 8 0000000000000016
53628.9 31D 8 000000000000001F
53630.2 5EB 8 0000000000000007
53641.3 5EC 8 000000000000000F
53642.6 66B 8 7700000000000000
53643.8 66C 8 DF09000000000000
53657.1 444 8 0000000000000005
53672.5 6C0 7 04030100000000
53673.9 3F1 8 0002000000000000
53675.4 663 8 7814E00E00AA0000
53676.7 31C 8 00000000800084F3
53678.0 31D 8 000000000000001F
53688.2 38C 8 000000000000007F
53689.6 38D 8 00000000000000E5
53690.9 39C 8 FF6F000000000000
53704.0 6AB 8 0000000000003FA1
53706.1 3C3 8 FF00000000000000
53707.4 444 8 0000000000000005
53708.9 537 8 8080808080800000
53719.6 538 8 8080008080000080
53721.1 31C 8 00000000800084F3
53735.6 31D 8 000000000000001F
53751.0 444 8 0000000000000005
53766.8 3F1 8 0002000000000000
53768.8 663 8 7814E00E00AA0000
53782.2 31C 8 00000000800084F3
53783.7 31D 8 000000000000001F
53785.1 38C 8 000000000000007F
53798.1 38D 8 00000000000000E5
53799.7 39C 8 FF6F000000000000
53801.2 3C3 8 FF00000000000000
53802.6 444 8 0000000000000005
53829.2 523 8 CD1F7770450E0B02
53830.4 52E 5 603F000000
53831.7 31C 8 00000000800084F3
53833.2 31D 8 000000000000001F
53844.8 539 8 3302800008030000
53846.4 541 8 0000000000000000
53860.2 444 8 0000000000000005
53875.8 6C0 7 04030100000000
53877.2 3F1 8 0002000000000000
53878.7 663 8 7814E00E00AA0000
53880.0 31C 8 00000000800084F3
53881.4 31D 8 000000000000001F
53891.3 38C 8 000000000000007F
53893.0 38D 8 00000000000000E5
53894.4 39C 8 FF6F000000000000
53907.3 6AB 8 0000000000003FA1
53908.9 3C3 8 FF00000000000000
53910.2 444 8 0000000000000005
53912.1 537 8 8080808080800000
53922.9 538 8 8080008080000080
53924.3 31C 8 00000000800084F3
53925.7 31D 8 000000000000001F
53954.3 444 8 0000000000000005
53969.7 3F1 8 0002000000000000
53971.2 663 8 7814E00E00AA0000
53973.1 31C 8 00000000800084F3
53987.1 31D 8 000000000000001F
53988.9 38C 8 000000000000007F
53990.4 38D 8 00000000000000E5
54001.1 39C 8 FF6F000000000000
54002.5 3C3 8 FF00000000000000
54003.8 444 8 0000000000000005
54032.1 31C 8 00000000800084F3
54033.6 31D 8 000000000000001F
54048.0 444 8 0000000000000005
54078.9 6C0 7 04030100000000
54080.5 3F1 8 0002000000000000
54082.1 484 8 0000000000000000
54084.9 523 8 CD1F7770450E0B02
54086.5 52E 5 603F000000
54088.0 585 8 902C00000000003F
54089.5 64C 2 0011
54090.9 663 8 7814E00E00AA0000
54094.2 6B2 8 FFFEFF0F880000D4
54096.1 31C 8 00000000800084F3
54098.0 31D 8 000000000000001F
54099.5 38C 8 000000000000007F
54110.4 38D 8 00000000000000E5
54111.9 39C 8 FF6F000000000000
54113.3 5FB 8 000000000000007E
54114.5 539 8 3302800008030000
54116.5 3C3 8 FF00000000000000
54117.8 541 8 0000000000000000
54119.2 5FA 8 5B9DC7CC9C46F1FF
54120.3 6AB 8 0000000000003FA1
54121.4 444 8 0000000000000005
54122.5 537 8 8080808080800000
54123.7 538 8 8080008080000080
54126.0 31C 8 00000000800084F3
54127.5 5EA 8 0000000000000016
54129.0 31D 8 000000000000001F
54130.3 5EB 8 0000000000000007
54142.4 5EC 8 000000000000000F
54146.4 66B 8 7700000000000000
54147.7 66C 8 DF09000000000000
54157.0 444 8 0000000000000005
54172.6 3F1 8 0002000000000000
54174.1 663 8 7814E00E00AA0000
54175.5 31C 8 00000000800084F3
54177.1 31D 8 000000000000001F
54188.5 38C 8 000000000000007F
54190.1 38D 8 00000000000000E5
54191.6 39C 8 FF6F000000000000
54204.1 3C3 8 FF00000000000000
54205.4 444 8 0000000000000005
54219.7 31C 8 00000000800084F3
54235.7 31D 8 000000000000001F
54250.9 444 8 0000000000000005
54266.9 6C0 7 04030100000000
54268.7 3F1 8 0002000000000000
54270.5 663 8 7814E00E00AA0000
54282.1 31C 8 00000000800084F3
54283.5 31D 8 000000000000001F
54284.8 38C 8 000000000000007F
54298.1 38D 8 00000000000000E5
54300.4 39C 8 FF6F000000000000
54302.1 6AB 8 0000000000003FA1
54303.5 3C3 8 FF00000000000000
54304.7 444 8 0000000000000005
54314.1 537 8 8080808080800000
54315.8 538 8 8080008080000080
54317.2 523 8 CD1F7770450E0B02
54318.8 52E 5 603F000000
54330.3 31C 8 00000000800084F3
54332.1 31D 8 000000000000001F
54345.6 539 8 3302800008030000
54347.2 541 8 0000000000000000
54361.3 444 8 0000000000000005
54376.9 3F1 8 0002000000000000
54378.3 663 8 7814E00E00AA0000
54379.7 31C 8 00000000800084F3
54381.0 31D 8 000000000000001F
54392.5 38C 8 000000000000007F
54394.9 38D 8 00000000000000E5
54396.6 39C 8 FF6F000000000000
54408.0 3C3 8 FF00000000000000
54409.3 444 8 0000000000000005
54423.6 31C 8 00000000800084F3
54424.9 31D 8 000000000000001F
54455.0 444 8 0000000000000005
54470.5 6C0 7 04030100000000
54471.7 3F1 8 0002000000000000
54473.5 663 8 7814E00E00AA0000
54474.8 31C 8 00000000800084F3
54486.0 31D 8 000000000000001F
54487.5 38C 8 000000000000007F
54488.9 38D 8 00000000000000E5
54501.6 39C 8 FF6F000000000000
54503.9 6AB 8 0000000000003FA1
54505.2 3C3 8 FF00000000000000
54506.7 444 8 0000000000000005
54517.2 537 8 8080808080800000
54518.6 538 8 8080008080000080
54533.3 31C 8 00000000800084F3
54534.7 31D 8 000000000000001F
54548.7 444 8 0000000000000005
54564.5 3F1 8 0002000000000000
54566.1 484 8 0000000000000000
54567.2 523 8 CD1F7770450E0B02
54568.3 52E 5 603F000000
54580.1 663 8 7814E00E00AA0000
54581.5 31C 8 00000000800084F3
54583.2 31D 8 000000000000001F
54584.6 38C 8 000000000000007F
54595.5 38D 8 00000000000000E5
54597.2 39C 8 FF6F000000000000
54598.9 539 8 3302800008030000
54600.5 541 8 0000000000000000
54602.2 3C3 8 FF00000000000000
54611.2 444 8 0000000000000005
54626.6 31C 8 00000000800084F3
54638.1 5EA 8 0000000000000016
54640.1 31D 8 000000000000001F
54641.6 5EB 8 0000000000000007
54658.1 5EC 8 000000000000000F
54659.3 66B 8 7700000000000000
54660.4 66C 8 DF09000000000000
54661.6 444 8 0000000000000005
54673.4 6C0 7 04030100000000
54674.9 3F1 8 0002000000000000
54676.6 663 8 7814E00E00AA0000
54677.9 31C 8 00000000800084F3
54679.5 31D 8 000000000000001F
54689.3 38C 8 000000000000007F
54690.6 38D 8 00000000000000E5
54692.5 39C 8 FF6F000000000000
54705.0 6AB 8 0000000000003FA1
54706.7 3C3 8 FF00000000000000
54708.4 444 8 0000000000000005
54709.7 537 8 8080808080800000
54720.5 538 8 8080008080000080
54721.9 31C 8 00000000800084F3
54736.5 31D 8 000000000000001F
54751.8 444 8 0000000000000005
54767.2 3F1 8 0002000000000000
54769.7 663 8 7814E00E00AA0000
54782.8 31C 8 00000000800084F3
54784.2 31D 8 000000000000001F
54785.6 38C 8 000000000000007F
54787.3 38D 8 00000000000000E5
54798.4 39C 8 FF6F000000000000
54799.7 3C3 8 FF00000000000000
54801.3 444 8 0000000000000005
54814.3 523 8 CD1F7770450E0B02
54815.7 52E 5 603F000000
54830.0 31C 8 00000000800084F3
54831.3 31D 8 000000000000001F
54845.6 539 8 3302800008030000
54847.1 541 8 0000000000000000
54861.1 444 8 0000000000000005
54876.8 6C0 7 04030100000000
54878.4 3F1 8 0002000000000000
54879.7 663 8 7814E00E00AA0000
54881.1 31C 8 00000000800084F3
54882.6 31D 8 000000000000001F
54892.8 38C 8 000000000000007F
54895.0 38D 8 00000000000000E5
54896.6 39C 8 FF6F000000000000
54898.0 6AB 8 0000000000003FA1
54899.2 3C3 8 FF00000000000000
54908.3 444 8 0000000000000005
54909.7 537 8 8080808080800000
54911.2 538 8 8080008080000080
54923.5 31C 8 00000000800084F3
54924.9 31D 8 000000000000001F
54955.0 444 8 0000000000000005
54970.3 3F1 8 0002000000000000
54971.6 663 8 7814E00E00AA0000
54973.1 31C 8 00000000800084F3
54985.9 31D 8 000000000000001F
54987.3 38C 8 000000000000007F
54988.8 38D 8 00000000000000E5
55001.7 39C 8 FF6F000000000000
55003.0 3C3 8 FF00000000000000
55004.3 444 8 0000000000000005
55033.1 31C 8 00000000800084F3
55034.4 31D 8 000000000000001F
55048.5 444 8 0000000000000005
55064.2 6C0 7 04030100000000
55066.0 3F1 8 0002000000000000
55067.3 484 8 0000000000000000
55080.2 523 8 CD1F7770450E0B02
55081.7 52E 5 603F000000
55083.1 585 8 902C00000000003F
55084.5 64C 2 0011
55085.7 663 8 7814E00E00AA0000
55087.2 6B2 8 FFFEFF0F880080D4
55088.3 31C 8 00000000800084F3
55089.6 31D 8 000000000000001F
55091.6 38C 8 000000000000007F
55095.5 38D 8 00000000000000E5
55096.8 39C 8 FF6F000000000000
55098.3 5FB 8 000000000000007E
55099.6 3C3 8 FF00000000000000
55101.0 539 8 3302800008030000
55102.4 541 8 0000000000000000
55104.0 5FA 8 5B9DC7CC9C46F1FF
55105.3 6AB 8 0000000000003FA1
55111.2 444 8 0000000000000005
55112.9 537 8 8080808080800000
55114.2 538 8 8080008080000080
55126.5 31C 8 00000000800084F3
55128.1 5EA 8 0000000000000016
55129.5 31D 8 000000000000001F
55130.9 5EB 8 0000000000000007
55142.5 5EC 8 000000000000000F
55143.8 66B 8 7700000000000000
55145.0 66C 8 DF09000000000000
55158.0 444 8 0000000000000005
55173.7 3F1 8 0002000000000000
55175.1 663 8 7814E00E00AA0000
55176.4 31C 8 00000000800084F3
55177.7 31D 8 000000000000001F
55189.4 38C 8 000000000000007F
55190.7 38D 8 00000000000000E5
55192.0 39C 8 FF6F000000000000
55205.0 3C3 8 FF00000000000000
55206.6 444 8 0000000000000005
55220.6 31C 8 00000000800084F3
55236.3 31D 8 000000000000001F
55251.6 444 8 0000000000000005
55267.1 6C0 7 04030100000000
55269.0 3F1 8 0002000000000000
55271.5 663 8 7814E00E00AA0000
55282.7 31C 8 00000000800084F3
55284.5 31D 8 000000000000001F
55286.0 38C 8 000000000000007F
55287.4 38D 8 00000000000000E5
55298.4 39C 8 FF6F000000000000
55299.8 6AB 8 0000000000003FA1
55301.1 3C3 8 FF00000000000000
55302.6 444 8 0000000000000005
55314.1 537 8 8080808080800000
55315.7 538 8 8080008080000080
55317.1 523 8 CD1F7770450E0B02
55318.6 52E 5 603F000000
55329.9 31C 8 00000000800084F3
55331.2 31D 8 000000000000001F
55345.6 539 8 3302800008030000
55347.3 541 8 0000000000000000
55361.2 444 8 0000000000000005
55376.8 3F1 8 0002000000000000
55378.2 663 8 7814E00E00AA0000
55379.6 31C 8 00000000800084F3
55380.9 31D 8 000000000000001F
55392.2 38C 8 000000000000007F
55393.8 38D 8 00000000000000E5
55395.1 39C 8 FF6F000000000000
55408.0 3C3 8 FF00000000000000
55409.9 444 8 0000000000000005
55423.5 31C 8 00000000800084F3
55424.9 31D 8 000000000000001F
55455.0 444 8 0000000000000005
55470.5 6C0 7 04030100000000
55471.8 3F1 8 0002000000000000
55473.4 663 8 7814E00E00AA0000
55474.8 31C 8 00000000800084F3
55485.9 31D 8 000000000000001F
55487.2 38C 8 000000000000007F
55488.7 38D 8 00000000000000E5
55501.6 39C 8 FF6F000000000000
55503.3 6AB 8 0000000000003FA1
55504.7 3C3 8 FF00000000000000
55506.1 444 8 0000000000000005
55517.4 537 8 8080808080800000
55519.1 538 8 8080008080000080
55533.2 31C 8 00000000800084F3
55534.4 31D 8 000000000000001F
55548.5 444 8 0000000000000005
55564.8 3F1 8 0002000000000000
55566.6 484 8 0000000000000000
55568.0 523 8 CD1F7770450E0B02
55580.1 52E 5 603F000000
55581.6 663 8 7814E00E00AA0000
55583.2 31C 8 00000000800084F3
55584.9 31D 8 000000000000001F
55586.4 38C 8 000000000000007F
55595.5 38D 8 00000000000000E5
55597.1 39C 8 FF6F000000000000
55598.6 539 8 3302800008030000
55600.2 3C3 8 FF00000000000000
55601.6 541 8 0000000000000000
55611.3 444 8 0000000000000005
55626.5 31C 8 00000000800084F3
55628.1 5EA 8 0000000000000016
55629.5 31D 8 000000000000001F
55631.0 5EB 8 0000000000000007
55642.4 5EC 8 000000000000000F
55643.9 66B 8 7700000000000000
55645.3 66C 8 DF09000000000000
55658.0 444 8 0000000000000005
55673.8 6C0 7 04030100000000
55675.4 3F1 8 0002000000000000
55676.8 663 8 7814E00E00AA0000
55678.3 31C 8 00000000800084F3
55679.8 31D 8 000000000000001F
55689.4 38C 8 000000000000007F
55691.0 38D 8 00000000000000E5
55692.8 39C 8 FF6F000000000000
55705.0 6AB 8 0000000000003FA1
55706.6 3C3 8 FF00000000000000
55708.0 444 8 0000000000000005
55709.6 537 8 8080808080800000
55720.7 538 8 8080008080000080
55722.1 31C 8 00000000800084F3
55736.3 31D 8 000000000000001F
55751.6 444 8 0000000000000005
55767.2 3F1 8 0002000000000000
55768.9 663 8 7814E00E00AA0000
55783.0 31C 8 00000000800084F3
55784.5 31D 8 000000000000001F
55785.9 38C 8 000000000000007F
55787.3 38D 8 00000000000000E5
55798.4 39C 8 FF6F000000000000
55799.9 3C3 8 FF00000000000000
55801.4 444 8 0000000000000005
55814.5 523 8 CD1F7770450E0B02
55816.0 52E 5 603F000000
55829.9 31C 8 00000000800084F3
55831.4 31D 8 000000000000001F
55845.6 539 8 3302800008030000
55847.1 541 8 0000000000000000
55861.3 444 8 0000000000000005
55876.9 6C0 7 04030100000000
55879.0 3F1 8 0002000000000000
55880.3 663 8 7814E00E00AA0000
55881.5 31C 8 00000000800084F3
55882.9 31D 8 000000000000001F
55892.5 38C 8 000000000000007F
55894.1 38D 8 00000000000000E5
55895.8 39C 8 FF6F000000000000
55907.8 6AB 8 0000000000003FA1
55909.3 3C3 8 FF00000000000000
55910.8 444 8 0000000000000005
55912.4 537 8 8080808080800000
55913.8 538 8 8080008080000080
55923.5 31C 8 00000000800084F3
55925.6 31D 8 000000000000001F
55955.2 444 8 0000000000000005
55970.2 3F1 8 0002000000000000
55971.6 663 8 7814E00E00AA0000
55973.0 31C 8 00000000800084F3
55985.9 31D 8 000000000000001F
55987.4 38C 8 000000000000007F
55993.8 38D 8 00000000000000E5
56001.6 39C 8 FF6F000000000000
56003.1 3C3 8 FF00000000000000
56004.6 444 8 0000000000000005
56033.2 31C 8 00000000800084F3
56034.8 31D 8 000000000000001F
56048.4 444 8 0000000000000005
56064.1 6C0 7 04030100000000
56065.7 3F1 8 0002000000000000
56067.0 484 8 0000000000000000
56080.0 523 8 CD1F7770450E0B02
56081.7 52E 5 603F000000
56083.2 585 8 902C00000000003F
56085.4 64C 2 0011
56086.7 663 8 7814E00E00AA0000
56088.1 6B2 8 FFFEFF0F880000D5
56089.4 31C 8 00000000800084F3
56090.8 31D 8 000000000000001F
56092.3 38C 8 000000000000007F
56095.7 38D 8 00000000000000E5
56097.1 39C 8 FF6F000000000000
56098.5 3C3 8 FF00000000000000
56099.9 5FB 8 000000000000007E
56101.2 539 8 3302800008030000
56102.5 541 8 0000000000000000
56103.7 5FA 8 5B9DC7CC9C46F1FF
56105.0 6AB 8 0000000000003FA1
56111.2 444 8 0000000000000005
56112.7 537 8 8080808080800000
56114.2 538 8 8080008080000080
56126.5 31C 8 00000000800084F3
56128.1 5EA 8 0000000000000016
56129.3 31D 8 000000000000001F
56130.7 5EB 8 0000000000000007
56142.5 5EC 8 000000000000000F
56144.0 66B 8 7700000000000000
56145.5 66C 8 DF09000000000000
56158.2 444 8 0000000000000005
56173.7 3F1 8 0002000000000000
56174.9 663 8 7814E00E00AA0000
56176.3 31C 8 00000000800084F3
56177.8 31D 8 000000000000001F
56189.3 38C 8 000000000000007F
56190.7 38D 8 00000000000000E5
56192.5 39C 8 FF6F000000000000
56205.0 3C3 8 FF00000000000000
56206.5 444 8 0000000000000005
56220.4 31C 8 00000000800084F3
56236.4 31D 8 000000000000001F
56251.6 444 8 0000000000000005
56267.3 6C0 7 04030100000000
56269.0 3F1 8 0002000000000000
56270.7 663 8 7814E00E00AA0000
56282.8 31C 8 00000000800084F3
56284.3 31D 8 000000000000001F
56285.9 38C 8 000000000000007F
56287.3 38D 8 00000000000000E5
56298.4 39C 8 FF6F000000000000
56299.9 3C3 8 FF00000000000000
56301.3 6AB 8 0000000000003FA1
56303.1 444 8 0000000000000005
56314.1 537 8 8080808080800000
56315.5 538 8 8080008080000080
56316.9 523 8 CD1F7770450E0B02
56318.4 52E 5 603F000000
56329.9 31C 8 00000000800084F3
56331.2 31D 8 000000000000001F
56345.5 539 8 3302800008030000
56346.9 541 8 0000000000000000
56361.3 444 8 0000000000000005
56376.6 3F1 8 0002000000000000
56377.9 663 8 7814E00E00AA0000
56379.2 31C 8 00000000800084F3
56380.5 31D 8 000000000000001F
56392.5 38C 8 000000000000007F
56394.0 38D 8 00000000000000E5
56395.3 39C 8 FF6F000000000000
56407.8 3C3 8 FF00000000000000
56409.4 444 8 0000000000000005
56424.2 31C 8 00000000800084F3
56425.8 31D 8 000000000000001F
56454.9 444 8 0000000000000005
56470.6 6C0 7 04030100000000
56472.4 3F1 8 0002000000000000
56474.1 663 8 7814E00E00AA0000
56475.3 31C 8 00000000800084F3
56486.0 31D 8 000000000000001F
56487.7 38C 8 000000000000007F
56489.0 38D 8 00000000000000E5
56501.5 39C 8 FF6F000000000000
56502.8 3C3 8 FF00000000000000
56504.0 6AB 8 0000000000003FA1
56505.3 444 8 0000000000000005
56517.6 537 8 8080808080800000
56523.6 538 8 8080008080000080
56533.0 31C 8 00000000800084F3
56534.4 31D 8 000000000000001F
56548.4 444 8 0000000000000005
56564.3 3F1 8 0002000000000000
56566.1 484 8 0000000000000000
56580.0 523 8 CD1F7770450E0B02
56581.6 52E 5 603F000000
56582.9 663 8 7814E00E00AA0000
56584.6 31C 8 00000000800084F3
56586.0 31D 8 000000000000001F
56587.6 38C 8 000000000000007F
56595.6 38D 8 00000000000000E5
56597.4 39C 8 FF6F000000000000
56599.0 3C3 8 FF00000000000000
56600.2 539 8 3302800008030000
56601.7 541 8 0000000000000000
56611.1 444 8 0000000000000005
56626.6 31C 8 00000000800084F3
56628.2 5EA 8 0000000000000016
56630.2 31D 8 000000000000001F
56631.9 5EB 8 0000000000000007
56642.4 5EC 8 000000000000000F
56643.7 66B 8 7700000000000000
56644.9 66C 8 DF09000000000000
56658.0 444 8 0000000000000005
56673.6 6C0 7 04030100000000
56675.1 3F1 8 0002000000000000
56676.5 663 8 7814E00E00AA0000
56677.7 31C 8 00000000800084F3
56679.1 31D 8 000000000000001F
56689.5 38C 8 000000000000007F
56690.9 38D 8 00000000000000E5
56692.3 39C 8 FF6F000000000000
56705.0 3C3 8 FF00000000000000
56706.6 6AB 8 0000000000003FA1
56708.0 444 8 0000000000000005
56709.4 537 8 8080808080800000
56720.5 538 8 8080008080000080
56722.2 31C 8 00000000800084F3
56736.4 31D 8 000000000000001F
56751.6 444 8 0000000000000005
56767.2 3F1 8 0002000000000000
56768.7 663 8 7814E00E00AA0000
56783.0 31C 8 00000000800084F3
56784.8 31D 8 000000000000001F
56786.7 38C 8 000000000000007F
56788.3 38D 8 00000000000000E5
56798.8 39C 8 FF6F000000000000
56800.6 3C3 8 FF00000000000000
56802.5 444 8 0000000000000005
56814.4 523 8 CD1F7770450E0B02
56816.1 52E 5 603F000000
56831.0 31C 8 00000000800084F3
56832.4 31D 8 000000000000001F
56845.5 539 8 3302800008030000
56847.1 541 8 0000000000000000
56861.3 444 8 0000000000000005
56876.8 6C0 7 04030100000000
56878.1 3F1 8 0002000000000000
56879.8 663 8 7814E00E00AA0000
56881.1 31C 8 00000000800084F3
56882.7 31D 8 000000000000001F
56892.5 38C 8 000000000000007F
56894.0 38D 8 00000000000000E5
56895.3 39C 8 FF6F000000000000
56908.2 3C3 8 FF00000000000000
56909.7 6AB 8 0000000000003FA1
56911.1 444 8 0000000000000005
56912.5 537 8 8080808080800000
56913.8 538 8 8080008080000080
56923.4 31C 8 00000000800084F3
56924.7 31D 8 000000000000001F
56955.2 444 8 0000000000000005
56970.4 3F1 8 0002000000000000
56971.9 663 8 7814E00E00AA0000
56973.6 31C 8 00000000800084F3
56986.1 31D 8 000000000000001F
56987.5 38C 8 000000000000007F
56989.1 38D 8 00000000000000E5
57001.6 39C 8 FF6F000000000000
57003.1 3C3 8 FF00000000000000
57004.4 444 8 0000000000000005
57032.9 31C 8 00000000800084F3
57034.3 31D 8 000000000000001F
57048.4 444 8 0000000000000005
57064.2 6C0 7 04030100000000
57065.8 3F1 8 0002000000000000
57067.0 484 8 0000000000000000
57079.9 523 8 CD1F7770450E0B02
57081.4 52E 5 603F000000
57082.8 585 8 902C00000000003F
57084.4 64C 2 0011
57086.0 663 8 7814E00E00AA0000
57087.4 6B2 8 FFFEFF0F880080D5
57088.8 31C 8 00000000800084F3
57090.2 31D 8 000000000000001F
57091.4 38C 8 000000000000007F
57095.8 38D 8 00000000000000E5
57097.4 39C 8 FF6F000000000000
57098.8 3C3 8 FF00000000000000
57100.1 5FB 8 000000000000007E
57101.5 539 8 3302800008030000
57102.9 541 8 0000000000000000
57104.2 5FA 8 5B9DC7CC9C46F1FF
57105.3 6AB 8 0000000000003FA1
57111.2 444 8 0000000000000005
57112.8 537 8 8080808080800000
57114.2 538 8 8080008080000080
57126.7 31C 8 00000000800084F3
57128.3 5EA 8 0000000000000016
57129.7 31D 8 000000000000001F
57131.1 5EB 8 0000000000000007
57142.4 5EC 8 000000000000000F
57144.0 66B 8 7700000000000000
57145.5 66C 8 DF09000000000000
57158.0 444 8 0000000000000005
57173.7 3F1 8 0002000000000000
57175.2 663 8 7814E00E00AA0000
57176.7 31C 8 00000000800084F3
57178.2 31D 8 000000000000001F
57190.5 38C 8 000000000000007F
57194.6 38D 8 00000000000000E5
57195.9 39C 8 FF6F000000000000
57205.1 3C3 8 FF00000000000000
57206.6 444 8 0000000000000005
57220.6 31C 8 00000000800084F3
57236.3 31D 8 000000000000001F
57251.5 444 8 0000000000000005
57267.3 6C0 7 04030100000000
57268.9 3F1 8 0002000000000000
57270.3 663 8 7814E00E00AA0000
57282.7 31C 8 00000000800084F3
57284.2 31D 8 000000000000001F
57285.8 38C 8 000000000000007F
57287.3 38D 8 00000000000000E5
57298.4 39C 8 FF6F000000000000
57300.0 3C3 8 FF00000000000000
57301.4 6AB 8 0000000000003FA1
57303.0 444 8 0000000000000005
57314.2 537 8 8080808080800000
57316.1 538 8 8080008080000080
57317.9 523 8 CD1F7770450E0B02
57319.3 52E 5 603F000000
57331.0 31C 8 00000000800084F3
57332.5 31D 8 000000000000001F
57345.7 539 8 3302800008030000
57350.9 541 8 0000000000000000
57361.3 444 8 0000000000000005
57376.8 3F1 8 0002000000000000
57378.2 663 8 7814E00E00AA0000
57379.6 31C 8 00000000800084F3
57381.0 31D 8 000000000000001F
57392.3 38C 8 000000000000007F
57402.0 38D 8 00000000000000E5
57410.1 39C 8 FF6F000000000000
57423.4 3C3 8 FF00000000000000
57424.7 444 8 0000000000000005
57426.4 31C 8 00000000800084F3
57427.7 31D 8 000000000000001F
57454.9 444 8 0000000000000005
57470.6 6C0 7 04030100000000
57472.0 3F1 8 0002000000000000
57473.8 663 8 7814E00E00AA0000
57475.1 31C 8 00000000800084F3
57486.1 31D 8 000000000000001F
57487.9 38C 8 000000000000007F
57489.4 38D 8 00000000000000E5
57501.5 39C 8 FF6F000000000000
57503.2 3C3 8 FF00000000000000
57504.4 6AB 8 0000000000003FA1
57505.8 444 8 0000000000000005
57517.4 537 8 8080808080800000
57519.2 538 8 8080008080000080
57533.0 31C 8 00000000800084F3
57534.3 31D 8 000000000000001F
57548.3 444 8 0000000000000005
57564.3 3F1 8 0002000000000000
57566.0 484 8 0000000000000000
57567.1 523 8 CD1F7770450E0B02
57579.9 52E 5 603F000000
57581.3 663 8 7814E00E00AA0000
57582.7 31C 8 00000000800084F3
57584.6 31D 8 000000000000001F
57586.0 38C 8 000000000000007F
57595.8 38D 8 00000000000000E5
57597.5 39C 8 FF6F000000000000
57599.1 3C3 8 FF00000000000000
57601.1 539 8 3302800008030000
57602.3 541 8 0000000000000000
57611.1 444 8 0000000000000005
57626.7 31C 8 00000000800084F3
57628.6 5EA 8 0000000000000016
57630.3 31D 8 000000000000001F
57631.6 5EB 8 0000000000000007
57642.4 5EC 8 000000000000000F
57643.8 66B 8 7700000000000000
57645.1 66C 8 DF09000000000000
57658.0 444 8 0000000000000005
57673.5 6C0 7 04030100000000
57674.9 3F1 8 0002000000000000
57676.4 663 8 7814E00E00AA0000
57677.5 31C 8 00000000800084F3
57679.0 31D 8 000000000000001F
57689.2 38C 8 000000000000007F
57690.6 38D 8 00000000000000E5
57693.1 39C 8 FF6F000000000000
57704.9 3C3 8 FF00000000000000
57706.7 6AB 8 0000000000003FA1
57707.9 444 8 0000000000000005
57709.2 537 8 8080808080800000
57720.6 538 8 8080008080000080
57722.1 31C 8 00000000800084F3
57736.4 31D 8 000000000000001F
57751.6 444 8 0000000000000005
57767.1 3F1 8 0002000000000000
57768.5 663 8 7814E00E00AA0000
57783.0 31C 8 00000000800084F3
57784.8 31D 8 000000000000001F
57786.7 38C 8 000000000000007F
57788.2 38D 8 00000000000000E5
57798.4 39C 8 FF6F000000000000
57799.8 3C3 8 FF00000000000000
57801.4 444 8 0000000000000005
57814.1 523 8 CD1F7770450E0B02
57815.4 52E 5 603F000000
57830.0 31C 8 00000000800084F3
57831.5 31D 8 000000000000001F
57845.6 539 8 3302800008030000
57847.2 541 8 0000000000000000
57861.0 444 8 0000000000000005
57876.8 6C0 7 04030100000000
57878.7 3F1 8 0002000000000000
57880.1 663 8 7814E00E00AA0000
57881.4 31C 8 00000000800084F3
57882.8 31D 8 000000000000001F
57892.6 38C 8 000000000000007F
57894.1 38D 8 00000000000000E5
57895.4 39C 8 FF6F000000000000
57908.4 3C3 8 FF00000000000000
57911.0 6AB 8 0000000000003FA1
57913.4 444 8 0000000000000005
57915.0 537 8 8080808080800000
57916.4 538 8 8080008080000080
57923.4 31C 8 00000000800084F3
57924.8 31D 8 000000000000001F
57955.0 444 8 0000000000000005
57970.4 3F1 8 0002000000000000
57972.3 663 8 7814E00E00AA0000
57974.3 31C 8 00000000800084F3
57986.1 31D 8 000000000000001F
57987.7 38C 8 000000000000007F
57989.3 38D 8 00000000000000E5
58001.9 39C 8 FF6F000000000000
58003.2 3C3 8 FF00000000000000
58005.5 444 8 0000000000000005
58033.1 31C 8 00000000800084F3
58034.7 31D 8 000000000000001F
58048.4 444 8 0000000000000005
58064.3 6C0 7 04030100000000
58065.9 3F1 8 0002000000000000
58067.2 484 8 0000000000000000
58068.4 523 8 CD1F7770450E0B02
58079.9 52E 5 603F000000
58081.6 585 8 902C00000000003F
58083.1 64C 2 0011
58084.6 663 8 7814E00E00AA0000
58086.1 6B2 8 FFFEFF0F880000D6
58087.5 31C 8 00000000800084F3
58088.9 31D 8 000000000000001F
58090.3 38C 8 000000000000007F
58095.8 38D 8 00000000000000E5
58097.1 39C 8 FF6F000000000000
58098.5 3C3 8 FF00000000000000
58100.0 5FB 8 000000000000007E
58101.5 539 8 3302800008030000
58102.8 541 8 0000000000000000
58104.2 5FA 8 5B9DC7CC9C46F1FF
58105.5 6AB 8 0000000000003FA1
58111.3 444 8 0000000000000005
58112.7 537 8 8080808080800000
58114.1 538 8 8080008080000080
58126.5 31C 8 00000000800084F3
58128.2 5EA 8 0000000000000016
58129.7 31D 8 000000000000001F
58131.1 5EB 8 0000000000000007
58142.5 5EC 8 000000000000000F
58143.9 66B 8 7700000000000000
58145.2 66C 8 DF09000000000000
58158.2 444 8 0000000000000005
58173.5 3F1 8 0002000000000000
58174.9 663 8 7814E00E00AA0000
58176.3 31C 8 00000000800084F3
58178.1 31D 8 000000000000001F
58189.3 38C 8 000000000000007F
58190.9 38D 8 00000000000000E5
58192.3 39C 8 FF6F000000000000
58205.1 3C3 8 FF00000000000000
58206.6 444 8 0000000000000005
58220.5 31C 8 00000000800084F3
58236.2 31D 8 000000000000001F
58251.6 444 8 0000000000000005
58267.6 6C0 7 04030100000000
58269.2 3F1 8 0002000000000000
58270.9 663 8 7814E00E00AA0000
58282.9 31C 8 00000000800084F3
58284.3 31D 8 000000000000001F
58285.6 38C 8 000000000000007F
58286.9 38D 8 00000000000000E5
58298.4 39C 8 FF6F000000000000
58299.8 3C3 8 FF00000000000000
58301.1 6AB 8 0000000000003FA1
58302.9 444 8 0000000000000005
58314.2 537 8 8080808080800000
58315.8 538 8 8080008080000080
58317.3 523 8 CD1F7770450E0B02
58318.6 52E 5 603F000000
58329.9 31C 8 00000000800084F3
58331.3 31D 8 000000000000001F
58345.5 539 8 3302800008030000
58347.1 541 8 0000000000000000
58361.1 444 8 0000000000000005
58376.6 3F1 8 0002000000000000
58377.9 663 8 7814E00E00AA0000
58379.3 31C 8 00000000800084F3
58380.7 31D 8 000000000000001F
58392.5 38C 8 000000000000007F
58394.1 38D 8 00000000000000E5
58395.5 39C 8 FF6F000000000000
58408.1 3C3 8 FF00000000000000
58409.5 444 8 0000000000000005
58423.5 31C 8 00000000800084F3
58424.8 31D 8 000000000000001F
58454.9 444 8 0000000000000005
58470.6 6C0 7 04030100000000
58472.0 3F1 8 0002000000000000
58474.0 663 8 7814E00E00AA0000
58475.2 31C 8 00000000800084F3
58486.0 31D 8 000000000000001F
58487.4 38C 8 000000000000007F
58488.7 38D 8 00000000000000E5
58501.5 39C 8 FF6F000000000000
58502.8 3C3 8 FF00000000000000
58504.0 6AB 8 0000000000003FA1
58505.2 444 8 0000000000000005
58517.4 537 8 8080808080800000
58518.7 538 8 8080008080000080
58533.1 31C 8 00000000800084F3
58534.4 31D 8 000000000000001F
58548.4 444 8 0000000000000005
58564.3 3F1 8 0002000000000000
58566.0 484 8 0000000000000000
58580.0 523 8 CD1F7770450E0B02
58581.4 52E 5 603F000000
58582.9 663 8 7814E00E00AA0000
58585.3 31C 8 00000000800084F3
58586.9 31D 8 000000000000001F
58588.2 38C 8 000000000000007F
58595.6 38D 8 00000000000000E5
58597.1 39C 8 FF6F000000000000
58598.5 3C3 8 FF00000000000000
58599.7 539 8 3302800008030000
58601.0 541 8 0000000000000000
58611.1 444 8 0000000000000005
58626.5 31C 8 00000000800084F3
58627.9 5EA 8 0000000000000016
58629.4 31D 8 000000000000001F
58630.8 5EB 8 0000000000000007
58642.4 5EC 8 000000000000000F
58643.8 66B 8 7700000000000000
58645.0 66C 8 DF09000000000000
58658.2 444 8 0000000000000005
58673.9 6C0 7 04030100000000
58675.3 3F1 8 0002000000000000
58676.6 663 8 7814E00E00AA0000
58678.0 31C 8 00000000800084F3
58679.4 31D 8 000000000000001F
58689.2 38C 8 000000000000007F
58690.7 38D 8 00000000000000E5
58692.2 39C 8 FF6F000000000000
58705.0 3C3 8 FF00000000000000
58706.3 6AB 8 0000000000003FA1
58707.6 444 8 0000000000000005
58709.1 537 8 8080808080800000
58720.8 538 8 8080008080000080
58730.8 31C 8 00000000800084F3
58736.2 31D 8 000000000000001F
58751.6 444 8 0000000000000005
58767.2 3F1 8 0002000000000000
58769.3 663 8 7814E00E00AA0000
58783.0 31C 8 00000000800084F3
58784.5 31D 8 000000000000001F
58785.9 38C 8 000000000000007F
58787.3 38D 8 00000000000000E5
58798.4 39C 8 FF6F000000000000
58800.1 3C3 8 FF00000000000000
58802.1 444 8 0000000000000005
58814.2 523 8 CD1F7770450E0B02
58815.7 52E 5 603F000000
58830.2 31C 8 00000000800084F3
58831.6 31D 8 000000000000001F
58845.5 539 8 3302800008030000
58847.0 541 8 0000000000000000
58861.1 444 8 0000000000000005
58877.4 6C0 7 04030100000000
58878.9 3F1 8 0002000000000000
58880.2 663 8 7814E00E00AA0000
58881.5 31C 8 00000000800084F3
58883.0 31D 8 000000000000001F
58892.6 38C 8 000000000000007F
58895.9 38D 8 00000000000000E5
58897.8 39C 8 FF6F000000000000
58908.3 3C3 8 FF00000000000000
58910.0 6AB 8 0000000000003FA1
58911.4 444 8 0000000000000005
58913.0 537 8 8080808080800000
58914.5 538 8 8080008080000080
58923.4 31C 8 00000000800084F3
58925.2 31D 8 000000000000001F
58955.0 444 8 0000000000000005
58970.2 3F1 8 0002000000000000
58971.6 663 8 7814E00E00AA0000
58974.1 31C 8 00000000800084F3
58986.3 31D 8 000000000000001F
58988.1 38C 8 000000000000007F
58989.5 38D 8 00000000000000E5
59001.5 39C 8 FF6F000000000000
59003.1 3C3 8 FF00000000000000
59004.6 444 8 0000000000000005
59033.3 31C 8 00000000800084F3
59035.0 31D 8 000000000000001F
59048.4 444 8 0000000000000005
59064.1 6C0 7 04030100000000
59065.6 3F1 8 0002000000000000
59080.1 484 8 0000000000000000
59081.5 523 8 CD1F7770450E0B02
59083.0 52E 5 603F000000
59084.5 585 8 902C00000000003F
59086.0 64C 2 0011
59087.5 663 8 7814E00E00AA0000
59089.0 6B2 8 FFFEFF0F880080D6
59090.3 31C 8 00000000800084F3
59091.7 31D 8 000000000000001F
59093.0 38C 8 000000000000007F
59095.5 38D 8 00000000000000E5
59097.0 39C 8 FF6F000000000000
59098.6 3C3 8 FF00000000000000
59100.1 5FB 8 000000000000007E
59101.5 539 8 3302800008030000
59102.9 541 8 0000000000000000
59104.2 5FA 8 5B9DC7CC9C46F1FF
59105.5 6AB 8 0000000000003FA1
59111.0 444 8 0000000000000005
59112.6 537 8 8080808080800000
59113.9 538 8 8080008080000080
59126.6 31C 8 00000000800084F3
59129.0 5EA 8 0000000000000016
59130.3 31D 8 000000000000001F
59131.6 5EB 8 0000000000000007
59142.5 5EC 8 000000000000000F
59143.9 66B 8 7700000000000000
59145.3 66C 8 DF09000000000000
59158.1 444 8 0000000000000005
59173.6 3F1 8 0002000000000000
59175.2 663 8 7814E00E00AA0000
59176.6 31C 8 00000000800084F3
59178.1 31D 8 000000000000001F
59189.3 38C 8 000000000000007F
59190.7 38D 8 00000000000000E5
59192.0 39C 8 FF6F000000000000
59205.0 3C3 8 FF00000000000000
59206.6 444 8 0000000000000005
59221.7 31C 8 00000000800084F3
59236.3 31D 8 000000000000001F
59251.5 444 8 0000000000000005
59267.2 6C0 7 04030100000000
59268.9 3F1 8 0002000000000000
59270.4 663 8 7814E00E00AA0000
59282.7 31C 8 00000000800084F3
59284.3 31D 8 000000000000001F
59285.8 38C 8 000000000000007F
59287.2 38D 8 00000000000000E5
59298.4 39C 8 FF6F000000000000
59299.8 3C3 8 FF00000000000000
59301.4 6AB 8 0000000000003FA1
59302.9 444 8 0000000000000005
59314.1 537 8 8080808080800000
59315.5 538 8 8080008080000080
59317.1 523 8 CD1F7770450E0B02
59318.5 52E 5 603F000000
59329.9 31C 8 00000000800084F3
59331.4 31D 8 000000000000001F
59345.5 539 8 3302800008030000
59346.8 541 8 0000000000000000
59361.0 444 8 0000000000000005
59376.8 3F1 8 0002000000000000
59378.3 663 8 7814E00E00AA0000
59379.9 31C 8 00000000800084F3
59381.4 31D 8 000000000000001F
59392.3 38C 8 000000000000007F
59394.2 38D 8 00000000000000E5
59395.7 39C 8 FF6F000000000000
59408.1 3C3 8 FF00000000000000
59409.5 444 8 0000000000000005
59423.5 31C 8 00000000800084F3
59425.1 31D 8 000000000000001F
59455.0 444 8 0000000000000005
59470.3 6C0 7 04030100000000
59471.8 3F1 8 0002000000000000
59473.3 663 8 7814E00E00AA0000
59474.8 31C 8 00000000800084F3
59485.9 31D 8 000000000000001F
59487.3 38C 8 000000000000007F
59489.0 38D 8 00000000000000E5
59501.5 39C 8 FF6F000000000000
59503.0 3C3 8 FF00000000000000
59504.4 6AB 8 0000000000003FA1
59505.7 444 8 0000000000000005
59517.7 537 8 8080808080800000
59519.1 538 8 8080008080000080
59533.2 31C 8 00000000800084F3
59534.5 31D 8 000000000000001F
59548.3 444 8 0000000000000005
59564.6 3F1 8 0002000000000000
59566.1 484 8 0000000000000000
59567.4 523 8 CD1F7770450E0B02
59579.9 52E 5 603F000000
59581.3 663 8 7814E00E00AA0000
59583.0 31C 8 00000000800084F3
59584.4 31D 8 000000000000001F
59585.9 38C 8 000000000000007F
59595.6 38D 8 00000000000000E5
59597.2 39C 8 FF6F000000000000
59598.7 3C3 8 FF00000000000000
59600.2 539 8 3302800008030000
59601.8 541 8 0000000000000000
59611.0 444 8 0000000000000005
59626.6 31C 8 00000000800084F3
59628.4 5EA 8 0000000000000016
59630.0 31D 8 000000000000001F
59631.3 5EB 8 0000000000000007
59642.6 5EC 8 000000000000000F
59643.8 66B 8 7700000000000000
59645.0 66C 8 DF09000000000000
59658.0 444 8 0000000000000005
59673.6 6C0 7 04030100000000
59675.2 3F1 8 0002000000000000
59676.7 663 8 7814E00E00AA0000
59677.9 31C 8 00000000800084F3
59679.1 31D 8 000000000000001F
59689.3 38C 8 000000000000007F
59690.8 38D 8 00000000000000E5
59692.5 39C 8 FF6F000000000000
59705.0 3C3 8 FF00000000000000
59706.6 6AB 8 0000000000003FA1
59707.9 444 8 0000000000000005
59709.2 537 8 8080808080800000
59720.5 538 8 8080008080000080
59722.0 31C 8 00000000800084F3
59737.0 31D 8 000000000000001F
59751.5 444 8 0000000000000005
59767.2 3F1 8 0002000000000000
59768.7 663 8 7814E00E00AA0000
59782.9 31C 8 00000000800084F3
59784.2 31D 8 000000000000001F
59785.6 38C 8 000000000000007F
59787.1 38D 8 00000000000000E5
59798.4 39C 8 FF6F000000000000
59799.9 3C3 8 FF00000000000000
59801.4 444 8 0000000000000005
59814.3 523 8 CD1F7770450E0B02
59816.0 52E 5 603F000000
59830.3 31C 8 00000000800084F3
59831.9 31D 8 000000000000001F
59845.5 539 8 3302800008030000
59847.2 541 8 0000000000000000
59861.3 444 8 0000000000000005
59876.8 6C0 7 04030100000000
59878.3 3F1 8 0002000000000000
59880.0 663 8 7814E00E00AA0000
59881.2 31C 8 00000000800084F3
59882.8 31D 8 000000000000001F
59892.7 38C 8 000000000000007F
59894.2 38D 8 00000000000000E5
59895.8 39C 8 FF6F000000000000
59897.2 3C3 8 FF00000000000000
59908.2 6AB 8 0000000000003FA1
59909.8 444 8 0000000000000005
59911.4 537 8 8080808080800000
59913.0 538 8 8080008080000080
59923.7 31C 8 00000000800084F3
59925.5 31D 8 000000000000001F
59955.1 444 8 0000000000000005
59970.3 3F1 8 0002000000000000
59971.9 663 8 7814E00E00AA0000
59973.5 31C 8 00000000800084F3
59986.0 31D 8 000000000000001F
59987.5 38C 8 000000000000007F
59989.0 38D 8 00000000000000E5
60001.7 39C 8 FF6F000000000000
60003.3 3C3 8 FF00000000000000
60004.5 444 8 0000000000000005
60033.0 31C 8 00000000800084F3
60034.4 31D 8 000000000000001F
60048.4 444 8 0000000000000005
60064.2 6C0 7 04030100000000
60065.8 3F1 8 0002000000000000
60067.0 484 8 0000000000000000
60079.9 523 8 CD1F7770450E0B02
60084.4 52E 5 603F000000
60086.2 585 8 902C00000000003F
60087.5 64C 2 0011
60088.7 663 8 7814E00E00AA0000
60090.2 6B2 8 FFFEFF0F880000D7
60091.4 31C 8 00000000800084F3
60093.0 31D 8 000000000000001F
60094.4 38C 8 000000000000007F
60111.2 38D 8 00000000000000E5
60112.8 39C 8 FF6F000000000000
60114.1 3C3 8 FF00000000000000
60115.5 5FB 8 000000000000007E
60116.8 539 8 3302800008030000
60118.2 541 8 0000000000000000
60119.6 5FA 8 5B9DC7CC9C46F1FF
60121.6 6AB 8 0000000000003FA1
60122.9 444 8 0000000000000005
60124.2 537 8 8080808080800000
60125.2 538 8 8080008080000080
60142.7 31C 8 00000000800084F3
60144.8 5EA 8 0000000000000016
60146.4 31D 8 000000000000001F
60148.0 5EB 8 0000000000000007
60149.4 5EC 8 000000000000000F
60150.6 66B 8 7700000000000000
60151.7 66C 8 DF09000000000000
60158.0 444 8 0000000000000005
60173.7 3F1 8 0002000000000000
60175.0 663 8 7814E00E00AA0000
60176.3 31C 8 00000000800084F3
60177.5 31D 8 000000000000001F
60189.3 38C 8 000000000000007F
60190.5 38D 8 00000000000000E5
60192.3 39C 8 FF6F000000000000
60205.0 3C3 8 FF00000000000000
60206.4 444 8 0000000000000005
60220.3 31C 8 00000000800084F3
60236.4 31D 8 000000000000001F
60251.5 444 8 0000000000000005
60267.1 6C0 7 04030100000000
60268.9 3F1 8 0002000000000000
60270.8 663 8 7814E00E00AA0000
60282.8 31C 8 00000000800084F3
60284.3 31D 8 000000000000001F
60285.9 38C 8 000000000000007F
60287.3 38D 8 00000000000000E5
60298.4 39C 8 FF6F000000000000
60299.9 3C3 8 FF00000000000000
60301.4 6AB 8 0000000000003FA1
60303.5 444 8 0000000000000005
60314.1 537 8 8080808080800000
60315.6 538 8 8080008080000080
60317.1 523 8 CD1F7770450E0B02
60318.4 52E 5 603F000000
60329.9 31C 8 00000000800084F3
60331.3 31D 8 000000000000001F
60345.4 539 8 3302800008030000
60346.6 541 8 0000000000000000
60361.3 444 8 0000000000000005
60376.6 3F1 8 0002000000000000
60378.4 663 8 7814E00E00AA0000
60380.0 31C 8 00000000800084F3
60382.1 31D 8 000000000000001F
60392.3 38C 8 000000000000007F
60394.4 38D 8 00000000000000E5
60396.2 39C 8 FF6F000000000000
60408.1 3C3 8 FF00000000000000
60409.8 444 8 0000000000000005
60423.5 31C 8 00000000800084F3
60425.5 31D 8 000000000000001F
60455.2 444 8 0000000000000005
60470.6 6C0 7 04030100000000
60472.0 3F1 8 0002000000000000
60473.6 663 8 7814E00E00AA0000
60475.0 31C 8 00000000800084F3
60486.1 31D 8 000000000000001F
60487.6 38C 8 000000000000007F
60489.2 38D 8 00000000000000E5
60501.5 39C 8 FF6F000000000000
60503.1 3C3 8 FF00000000000000
60504.6 6AB 8 0000000000003FA1
60506.1 444 8 0000000000000005
60517.5 537 8 8080808080800000
60519.1 538 8 8080008080000080
60533.0 31C 8 00000000800084F3
60534.7 31D 8 000000000000001F
60548.3 444 8 0000000000000005
60564.4 3F1 8 0002000000000000
60579.9 484 8 0000000000000000
60581.5 523 8 CD1F7770450E0B02
60583.0 52E 5 603F000000
60584.5 663 8 7814E00E00AA0000
60586.2 31C 8 00000000800084F3
60587.6 31D 8 000000000000001F
60589.2 38C 8 000000000000007F
60595.4 38D 8 00000000000000E5
60596.9 39C 8 FF6F000000000000
60598.5 3C3 8 FF00000000000000
60600.1 539 8 3302800008030000
60601.6 541 8 0000000000000000
60611.3 444 8 0000000000000005
60626.6 31C 8 00000000800084F3
60628.0 5EA 8 0000000000000016
60629.4 31D 8 000000000000001F
60630.8 5EB 8 0000000000000007
60642.3 5EC 8 000000000000000F
60644.0 66B 8 7700000000000000
60645.4 66C 8 DF09000000000000
60658.2 444 8 0000000000000005
60673.6 6C0 7 04030100000000
60675.5 3F1 8 0002000000000000
60677.0 663 8 7814E00E00AA0000
60678.4 31C 8 00000000800084F3
60680.0 31D 8 000000000000001F
60689.6 38C 8 000000000000007F
60692.2 38D 8 00000000000000E5
60693.8 39C 8 FF6F000000000000
60704.9 3C3 8 FF00000000000000
60706.9 6AB 8 0000000000003FA1
60708.7 444 8 0000000000000005
60710.7 537 8 8080808080800000
60720.8 538 8 8080008080000080
60722.8 31C 8 00000000800084F3
60736.2 31D 8 000000000000001F
60751.5 444 8 0000000000000005
60767.3 3F1 8 0002000000000000
60768.9 663 8 7814E00E00AA0000
60783.2 31C 8 00000000800084F3
60784.6 31D 8 000000000000001F
60786.1 38C 8 000000000000007F
60787.7 38D 8 00000000000000E5
60798.3 39C 8 FF6F000000000000
60799.9 3C3 8 FF00000000000000
60801.4 444 8 0000000000000005
60814.1 523 8 CD1F7770450E0B02
60815.6 52E 5 603F000000
60830.1 31C 8 00000000800084F3
60831.8 31D 8 000000000000001F
60845.4 539 8 3302800008030000
60846.8 541 8 0000000000000000
60861.3 444 8 0000000000000005
60876.9 6C0 7 04030100000000
60878.4 3F1 8 0002000000000000
60879.7 663 8 7814E00E00AA0000
60880.9 31C 8 00000000800084F3
60882.2 31D 8 000000000000001F
60892.6 38C 8 000000000000007F
60894.1 38D 8 00000000000000E5
60896.7 39C 8 FF6F000000000000
60908.0 3C3 8 FF00000000000000
60909.5 6AB 8 0000000000003FA1
60910.8 444 8 0000000000000005
60912.5 537 8 8080808080800000
60913.7 538 8 8080008080000080
60923.4 31C 8 00000000800084F3
60924.9 31D 8 000000000000001F
60955.1 444 8 0000000000000005
60970.3 3F1 8 0002000000000000
60971.6 663 8 7814E00E00AA0000
60973.5 31C 8 00000000800084F3
60985.9 31D 8 000000000000001F
60987.2 38C 8 000000000000007F
60988.5 38D 8 00000000000000E5
61001.6 39C 8 FF6F000000000000
61002.8 3C3 8 FF00000000000000
61004.2 444 8 0000000000000005
61033.2 31C 8 00000000800084F3
61034.5 31D 8 000000000000001F
61048.4 444 8 0000000000000005
61064.3 6C0 7 04030100000000
61066.0 3F1 8 0002000000000000
61079.7 484 8 0000000000000000
61081.2 523 8 CD1F7770450E0B02
61082.6 52E 5 603F000000
61083.9 585 8 902C00000000003F
61085.2 64C 2 0011
61086.7 663 8 7814E00E00AA0000
61088.0 6B2 8 FFFEFF0F880080D7
61089.3 31C 8 00000000800084F3
61090.7 31D 8 000000000000001F
61091.8 38C 8 000000000000007F
61095.3 38D 8 00000000000000E5
61097.4 39C 8 FF6F000000000000
61098.7 3C3 8 FF00000000000000
61099.9 5FB 8 000000000000007E
61101.2 539 8 3302800008030000
61102.3 541 8 0000000000000000
61103.4 5FA 8 5B9DC7CC9C46F1FF
61104.6 6AB 8 0000000000003FA1
61111.1 444 8 0000000000000005
61112.6 537 8 8080808080800000
61113.8 538 8 8080008080000080
61126.6 31C 8 00000000800084F3
61127.9 5EA 8 0000000000000016
61129.5 31D 8 000000000000001F
61130.8 5EB 8 0000000000000007
61142.5 5EC 8 000000000000000F
61143.8 66B 8 7700000000000000
61145.1 66C 8 DF09000000000000
61158.0 444 8 0000000000000005
61173.6 3F1 8 0002000000000000
61174.9 663 8 7814E00E00AA0000
61176.4 31C 8 00000000800084F3
61177.7 31D 8 000000000000001F
61189.3 38C 8 000000000000007F
61190.7 38D 8 00000000000000E5
61192.2 39C 8 FF6F000000000000
61204.9 3C3 8 FF00000000000000
61206.2 444 8 0000000000000005
61220.5 31C 8 00000000800084F3
61236.3 31D 8 000000000000001F
61251.7 444 8 0000000000000005
61267.4 6C0 7 04030100000000
61269.3 3F1 8 0002000000000000
61271.3 663 8 7814E00E00AA0000
61282.8 31C 8 00000000800084F3
61285.0 31D 8 000000000000001F
61286.4 38C 8 000000000000007F
61287.6 38D 8 00000000000000E5
61298.4 39C 8 FF6F000000000000
61300.0 3C3 8 FF00000000000000
61301.5 6AB 8 0000000000003FA1
61303.1 444 8 0000000000000005
61314.2 537 8 8080808080800000
61315.6 538 8 8080008080000080
61317.1 523 8 CD1F7770450E0B02
61318.5 52E 5 603F000000
61329.8 31C 8 00000000800084F3
61331.2 31D 8 000000000000001F
61345.5 539 8 3302800008030000
61346.9 541 8 0000000000000000
61361.3 444 8 0000000000000005
61376.5 3F1 8 0002000000000000
61378.1 663 8 7814E00E00AA0000
61379.6 31C 8 00000000800084F3
61381.0 31D 8 000000000000001F
61392.3 38C 8 000000000000007F
61393.9 38D 8 00000000000000E5
61395.6 39C 8 FF6F000000000000
61407.9 3C3 8 FF00000000000000
61409.7 444 8 0000000000000005
61423.4 31C 8 00000000800084F3
61425.0 31D 8 000000000000001F
61454.8 444 8 0000000000000005
61470.6 6C0 7 04030100000000
61472.8 3F1 8 0002000000000000
61474.7 663 8 7814E00E00AA0000
61476.1 31C 8 00000000800084F3
61486.0 31D 8 000000000000001F
61488.4 38C 8 000000000000007F
61489.8 38D 8 00000000000000E5
61501.6 39C 8 FF6F000000000000
61503.1 3C3 8 FF00000000000000
61504.6 6AB 8 0000000000003FA1
61506.0 444 8 0000000000000005
61517.6 537 8 8080808080800000
61519.1 538 8 8080008080000080
61533.2 31C 8 00000000800084F3
61534.8 31D 8 000000000000001F
61548.4 444 8 0000000000000005
61564.2 3F1 8 0002000000000000
61565.7 484 8 0000000000000000
61579.9 523 8 CD1F7770450E0B02
61581.3 52E 5 603F000000
61582.5 663 8 7814E00E00AA0000
61584.1 31C 8 00000000800084F3
61585.4 31D 8 000000000000001F
61587.0 38C 8 000000000000007F
61595.3 38D 8 00000000000000E5
61597.0 39C 8 FF6F000000000000
61598.5 3C3 8 FF00000000000000
61599.9 539 8 3302800008030000
61601.7 541 8 0000000000000000
61611.4 444 8 0000000000000005
61626.6 31C 8 00000000800084F3
61628.4 5EA 8 0000000000000016
61629.9 31D 8 000000000000001F
61631.3 5EB 8 0000000000000007
61642.6 5EC 8 000000000000000F
61644.1 66B 8 7700000000000000
61645.2 66C 8 DF09000000000000
61657.9 444 8 0000000000000005
61673.4 6C0 7 04030100000000
61675.9 3F1 8 0002000000000000
61677.4 663 8 7814E00E00AA0000
61679.1 31C 8 00000000800084F3
61680.5 31D 8 000000000000001F
61689.2 38C 8 000000000000007F
61690.7 38D 8 00000000000000E5
61693.1 39C 8 FF6F000000000000
61705.3 3C3 8 FF00000000000000
61706.9 6AB 8 0000000000003FA1
61708.3 444 8 0000000000000005
61709.9 537 8 8080808080800000
61720.5 538 8 8080008080000080
61721.9 31C 8 00000000800084F3
61736.3 31D 8 000000000000001F
61751.5 444 8 0000000000000005
61767.2 3F1 8 0002000000000000
61768.9 663 8 7814E00E00AA0000
61783.0 31C 8 00000000800084F3
61784.6 31D 8 000000000000001F
61786.2 38C 8 000000000000007F
61787.7 38D 8 00000000000000E5
61798.3 39C 8 FF6F000000000000
61799.9 3C3 8 FF00000000000000
61801.3 444 8 0000000000000005
61814.3 523 8 CD1F7770450E0B02
61815.7 52E 5 603F000000
61830.0 31C 8 00000000800084F3
61831.6 31D 8 000000000000001F
61845.3 539 8 3302800008030000
61846.6 541 8 0000000000000000
61861.2 444 8 0000000000000005
61876.8 6C0 7 04030100000000
61878.5 3F1 8 0002000000000000
61880.7 663 8 7814E00E00AA0000
61882.3 31C 8 00000000800084F3
61883.8 31D 8 000000000000001F
61892.6 38C 8 000000000000007F
61894.4 38D 8 00000000000000E5
61895.9 39C 8 FF6F000000000000
61908.1 3C3 8 FF00000000000000
61909.7 6AB 8 0000000000003FA1
61911.1 444 8 0000000000000005
61912.9 537 8 8080808080800000
61914.2 538 8 8080008080000080
61923.4 31C 8 00000000800084F3
61924.9 31D 8 000000000000001F
61955.0 444 8 0000000000000005
61970.3 3F1 8 0002000000000000
61971.8 663 8 7814E00E00AA0000
61973.2 31C 8 00000000800084F3
61986.0 31D 8 000000000000001F
61987.5 38C 8 000000000000007F
61988.8 38D 8 00000000000000E5
62001.6 39C 8 FF6F000000000000
62003.0 3C3 8 FF00000000000000
62004.3 444 8 0000000000000005
62033.3 31C 8 00000000800084F3
62035.2 31D 8 000000000000001F
62048.5 444 8 0000000000000005
62064.2 6C0 7 04030100000000
62065.9 3F1 8 0002000000000000
62080.0 484 8 0000000000000000
62081.4 523 8 CD1F7770450E0B02
62082.7 52E 5 603F000000
62084.3 585 8 902C00000000003F
62085.5 64C 2 0011
62087.6 663 8 7814E00E00AA0000
62089.0 6B2 8 FFFEFF0F880000D8
62090.2 31C 8 00000000800084F3
62091.4 31D 8 000000000000001F
62092.6 38C 8 000000000000007F
62095.3 38D 8 00000000000000E5
62096.8 39C 8 FF6F000000000000
62098.3 3C3 8 FF00000000000000
62100.0 5FB 8 000000000000007E
62101.3 539 8 3302800008030000
62102.8 541 8 0000000000000000
62104.1 5FA 8 5B9DC7CC9C46F1FF
62111.1 6AB 8 0000000000003FA1
62112.5 444 8 0000000000000005
62114.0 537 8 8080808080800000
62115.2 538 8 8080008080000080
62126.6 31C 8 00000000800084F3
62128.5 5EA 8 0000000000000016
62129.9 31D 8 000000000000001F
62131.3 5EB 8 0000000000000007
62142.6 5EC 8 000000000000000F
62143.9 66B 8 7700000000000000
62145.2 66C 8 DF09000000000000
62158.0 444 8 0000000000000005
62173.9 3F1 8 0002000000000000
62175.2 663 8 7814E00E00AA0000
62176.5 31C 8 00000000800084F3
62177.7 31D 8 000000000000001F
62189.3 38C 8 000000000000007F
62190.6 38D 8 00000000000000E5
62192.1 39C 8 FF6F000000000000
62205.0 3C3 8 FF00000000000000
62206.2 444 8 0000000000000005
62220.5 31C 8 00000000800084F3
62236.3 31D 8 000000000000001F
62251.5 444 8 0000000000000005
62267.2 6C0 7 04030100000000
62269.1 3F1 8 0002000000000000
62270.6 663 8 7814E00E00AA0000
62283.0 31C 8 00000000800084F3
62284.6 31D 8 000000000000001F
62286.1 38C 8 000000000000007F
62287.7 38D 8 00000000000000E5
62298.4 39C 8 FF6F000000000000
62299.9 3C3 8 FF00000000000000
62301.3 6AB 8 0000000000003FA1
62302.8 444 8 0000000000000005
62314.1 537 8 8080808080800000
62315.5 538 8 8080008080000080
62317.0 523 8 CD1F7770450E0B02
62318.5 52E 5 603F000000
62330.0 31C 8 00000000800084F3
62331.7 31D 8 000000000000001F
62345.2 539 8 3302800008030000
62346.5 541 8 0000000000000000
62361.2 444 8 0000000000000005
62376.5 3F1 8 0002000000000000
62378.0 663 8 7814E00E00AA0000
62379.4 31C 8 00000000800084F3
62381.0 31D 8 000000000000001F
62392.4 38C 8 000000000000007F
62394.0 38D 8 00000000000000E5
62395.4 39C 8 FF6F000000000000
62408.0 3C3 8 FF00000000000000
62409.5 444 8 0000000000000005
62423.5 31C 8 00000000800084F3
62425.0 31D 8 000000000000001F
62455.1 444 8 0000000000000005
62470.2 6C0 7 04030100000000
62471.8 3F1 8 0002000000000000
62473.2 663 8 7814E00E00AA0000
62474.4 31C 8 00000000800084F3
62486.0 31D 8 000000000000001F
62487.4 38C 8 000000000000007F
62488.8 38D 8 00000000000000E5
62501.5 39C 8 FF6F000000000000
62503.1 3C3 8 FF00000000000000
62504.5 6AB 8 0000000000003FA1
62506.0 444 8 0000000000000005
62517.5 537 8 8080808080800000
62518.9 538 8 8080008080000080
62533.2 31C 8 00000000800084F3
62534.7 31D 8 000000000000001F
62548.4 444 8 0000000000000005
62564.3 3F1 8 0002000000000000
62565.8 484 8 0000000000000000
62567.3 523 8 CD1F7770450E0B02
62580.0 52E 5 603F000000
62581.5 663 8 7814E00E00AA0000
62583.1 31C 8 00000000800084F3
62584.6 31D 8 000000000000001F
62586.1 38C 8 000000000000007F
62595.4 38D 8 00000000000000E5
62597.0 39C 8 FF6F000000000000
62598.6 3C3 8 FF00000000000000
62599.9 539 8 3402800008030000
62601.2 541 8 0000000000000000
62611.1 444 8 0000000000000005
62626.6 31C 8 00000000800084F3
62628.4 5EA 8 0000000000000016
62630.0 31D 8 000000000000001F
62632.0 5EB 8 0000000000000007
62642.5 5EC 8 000000000000000F
62643.8 66B 8 7700000000000000
62645.2 66C 8 DF09000000000000
62658.0 444 8 0000000000000005
62673.6 6C0 7 04030100000000
62675.0 3F1 8 0002000000000000
62676.4 663 8 7814E00E00AA0000
62677.7 31C 8 00000000800084F3
62679.0 31D 8 000000000000001F
62689.3 38C 8 000000000000007F
62690.6 38D 8 00000000000000E5
62692.1 39C 8 FF6F000000000000
62705.0 3C3 8 FF00000000000000
62706.6 6AB 8 0000000000003FA1
62708.0 444 8 0000000000000005
62709.3 537 8 8080808080800000
62720.6 538 8 8080008080000080
62721.9 31C 8 00000000800084F3
62736.1 31D 8 000000000000001F
62751.6 444 8 0000000000000005
62767.3 3F1 8 0002000000000000
62769.3 663 8 7814E00E00AA0000
62783.0 31C 8 00000000800084F3
62784.5 31D 8 000000000000001F
62785.9 38C 8 000000000000007F
62787.6 38D 8 00000000000000E5
62798.5 39C 8 FF6F000000000000
62803.0 3C3 8 FF00000000000000
62804.3 444 8 0000000000000005
62814.3 523 8 CD1F7770450E0B02
62815.7 52E 5 603F000000
62830.1 31C 8 00000000800084F3
62833.1 31D 8 000000000000001F
62845.3 539 8 3402800008030000
62846.5 541 8 0000000000000000
62861.1 444 8 0000000000000005
62876.8 6C0 7 04030100000000
62878.2 3F1 8 0002000000000000
62879.8 663 8 7814E00E00AA0000
62881.4 31C 8 00000000800084F3
62882.9 31D 8 000000000000001F
62892.6 38C 8 000000000000007F
62893.9 38D 8 00000000000000E5
62895.4 39C 8 FF6F000000000000
62908.1 3C3 8 FF00000000000000
62909.6 6AB 8 0000000000003FA1
62910.9 444 8 0000000000000005
62912.4 537 8 8080808080800000
62913.7 538 8 8080008080000080
62923.3 31C 8 00000000800084F3
62924.6 31D 8 000000000000001F
62955.1 444 8 0000000000000005
62970.2 3F1 8 0002000000000000
62971.7 663 8 7814E00E00AA0000
62973.7 31C 8 00000000800084F3
62986.0 31D 8 000000000000001F
62987.5 38C 8 000000000000007F
62988.9 38D 8 00000000000000E5
63001.5 39C 8 FF6F000000000000
63002.9 3C3 8 FF00000000000000
63004.2 444 8 0000000000000005
63033.2 31C 8 00000000800084F3
63034.6 31D 8 000000000000001F
63048.5 444 8 0000000000000005
63064.1 6C0 7 04030100000000
63066.4 3F1 8 0002000000000000
63080.2 484 8 0000000000000000
63081.9 523 8 CD1F7770450E0B02
63083.8 52E 5 603F000000
63084.9 585 8 902C00000000003F
63086.4 64C 2 0011
63087.7 663 8 7814E00E00AA0000
63089.2 6B2 8 FFFEFF0F880080D8
63090.4 31C 8 00000000800084F3
63091.5 31D 8 000000000000001F
63092.7 38C 8 000000000000007F
63095.3 38D 8 00000000000000E5
63097.0 39C 8 FF6F000000000000
63098.6 3C3 8 FF00000000000000
63100.0 5FB 8 000000000000007E
63101.4 539 8 3402800008030000
63102.9 541 8 0000000000000000
63111.2 5FA 8 5B9DC7CC9C46F1FF
63112.9 6AB 8 0000000000003FA1
63114.3 444 8 0000000000000005
63115.8 537 8 8080808080800000
63117.1 538 8 8080008080000080
63126.7 31C 8 00000000800084F3
63128.5 5EA 8 0000000000000016
63129.9 31D 8 000000000000001F
63131.2 5EB 8 0000000000000007
63142.5 5EC 8 000000000000000F
63143.9 66B 8 7700000000000000
63145.2 66C 8 DF09000000000000
63158.1 444 8 0000000000000005
63173.7 3F1 8 0002000000000000
63174.9 663 8 7814E00E00AA0000
63176.4 31C 8 00000000800084F3
63177.9 31D 8 000000000000001F
63189.3 38C 8 000000000000007F
63191.5 38D 8 00000000000000E5
63193.2 39C 8 FF6F000000000000
63205.0 3C3 8 FF00000000000000
63206.5 444 8 0000000000000005
63220.5 31C 8 00000000800084F3
63236.5 31D 8 000000000000001F
63251.5 444 8 0000000000000005
63267.3 6C0 7 04030100000000
63268.9 3F1 8 0002000000000000
63270.6 663 8 7814E00E00AA0000
63282.7 31C 8 00000000800084F3
63284.3 31D 8 000000000000001F
63285.8 38C 8 000000000000007F
63287.3 38D 8 00000000000000E5
63298.4 39C 8 FF6F000000000000
63301.3 3C3 8 FF00000000000000
63303.4 6AB 8 0000000000003FA1
63304.9 444 8 0000000000000005
63314.2 537 8 8080808080800000
63315.8 538 8 8080008080000080
63317.3 523 8 CD1F7770450E0B02
63318.8 52E 5 603F000000
63329.9 31C 8 00000000800084F3
63331.3 31D 8 000000000000001F
63345.2 539 8 3402800008030000
63346.5 541 8 0000000000000000
63361.2 444 8 0000000000000005
63376.5 3F1 8 0002000000000000
63378.0 663 8 7814E00E00AA0000
63379.5 31C 8 00000000800084F3
63381.1 31D 8 000000000000001F
63392.3 38C 8 000000000000007F
63394.6 38D 8 00000000000000E5
63396.0 39C 8 FF6F000000000000
63408.1 3C3 8 FF00000000000000
63409.6 444 8 0000000000000005
63423.5 31C 8 00000000800084F3
63425.3 31D 8 000000000000001F
63455.0 444 8 0000000000000005
63470.2 6C0 7 04030100000000
63471.7 3F1 8 0002000000000000
63473.2 663 8 7814E00E00AA0000
63474.6 31C 8 00000000800084F3
63485.9 31D 8 000000000000001F
63487.5 38C 8 000000000000007F
63488.9 38D 8 00000000000000E5
63501.5 39C 8 FF6F000000000000
63503.0 3C3 8 FF00000000000000
63504.5 6AB 8 0000000000003FA1
63505.9 444 8 0000000000000005
63517.7 537 8 8080808080800000
63519.1 538 8 8080008080000080
63533.0 31C 8 00000000800084F3
63534.5 31D 8 000000000000001F
63548.3 444 8 0000000000000005
63564.3 3F1 8 0002000000000000
63565.8 484 8 0000000000000000
63579.9 523 8 CD1F7770450E0B02
63581.2 52E 5 603F000000
63583.0 663 8 7814E00E00AA0000
63584.4 31C 8 00000000800084F3
63586.0 31D 8 000000000000001F
63588.4 38C 8 000000000000007F
63595.3 38D 8 00000000000000E5
63596.8 39C 8 FF6F000000000000
63598.2 3C3 8 FF00000000000000
63599.6 539 8 3402800008030000
63600.9 541 8 0000000000000000
63611.2 444 8 0000000000000005
63626.7 31C 8 00000000800084F3
63628.5 5EA 8 0000000000000016
63630.2 31D 8 000000000000001F
63631.7 5EB 8 0000000000000007
63642.4 5EC 8 000000000000000F
63644.0 66B 8 7700000000000000
63645.5 66C 8 DF09000000000000
63658.1 444 8 0000000000000005
63673.7 6C0 7 04030100000000
63675.3 3F1 8 0002000000000000
63676.7 663 8 7814E00E00AA0000
63678.1 31C 8 00000000800084F3
63679.8 31D 8 000000000000001F
63689.3 38C 8 000000000000007F
63690.4 38D 8 00000000000000E5
63691.9 39C 8 FF6F000000000000
63704.9 3C3 8 FF00000000000000
63706.4 6AB 8 0000000000003FA1
63707.8 444 8 0000000000000005
63709.3 537 8 8080808080800000
63720.4 538 8 8080008080000080
63721.8 31C 8 00000000800084F3
63736.7 31D 8 000000000000001F
63751.5 444 8 0000000000000005
63767.5 3F1 8 0002000000000000
63769.7 663 8 7814E00E00AA0000
63783.1 31C 8 00000000800084F3
63784.7 31D 8 000000000000001F
63786.1 38C 8 000000000000007F
63787.4 38D 8 00000000000000E5
63798.4 39C 8 FF6F000000000000
63799.8 3C3 8 FF00000000000000
63801.2 444 8 0000000000000005
63814.3 523 8 CD1F7770450E0B02
63816.1 52E 5 603F000000
63830.2 31C 8 00000000800084F3
63832.3 31D 8 000000000000001F
63845.3 539 8 3402800008030000
63846.7 541 8 0000000000000000
63861.2 444 8 0000000000000005
63876.8 6C0 7 04030100000000
63878.4 3F1 8 0002000000000000
63879.7 663 8 7814E00E00AA0000
63881.0 31C 8 00000000800084F3
63882.6 31D 8 000000000000001F
63892.4 38C 8 000000000000007F
63893.7 38D 8 00000000000000E5
63895.0 39C 8 FF6F000000000000
63908.2 3C3 8 FF00000000000000
63909.6 6AB 8 0000000000003FA1
63910.9 444 8 0000000000000005
63912.4 537 8 8080808080800000
63913.7 538 8 8080008080000080
63923.4 31C 8 00000000800084F3
63924.7 31D 8 000000000000001F
63955.0 444 8 0000000000000005
63970.3 3F1 8 0002000000000000
63971.7 663 8 7814E00E00AA0000
63973.8 31C 8 00000000800084F3
63986.0 31D 8 000000000000001F
63987.7 38C 8 000000000000007F
63989.2 38D 8 00000000000000E5
64001.5 39C 8 FF6F000000000000
64002.9 3C3 8 FF00000000000000
64004.2 444 8 0000000000000005
64033.1 31C 8 00000000800084F3
64034.7 31D 8 000000000000001F
64048.3 444 8 0000000000000005
64065.2 6C0 7 04030100000000
64067.2 3F1 8 0002000000000000
64068.8 484 8 0000000000000000
64070.3 523 8 CD1F7770450E0B02
64071.8 52E 5 603F000000
64080.0 585 8 902C00000000003F
64081.5 64C 2 0011
64083.2 663 8 7814E00E00AA0000
64084.9 6B2 8 FFFEFF0F880000D9
64086.5 31C 8 00000000800084F3
64088.3 31D 8 000000000000001F
64089.8 38C 8 000000000000007F
64095.7 38D 8 00000000000000E5
64097.3 39C 8 FF6F000000000000
64099.2 3C3 8 FF00000000000000
64100.9 5FB 8 000000000000007E
64102.4 539 8 3402800008030000
64110.9 541 8 0000000000000000
64112.4 5FA 8 5B9DC7CC9C46F1FF
64115.0 6AB 8 0000000000003FA1
64116.6 444 8 0000000000000005
64118.4 537 8 8080808080800000
64119.9 538 8 8080008080000080
64126.7 31C 8 00000000800084F3
64128.3 5EA 8 0000000000000016
64129.9 31D 8 000000000000001F
64131.2 5EB 8 0000000000000007
64142.2 5EC 8 000000000000000F
64143.6 66B 8 7700000000000000
64144.8 66C 8 DF09000000000000
64157.8 444 8 0000000000000005
64173.4 3F1 8 0002000000000000
64178.2 663 8 7814E00E00AA0000
64179.7 31C 8 00000000800084F3
64181.2 31D 8 000000000000001F
64189.2 38C 8 000000000000007F
64190.5 38D 8 00000000000000E5
64191.9 39C 8 FF6F000000000000
64204.7 3C3 8 FF00000000000000
64206.0 444 8 0000000000000005
64220.5 31C 8 00000000800084F3
64236.7 31D 8 000000000000001F
64251.6 444 8 0000000000000005
64267.2 6C0 7 04030100000000
64269.0 3F1 8 0002000000000000
64270.9 663 8 7814E00E00AA0000
64282.9 31C 8 00000000800084F3
64286.3 31D 8 000000000000001F
64288.0 38C 8 000000000000007F
64289.5 38D 8 00000000000000E5
64298.4 39C 8 FF6F000000000000
64300.2 3C3 8 FF00000000000000
64301.7 6AB 8 0000000000003FA1
64303.2 444 8 0000000000000005
64314.6 537 8 8080808080800000
64316.0 538 8 8080008080000080
64317.4 523 8 CD1F7770450E0B02
64318.9 52E 5 603F000000
64330.5 31C 8 00000000800084F3
64332.1 31D 8 000000000000001F
64345.8 539 8 3402800008030000
64347.1 541 8 0000000000000000
64361.7 444 8 0000000000000005
64377.4 3F1 8 0002000000000000
64379.0 663 8 7814E00E00AA0000
64380.5 31C 8 00000000800084F3
64382.0 31D 8 000000000000001F
64393.2 38C 8 000000000000007F
64394.6 38D 8 00000000000000E5
64396.1 39C 8 FF6F000000000000
64397.7 3C3 8 FF00000000000000
64408.7 444 8 0000000000000005
64424.1 31C 8 00000000800084F3
64425.8 31D 8 000000000000001F
64455.6 444 8 0000000000000005
64471.1 6C0 7 04030100000000
64472.6 3F1 8 0002000000000000
64474.2 663 8 7814E00E00AA0000
64475.5 31C 8 00000000800084F3
64486.5 31D 8 000000000000001F
64488.1 38C 8 000000000000007F
64490.4 38D 8 00000000000000E5
64502.5 39C 8 FF6F000000000000
64504.0 3C3 8 FF00000000000000
64505.4 6AB 8 0000000000003FA1
64506.8 444 8 0000000000000005
64518.2 537 8 8080808080800000
64519.9 538 8 8080008080000080
64521.4 31C 8 00000000800084F3
64533.7 31D 8 000000000000001F
64549.3 444 8 0000000000000005
64564.7 3F1 8 0002000000000000
64566.3 484 8 0000000000000000
64567.7 523 8 CD1F7770450E0B02
64568.9 52E 5 603F000000
64580.6 663 8 7814E00E00AA0000
64582.1 31C 8 00000000800084F3
64584.0 31D 8 000000000000001F
64585.2 38C 8 000000000000007F
64595.9 38D 8 00000000000000E5
64597.3 39C 8 FF6F000000000000
64598.7 3C3 8 FF00000000000000
64600.2 539 8 3402800008030000
64601.6 541 8 0000000000000000
64611.8 444 8 0000000000000005
64627.8 31C 8 00000000800084F3
64629.9 5EA 8 0000000000000016
64631.7 31D 8 000000000000001F
64633.7 5EB 8 0000000000000007
64643.0 5EC 8 000000000000000F
64644.2 66B 8 7700000000000000
64645.5 66C 8 DF09000000000000
64658.6 444 8 0000000000000005
64674.2 6C0 7 04030100000000
64675.7 3F1 8 0002000000000000
64677.0 663 8 7814E00E00AA0000
64678.4 31C 8 00000000800084F3
64679.7 31D 8 000000000000001F
64690.0 38C 8 000000000000007F
64691.5 38D 8 00000000000000E5
64692.9 39C 8 FF6F000000000000
64705.4 3C3 8 FF00000000000000
64707.2 6AB 8 0000000000003FA1
64708.7 444 8 0000000000000005
64710.0 537 8 8080808080800000
64721.2 538 8 8080008080000080
64722.7 31C 8 00000000800084F3
64736.8 31D 8 000000000000001F
64752.3 444 8 0000000000000005
64767.9 3F1 8 0002000000000000
64769.6 663 8 7814E00E00AA0000
64783.4 31C 8 00000000800084F3
64784.8 31D 8 000000000000001F
64786.5 38C 8 000000000000007F
64787.9 38D 8 00000000000000E5
64799.3 39C 8 FF6F000000000000
64800.7 3C3 8 FF00000000000000
64802.2 444 8 0000000000000005
64814.7 523 8 CD1F7770450E0B02
64816.2 52E 5 603F000000
64830.4 31C 8 00000000800084F3
64832.2 31D 8 000000000000001F
64846.0 539 8 3402800008030000
64848.7 541 8 0000000000000000
64861.7 444 8 0000000000000005
64877.5 6C0 7 04030100000000
64878.9 3F1 8 0002000000000000
64880.2 663 8 7814E00E00AA0000
64881.6 31C 8 00000000800084F3
64883.3 31D 8 000000000000001F
64893.0 38C 8 000000000000007F
64894.3 38D 8 00000000000000E5
64895.8 39C 8 FF6F000000000000
64897.4 3C3 8 FF00000000000000
64908.3 6AB 8 0000000000003FA1
64909.6 444 8 0000000000000005
64911.0 537 8 8080808080800000
64912.4 538 8 8080008080000080
64924.4 31C 8 00000000800084F3
64925.9 31D 8 000000000000001F
64955.7 444 8 0000000000000005
64971.4 3F1 8 0002000000000000
64973.3 663 8 7814E00E00AA0000
64974.8 31C 8 00000000800084F3
64986.5 31D 8 000000000000001F
64987.8 38C 8 000000000000007F
64989.2 38D 8 00000000000000E5
65002.4 39C 8 FF6F000000000000
65003.8 3C3 8 FF00000000000000
65005.1 444 8 0000000000000005
65018.2 31C 8 00000000800084F3
65033.6 31D 8 000000000000001F
65049.2 444 8 0000000000000005
65064.8 6C0 7 04030100000000
65066.5 3F1 8 0002000000000000
65068.0 484 8 0000000000000000
65069.1 523 8 CD1F7770450E0B02
65070.4 52E 5 603F000000
65080.9 585 8 902C00000000003F
65082.5 64C 2 0011
65084.4 663 8 7814E00E00AA0000
65085.6 6B2 8 FFFEFF0F880080D9
65087.0 31C 8 00000000800084F3
65088.3 31D 8 000000000000001F
65089.5 38C 8 000000000000007F
65095.9 38D 8 00000000000000E5
65097.6 39C 8 FF6F000000000000
65099.3 3C3 8 FF00000000000000
65100.7 5FB 8 000000000000007E
65102.3 539 8 3402800008030000
65103.6 541 8 0000000000000000
65111.7 5FA 8 5B9DC7CC9C46F1FF
65113.3 6AB 8 0000000000003FA1
65114.7 444 8 0000000000000005
65116.5 537 8 8080808080800000
65118.0 538 8 8080008080000080
65127.4 31C 8 00000000800084F3
65129.1 5EA 8 0000000000000016
65130.5 31D 8 000000000000001F
65132.1 5EB 8 0000000000000007
65143.2 5EC 8 000000000000000F
65144.7 66B 8 7700000000000000
65146.2 66C 8 DF09000000000000
65158.6 444 8 0000000000000005
65174.3 3F1 8 0002000000000000
65175.7 663 8 7814E00E00AA0000
65177.0 31C 8 00000000800084F3
65179.3 31D 8 000000000000001F
65190.0 38C 8 000000000000007F
65191.5 38D 8 00000000000000E5
65193.1 39C 8 FF6F000000000000
65205.8 3C3 8 FF00000000000000
65207.4 444 8 0000000000000005
65221.1 31C 8 00000000800084F3
65236.9 31D 8 000000000000001F
65252.5 444 8 0000000000000005
65267.8 6C0 7 04030100000000
65269.6 3F1 8 0002000000000000
65271.0 663 8 7814E00E00AA0000
65283.4 31C 8 00000000800084F3
65284.9 31D 8 000000000000001F
65286.5 38C 8 000000000000007F
65288.0 38D 8 00000000000000E5
65299.2 39C 8 FF6F000000000000
65300.9 3C3 8 FF00000000000000
65302.4 6AB 8 0000000000003FA1
65303.8 444 8 0000000000000005
65314.6 537 8 8080808080800000
65316.1 538 8 8080008080000080
65317.7 523 8 CD1F7770450E0B02
65319.4 52E 5 603F000000
65330.5 31C 8 00000000800084F3
65331.9 31D 8 000000000000001F
65345.8 539 8 3402800008030000
65347.1 541 8 0000000000000000
65361.8 444 8 0000000000000005
65377.5 3F1 8 0002000000000000
65380.0 663 8 7814E00E00AA0000
65381.3 31C 8 00000000800084F3
65382.8 31D 8 000000000000001F
65393.1 38C 8 000000000000007F
65394.4 38D 8 00000000000000E5
65395.8 39C 8 FF6F000000000000
65397.2 3C3 8 FF00000000000000
65408.4 444 8 0000000000000005
65424.1 31C 8 00000000800084F3
65425.9 31D 8 000000000000001F
65455.7 444 8 0000000000000005
65471.2 6C0 7 04030100000000
65472.8 3F1 8 0002000000000000
65474.2 663 8 7814E00E00AA0000
65475.4 31C 8 00000000800084F3
65486.5 31D 8 000000000000001F
65488.1 38C 8 000000000000007F
65489.5 38D 8 00000000000000E5
65502.4 39C 8 FF6F000000000000
65503.9 3C3 8 FF00000000000000
65505.4 6AB 8 0000000000003FA1
65506.8 444 8 0000000000000005
65518.1 537 8 8080808080800000
65519.6 538 8 8080008080000080
65521.3 31C 8 00000000800084F3
65533.7 31D 8 000000000000001F
65549.3 444 8 0000000000000005
65564.7 3F1 8 0002000000000000
65566.3 484 8 0000000000000000
65567.8 523 8 CD1F7770450E0B02
65569.0 52E 5 603F000000
65580.5 663 8 7814E00E00AA0000
65582.2 31C 8 00000000800084F3
65583.8 31D 8 000000000000001F
65585.3 38C 8 000000000000007F
65595.9 38D 8 00000000000000E5
65597.4 39C 8 FF6F000000000000
65598.8 3C3 8 FF00000000000000
65600.2 539 8 3402800008030000
65601.6 541 8 0000000000000000
65611.8 444 8 0000000000000005
65627.1 31C 8 00000000800084F3
65628.6 5EA 8 0000000000000016
65630.1 31D 8 000000000000001F
65631.7 5EB 8 0000000000000007
65643.2 5EC 8 000000000000000F
65644.9 66B 8 7700000000000000
65646.3 66C 8 DF09000000000000
65658.7 444 8 0000000000000005
65674.4 6C0 7 04030100000000
65675.8 3F1 8 0002000000000000
65677.3 663 8 7814E00E00AA0000
65678.9 31C 8 00000000800084F3
65680.3 31D 8 000000000000001F
65689.9 38C 8 000000000000007F
65691.5 38D 8 00000000000000E5
65693.0 39C 8 FF6F000000000000
65705.7 3C3 8 FF00000000000000
65707.3 6AB 8 0000000000003FA1
65708.8 444 8 0000000000000005
65710.3 537 8 8080808080800000
65721.2 538 8 8080008080000080
65722.6 31C 8 00000000800084F3
65736.8 31D 8 000000000000001F
65752.5 444 8 0000000000000005
65767.9 3F1 8 0002000000000000
65770.2 663 8 7814E00E00AA0000
65783.4 31C 8 00000000800084F3
65785.0 31D 8 000000000000001F
65786.7 38C 8 000000000000007F
65788.0 38D 8 00000000000000E5
65799.4 39C 8 FF6F000000000000
65801.1 3C3 8 FF00000000000000
65802.7 444 8 0000000000000005
65814.8 523 8 CD1F7770450E0B02
65816.2 52E 5 603F000000
65830.6 31C 8 00000000800084F3
65832.6 31D 8 000000000000001F
65846.0 539 8 3402800008030000
65847.3 541 8 0000000000000000
65861.8 444 8 0000000000000005
65877.5 6C0 7 04030100000000
65879.1 3F1 8 0002000000000000
65880.4 663 8 7814E00E00AA0000
65881.7 31C 8 00000000800084F3
65883.2 31D 8 000000000000001F
65893.2 38C 8 000000000000007F
65894.9 38D 8 00000000000000E5
65896.3 39C 8 FF6F000000000000
65897.6 3C3 8 FF00000000000000
65908.4 6AB 8 0000000000003FA1
65909.9 444 8 0000000000000005
65911.2 537 8 8080808080800000
65913.3 538 8 8080008080000080
65924.2 31C 8 00000000800084F3
65925.8 31D 8 000000000000001F
65955.6 444 8 0000000000000005
65971.1 3F1 8 0002000000000000
65972.8 663 8 7814E00E00AA0000
65974.7 31C 8 00000000800084F3
65986.5 31D 8 000000000000001F
65988.1 38C 8 000000000000007F
65989.4 38D 8 00000000000000E5
66002.5 39C 8 FF6F000000000000
66003.8 3C3 8 FF00000000000000
66005.0 444 8 0000000000000005
66033.6 31C 8 00000000800084F3
66035.0 31D 8 000000000000001F
66049.3 444 8 0000000000000005
66065.1 6C0 7 04030100000000
66066.7 3F1 8 0002000000000000
66068.2 484 8 0000000000000000
66069.9 523 8 CD1F7770450E0B02
66071.4 52E 5 603F000000
66081.0 585 8 902C00000000003F
66082.8 64C 2 0011
66084.6 663 8 7814E00E00AA0000
66086.2 6B2 8 FFFEFF0F880000DA
66087.7 31C 8 00000000800084F3
66089.5 31D 8 000000000000001F
66091.0 38C 8 000000000000007F
66096.1 38D 8 00000000000000E5
66097.9 39C 8 FF6F000000000000
66099.5 3C3 8 FF00000000000000
66102.4 5FB 8 000000000000007E
66104.1 539 8 3402800008030000
66111.7 541 8 0000000000000000
66113.3 5FA 8 5B9DC7CC9C46F1FF
66115.3 6AB 8 0000000000003FA1
66117.0 444 8 0000000000000005
66119.1 537 8 8080808080800000
66120.6 538 8 8080008080000080
66127.1 31C 8 00000000800084F3
66128.7 5EA 8 0000000000000016
66130.3 31D 8 000000000000001F
66131.9 5EB 8 0000000000000007
66142.8 5EC 8 000000000000000F
66144.1 66B 8 7700000000000000
66145.3 66C 8 DF09000000000000
66158.3 444 8 0000000000000005
66174.3 3F1 8 0002000000000000
66176.4 663 8 7814E00E00AA0000
66178.3 31C 8 00000000800084F3
66180.0 31D 8 000000000000001F
66190.0 38C 8 000000000000007F
66191.5 38D 8 00000000000000E5
66192.9 39C 8 FF6F000000000000
66205.4 3C3 8 FF00000000000000
66207.1 444 8 0000000000000005
66221.4 31C 8 00000000800084F3
66236.8 31D 8 000000000000001F
66252.1 444 8 0000000000000005
66267.8 6C0 7 04030100000000
66270.0 3F1 8 0002000000000000
66271.6 663 8 7814E00E00AA0000
66284.6 31C 8 00000000800084F3
66286.0 31D 8 000000000000001F
66287.4 38C 8 000000000000007F
66288.7 38D 8 00000000000000E5
66299.0 39C 8 FF6F000000000000
66300.6 3C3 8 FF00000000000000
66302.1 6AB 8 0000000000003FA1
66303.5 444 8 0000000000000005
66314.6 537 8 8080808080800000
66316.1 538 8 8080008080000080
66317.6 523 8 CD1F7770450E0B02
66319.2 52E 5 603F000000
66330.5 31C 8 00000000800084F3
66332.0 31D 8 000000000000001F
66346.2 539 8 3402800008030000
66361.8 541 8 0000000000000000
66363.5 444 8 0000000000000005
66377.4 3F1 8 0002000000000000
66379.1 663 8 7814E00E00AA0000
66380.7 31C 8 00000000800084F3
66382.2 31D 8 000000000000001F
66393.1 38C 8 000000000000007F
66394.7 38D 8 00000000000000E5
66396.2 39C 8 FF6F000000000000
66397.7 3C3 8 FF00000000000000
66408.8 444 8 0000000000000005
66424.4 31C 8 00000000800084F3
66425.9 31D 8 000000000000001F
66455.5 444 8 0000000000000005
66471.2 6C0 7 04030100000000
66472.7 3F1 8 0002000000000000
66475.1 663 8 7814E00E00AA0000
66476.4 31C 8 00000000800084F3
66486.5 31D 8 000000000000001F
66488.2 38C 8 000000000000007F
66489.7 38D 8 00000000000000E5
66502.1 39C 8 FF6F000000000000
66503.7 3C3 8 FF00000000000000
66505.1 6AB 8 0000000000003FA1
66506.4 444 8 0000000000000005
66518.0 537 8 8080808080800000
66520.1 538 8 8080008080000080
66521.5 31C 8 00000000800084F3
66533.8 31D 8 000000000000001F
66549.1 444 8 0000000000000005
66564.7 3F1 8 0002000000000000
66566.3 484 8 0000000000000000
66567.7 523 8 CD1F7770450E0B02
66569.0 52E 5 603F000000
66580.6 663 8 7814E00E00AA0000
66582.1 31C 8 00000000800084F3
66583.6 31D 8 000000000000001F
66585.0 38C 8 000000000000007F
66596.2 38D 8 00000000000000E5
66597.9 39C 8 FF6F000000000000
66599.3 3C3 8 FF00000000000000
66600.9 539 8 3402800008030000
66611.7 541 8 0000000000000000
66613.4 444 8 0000000000000005
66627.2 31C 8 00000000800084F3
66628.7 5EA 8 0000000000000016
66630.1 31D 8 000000000000001F
66632.6 5EB 8 0000000000000007
66643.2 5EC 8 000000000000000F
66644.7 66B 8 7700000000000000
66646.1 66C 8 DF09000000000000
66658.8 444 8 0000000000000005
66674.1 6C0 7 04030100000000
66675.6 3F1 8 0002000000000000
66676.9 663 8 7814E00E00AA0000
66678.3 31C 8 00000000800084F3
66680.0 31D 8 000000000000001F
66690.0 38C 8 000000000000007F
66691.5 38D 8 00000000000000E5
66693.1 39C 8 FF6F000000000000
66705.4 3C3 8 FF00000000000000
66707.1 6AB 8 0000000000003FA1
66708.5 444 8 0000000000000005
66710.1 537 8 8080808080800000
66721.1 538 8 8080008080000080
66723.2 31C 8 00000000800084F3
66736.7 31D 8 000000000000001F
66752.1 444 8 0000000000000005
66768.1 3F1 8 0002000000000000
66769.7 663 8 7814E00E00AA0000
66783.3 31C 8 00000000800084F3
66784.9 31D 8 000000000000001F
66786.6 38C 8 000000000000007F
66788.1 38D 8 00000000000000E5
66799.1 39C 8 FF6F000000000000
66800.7 3C3 8 FF00000000000000
66802.1 444 8 0000000000000005
66814.6 523 8 CD1F7770450E0B02
66816.9 52E 5 603F000000
66830.6 31C 8 00000000800084F3
66832.2 31D 8 000000000000001F
66846.4 539 8 3402800008030000
66848.3 541 8 0000000000000000
66862.0 444 8 0000000000000005
66877.7 6C0 7 04030100000000
66879.3 3F1 8 0002000000000000
66880.8 663 8 7814E00E00AA0000
66882.4 31C 8 00000000800084F3
66884.1 31D 8 000000000000001F
66893.0 38C 8 000000000000007F
66897.7 38D 8 00000000000000E5
66899.3 39C 8 FF6F000000000000
66900.6 3C3 8 FF00000000000000
66908.5 6AB 8 0000000000003FA1
66910.1 444 8 0000000000000005
66911.5 537 8 8080808080800000
66912.9 538 8 8080008080000080
66924.2 31C 8 00000000800084F3
66925.8 31D 8 000000000000001F
66955.7 444 8 0000000000000005
66971.1 3F1 8 0002000000000000
66972.7 663 8 7814E00E00AA0000
66974.3 31C 8 00000000800084F3
66986.5 31D 8 000000000000001F
66988.3 38C 8 000000000000007F
66989.7 38D 8 00000000000000E5
67002.5 39C 8 FF6F000000000000
67004.2 3C3 8 FF00000000000000
67005.7 444 8 0000000000000005
67033.8 31C 8 00000000800084F3
67035.7 31D 8 000000000000001F
67049.2 444 8 0000000000000005
67064.7 6C0 7 04030100000000
67066.3 3F1 8 0002000000000000
67067.8 484 8 0000000000000000
67069.0 523 8 CD1F7770450E0B02
67080.4 52E 5 603F000000
67082.3 585 8 902C00000000003F
67083.8 64C 2 0011
67085.1 663 8 7814E00E00AA0000
67086.7 6B2 8 FFFEFF0F880080DA
67088.2 31C 8 00000000800084F3
67089.8 31D 8 000000000000001F
67091.3 38C 8 000000000000007F
67096.4 38D 8 00000000000000E5
67098.1 39C 8 FF6F000000000000
67099.6 3C3 8 FF00000000000000
67101.0 5FB 8 1FFFFFFFFF1FF87E
67102.6 539 8 3402800008030000
67111.7 541 8 0000000000000000
67113.5 5FA 8 5B9DC7CC9C46F1FF
67114.9 6AB 8 0000000000003FA1
67116.4 444 8 0000000000000005
67117.8 537 8 8080808080800000
67119.2 538 8 8080008080000080
67127.2 31C 8 00000000800084F3
67128.8 5EA 8 0000000000000016
67130.2 31D 8 000000000000001F
67131.7 5EB 8 0000000000000007
67143.0 5EC 8 000000000000000F
67144.5 66B 8 7700000000000000
67146.8 66C 8 DF09000000000000
67158.7 444 8 0000000000000005
67174.2 3F1 8 0002000000000000
67176.0 663 8 7814E00E00AA0000
67177.4 31C 8 00000000800084F3
67179.0 31D 8 000000000000001F
67190.0 38C 8 000000000000007F
67191.5 38D 8 00000000000000E5
67192.8 39C 8 FF6F000000000000
67205.5 3C3 8 FF00000000000000
67207.6 444 8 0000000000000005
67221.2 31C 8 00000000800084F3
67236.9 31D 8 000000000000001F
67252.4 444 8 0000000000000005
67268.1 6C0 7 04030100000000
67270.1 3F1 8 0002000000000000
67271.9 663 8 7814E00E00AA0000
67283.4 31C 8 00000000800084F3
67284.9 31D 8 000000000000001F
67286.6 38C 8 000000000000007F
67288.1 38D 8 00000000000000E5
67299.0 39C 8 FF6F000000000000
67300.8 3C3 8 FF00000000000000
67302.2 6AB 8 0000000000003FA1
67303.7 444 8 0000000000000005
67314.6 537 8 8080808080800000
67315.9 538 8 8080008080000080
67317.3 523 8 CD1F7770450E0B02
67318.7 52E 5 603F000000
67330.4 31C 8 00000000800084F3
67331.9 31D 8 000000000000001F
67362.0 539 8 3402800008030000
67363.3 541 8 0000000000000000
67364.8 444 8 0000000000000005
67377.5 3F1 8 0002000000000000
67378.8 663 8 7814E00E00AA0000
67380.1 31C 8 00000000800084F3
67381.6 31D 8 000000000000001F
67392.9 38C 8 000000000000007F
67394.6 38D 8 00000000000000E5
67396.1 39C 8 FF6F000000000000
67397.5 3C3 8 FF00000000000000
67408.7 444 8 0000000000000005
67424.3 31C 8 00000000800084F3
67425.9 31D 8 000000000000001F
67455.4 444 8 0000000000000005
67471.2 6C0 7 04030100000000
67473.0 3F1 8 0002000000000000
67474.3 663 8 7814E00E00AA0000
67475.6 31C 8 00000000800084F3
67486.6 31D 8 000000000000001F
67488.4 38C 8 000000000000007F
67489.7 38D 8 00000000000000E5
67502.2 39C 8 FF6F000000000000
67503.9 3C3 8 FF00000000000000
67505.2 6AB 8 0000000000003FA1
67506.7 444 8 0000000000000005
67517.8 537 8 8080808080800000
67519.4 538 8 8080008080000080
67533.7 31C 8 00000000800084F3
67535.3 31D 8 000000000000001F
67549.3 444 8 0000000000000005
67564.7 3F1 8 0002000000000000
67566.2 484 8 0000000000000000
67567.6 523 8 CD1F7770450E0B02
67568.9 52E 5 603F000000
67580.6 663 8 7814E00E00AA0000
67582.4 31C 8 00000000800084F3
67584.0 31D 8 000000000000001F
67585.4 38C 8 000000000000007F
67596.1 38D 8 00000000000000E5
67597.6 39C 8 FF6F000000000000
67599.1 3C3 8 FF00000000000000
67611.8 539 8 3402800008030000
67613.6 541 8 0000000000000000
67614.9 444 8 0000000000000005
67627.1 31C 8 00000000800084F3
67628.7 5EA 8 0000000000000016
67630.2 31D 8 000000000000001F
67631.8 5EB 8 0000000000000007
67643.2 5EC 8 000000000000000F
67644.7 66B 8 7700000000000000
67646.2 66C 8 DF09000000000000
67658.7 444 8 0000000000000005
67674.3 6C0 7 04030100000000
67675.9 3F1 8 0002000000000000
67677.5 663 8 7814E00E00AA0000
67679.0 31C 8 00000000800084F3
67680.3 31D 8 000000000000001F
67690.0 38C 8 000000000000007F
67691.5 38D 8 00000000000000E5
67693.1 39C 8 FF6F000000000000
67705.5 3C3 8 FF00000000000000
67708.0 6AB 8 0000000000003FA1
67709.2 444 8 0000000000000005
67710.5 537 8 8080808080800000
67721.2 538 8 8080008080000080
67722.9 31C 8 00000000800084F3
67736.7 31D 8 000000000000001F
67752.4 444 8 0000000000000005
67767.8 3F1 8 0002000000000000
67769.5 663 8 7814E00E00AA0000
67783.3 31C 8 00000000800084F3
67784.9 31D 8 000000000000001F
67786.4 38C 8 000000000000007F
67787.8 38D 8 00000000000000E5
67799.1 39C 8 FF6F000000000000
67800.6 3C3 8 FF00000000000000
67802.2 444 8 0000000000000005
67814.7 523 8 CD1F7770450E0B02
67816.3 52E 5 603F000000
67830.5 31C 8 00000000800084F3
67832.0 31D 8 000000000000001F
67846.5 539 8 3402800008030000
67861.9 541 8 0000000000000000
67863.4 444 8 0000000000000005
67877.5 6C0 7 04030100000000
67879.3 3F1 8 0002000000000000
67880.6 663 8 7814E00E00AA0000
67881.9 31C 8 00000000800084F3
67883.4 31D 8 000000000000001F
67893.3 38C 8 000000000000007F
67895.2 38D 8 00000000000000E5
67897.7 39C 8 FF6F000000000000
67899.2 3C3 8 FF00000000000000
67908.4 6AB 8 0000000000003FA1
67909.9 444 8 0000000000000005
67911.5 537 8 8080808080800000
67912.9 538 8 8080008080000080
67924.1 31C 8 00000000800084F3
67925.7 31D 8 000000000000001F
67955.4 444 8 0000000000000005
67971.4 3F1 8 0002000000000000
67973.1 663 8 7814E00E00AA0000
67974.8 31C 8 00000000800084F3
67986.5 31D 8 000000000000001F
67988.4 38C 8 000000000000007F
67989.7 38D 8 00000000000000E5
68002.8 39C 8 FF6F000000000000
68004.3 3C3 8 FF00000000000000
68005.8 444 8 0000000000000005
68018.1 31C 8 00000000800084F3
68033.7 31D 8 000000000000001F
68049.2 444 8 0000000000000005
68064.7 6C0 7 04030100000000
68066.4 3F1 8 0002000000000000
68068.1 484 8 0000000000000000
68069.4 523 8 CD1F7770450E0B02
68070.7 52E 5 603F000000
68080.4 585 8 902C00000000003F
68082.3 64C 2 0011
68083.8 663 8 7814E00E00AA0000
68085.1 6B2 8 FFFEFF0F880000DB
68086.6 31C 8 00000000800084F3
68088.9 31D 8 000000000000001F
68090.3 38C 8 000000000000007F
68096.5 38D 8 00000000000000E5
68098.7 39C 8 FF6F000000000000
68100.2 3C3 8 FF00000000000000
68101.6 5FB 8 1FFFFFFFFF1FF87E
68111.6 539 8 3402800008030000
68113.2 541 8 0000000000000000
68114.6 5FA 8 5B9DC7CC9C46F1FF
68115.8 6AB 8 0000000000003FA1
68117.1 444 8 0000000000000005
68118.6 537 8 8080808080800000
68119.8 538 8 8080008080000080
68127.2 31C 8 00000000800084F3
68128.7 5EA 8 0000000000000016
68130.5 31D 8 000000000000001F
68131.9 5EB 8 0000000000000007
68143.2 5EC 8 000000000000000F
68144.6 66B 8 7700000000000000
68145.8 66C 8 DF09000000000000
68158.7 444 8 0000000000000005
68174.1 3F1 8 0002000000000000
68175.8 663 8 7814E00E00AA0000
68177.0 31C 8 00000000800084F3
68178.4 31D 8 000000000000001F
68189.9 38C 8 000000000000007F
68191.4 38D 8 00000000000000E5
68192.9 39C 8 FF6F000000000000
68205.4 3C3 8 FF00000000000000
68206.9 444 8 0000000000000005
68221.2 31C 8 00000000800084F3
68236.7 31D 8 000000000000001F
68252.7 444 8 0000000000000005
68268.2 6C0 7 04030100000000
68270.2 3F1 8 0002000000000000
68271.8 663 8 7814E00E00AA0000
68273.1 31C 8 00000000800084F3
68283.5 31D 8 000000000000001F
68285.0 38C 8 000000000000007F
68286.5 38D 8 00000000000000E5
68299.0 39C 8 FF6F000000000000
68300.5 3C3 8 FF00000000000000
68301.8 6AB 8 0000000000003FA1
68303.7 444 8 0000000000000005
68314.7 537 8 8080808080800000
68316.1 538 8 8080008080000080
68317.6 523 8 CD1F7770450E0B02
68319.1 52E 5 603F000000
68330.3 31C 8 00000000800084F3
68331.8 31D 8 000000000000001F
68361.9 539 8 3402800008030000
68363.4 541 8 0000000000000000
68365.0 444 8 0000000000000005
68377.9 3F1 8 0002000000000000
68379.5 663 8 7814E00E00AA0000
68381.2 31C 8 00000000800084F3
68382.5 31D 8 000000000000001F
68393.1 38C 8 000000000000007F
68394.6 38D 8 00000000000000E5
68396.0 39C 8 FF6F000000000000
68397.3 3C3 8 FF00000000000000
68408.7 444 8 0000000000000005
68424.1 31C 8 00000000800084F3
68425.8 31D 8 000000000000001F
68455.5 444 8 0000000000000005
68471.1 6C0 7 04030100000000
68472.5 3F1 8 0002000000000000
68473.9 663 8 7814E00E00AA0000
68475.1 31C 8 00000000800084F3
68486.7 31D 8 000000000000001F
68488.4 38C 8 000000000000007F
68489.8 38D 8 00000000000000E5
68502.6 39C 8 FF6F000000000000
68504.6 3C3 8 FF00000000000000
68506.0 6AB 8 0000000000003FA1
68507.3 444 8 0000000000000005
68518.0 537 8 8080808080800000
68519.5 538 8 8080008080000080
68533.8 31C 8 00000000800084F3
68535.3 31D 8 000000000000001F
68549.1 444 8 0000000000000005
68564.7 3F1 8 0002000000000000
68566.1 484 8 0000000000000000
68567.3 523 8 CD1F7770450E0B02
68568.4 52E 5 603F000000
68580.3 663 8 7814E00E00AA0000
68582.2 31C 8 00000000800084F3
68583.6 31D 8 000000000000001F
68584.9 38C 8 000000000000007F
68596.0 38D 8 00000000000000E5
68598.1 39C 8 FF6F000000000000
68599.5 3C3 8 FF00000000000000
68611.7 539 8 3402800008030000
68613.3 541 8 0000000000000000
68614.6 444 8 0000000000000005
68627.2 31C 8 00000000800084F3
68628.8 5EA 8 0000000000000016
68630.3 31D 8 000000000000001F
68631.6 5EB 8 0000000000000007
68642.8 5EC 8 000000000000000F
68644.5 66B 8 7700000000000000
68645.9 66C 8 DF09000000000000
68658.6 444 8 0000000000000005
68674.2 6C0 7 04030100000000
68675.7 3F1 8 0002000000000000
68677.0 663 8 7814E00E00AA0000
68678.5 31C 8 00000000800084F3
68679.8 31D 8 000000000000001F
68689.8 38C 8 000000000000007F
68691.1 38D 8 00000000000000E5
68692.4 39C 8 FF6F000000000000
68705.4 3C3 8 FF00000000000000
68707.0 6AB 8 0000000000003FA1
68708.2 444 8 0000000000000005
68709.5 537 8 8080808080800000
68721.4 538 8 8080008080000080
68723.0 31C 8 00000000800084F3
68736.8 31D 8 000000000000001F
68752.9 444 8 0000000000000005
68767.9 3F1 8 0002000000000000
68769.2 663 8 7814E00E00AA0000
68783.4 31C 8 00000000800084F3
68785.0 31D 8 000000000000001F
68786.5 38C 8 000000000000007F
68788.0 38D 8 00000000000000E5
68799.2 39C 8 FF6F000000000000
68800.6 3C3 8 FF00000000000000
68802.0 444 8 0000000000000005
68814.6 523 8 CD1F7770450E0B02
68816.2 52E 5 603F000000
68830.5 31C 8 00000000800084F3
68832.3 31D 8 000000000000001F
68861.5 539 8 3402800008030000
68863.3 541 8 0000000000000000
68865.0 444 8 0000000000000005
68877.4 6C0 7 04030100000000
68879.2 3F1 8 0002000000000000
68880.5 663 8 7814E00E00AA0000
68881.8 31C 8 00000000800084F3
68883.3 31D 8 000000000000001F
68893.1 38C 8 000000000000007F
68895.5 38D 8 00000000000000E5
68897.0 39C 8 FF6F000000000000
68898.4 3C3 8 FF00000000000000
68908.4 6AB 8 0000000000003FA1
68909.7 444 8 0000000000000005
68911.1 537 8 8080808080800000
68912.3 538 8 8080008080000080
68924.2 31C 8 00000000800084F3
68926.0 31D 8 000000000000001F
68955.4 444 8 0000000000000005
68971.1 3F1 8 0002000000000000
68972.8 663 8 7814E00E00AA0000
68974.1 31C 8 00000000800084F3
68986.7 31D 8 000000000000001F
68988.3 38C 8 000000000000007F
68989.9 38D 8 00000000000000E5
69002.5 39C 8 FF6F000000000000
69004.1 3C3 8 FF00000000000000
69005.5 444 8 0000000000000005
69033.7 31C 8 00000000800084F3
69035.2 31D 8 000000000000001F
69049.1 444 8 0000000000000005
69064.8 6C0 7 04030100000000
69066.6 3F1 8 0002000000000000
69068.0 484 8 0000000000000000
69069.4 523 8 CD1F7770450E0B02
69080.5 52E 5 603F000000
69082.4 585 8 902C00000000003F
69084.0 64C 2 0011
69085.1 663 8 7814E00E00AA0000
69086.7 6B2 8 FFFEFF0F880080DB
69088.1 31C 8 00000000800084F3
69089.4 31D 8 000000000000001F
69090.9 38C 8 000000000000007F
69096.4 38D 8 00000000000000E5
69098.5 39C 8 FF6F000000000000
69100.1 3C3 8 FF00000000000000
69111.8 5FB 8 1FFFFFFFFF1FF87E
69113.9 539 8 3402800008030000
69115.5 541 8 0000000000000000
69116.9 5FA 8 5B9DC7CC9C46F1FF
69118.4 6AB 8 0000000000003FA1
69119.9 444 8 0000000000000005
69121.4 537 8 8080808080800000
69122.7 538 8 8080008080000080
69127.3 31C 8 00000000800084F3
69129.1 5EA 8 0000000000000016
69130.9 31D 8 000000000000001F
69132.9 5EB 8 0000000000000007
69143.0 5EC 8 000000000000000F
69144.8 66B 8 7700000000000000
69146.2 66C 8 DF09000000000000
69158.9 444 8 0000000000000005
69174.3 3F1 8 0002000000000000
69176.0 663 8 7814E00E00AA0000
69178.0 31C 8 00000000800084F3
69179.8 31D 8 000000000000001F
69190.1 38C 8 000000000000007F
69191.6 38D 8 00000000000000E5
69193.2 39C 8 FF6F000000000000
69205.3 3C3 8 FF00000000000000
69207.6 444 8 0000000000000005
69221.1 31C 8 00000000800084F3
69236.9 31D 8 000000000000001F
69252.4 444 8 0000000000000005
69268.2 6C0 7 04030100000000
69269.9 3F1 8 0002000000000000
69271.6 663 8 7814E00E00AA0000
69283.4 31C 8 00000000800084F3
69284.9 31D 8 000000000000001F
69286.2 38C 8 000000000000007F
69287.4 38D 8 00000000000000E5
69299.3 39C 8 FF6F000000000000
69300.9 3C3 8 FF00000000000000
69302.5 6AB 8 0000000000003FA1
69303.8 444 8 0000000000000005
69314.6 537 8 8080808080800000
69316.2 538 8 8080008080000080
69317.6 523 8 CD1F7770450E0B02
69319.0 52E 5 603F000000
69330.6 31C 8 00000000800084F3
69332.3 31D 8 000000000000001F
69361.8 539 8 3402800008030000
69363.4 541 8 0000000000000000
69364.7 444 8 0000000000000005
69377.4 3F1 8 0002000000000000
69378.9 663 8 7814E00E00AA0000
69380.4 31C 8 00000000800084F3
69381.9 31D 8 000000000000001F
69393.3 38C 8 000000000000007F
69394.8 38D 8 00000000000000E5
69396.3 39C 8 FF6F000000000000
69397.7 3C3 8 FF00000000000000
69408.6 444 8 0000000000000005
69424.3 31C 8 00000000800084F3
69425.7 31D 8 000000000000001F
69455.4 444 8 0000000000000005
69471.1 6C0 7 04030100000000
69472.8 3F1 8 0002000000000000
69474.3 663 8 7814E00E00AA0000
69475.6 31C 8 00000000800084F3
69486.5 31D 8 000000000000001F
69488.1 38C 8 000000000000007F
69489.6 38D 8 00000000000000E5
69502.5 39C 8 FF6F000000000000
69504.0 3C3 8 FF00000000000000
69505.4 6AB 8 0000000000003FA1
69506.7 444 8 0000000000000005
69518.1 537 8 8080808080800000
69519.6 538 8 8080008080000080
69521.1 31C 8 00000000800084F3
69533.7 31D 8 000000000000001F
69549.2 444 8 0000000000000005
69564.6 3F1 8 0002000000000000
69566.2 484 8 0000000000000000
69567.4 523 8 CD1F7770450E0B02
69568.6 52E 5 603F000000
69580.7 663 8 7814E00E00AA0000
69582.2 31C 8 00000000800084F3
69583.7 31D 8 000000000000001F
69585.1 38C 8 000000000000007F
69596.1 38D 8 00000000000000E5
69597.8 39C 8 FF6F000000000000
69599.4 3C3 8 FF00000000000000
69611.8 539 8 3402800008030000
69623.0 541 8 0000000000000000
69624.4 444 8 0000000000000005
69627.4 31C 8 00000000800084F3
69629.0 5EA 8 0000000000000016
69630.4 31D 8 000000000000001F
69631.9 5EB 8 0000000000000007
69643.1 5EC 8 000000000000000F
69644.9 66B 8 7700000000000000
69646.3 66C 8 DF09000000000000
69658.7 444 8 0000000000000005
69674.3 6C0 7 04030100000000
69675.7 3F1 8 0002000000000000
69677.1 663 8 7814E00E00AA0000
69678.6 31C 8 00000000800084F3
69680.0 31D 8 000000000000001F
69689.9 38C 8 000000000000007F
69691.4 38D 8 00000000000000E5
69692.7 39C 8 FF6F000000000000
69705.6 3C3 8 FF00000000000000
69707.7 6AB 8 0000000000003FA1
69709.0 444 8 0000000000000005
69710.4 537 8 8080808080800000
69721.3 538 8 8080008080000080
69723.0 31C 8 00000000800084F3
69736.7 31D 8 000000000000001F
69752.4 444 8 0000000000000005
69767.9 3F1 8 0002000000000000
69769.8 663 8 7814E00E00AA0000
69783.4 31C 8 00000000800084F3
69784.8 31D 8 000000000000001F
69786.5 38C 8 000000000000007F
69788.2 38D 8 00000000000000E5
69799.4 39C 8 FF6F000000000000
69800.8 3C3 8 FF00000000000000
69802.4 444 8 0000000000000005
69814.6 523 8 CD1F7770450E0B02
69816.2 52E 5 603F000000
69830.6 31C 8 00000000800084F3
69832.1 31D 8 000000000000001F
69862.2 539 8 3402800008030000
69863.7 541 8 0000000000000000
69865.3 444 8 0000000000000005
69877.4 6C0 7 04030100000000
69879.0 3F1 8 0002000000000000
69880.7 663 8 7814E00E00AA0000
69882.2 31C 8 00000000800084F3
69883.9 31D 8 000000000000001F
69893.2 38C 8 000000000000007F
69894.9 38D 8 00000000000000E5
69896.3 39C 8 FF6F000000000000
69898.3 3C3 8 FF00000000000000
69908.4 6AB 8 0000000000003FA1
69909.9 444 8 0000000000000005
69911.4 537 8 8080808080800000
69912.6 538 8 8080008080000080
69924.2 31C 8 00000000800084F3
69925.8 31D 8 000000000000001F
69955.5 444 8 0000000000000005
69971.1 3F1 8 0002000000000000
69972.3 663 8 7814E00E00AA0000
69973.9 31C 8 00000000800084F3
69986.6 31D 8 000000000000001F
69988.3 38C 8 000000000000007F
69989.9 38D 8 00000000000000E5
70002.5 39C 8 FF6F000000000000
70004.0 3C3 8 FF00000000000000
70005.5 444 8 0000000000000005
70018.3 31C 8 00000000800084F3
70033.6 31D 8 000000000000001F
70049.4 444 8 0000000000000005
70064.7 6C0 7 04030100000000
70066.3 3F1 8 0002000000000000
70067.5 484 8 0000000000000000
70068.5 523 8 CD1F7770450E0B02
70080.7 52E 5 603F000000
70082.2 585 8 902C00000000003F
70083.6 64C 2 0011
70085.0 663 8 7814E00E00AA0000
70086.5 6B2 8 FFFEFF0F880000DC
70087.8 31C 8 00000000800084F3
70089.4 31D 8 000000000000001F
70091.5 38C 8 000000000000007F
70096.0 38D 8 00000000000000E5
70097.8 39C 8 FF6F000000000000
70099.2 3C3 8 FF00000000000000
70111.9 5FB 8 1FFFFFFFFF1FF87E
70113.6 539 8 3402800008030000
70115.0 541 8 0000000000000000
70116.2 5FA 8 5B9DC7CC9C46F1FF
70117.5 6AB 8 0000000000003FA1
70119.0 444 8 0000000000000005
70120.3 537 8 8080808080800000
70121.6 538 8 8080008080000080
70127.1 31C 8 00000000800084F3
70128.9 5EA 8 0000000000000016
70130.3 31D 8 000000000000001F
70131.6 5EB 8 0000000000000007
70143.1 5EC 8 000000000000000F
70144.6 66B 8 7700000000000000
70145.8 66C 8 DF09000000000000
70158.6 444 8 0000000000000005
70174.3 3F1 8 0002000000000000
70175.5 663 8 7814E00E00AA0000
70177.0 31C 8 00000000800084F3
70178.4 31D 8 000000000000001F
70190.1 38C 8 000000000000007F
70191.8 38D 8 00000000000000E5
70193.4 39C 8 FF6F000000000000
70205.4 3C3 8 FF00000000000000
70206.8 444 8 0000000000000005
70221.3 31C 8 00000000800084F3
70237.0 31D 8 000000000000001F
70252.7 444 8 0000000000000005
70268.2 6C0 7 04030100000000
70270.2 3F1 8 0002000000000000
70271.6 663 8 7814E00E00AA0000
70273.0 31C 8 00000000800084F3
70283.4 31D 8 000000000000001F
70285.7 38C 8 000000000000007F
70287.5 38D 8 00000000000000E5
70299.0 39C 8 FF6F000000000000
70300.6 3C3 8 FF00000000000000
70301.9 6AB 8 0000000000003FA1
70303.5 444 8 0000000000000005
70314.7 537 8 8080808080800000
70316.2 538 8 8080008080000080
70317.6 523 8 CD1F7770450E0B02
70319.0 52E 5 603F000000
70330.5 31C 8 00000000800084F3
70332.2 31D 8 000000000000001F
70361.7 539 8 3402800008030000
70363.2 541 8 0000000000000000
70364.6 444 8 0000000000000005
70377.4 3F1 8 0002000000000000
70378.9 663 8 7814E00E00AA0000
70380.3 31C 8 00000000800084F3
70381.7 31D 8 000000000000001F
70393.3 38C 8 000000000000007F
70394.9 38D 8 00000000000000E5
70396.4 39C 8 FF6F000000000000
70397.7 3C3 8 FF00000000000000
70409.9 444 8 0000000000000005
70424.3 31C 8 00000000800084F3
70426.6 31D 8 000000000000001F
70455.6 444 8 0000000000000005
70471.1 6C0 7 04030100000000
70472.6 3F1 8 0002000000000000
70474.1 663 8 7814E00E00AA0000
70475.5 31C 8 00000000800084F3
70486.5 31D 8 000000000000001F
70488.0 38C 8 000000000000007F
70489.3 38D 8 00000000000000E5
70502.4 39C 8 FF6F000000000000
70504.0 3C3 8 FF00000000000000
70505.4 6AB 8 0000000000003FA1
70506.8 444 8 0000000000000005
70518.1 537 8 8080808080800000
70519.4 538 8 8080008080000080
70521.0 31C 8 00000000800084F3
70533.6 31D 8 000000000000001F
70549.0 444 8 0000000000000005
70564.7 3F1 8 0002000000000000
70566.3 484 8 0000000000000000
70567.5 523 8 CD1F7770450E0B02
70568.7 52E 5 603F000000
70580.7 663 8 7814E00E00AA0000
70582.1 31C 8 00000000800084F3
70583.7 31D 8 000000000000001F
70585.1 38C 8 000000000000007F
70596.1 38D 8 00000000000000E5
70597.7 39C 8 FF6F000000000000
70599.2 3C3 8 FF00000000000000
70612.0 539 8 3402800008030000
70613.3 541 8 0000000000000000
70615.2 444 8 0000000000000005
70627.2 31C 8 00000000800084F3
70628.8 5EA 8 0000000000000016
70630.3 31D 8 000000000000001F
70631.5 5EB 8 0000000000000007
70643.0 5EC 8 000000000000000F
70644.2 66B 8 7700000000000000
70645.3 66C 8 DF09000000000000
70658.6 444 8 0000000000000005
70674.3 6C0 7 04030100000000
70675.6 3F1 8 0002000000000000
70676.8 663 8 7814E00E00AA0000
70678.2 31C 8 00000000800084F3
70679.6 31D 8 000000000000001F
70689.9 38C 8 000000000000007F
70691.1 38D 8 00000000000000E5
70692.4 39C 8 FF6F000000000000
70705.7 3C3 8 FF00000000000000
70707.3 6AB 8 0000000000003FA1
70708.7 444 8 0000000000000005
70710.0 537 8 8080808080800000
70721.2 538 8 8080008080000080
70722.9 31C 8 00000000800084F3
70736.8 31D 8 000000000000001F
70752.4 444 8 0000000000000005
70767.9 3F1 8 0002000000000000
70769.3 663 8 7814E00E00AA0000
70783.6 31C 8 00000000800084F3
70785.8 31D 8 000000000000001F
70787.5 38C 8 000000000000007F
70789.5 38D 8 00000000000000E5
70799.3 39C 8 FF6F000000000000
70800.7 3C3 8 FF00000000000000
70802.3 444 8 0000000000000005
70814.7 523 8 CD1F7770450E0B02
70816.1 52E 5 603F000000
70830.5 31C 8 00000000800084F3
70832.0 31D 8 000000000000001F
70862.0 539 8 3402800008030000
70863.5 541 8 0000000000000000
70865.0 444 8 0000000000000005
70877.5 6C0 7 04030100000000
70878.9 3F1 8 0002000000000000
70880.3 663 8 7814E00E00AA0000
70881.8 31C 8 00000000800084F3
70883.2 31D 8 000000000000001F
70893.3 38C 8 000000000000007F
70895.0 38D 8 00000000000000E5
70896.5 39C 8 FF6F000000000000
70898.2 3C3 8 FF00000000000000
70908.5 6AB 8 0000000000003FA1
70910.1 444 8 0000000000000005
70911.6 537 8 8080808080800000
70913.1 538 8 8080008080000080
70924.3 31C 8 00000000800084F3
70925.9 31D 8 000000000000001F
70955.6 444 8 0000000000000005
70971.1 3F1 8 0002000000000000
70972.6 663 8 7814E00E00AA0000
70974.1 31C 8 00000000800084F3
70986.6 31D 8 000000000000001F
70991.6 38C 8 000000000000007F
70993.2 38D 8 00000000000000E5
71002.4 39C 8 FF6F000000000000
71003.8 3C3 8 FF00000000000000
71005.4 444 8 0000000000000005
71033.6 31C 8 00000000800084F3
71035.3 31D 8 000000000000001F
71049.3 444 8 0000000000000005
71064.7 6C0 7 04030100000000
71066.3 3F1 8 0002000000000000
71067.6 484 8 0000000000000000
71069.1 523 8 CD1F7770450E0B02
71080.7 52E 5 603F000000
71082.3 585 8 902C00000000003F
71083.8 64C 2 0011
71085.1 663 8 7814E00E00AA0000
71086.4 6B2 8 FFFEFF0F880080DC
71087.7 31C 8 00000000800084F3
71089.5 31D 8 000000000000001F
71091.2 38C 8 000000000000007F
71096.1 38D 8 00000000000000E5
71097.6 39C 8 FF6F000000000000
71099.2 3C3 8 FF00000000000000
71111.5 5FB 8 1FFFFFFFFF1FF87E
71113.0 539 8 3402800008030000
71114.5 541 8 0000000000000000
71116.0 5FA 8 5B9DC7CC9C46F1FF
71117.3 444 8 0000000000000005
71118.6 6AB 8 0000000000003FA1
71120.2 537 8 8080808080800000
71121.3 538 8 8080008080000080
71127.1 31C 8 00000000800084F3
71129.4 5EA 8 0000000000000016
71130.6 31D 8 000000000000001F
71132.0 5EB 8 0000000000000007
71143.1 5EC 8 000000000000000F
71144.6 66B 8 7700000000000000
71146.0 66C 8 DF09000000000000
71158.6 444 8 0000000000000005
71174.4 3F1 8 0002000000000000
71176.0 663 8 7814E00E00AA0000
71177.5 31C 8 00000000800084F3
71179.1 31D 8 000000000000001F
71189.8 38C 8 000000000000007F
71191.5 38D 8 00000000000000E5
71192.9 39C 8 FF6F000000000000
71205.6 3C3 8 FF00000000000000
71207.1 444 8 0000000000000005
71221.2 31C 8 00000000800084F3
71236.8 31D 8 000000000000001F
71252.4 444 8 0000000000000005
71267.8 6C0 7 04030100000000
71269.6 3F1 8 0002000000000000
71271.1 663 8 7814E00E00AA0000
71283.3 31C 8 00000000800084F3
71284.9 31D 8 000000000000001F
71286.4 38C 8 000000000000007F
71287.8 38D 8 00000000000000E5
71299.4 39C 8 FF6F000000000000
71301.2 3C3 8 FF00000000000000
71303.1 6AB 8 0000000000003FA1
71304.6 444 8 0000000000000005
71314.6 537 8 8080808080800000
71316.8 538 8 8080008080000080
71318.1 523 8 CD1F7770450E0B02
71319.3 52E 5 603F000000
71330.6 31C 8 00000000800084F3
71332.2 31D 8 000000000000001F
71362.0 539 8 3402800008030000
71363.6 541 8 0000000000000000
71365.2 444 8 0000000000000005
71377.3 3F1 8 0002000000000000
71378.8 663 8 7814E00E00AA0000
71380.4 31C 8 00000000800084F3
71381.8 31D 8 000000000000001F
71393.2 38C 8 000000000000007F
71394.8 38D 8 00000000000000E5
71396.3 39C 8 FF6F000000000000
71397.9 3C3 8 FF00000000000000
71408.5 444 8 0000000000000005
71425.5 31C 8 00000000800084F3
71427.1 31D 8 000000000000001F
71455.3 444 8 0000000000000005
71471.1 6C0 7 04030100000000
71473.0 3F1 8 0002000000000000
71474.7 663 8 7814E00E00AA0000
71476.2 31C 8 00000000800084F3
71486.5 31D 8 000000000000001F
71487.8 38C 8 000000000000007F
71489.2 38D 8 00000000000000E5
71502.3 39C 8 FF6F000000000000
71504.1 3C3 8 FF00000000000000
71505.5 6AB 8 0000000000003FA1
71507.3 444 8 0000000000000005
71518.2 537 8 8080808080800000
71519.7 538 8 8080008080000080
71521.0 31C 8 00000000800084F3
71533.6 31D 8 000000000000001F
71549.2 444 8 0000000000000005
71564.7 3F1 8 0002000000000000
71566.3 484 8 0000000000000000
71567.6 523 8 CD1F7770450E0B02
71568.8 52E 5 603F000000
71580.6 663 8 7814E00E00AA0000
71582.2 31C 8 00000000800084F3
71583.8 31D 8 000000000000001F
71585.1 38C 8 000000000000007F
71596.0 38D 8 00000000000000E5
71597.5 39C 8 FF6F000000000000
71599.0 3C3 8 FF00000000000000
71611.7 539 8 3402800008030000
71613.0 541 8 0000000000000000
71614.2 444 8 0000000000000005
71627.1 31C 8 00000000800084F3
71628.8 5EA 8 0000000000000016
71630.2 31D 8 000000000000001F
71631.4 5EB 8 0000000000000007
71643.1 5EC 8 000000000000000F
71644.5 66B 8 7700000000000000
71645.8 66C 8 DF09000000000000
71658.4 444 8 0000000000000005
71674.3 6C0 7 04030100000000
71676.0 3F1 8 0002000000000000
71677.3 663 8 7814E00E00AA0000
71678.9 31C 8 00000000800084F3
71680.8 31D 8 000000000000001F
71690.0 38C 8 000000000000007F
71691.6 38D 8 00000000000000E5
71693.2 39C 8 FF6F000000000000
71705.6 3C3 8 FF00000000000000
71707.4 6AB 8 0000000000003FA1
71708.9 444 8 0000000000000005
71710.5 537 8 8080808080800000
71721.1 538 8 8080008080000080
71722.6 31C 8 00000000800084F3
71736.7 31D 8 000000000000001F
71752.5 444 8 0000000000000005
71767.9 3F1 8 0002000000000000
71769.4 663 8 7814E00E00AA0000
71783.4 31C 8 00000000800084F3
71784.9 31D 8 000000000000001F
71786.5 38C 8 000000000000007F
71787.8 38D 8 00000000000000E5
71799.0 39C 8 FF6F000000000000
71800.6 3C3 8 FF00000000000000
71802.1 444 8 0000000000000005
71815.2 523 8 CD1F7770450E0B02
71817.1 52E 5 603F000000
71830.7 31C 8 00000000800084F3
71832.0 31D 8 000000000000001F
71861.8 539 8 3402800008030000
71863.0 541 8 0000000000000000
71864.5 444 8 0000000000000005
71877.5 6C0 7 04030100000000
71879.5 3F1 8 0002000000000000
71881.0 663 8 7814E00E00AA0000
71883.2 31C 8 00000000800084F3
71884.5 31D 8 000000000000001F
71893.2 38C 8 000000000000007F
71895.0 38D 8 00000000000000E5
71896.5 39C 8 FF6F000000000000
71898.1 3C3 8 FF00000000000000
71908.5 6AB 8 0000000000003FA1
71910.0 444 8 0000000000000005
71911.5 537 8 8080808080800000
71912.8 538 8 8080008080000080
71924.3 31C 8 00000000800084F3
71925.9 31D 8 000000000000001F
71955.6 444 8 0000000000000005
71971.1 3F1 8 0002000000000000
71972.6 663 8 7814E00E00AA0000
71974.2 31C 8 00000000800084F3
71986.5 31D 8 000000000000001F
71988.0 38C 8 000000000000007F
71989.4 38D 8 00000000000000E5
72002.4 39C 8 FF6F000000000000
72003.9 3C3 8 FF00000000000000
72005.4 444 8 0000000000000005
72018.2 31C 8 00000000800084F3
72033.6 31D 8 000000000000001F
72049.3 444 8 0000000000000005
72064.7 6C0 7 04030100000000
72066.3 3F1 8 0002000000000000
72067.5 484 8 0000000000000000
72068.7 523 8 CD1F7770450E0B02
72080.7 52E 5 603F000000
72082.9 585 8 902C00000000003F
72084.2 64C 2 0011
72085.5 663 8 7814E00E00AA0000
72086.9 6B2 8 FFFEFF0F880000DD
72088.2 31C 8 00000000800084F3
72089.8 31D 8 000000000000001F
72091.1 38C 8 000000000000007F
72096.2 38D 8 00000000000000E5
72100.6 39C 8 FF6F000000000000
72102.4 3C3 8 FF00000000000000
72112.0 5FB 8 1FFFFFFFFF1FF87E
72113.5 539 8 3402800008030000
72114.9 541 8 0000000000000000
72116.4 444 8 0000000000000005
72117.8 5FA 8 5B9DC7CC9C46F1FF
72119.1 6AB 8 0000000000003FA1
72120.4 537 8 8080808080800000
72121.7 538 8 8080008080000080
72127.1 31C 8 00000000800084F3
72128.8 5EA 8 0000000000000016
72130.2 31D 8 000000000000001F
72131.8 5EB 8 0000000000000007
72143.4 5EC 8 000000000000000F
72145.0 66B 8 7700000000000000
72146.5 66C 8 DF09000000000000
72158.6 444 8 0000000000000005
72174.1 3F1 8 0002000000000000
72175.5 663 8 7814E00E00AA0000
72177.1 31C 8 00000000800084F3
72178.7 31D 8 000000000000001F
72189.9 38C 8 000000000000007F
72191.5 38D 8 00000000000000E5
72193.0 39C 8 FF6F000000000000
72205.7 3C3 8 FF00000000000000
72207.3 444 8 0000000000000005
72221.2 31C 8 00000000800084F3
72236.8 31D 8 000000000000001F
72252.4 444 8 0000000000000005
72268.2 6C0 7 04030100000000
72270.0 3F1 8 0002000000000000
72271.4 663 8 7814E00E00AA0000
72272.6 31C 8 00000000800084F3
72283.3 31D 8 000000000000001F
72284.9 38C 8 000000000000007F
72286.4 38D 8 00000000000000E5
72299.4 39C 8 FF6F000000000000
72300.9 3C3 8 FF00000000000000
72302.4 6AB 8 0000000000003FA1
72303.9 444 8 0000000000000005
72314.7 537 8 8080808080800000
72316.2 538 8 8080008080000080
72317.7 523 8 CD1F7770450E0B02
72319.2 52E 5 603F000000
72330.6 31C 8 00000000800084F3
72332.2 31D 8 000000000000001F
72361.9 539 8 3402800008030000
72363.5 541 8 0000000000000000
72364.9 444 8 0000000000000005
72377.5 3F1 8 0002000000000000
72379.0 663 8 7814E00E00AA0000
72380.6 31C 8 00000000800084F3
72382.1 31D 8 000000000000001F
72393.1 38C 8 000000000000007F
72395.3 38D 8 00000000000000E5
72396.7 39C 8 FF6F000000000000
72398.0 3C3 8 FF00000000000000
72408.7 444 8 0000000000000005
72424.3 31C 8 00000000800084F3
72425.9 31D 8 000000000000001F
72455.6 444 8 0000000000000005
72471.2 6C0 7 04030100000000
72472.8 3F1 8 0002000000000000
72474.4 663 8 7814E00E00AA0000
72475.7 31C 8 00000000800084F3
72486.6 31D 8 000000000000001F
72488.2 38C 8 000000000000007F
72489.8 38D 8 00000000000000E5
72502.4 39C 8 FF6F000000000000
72504.1 3C3 8 FF00000000000000
72505.4 6AB 8 0000000000003FA1
72506.7 444 8 0000000000000005
72518.2 537 8 8080808080800000
72519.6 538 8 8080008080000080
72521.1 31C 8 00000000800084F3
72533.8 31D 8 000000000000001F
72549.3 444 8 0000000000000005
72564.8 3F1 8 0002000000000000
72566.4 484 8 0000000000000000
72567.6 523 8 CD1F7770450E0B02
72569.0 52E 5 603F000000
72580.6 663 8 7814E00E00AA0000
72582.5 31C 8 00000000800084F3
72584.1 31D 8 000000000000001F
72586.3 38C 8 000000000000007F
72596.1 38D 8 00000000000000E5
72597.7 39C 8 FF6F000000000000
72599.3 3C3 8 FF00000000000000
72611.7 539 8 3402800008030000
72613.0 541 8 0000000000000000
72614.2 444 8 0000000000000005
72627.1 31C 8 00000000800084F3
72628.7 5EA 8 0000000000000016
72630.2 31D 8 000000000000001F
72631.6 5EB 8 0000000000000007
72642.9 5EC 8 000000000000000F
72644.5 66B 8 7700000000000000
72646.0 66C 8 DF09000000000000
72658.8 444 8 0000000000000005
72674.3 6C0 7 04030100000000
72675.8 3F1 8 0002000000000000
72677.0 663 8 7814E00E00AA0000
72678.5 31C 8 00000000800084F3
72679.9 31D 8 000000000000001F
72689.9 38C 8 000000000000007F
72691.7 38D 8 00000000000000E5
72693.3 39C 8 FF6F000000000000
72705.4 3C3 8 FF00000000000000
72707.1 6AB 8 0000000000003FA1
72709.0 444 8 0000000000000005
72710.4 537 8 8080808080800000
72721.1 538 8 8080008080000080
72722.5 31C 8 00000000800084F3
72736.7 31D 8 000000000000001F
72752.3 444 8 0000000000000005
72767.8 3F1 8 0002000000000000
72769.9 663 8 7814E00E00AA0000
72783.4 31C 8 00000000800084F3
72784.9 31D 8 000000000000001F
72786.3 38C 8 000000000000007F
72787.6 38D 8 00000000000000E5
72799.3 39C 8 FF6F000000000000
72800.6 3C3 8 FF00000000000000
72802.2 444 8 0000000000000005
72814.6 523 8 CD1F7770450E0B02
72816.0 52E 5 603F000000
72830.4 31C 8 00000000800084F3
72832.1 31D 8 000000000000001F
72861.9 539 8 3402800008030000
72863.2 541 8 0000000000000000
72864.8 444 8 0000000000000005
72877.5 6C0 7 04030100000000
72879.4 3F1 8 0002000000000000
72880.9 663 8 7814E00E00AA0000
72882.4 31C 8 00000000800084F3
72883.9 31D 8 000000000000001F
72893.2 38C 8 000000000000007F
72894.9 38D 8 00000000000000E5
72896.2 39C 8 FF6F000000000000
72897.6 3C3 8 FF00000000000000
72908.5 6AB 8 0000000000003FA1
72909.8 444 8 0000000000000005
72911.2 537 8 8080808080800000
72912.5 538 8 8080008080000080
72924.3 31C 8 00000000800084F3
72925.8 31D 8 000000000000001F
72955.6 444 8 0000000000000005
72971.2 3F1 8 0002000000000000
72972.9 663 8 7814E00E00AA0000
72975.0 31C 8 00000000800084F3
72986.6 31D 8 000000000000001F
72988.1 38C 8 000000000000007F
72989.5 38D 8 00000000000000E5
73002.4 39C 8 FF6F000000000000
73003.7 3C3 8 FF00000000000000
73004.9 444 8 0000000000000005
73033.6 31C 8 00000000800084F3
73034.9 31D 8 000000000000001F
73049.4 444 8 0000000000000005
73064.7 6C0 7 04030100000000
73066.4 3F1 8 0002000000000000
73067.7 484 8 0000000000000000
73068.9 523 8 CD1F7770450E0B02
73080.5 52E 5 603F000000
73082.1 585 8 902C00000000003F
73083.5 64C 2 0011
73084.9 663 8 7814E00E00AA0000
73086.3 6B2 8 FFFEFF0F880080DD
73087.6 31C 8 00000000800084F3
73088.8 31D 8 000000000000001F
73090.0 38C 8 000000000000007F
73096.2 38D 8 00000000000000E5
73098.2 39C 8 FF6F000000000000
73099.7 3C3 8 FF00000000000000
73112.0 5FB 8 1FFFFFFFFF1FF87E
73113.5 539 8 3402800008030000
73114.9 444 8 0000000000000005
73117.0 541 8 0000000000000000
73118.3 5FA 8 5B9DC7CC9C46F1FF
73119.6 6AB 8 0000000000003FA1
73120.7 537 8 8080808080800000
73122.0 538 8 8080008080000080
73127.1 31C 8 00000000800084F3
73128.9 5EA 8 0000000000000016
73130.8 31D 8 000000000000001F
73132.7 5EB 8 0000000000000007
73143.1 5EC 8 000000000000000F
73144.7 66B 8 7700000000000000
73146.0 66C 8 DF09000000000000
73158.6 444 8 0000000000000005
73174.0 3F1 8 0002000000000000
73175.8 663 8 7814E00E00AA0000
73177.7 31C 8 00000000800084F3
73179.3 31D 8 000000000000001F
73189.9 38C 8 000000000000007F
73191.4 38D 8 00000000000000E5
73192.9 39C 8 FF6F000000000000
73205.7 3C3 8 FF00000000000000
73207.4 444 8 0000000000000005
73221.3 31C 8 00000000800084F3
73236.8 31D 8 000000000000001F
73252.4 444 8 0000000000000005
73267.8 6C0 7 04030100000000
73269.6 3F1 8 0002000000000000
73271.1 663 8 7814E00E00AA0000
73283.3 31C 8 00000000800084F3
73285.0 31D 8 000000000000001F
73286.6 38C 8 000000000000007F
73287.9 38D 8 00000000000000E5
73299.3 39C 8 FF6F000000000000
73300.6 3C3 8 FF00000000000000
73302.3 6AB 8 0000000000003FA1
73303.7 444 8 0000000000000005
73314.6 537 8 8080808080800000
73316.1 538 8 8080008080000080
73317.5 523 8 CD1F7770450E0B02
73318.9 52E 5 603F000000
73330.6 31C 8 00000000800084F3
73331.9 31D 8 000000000000001F
73362.0 539 8 3402800008030000
73364.0 444 8 0000000000000005
73365.7 541 8 0000000000000000
73377.4 3F1 8 0002000000000000
73378.9 663 8 7814E00E00AA0000
73380.2 31C 8 00000000800084F3
73381.7 31D 8 000000000000001F
73392.9 38C 8 000000000000007F
73394.4 38D 8 00000000000000E5
73395.7 39C 8 FF6F000000000000
73408.8 3C3 8 FF00000000000000
73410.6 444 8 0000000000000005
73424.3 31C 8 00000000800084F3
73425.8 31D 8 000000000000001F
73455.5 444 8 0000000000000005
73471.2 6C0 7 04030100000000
73472.8 3F1 8 0002000000000000
73474.4 663 8 7814E00E00AA0000
73476.1 31C 8 00000000800084F3
73486.5 31D 8 000000000000001F
73488.5 38C 8 000000000000007F
73489.7 38D 8 00000000000000E5
73502.4 39C 8 FF6F000000000000
73504.0 3C3 8 FF00000000000000
73505.4 6AB 8 0000000000003FA1
73506.8 444 8 0000000000000005
73518.0 537 8 8080808080800000
73519.6 538 8 8080008080000080
73520.9 31C 8 00000000800084F3
73534.9 31D 8 000000000000001F
73550.6 444 8 0000000000000005
73565.9 3F1 8 0002000000000000
73567.4 484 8 0000000000000000
73568.6 523 8 CD1F7770450E0B02
73569.7 52E 5 603F000000
73570.9 663 8 7814E00E00AA0000
73581.9 31C 8 00000000800084F3
73583.3 31D 8 000000000000001F
73584.9 38C 8 000000000000007F
73597.6 38D 8 00000000000000E5
73599.4 39C 8 FF6F000000000000
73601.3 3C3 8 FF00000000000000
73613.1 539 8 3402800008030000
73614.6 444 8 0000000000000005
73616.1 541 8 0000000000000000
73628.5 31C 8 00000000800084F3
73630.1 5EA 8 0000000000000016
73631.5 31D 8 000000000000001F
73633.0 5EB 8 0000000000000007
73634.4 5EC 8 000000000000000F
73644.3 66B 8 7700000000000000
73645.9 66C 8 DF09000000000000
73659.9 444 8 0000000000000005
73675.3 6C0 7 04030100000000
73677.1 3F1 8 0002000000000000
73678.7 663 8 7814E00E00AA0000
73680.4 31C 8 00000000800084F3
73681.9 31D 8 000000000000001F
73691.4 38C 8 000000000000007F
73693.1 38D 8 00000000000000E5
73694.6 39C 8 FF6F000000000000
73706.7 3C3 8 FF00000000000000
73716.1 6AB 8 0000000000003FA1
73717.7 444 8 0000000000000005
73719.1 537 8 8080808080800000
73722.6 538 8 8080008080000080
73724.2 31C 8 00000000800084F3
73737.9 31D 8 000000000000001F
73753.8 444 8 0000000000000005
73769.4 3F1 8 0002000000000000
73771.0 663 8 7814E00E00AA0000
73772.5 31C 8 00000000800084F3
73784.9 31D 8 000000000000001F
73786.6 38C 8 000000000000007F
73788.1 38D 8 00000000000000E5
73800.5 39C 8 FF6F000000000000
73802.0 3C3 8 FF00000000000000
73803.5 444 8 0000000000000005
73816.2 523 8 CD1F7770450E0B02
73817.7 52E 5 603F000000
73831.8 31C 8 00000000800084F3
73833.4 31D 8 000000000000001F
73863.1 539 8 3402800008030000
73864.9 444 8 0000000000000005
73866.3 541 8 0000000000000000
73878.5 6C0 7 04030100000000
73880.3 3F1 8 0002000000000000
73881.8 663 8 7814E00E00AA0000
73883.5 31C 8 00000000800084F3
73884.8 31D 8 000000000000001F
73886.2 38C 8 000000000000007F
73894.3 38D 8 00000000000000E5
73896.1 39C 8 FF6F000000000000
73897.6 3C3 8 FF00000000000000
73910.0 6AB 8 0000000000003FA1
73911.5 444 8 0000000000000005
73913.0 537 8 8080808080800000
73914.6 538 8 8080008080000080
73925.6 31C 8 00000000800084F3
73927.2 31D 8 000000000000001F
73956.9 444 8 0000000000000005
73972.4 3F1 8 0002000000000000
73974.4 663 8 7814E00E00AA0000
73976.0 31C 8 00000000800084F3
73988.3 31D 8 000000000000001F
73989.8 38C 8 000000000000007F
73991.1 38D 8 00000000000000E5
74003.7 39C 8 FF6F000000000000
74005.0 3C3 8 FF00000000000000
74006.4 444 8 0000000000000005
74019.4 31C 8 00000000800084F3
74034.9 31D 8 000000000000001F
74050.5 444 8 0000000000000005
74065.9 6C0 7 04030100000000
74067.7 3F1 8 0002000000000000
74069.0 484 8 0000000000000000
74070.2 523 8 CD1F7770450E0B02
74071.4 52E 5 603F000000
74072.7 585 8 902C00000000003F
74074.0 64C 2 0011
74075.1 663 8 7814E00E00AA0000
74076.3 6B2 8 FFFEFF0F880002C0
74081.9 31C 8 00000000800084F3
74083.5 31D 8 000000000000001F
74085.0 38C 8 000000000000007F
74097.4 38D 8 00000000000000E5
74099.0 39C 8 FF6F000000000000
74100.5 3C3 8 FF00000000000000
74113.3 5FB 8 1FFFFFFFFF1FF87E
74115.1 444 8 0000000000000005
74116.4 539 8 3402800008030000
74117.6 541 8 0000000000000000
74119.1 5FA 8 5B9DC7CC9C46F1FF
74120.4 6AB 8 0000000000003FA1
74121.6 537 8 8080808080800000
74122.8 538 8 8080008080000080
74128.5 31C 8 00000000800084F3
74130.2 5EA 8 0000000000000016
74131.5 31D 8 000000000000001F
74133.0 5EB 8 0000000000000007
74134.4 5EC 8 000000000000000F
74144.4 66B 8 7700000000000000
74145.8 66C 8 DF09000000000000
74159.9 444 8 0000000000000005
74175.5 3F1 8 0002000000000000
74177.7 663 8 7814E00E00AA0000
74179.1 31C 8 00000000800084F3
74180.3 31D 8 000000000000001F
74191.2 38C 8 000000000000007F
74192.7 38D 8 00000000000000E5
74194.2 39C 8 FF6F000000000000
74207.0 3C3 8 FF00000000000000
74208.5 444 8 0000000000000005
74222.5 31C 8 00000000800084F3
74238.3 31D 8 000000000000001F
74253.7 444 8 0000000000000005
74269.1 6C0 7 04030100000000
74270.9 3F1 8 0002000000000000
74272.4 663 8 7814E00E00AA0000
74274.0 31C 8 00000000800084F3
74284.9 31D 8 000000000000001F
74286.3 38C 8 000000000000007F
74287.7 38D 8 00000000000000E5
74300.6 39C 8 FF6F000000000000
74302.4 3C3 8 FF00000000000000
74303.8 6AB 8 0000000000003FA1
74305.3 444 8 0000000000000005
74316.7 537 8 8080808080800000
74318.0 538 8 8080008080000080
74319.4 523 8 CD1F7770450E0B02
74320.9 52E 5 603F000000
74332.6 31C 8 00000000800084F3
74333.9 31D 8 000000000000001F
74348.5 444 8 0000000000000005
74349.9 539 8 3402800008030000
74363.9 541 8 0000000000000000
74379.7 3F1 8 0002000000000000
74381.2 663 8 7814E00E00AA0000
74382.7 31C 8 00000000800084F3
74384.0 31D 8 000000000000001F
74385.3 38C 8 000000000000007F
74395.3 38D 8 00000000000000E5
74396.7 39C 8 FF6F000000000000
74398.0 3C3 8 FF00000000000000
74410.7 444 8 0000000000000005
74426.5 31C 8 00000000800084F3
74428.4 31D 8 000000000000001F
74457.7 444 8 0000000000000005
74473.0 6C0 7 04030100000000
74474.8 3F1 8 0002000000000000
74476.9 663 8 7814E00E00AA0000
74478.6 31C 8 00000000800084F3
74480.1 31D 8 000000000000001F
74488.7 38C 8 000000000000007F
74490.0 38D 8 00000000000000E5
74491.5 39C 8 FF6F000000000000
74504.3 3C3 8 FF00000000000000
74505.9 444 8 0000000000000005
74507.5 6AB 8 0000000000003FA1
74508.9 537 8 8080808080800000
74520.3 538 8 8080008080000080
74521.8 31C 8 00000000800084F3
74535.8 31D 8 000000000000001F
74551.4 444 8 0000000000000005
74567.1 3F1 8 0002000000000000
74569.3 484 8 0000000000000000
74570.5 523 8 CD1F7770450E0B02
74571.7 52E 5 603F000000
74572.9 663 8 7814E00E00AA0000
74582.7 31C 8 00000000800084F3
74584.2 31D 8 000000000000001F
74585.8 38C 8 000000000000007F
74598.6 38D 8 00000000000000E5
74600.2 39C 8 FF6F000000000000
74601.7 3C3 8 FF00000000000000
74603.1 444 8 0000000000000005
74604.5 539 8 3402800008030000
74614.2 541 8 0000000000000000
74629.5 31C 8 00000000800084F3
74631.0 5EA 8 0000000000000016
74632.4 31D 8 000000000000001F
74633.8 5EB 8 0000000000000007
74635.2 5EC 8 000000000000000F
74645.3 66B 8 7700000000000000
74646.7 66C 8 DF09000000000000
74660.8 444 8 0000000000000005
74676.4 6C0 7 04030100000000
74677.9 3F1 8 0002000000000000
74679.4 663 8 7814E00E00AA0000
74680.9 31C 8 00000000800084F3
74682.4 31D 8 000000000000001F
74691.9 38C 8 000000000000007F
74693.5 38D 8 00000000000000E5
74694.9 39C 8 FF6F000000000000
74707.6 3C3 8 FF00000000000000
74709.3 444 8 0000000000000005
74710.9 6AB 8 0000000000003FA1
74713.2 537 8 8080808080800000
74723.3 538 8 8080008080000080
74724.8 31C 8 00000000800084F3
74726.4 31D 8 000000000000001F
74754.6 444 8 0000000000000005
74770.1 3F1 8 0002000000000000
74771.7 663 8 7814E00E00AA0000
74773.2 31C 8 00000000800084F3
74785.9 31D 8 000000000000001F
74787.4 38C 8 000000000000007F
74788.8 38D 8 00000000000000E5
74801.4 39C 8 FF6F000000000000
74803.0 3C3 8 FF00000000000000
74804.5 444 8 0000000000000005
74817.1 523 8 CD1F7770450E0B02
74818.7 52E 5 603F000000
74832.7 31C 8 00000000800084F3
74834.3 31D 8 000000000000001F
74848.5 444 8 0000000000000005
74849.8 539 8 3402800008030000
74864.3 541 8 0000000000000000
74866.5 6C0 7 04030100000000
74879.5 3F1 8 0002000000000000
74881.0 663 8 7814E00E00AA0000
74882.6 31C 8 00000000800084F3
74884.5 31D 8 000000000000001F
74885.8 38C 8 000000000000007F
74895.2 38D 8 00000000000000E5
74896.8 39C 8 FF6F000000000000
74898.4 3C3 8 FF00000000000000
74910.9 444 8 0000000000000005
74912.5 6AB 8 0000000000003FA1
74913.9 537 8 8080808080800000
74915.3 538 8 8080008080000080
74926.2 31C 8 00000000800084F3
74927.8 31D 8 000000000000001F
74957.8 444 8 0000000000000005
74973.0 3F1 8 0002000000000000
74974.5 663 8 7814E00E00AA0000
74976.0 31C 8 00000000800084F3
74977.5 31D 8 000000000000001F
74988.7 38C 8 000000000000007F
74990.1 38D 8 00000000000000E5
74991.5 39C 8 FF6F000000000000
75004.6 3C3 8 FF00000000000000
75006.1 444 8 0000000000000005
75020.2 31C 8 00000000800084F3
75036.0 31D 8 000000000000001F
75051.3 444 8 0000000000000005
75067.2 6C0 7 04030100000000
75073.6 3F1 8 0002000000000000
75075.1 484 8 0000000000000000
75076.4 523 8 CD1F7770450E0B02
75077.8 52E 5 603F000000
75079.3 585 8 902C00000000003F
75080.6 64C 2 0011
75081.9 663 8 7814E00E00AA0000
75083.3 6B2 8 FFFEFF0F880082C0
75098.5 31C 8 00000000800084F3
75100.0 31D 8 000000000000001F
75101.4 38C 8 000000000000007F
75103.5 38D 8 00000000000000E5
75105.0 39C 8 FF6F000000000000
75106.6 3C3 8 FF00000000000000
75108.0 444 8 0000000000000005
75109.5 5FB 8 1FFFFFFFFF1FF87E
75114.0 539 8 3402800008030000
75115.4 541 8 0000000000000000
75116.6 5FA 8 5B9DC7CC9C46F1FF
75118.3 6AB 8 0000000000003FA1
75119.6 537 8 8080808080800000
75121.0 538 8 8080008080000080
75129.6 31C 8 00000000800084F3
75131.5 5EA 8 0000000000000016
75133.0 31D 8 000000000000001F
75134.6 5EB 8 0000000000000007
75136.0 5EC 8 000000000000000F
75145.2 66B 8 7700000000000000
75146.8 66C 8 DF09000000000000
75160.5 444 8 0000000000000005
75176.2 3F1 8 0002000000000000
75177.8 663 8 7814E00E00AA0000
75179.4 31C 8 00000000800084F3
75180.9 31D 8 000000000000001F
75191.8 38C 8 000000000000007F
75193.4 38D 8 00000000000000E5
75194.8 39C 8 FF6F000000000000
75208.0 3C3 8 FF00000000000000
75210.0 444 8 0000000000000005
75223.1 31C 8 00000000800084F3
75224.6 31D 8 000000000000001F
75254.6 444 8 0000000000000005
75269.9 6C0 7 04030100000000
75272.8 3F1 8 0002000000000000
75274.4 663 8 7814E00E00AA0000
75275.6 31C 8 00000000800084F3
75285.9 31D 8 000000000000001F
75287.6 38C 8 000000000000007F
75289.0 38D 8 00000000000000E5
75301.5 39C 8 FF6F000000000000
75303.2 3C3 8 FF00000000000000
75304.8 444 8 0000000000000005
75306.2 6AB 8 0000000000003FA1
75317.1 537 8 8080808080800000
75318.8 538 8 8080008080000080
75320.3 523 8 CD1F7770450E0B02
75321.9 52E 5 603F000000
75332.8 31C 8 00000000800084F3
75334.3 31D 8 000000000000001F
75348.5 444 8 0000000000000005
75349.9 539 8 3402800008030000
75363.9 541 8 0000000000000000
75379.5 3F1 8 0002000000000000
75381.3 663 8 7814E00E00AA0000
75383.3 31C 8 00000000800084F3
75384.9 31D 8 000000000000001F
75386.3 38C 8 000000000000007F
75395.2 38D 8 00000000000000E5
75396.7 39C 8 FF6F000000000000
75398.1 3C3 8 FF00000000000000
75410.6 444 8 0000000000000005
75426.4 31C 8 00000000800084F3
75428.2 31D 8 000000000000001F
75457.8 444 8 0000000000000005
75473.0 6C0 7 04030100000000
75474.5 3F1 8 0002000000000000
75475.9 663 8 7814E00E00AA0000
75477.4 31C 8 00000000800084F3
75478.8 31D 8 000000000000001F
75489.6 38C 8 000000000000007F
75494.4 38D 8 00000000000000E5
75496.0 39C 8 FF6F000000000000
75504.4 3C3 8 FF00000000000000
75505.9 444 8 0000000000000005
75507.5 6AB 8 0000000000003FA1
75508.9 537 8 8080808080800000
75520.2 538 8 8080008080000080
75521.7 31C 8 00000000800084F3
75535.8 31D 8 000000000000001F
75551.3 444 8 0000000000000005
75567.2 3F1 8 0002000000000000
75568.7 484 8 0000000000000000
75570.1 523 8 CD1F7770450E0B02
75571.4 52E 5 603F000000
75572.8 663 8 7814E00E00AA0000
75582.7 31C 8 00000000800084F3
75584.2 31D 8 000000000000001F
75585.6 38C 8 000000000000007F
75598.3 38D 8 00000000000000E5
75599.8 39C 8 FF6F000000000000
75601.5 3C3 8 FF00000000000000
75602.9 444 8 0000000000000005
75614.0 539 8 3402800008030000
75615.6 541 8 0000000000000000
75629.5 31C 8 00000000800084F3
75630.9 5EA 8 0000000000000016
75632.3 31D 8 000000000000001F
75634.0 5EB 8 0000000000000007
75635.4 5EC 8 000000000000000F
75645.3 66B 8 7700000000000000
75646.8 66C 8 DF09000000000000
75660.8 444 8 0000000000000005
75676.4 6C0 7 04030100000000
75677.9 3F1 8 0002000000000000
75679.3 663 8 7814E00E00AA0000
75680.7 31C 8 00000000800084F3
75682.2 31D 8 000000000000001F
75691.8 38C 8 000000000000007F
75693.4 38D 8 00000000000000E5
75695.0 39C 8 FF6F000000000000
75707.5 3C3 8 FF00000000000000
75709.0 444 8 0000000000000005
75710.5 6AB 8 0000000000003FA1
75711.8 537 8 8080808080800000
75723.3 538 8 8080008080000080
75724.9 31C 8 00000000800084F3
75726.4 31D 8 000000000000001F
75754.7 444 8 0000000000000005
75770.3 3F1 8 0002000000000000
75771.7 663 8 7814E00E00AA0000
75773.2 31C 8 00000000800084F3
75786.1 31D 8 000000000000001F
75787.7 38C 8 000000000000007F
75789.1 38D 8 00000000000000E5
75801.2 39C 8 FF6F000000000000
75803.9 3C3 8 FF00000000000000
75805.3 444 8 0000000000000005
75817.5 523 8 CD1F7770450E0B02
75819.1 52E 5 603F000000
75832.9 31C 8 00000000800084F3
75834.5 31D 8 000000000000001F
75848.5 444 8 0000000000000005
75864.1 539 8 3402800008030000
75865.8 541 8 0000000000000000
75867.3 6C0 7 04030100000000
75879.7 3F1 8 0002000000000000
75881.5 663 8 7814E00E00AA0000
75883.0 31C 8 00000000800084F3
75884.5 31D 8 000000000000001F
75886.2 38C 8 000000000000007F
75895.3 38D 8 00000000000000E5
75897.3 39C 8 FF6F000000000000
75898.8 3C3 8 FF00000000000000
75910.9 444 8 0000000000000005
75912.4 6AB 8 0000000000003FA1
75913.8 537 8 8080808080800000
75915.3 538 8 8080008080000080
75926.2 31C 8 00000000800084F3
75927.7 31D 8 000000000000001F
75957.7 444 8 0000000000000005
75973.0 3F1 8 0002000000000000
75974.5 663 8 7814E00E00AA0000
75976.1 31C 8 00000000800084F3
75977.6 31D 8 000000000000001F
75988.7 38C 8 000000000000007F
75990.9 38D 8 00000000000000E5
75992.2 39C 8 FF6F000000000000
76004.6 3C3 8 FF00000000000000
76006.2 444 8 0000000000000005
76020.3 31C 8 00000000800084F3
76035.9 31D 8 000000000000001F
76051.4 444 8 0000000000000005
76067.1 6C0 7 04030100000000
76068.6 3F1 8 0002000000000000
76070.0 484 8 0000000000000000
76071.4 523 8 CD1F7770450E0B02
76072.6 52E 5 603F000000
76073.9 585 8 902C00000000003F
76075.1 64C 2 0011
76076.4 663 8 7814E00E00AA0000
76077.8 6B2 8 FFFEFF0F880002C1
76082.7 31C 8 00000000800084F3
76084.3 31D 8 000000000000001F
76085.8 38C 8 000000000000007F
76098.4 38D 8 00000000000000E5
76100.1 39C 8 FF6F000000000000
76101.5 3C3 8 FF00000000000000
76103.0 444 8 0000000000000005
76114.0 5FB 8 1FFFFFFFFF1FF87E
76115.5 539 8 3402800008030000
76116.8 541 8 0000000000000000
76118.1 5FA 8 5B9DC7CC9C46F1FF
76119.7 6AB 8 0000000000003FA1
76121.1 537 8 8080808080800000
76122.5 538 8 8080008080000080
76129.5 31C 8 00000000800084F3
76131.4 5EA 8 0000000000000016
76133.0 31D 8 000000000000001F
76135.1 5EB 8 0000000000000007
76136.4 5EC 8 000000000000000F
76145.0 66B 8 7700000000000000
76146.3 66C 8 DF09000000000000
76160.9 444 8 0000000000000005
76176.3 3F1 8 0002000000000000
76177.7 663 8 7814E00E00AA0000
76179.1 31C 8 00000000800084F3
76180.7 31D 8 000000000000001F
76191.8 38C 8 000000000000007F
76193.2 38D 8 00000000000000E5
76194.5 39C 8 FF6F000000000000
76207.7 3C3 8 FF00000000000000
76209.1 444 8 0000000000000005
76223.2 31C 8 00000000800084F3
76224.5 31D 8 000000000000001F
76254.6 444 8 0000000000000005
76270.1 6C0 7 04030100000000
76271.9 3F1 8 0002000000000000
76273.9 663 8 7814E00E00AA0000
76275.2 31C 8 00000000800084F3
76286.0 31D 8 000000000000001F
76287.6 38C 8 000000000000007F
76289.2 38D 8 00000000000000E5
76301.4 39C 8 FF6F000000000000
76303.0 3C3 8 FF00000000000000
76304.5 444 8 0000000000000005
76305.9 6AB 8 0000000000003FA1
76317.2 537 8 8080808080800000
76319.0 538 8 8080008080000080
76321.1 523 8 CD1F7770450E0B02
76322.3 52E 5 603F000000
76332.7 31C 8 00000000800084F3
76334.1 31D 8 000000000000001F
76348.4 444 8 0000000000000005
76363.9 539 8 3402800008030000
76365.4 541 8 0000000000000000
76379.6 3F1 8 0002000000000000
76381.1 663 8 7814E00E00AA0000
76382.9 31C 8 00000000800084F3
76384.4 31D 8 000000000000001F
76385.6 38C 8 000000000000007F
76395.0 38D 8 00000000000000E5
76396.5 39C 8 FF6F000000000000
76397.8 3C3 8 FF00000000000000
76410.9 444 8 0000000000000005
76426.3 31C 8 00000000800084F3
76428.1 31D 8 000000000000001F
76457.8 444 8 0000000000000005
76473.1 6C0 7 04030100000000
76474.6 3F1 8 0002000000000000
76476.0 663 8 7814E00E00AA0000
76477.2 31C 8 00000000800084F3
76478.7 31D 8 000000000000001F
76488.7 38C 8 000000000000007F
76490.1 38D 8 00000000000000E5
76491.7 39C 8 FF6F000000000000
76504.3 3C3 8 FF00000000000000
76506.7 444 8 0000000000000005
76508.9 6AB 8 0000000000003FA1
76510.5 537 8 8080808080800000
76520.2 538 8 8080008080000080
76521.9 31C 8 00000000800084F3
76535.9 31D 8 000000000000001F
76551.6 444 8 0000000000000005
76567.3 3F1 8 0002000000000000
76569.0 484 8 0000000000000000
76570.1 523 8 CD1F7770450E0B02
76571.2 52E 5 603F000000
76572.4 663 8 7814E00E00AA0000
76583.0 31C 8 00000000800084F3
76584.6 31D 8 000000000000001F
76585.9 38C 8 000000000000007F
76598.4 38D 8 00000000000000E5
76600.1 39C 8 FF6F000000000000
76601.6 3C3 8 FF00000000000000
76603.0 444 8 0000000000000005
76614.1 539 8 3402800008030000
76615.4 541 8 0000000000000000
76629.5 31C 8 00000000800084F3
76630.9 5EA 8 0000000000000016
76632.3 31D 8 000000000000001F
76633.8 5EB 8 0000000000000007
76635.0 5EC 8 000000000000000F
76645.2 66B 8 7700000000000000
76646.6 66C 8 DF09000000000000
76660.9 444 8 0000000000000005
76676.2 6C0 7 04030100000000
76677.7 3F1 8 0002000000000000
76679.5 663 8 7814E00E00AA0000
76680.8 31C 8 00000000800084F3
76682.0 31D 8 000000000000001F
76692.0 38C 8 000000000000007F
76693.7 38D 8 00000000000000E5
76695.2 39C 8 FF6F000000000000
76707.4 3C3 8 FF00000000000000
76708.9 444 8 0000000000000005
76710.4 6AB 8 0000000000003FA1
76711.8 537 8 8080808080800000
76723.3 538 8 8080008080000080
76724.7 31C 8 00000000800084F3
76726.2 31D 8 000000000000001F
76754.7 444 8 0000000000000005
76770.2 3F1 8 0002000000000000
76771.6 663 8 7814E00E00AA0000
76773.0 31C 8 00000000800084F3
76785.9 31D 8 000000000000001F
76787.7 38C 8 000000000000007F
76789.0 38D 8 00000000000000E5
76801.5 39C 8 FF6F000000000000
76802.9 3C3 8 FF00000000000000
76804.1 444 8 0000000000000005
76817.2 523 8 CD1F7770450E0B02
76819.5 52E 5 603F000000
76832.6 31C 8 00000000800084F3
76834.0 31D 8 000000000000001F
76848.3 444 8 0000000000000005
76864.1 539 8 3402800008030000
76866.0 541 8 0000000000000000
76867.5 6C0 7 04030100000000
76879.8 3F1 8 0002000000000000
76881.1 663 8 7814E00E00AA0000
76883.8 31C 8 00000000800084F3
76885.1 31D 8 000000000000001F
76886.4 38C 8 000000000000007F
76895.1 38D 8 00000000000000E5
76897.2 39C 8 FF6F000000000000
76899.1 3C3 8 FF00000000000000
76911.1 444 8 0000000000000005
76913.1 6AB 8 0000000000003FA1
76914.8 537 8 8080808080800000
76916.2 538 8 8080008080000080
76926.7 31C 8 00000000800084F3
76928.3 31D 8 000000000000001F
76957.9 444 8 0000000000000005
76973.0 3F1 8 0002000000000000
76974.5 663 8 7814E00E00AA0000
76976.1 31C 8 00000000800084F3
76977.6 31D 8 000000000000001F
76988.6 38C 8 000000000000007F
76990.3 38D 8 00000000000000E5
76991.7 39C 8 FF6F000000000000
77004.6 3C3 8 FF00000000000000
77006.1 444 8 0000000000000005
77020.3 31C 8 00000000800084F3
77036.0 31D 8 000000000000001F
77051.6 444 8 0000000000000005
77067.2 6C0 7 04030100000000
77068.7 3F1 8 0002000000000000
77070.1 484 8 0000000000000000
77071.5 523 8 CD1F7770450E0B02
77072.9 52E 5 603F000000
77074.9 585 8 902C00000000003F
77076.2 64C 2 0011
77077.5 663 8 7814E00E00AA0000
77078.8 6B2 8 FFFEFF0F880082C1
77082.8 31C 8 00000000800084F3
77084.4 31D 8 000000000000001F
77086.1 38C 8 000000000000007F
77098.3 38D 8 00000000000000E5
77100.0 39C 8 FF6F000000000000
77101.6 3C3 8 FF00000000000000
77103.1 444 8 0000000000000005
77114.0 5FB 8 1FFFFFFFFF1FF87E
77115.6 539 8 3402800008030000
77117.0 541 8 0000000000000000
77118.6 5FA 8 5B9DC7CC9C46F1FF
77120.1 6AB 8 0000000000003FA1
77121.6 537 8 8080808080800000
77122.9 538 8 8080008080000080
77129.4 31C 8 00000000800084F3
77130.9 5EA 8 0000000000000016
77132.4 31D 8 000000000000001F
77133.8 5EB 8 0000000000000007
77135.2 5EC 8 000000000000000F
77145.1 66B 8 7700000000000000
77146.9 66C 8 DF09000000000000
77161.1 444 8 0000000000000005
77176.5 3F1 8 0002000000000000
77178.4 663 8 7814E00E00AA0000
77179.9 31C 8 00000000800084F3
77181.3 31D 8 000000000000001F
77191.8 38C 8 000000000000007F
77193.5 38D 8 00000000000000E5
77195.8 39C 8 FF6F000000000000
77208.0 3C3 8 FF00000000000000
77209.8 444 8 0000000000000005
77223.3 31C 8 00000000800084F3
77224.6 31D 8 000000000000001F
77254.6 444 8 0000000000000005
77270.1 6C0 7 04030100000000
77272.0 3F1 8 0002000000000000
77274.0 663 8 7814E00E00AA0000
77275.3 31C 8 00000000800084F3
77285.9 31D 8 000000000000001F
77287.5 38C 8 000000000000007F
77288.9 38D 8 00000000000000E5
77301.3 39C 8 FF6F000000000000
77303.0 3C3 8 FF00000000000000
77304.6 444 8 0000000000000005
77306.0 6AB 8 0000000000003FA1
77317.2 537 8 8080808080800000
77318.8 538 8 8080008080000080
77320.2 523 8 CD1F7770450E0B02
77321.8 52E 5 603F000000
77332.9 31C 8 00000000800084F3
77334.5 31D 8 000000000000001F
77348.5 444 8 0000000000000005
77364.1 539 8 3402800008030000
77365.7 541 8 0000000000000000
77379.5 3F1 8 0002000000000000
77380.8 663 8 7814E00E00AA0000
77382.3 31C 8 00000000800084F3
77383.7 31D 8 000000000000001F
77384.9 38C 8 000000000000007F
77395.3 38D 8 00000000000000E5
77397.0 39C 8 FF6F000000000000
77398.6 3C3 8 FF00000000000000
77410.9 444 8 0000000000000005
77426.4 31C 8 00000000800084F3
77428.4 31D 8 000000000000001F
77457.8 444 8 0000000000000005
77473.1 6C0 7 04030100000000
77474.4 3F1 8 0002000000000000
77475.9 663 8 7814E00E00AA0000
77477.2 31C 8 00000000800084F3
77478.6 31D 8 000000000000001F
77488.8 38C 8 000000000000007F
77490.5 38D 8 00000000000000E5
77492.0 39C 8 FF6F000000000000
77504.4 3C3 8 FF00000000000000
77505.8 444 8 0000000000000005
77507.2 6AB 8 0000000000003FA1
77508.5 537 8 8080808080800000
77520.3 538 8 8080008080000080
77521.7 31C 8 00000000800084F3
77535.8 31D 8 000000000000001F
77551.6 444 8 0000000000000005
77567.3 3F1 8 0002000000000000
77568.7 484 8 0000000000000000
77569.9 523 8 CD1F7770450E0B02
77571.0 52E 5 603F000000
77572.2 663 8 7814E00E00AA0000
77582.5 31C 8 00000000800084F3
77584.2 31D 8 000000000000001F
77586.2 38C 8 000000000000007F
77598.5 38D 8 00000000000000E5
77600.0 39C 8 FF6F000000000000
77601.4 3C3 8 FF00000000000000
77602.9 444 8 0000000000000005
77614.0 539 8 3402800008030000
77615.5 541 8 0000000000000000
77629.6 31C 8 00000000800084F3
77631.2 5EA 8 0000000000000016
77632.6 31D 8 000000000000001F
77634.0 5EB 8 0000000000000007
77635.2 5EC 8 000000000000000F
77645.3 66B 8 7700000000000000
77646.8 66C 8 DF09000000000000
77660.9 444 8 0000000000000005
77676.2 6C0 7 04030100000000
77677.6 3F1 8 0002000000000000
77679.2 663 8 7814E00E00AA0000
77680.7 31C 8 00000000800084F3
77682.2 31D 8 000000000000001F
77692.0 38C 8 000000000000007F
77696.7 38D 8 00000000000000E5
77698.1 39C 8 FF6F000000000000
77707.8 3C3 8 FF00000000000000
77709.5 444 8 0000000000000005
77710.9 6AB 8 0000000000003FA1
77712.6 537 8 8080808080800000
77723.4 538 8 8080008080000080
77724.9 31C 8 00000000800084F3
77726.5 31D 8 000000000000001F
77754.6 444 8 0000000000000005
77770.1 3F1 8 0002000000000000
77771.7 663 8 7814E00E00AA0000
77773.3 31C 8 00000000800084F3
77786.0 31D 8 000000000000001F
77787.5 38C 8 000000000000007F
77788.9 38D 8 00000000000000E5
77801.7 39C 8 FF6F000000000000
77807.7 3C3 8 FF00000000000000
77809.4 444 8 0000000000000005
77817.3 523 8 CD1F7770450E0B02
77818.4 52E 5 603F000000
77832.8 31C 8 00000000800084F3
77834.2 31D 8 000000000000001F
77848.5 444 8 0000000000000005
77864.2 539 8 3402800008030000
77865.9 541 8 0000000000000000
77867.4 6C0 7 04030100000000
77868.7 3F1 8 0002000000000000
77879.8 663 8 7814E00E00AA0000
77881.3 31C 8 00000000800084F3
77882.7 31D 8 000000000000001F
77884.6 38C 8 000000000000007F
77895.0 38D 8 00000000000000E5
77896.5 39C 8 FF6F000000000000
77898.0 3C3 8 FF00000000000000
77911.1 444 8 0000000000000005
77912.9 6AB 8 0000000000003FA1
77914.7 537 8 8080808080800000
77916.0 538 8 8080008080000080
77926.6 31C 8 00000000800084F3
77929.2 31D 8 000000000000001F
77958.0 444 8 0000000000000005
77973.1 3F1 8 0002000000000000
77974.7 663 8 7814E00E00AA0000
77976.0 31C 8 00000000800084F3
77977.5 31D 8 000000000000001F
77988.8 38C 8 000000000000007F
77990.3 38D 8 00000000000000E5
77991.9 39C 8 FF6F000000000000
78004.6 3C3 8 FF00000000000000
78005.9 444 8 0000000000000005
78020.2 31C 8 00000000800084F3
78035.9 31D 8 000000000000001F
78052.2 444 8 0000000000000005
78067.3 6C0 7 04030100000000
78068.7 3F1 8 0002000000000000
78070.1 484 8 0000000000000000
78071.4 523 8 CD1F7770450E0B02
78072.5 52E 5 603F000000
78073.6 585 8 902C00000000003F
78074.7 64C 2 0011
78075.7 663 8 7814E00E00AA0000
78076.9 6B2 8 FFFEFF0F880002C2
78082.5 31C 8 00000000800084F3
78084.2 31D 8 000000000000001F
78085.5 38C 8 000000000000007F
78098.4 38D 8 00000000000000E5
78100.4 39C 8 FF6F000000000000
78102.2 3C3 8 FF00000000000000
78103.7 444 8 0000000000000005
78113.7 5FB 8 1FFFFFFFFF1FF87E
78116.1 539 8 3402800008030000
78117.5 541 8 0000000000000000
78118.9 5FA 8 5B9DC7CC9C46F1FF
78120.1 6AB 8 0000000000003FA1
78121.4 537 8 8080808080800000
78122.8 538 8 8080008080000080
78130.0 31C 8 00000000800084F3
78131.6 5EA 8 0000000000000016
78133.0 31D 8 000000000000001F
78134.3 5EB 8 0000000000000007
78135.7 5EC 8 000000000000000F
78145.4 66B 8 7700000000000000
78146.9 66C 8 DF09000000000000
78160.9 444 8 0000000000000005
78176.3 3F1 8 0002000000000000
78177.8 663 8 7814E00E00AA0000
78179.4 31C 8 00000000800084F3
78181.0 31D 8 000000000000001F
78192.3 38C 8 000000000000007F
78193.8 38D 8 00000000000000E5
78195.2 39C 8 FF6F000000000000
78207.8 3C3 8 FF00000000000000
78209.1 444 8 0000000000000005
78223.4 31C 8 00000000800084F3
78225.1 31D 8 000000000000001F
78254.6 444 8 0000000000000005
78270.1 6C0 7 04030100000000
78271.9 3F1 8 0002000000000000
78273.4 663 8 7814E00E00AA0000
78274.9 31C 8 00000000800084F3
78285.8 31D 8 000000000000001F
78288.1 38C 8 000000000000007F
78289.5 38D 8 00000000000000E5
78301.5 39C 8 FF6F000000000000
78303.5 3C3 8 FF00000000000000
78304.9 444 8 0000000000000005
78306.2 6AB 8 0000000000003FA1
78317.2 537 8 8080808080800000
78318.6 538 8 8080008080000080
78320.0 523 8 CD1F7770450E0B02
78321.4 52E 5 603F000000
78332.8 31C 8 00000000800084F3
78334.5 31D 8 000000000000001F
78363.7 444 8 0000000000000005
78365.5 539 8 3402800008030000
78367.1 541 8 0000000000000000
78379.7 3F1 8 0002000000000000
78381.3 663 8 7814E00E00AA0000
78382.6 31C 8 00000000800084F3
78384.2 31D 8 000000000000001F
78385.5 38C 8 000000000000007F
78395.3 38D 8 00000000000000E5
78397.0 39C 8 FF6F000000000000
78398.5 3C3 8 FF00000000000000
78410.9 444 8 0000000000000005
78426.4 31C 8 00000000800084F3
78428.0 31D 8 000000000000001F
78457.9 444 8 0000000000000005
78473.0 6C0 7 04030100000000
78474.6 3F1 8 0002000000000000
78476.1 663 8 7814E00E00AA0000
78477.6 31C 8 00000000800084F3
78479.9 31D 8 000000000000001F
78488.8 38C 8 000000000000007F
78490.4 38D 8 00000000000000E5
78491.9 39C 8 FF6F000000000000
78504.4 3C3 8 FF00000000000000
78505.9 444 8 0000000000000005
78507.5 6AB 8 0000000000003FA1
78509.0 537 8 8080808080800000
78520.3 538 8 8080008080000080
78521.8 31C 8 00000000800084F3
78537.1 31D 8 000000000000001F
78551.6 444 8 0000000000000005
78567.3 3F1 8 0002000000000000
78568.8 484 8 0000000000000000
78570.1 523 8 CD1F7770450E0B02
78571.4 52E 5 603F000000
78572.6 663 8 7814E00E00AA0000
78582.6 31C 8 00000000800084F3
78584.3 31D 8 000000000000001F
78585.7 38C 8 000000000000007F
78598.5 38D 8 00000000000000E5
78600.0 39C 8 FF6F000000000000
78601.4 3C3 8 FF00000000000000
78602.6 444 8 0000000000000005
78613.9 539 8 3402800008030000
78615.3 541 8 0000000000000000
78629.6 31C 8 00000000800084F3
78631.3 5EA 8 0000000000000016
78632.7 31D 8 000000000000001F
78634.3 5EB 8 0000000000000007
78636.5 5EC 8 000000000000000F
78645.3 66B 8 7700000000000000
78646.8 66C 8 DF09000000000000
78660.9 444 8 0000000000000005
78676.4 6C0 7 04030100000000
78677.8 3F1 8 0002000000000000
78679.3 663 8 7814E00E00AA0000
78680.7 31C 8 00000000800084F3
78682.1 31D 8 000000000000001F
78691.9 38C 8 000000000000007F
78693.5 38D 8 00000000000000E5
78694.8 39C 8 FF6F000000000000
78707.5 3C3 8 FF00000000000000
78708.9 444 8 0000000000000005
78710.4 6AB 8 0000000000003FA1
78712.0 537 8 8080808080800000
78723.2 538 8 8080008080000080
78724.6 31C 8 00000000800084F3
78726.1 31D 8 000000000000001F
78754.6 444 8 0000000000000005
78770.1 3F1 8 0002000000000000
78771.7 663 8 7814E00E00AA0000
78773.2 31C 8 00000000800084F3
78785.9 31D 8 000000000000001F
78787.5 38C 8 000000000000007F
78789.1 38D 8 00000000000000E5
78801.5 39C 8 FF6F000000000000
78803.2 3C3 8 FF00000000000000
78804.5 444 8 0000000000000005
78817.3 523 8 CD1F7770450E0B02
78818.7 52E 5 603F000000
78833.0 31C 8 00000000800084F3
78835.5 31D 8 000000000000001F
78864.7 444 8 0000000000000005
78866.4 539 8 3402800008030000
78867.8 541 8 0000000000000000
78869.4 6C0 7 04030100000000
78879.7 3F1 8 0002000000000000
78881.2 663 8 7814E00E00AA0000
78882.5 31C 8 00000000800084F3
78884.2 31D 8 000000000000001F
78885.4 38C 8 000000000000007F
78895.2 38D 8 00000000000000E5
78896.8 39C 8 FF6F000000000000
78898.5 3C3 8 FF00000000000000
78910.8 444 8 0000000000000005
78912.4 6AB 8 0000000000003FA1
78913.7 537 8 8080808080800000
78915.1 538 8 8080008080000080
78926.6 31C 8 00000000800084F3
78928.6 31D 8 000000000000001F
78958.0 444 8 0000000000000005
78973.1 3F1 8 0002000000000000
78974.9 663 8 7814E00E00AA0000
78976.4 31C 8 00000000800084F3
78977.8 31D 8 000000000000001F
78988.7 38C 8 000000000000007F
78990.3 38D 8 00000000000000E5
78991.9 39C 8 FF6F000000000000
79004.7 3C3 8 FF00000000000000
79006.0 444 8 0000000000000005
79020.3 31C 8 00000000800084F3
79035.9 31D 8 000000000000001F
79051.4 444 8 0000000000000005
79067.5 6C0 7 04030100000000
79070.0 3F1 8 0002000000000000
79071.5 484 8 0000000000000000
79072.7 523 8 CD1F7770450E0B02
79074.2 52E 5 603F000000
79075.4 585 8 902C00000000003F
79076.6 64C 2 0011
79077.7 663 8 7814E00E00AA0000
79080.3 6B2 8 FFFEFF0F880082C2
79082.5 31C 8 00000000800084F3
79084.5 31D 8 000000000000001F
79086.0 38C 8 000000000000007F
79098.2 38D 8 00000000000000E5
79099.6 39C 8 FF6F000000000000
79101.2 3C3 8 FF00000000000000
79113.9 444 8 0000000000000005
79115.5 5FB 8 1FFFFFFFFF1FF87E
79116.9 539 8 3402800008030000
79118.2 541 8 0000000000000000
79119.6 5FA 8 5B9DC7CC9C46F1FF
79120.9 6AB 8 0000000000003FA1
79122.5 537 8 8080808080800000
79123.8 538 8 8080008080000080
79129.8 31C 8 00000000800084F3
79131.6 5EA 8 0000000000000016
79133.1 31D 8 000000000000001F
79134.6 5EB 8 0000000000000007
79136.1 5EC 8 000000000000000F
79145.3 66B 8 7700000000000000
79147.7 66C 8 DF09000000000000
79161.0 444 8 0000000000000005
79176.6 3F1 8 0002000000000000
79178.6 663 8 7814E00E00AA0000
79180.3 31C 8 00000000800084F3
79182.1 31D 8 000000000000001F
79191.9 38C 8 000000000000007F
79193.5 38D 8 00000000000000E5
79195.0 39C 8 FF6F000000000000
79207.8 3C3 8 FF00000000000000
79209.6 444 8 0000000000000005
79223.4 31C 8 00000000800084F3
79225.0 31D 8 000000000000001F
79254.7 444 8 0000000000000005
79270.1 6C0 7 04030100000000
79271.9 3F1 8 0002000000000000
79273.4 663 8 7814E00E00AA0000
79274.8 31C 8 00000000800084F3
79285.8 31D 8 000000000000001F
79287.5 38C 8 000000000000007F
79289.0 38D 8 00000000000000E5
79301.6 39C 8 FF6F000000000000
79303.4 3C3 8 FF00000000000000
79304.9 444 8 0000000000000005
79306.4 6AB 8 0000000000003FA1
79317.2 537 8 8080808080800000
79318.7 538 8 8080008080000080
79320.2 523 8 CD1F7770450E0B02
79321.7 52E 5 603F000000
79332.9 31C 8 00000000800084F3
79334.5 31D 8 000000000000001F
79348.3 444 8 0000000000000005
79364.1 539 8 3402800008030000
79365.8 541 8 0000000000000000
79379.7 3F1 8 0002000000000000
79381.2 663 8 7814E00E00AA0000
79382.7 31C 8 00000000800084F3
79384.4 31D 8 000000000000001F
79386.2 38C 8 000000000000007F
79395.4 38D 8 00000000000000E5
79397.1 39C 8 FF6F000000000000
79398.6 3C3 8 FF00000000000000
79411.0 444 8 0000000000000005
79426.3 31C 8 00000000800084F3
79428.3 31D 8 000000000000001F
79457.9 444 8 0000000000000005
79473.0 6C0 7 04030100000000
79475.1 3F1 8 0002000000000000
79476.6 663 8 7814E00E00AA0000
79478.2 31C 8 00000000800084F3
79479.7 31D 8 000000000000001F
79488.6 38C 8 000000000000007F
79490.2 38D 8 00000000000000E5
79491.7 39C 8 FF6F000000000000
79504.3 3C3 8 FF00000000000000
79505.9 444 8 0000000000000005
79507.4 6AB 8 0000000000003FA1
79508.7 537 8 8080808080800000
79520.4 538 8 8080008080000080
79521.9 31C 8 00000000800084F3
79536.0 31D 8 000000000000001F
79551.5 444 8 0000000000000005
79566.9 3F1 8 0002000000000000
79568.4 484 8 0000000000000000
79569.8 523 8 CD1F7770450E0B02
79571.2 52E 5 603F000000
79572.5 663 8 7814E00E00AA0000
79582.8 31C 8 00000000800084F3
79584.5 31D 8 000000000000001F
79586.1 38C 8 000000000000007F
79598.5 38D 8 00000000000000E5
79600.3 39C 8 FF6F000000000000
79601.8 3C3 8 FF00000000000000
79603.3 444 8 0000000000000005
79613.9 539 8 3402800008030000
79615.5 541 8 0000000000000000
79629.6 31C 8 00000000800084F3
79631.1 5EA 8 0000000000000016
79632.7 31D 8 000000000000001F
79634.2 5EB 8 0000000000000007
79635.6 5EC 8 000000000000000F
79645.4 66B 8 7700000000000000
79647.0 66C 8 DF09000000000000
79661.1 444 8 0000000000000005
79676.3 6C0 7 04030100000000
79678.2 3F1 8 0002000000000000
79679.6 663 8 7814E00E00AA0000
79681.0 31C 8 00000000800084F3
79682.4 31D 8 000000000000001F
79691.8 38C 8 000000000000007F
79693.4 38D 8 00000000000000E5
79695.0 39C 8 FF6F000000000000
79707.9 3C3 8 FF00000000000000
79709.3 444 8 0000000000000005
79710.8 6AB 8 0000000000003FA1
79712.3 537 8 8080808080800000
79723.3 538 8 8080008080000080
79724.7 31C 8 00000000800084F3
79726.5 31D 8 000000000000001F
79754.7 444 8 0000000000000005
79770.3 3F1 8 0002000000000000
79772.2 663 8 7814E00E00AA0000
79773.7 31C 8 00000000800084F3
79785.9 31D 8 000000000000001F
79787.6 38C 8 000000000000007F
79789.2 38D 8 00000000000000E5
79801.5 39C 8 FF6F000000000000
79803.0 3C3 8 FF00000000000000
79804.3 444 8 0000000000000005
79817.1 523 8 CD1F7770450E0B02
79818.4 52E 5 603F000000
79832.9 31C 8 00000000800084F3
79834.3 31D 8 000000000000001F
79848.6 444 8 0000000000000005
79864.4 539 8 3402800008030000
79867.2 541 8 0000000000000000
79869.1 6C0 7 04030100000000
79870.6 3F1 8 0002000000000000
79879.8 663 8 7814E00E00AA0000
79881.2 31C 8 00000000800084F3
79883.0 31D 8 000000000000001F
79884.5 38C 8 000000000000007F
79895.3 38D 8 00000000000000E5
79896.9 39C 8 FF6F000000000000
79898.4 3C3 8 FF00000000000000
79910.9 444 8 0000000000000005
79912.5 6AB 8 0000000000003FA1
79913.9 537 8 8080808080800000
79915.4 538 8 8080008080000080
79926.4 31C 8 00000000800084F3
79928.0 31D 8 000000000000001F
79957.8 444 8 0000000000000005
79973.1 3F1 8 0002000000000000
79974.9 663 8 7814E00E00AA0000
79976.6 31C 8 00000000800084F3
79978.2 31D 8 000000000000001F
79988.7 38C 8 000000000000007F
79990.5 38D 8 00000000000000E5
79992.2 39C 8 FF6F000000000000
80004.7 3C3 8 FF00000000000000
80006.2 444 8 0000000000000005
80020.2 31C 8 00000000800084F3
80036.0 31D 8 000000000000001F
80051.4 444 8 0000000000000005
80067.2 6C0 7 04030100000000
80068.8 3F1 8 0002000000000000
80070.3 484 8 0000000000000000
80071.6 523 8 CD1F7770450E0B02
80072.8 52E 5 603F000000
80074.1 585 8 902C00000000003F
80075.4 64C 2 0011
80076.8 663 8 7814E00E00AA0000
80079.1 6B2 8 FFFEFF0F880002C3
80082.5 31C 8 00000000800084F3
80084.1 31D 8 000000000000001F
80085.6 38C 8 000000000000007F
80098.4 38D 8 00000000000000E5
80100.0 39C 8 FF6F000000000000
80101.7 3C3 8 FF00000000000000
80103.1 444 8 0000000000000005
80113.9 5FB 8 1FFFFFFFFF1FF87E
80115.5 539 8 3402800008030000
80117.1 541 8 0000000000000000
80118.7 5FA 8 5B9DC7CC9C46F1FF
80120.1 6AB 8 0000000000003FA1
80121.8 537 8 8080808080800000
80123.2 538 8 8080008080000080
80129.6 31C 8 00000000800084F3
80131.2 5EA 8 0000000000000016
80132.6 31D 8 000000000000001F
80134.2 5EB 8 0000000000000007
80135.8 5EC 8 000000000000000F
80145.3 66B 8 7700000000000000
80146.9 66C 8 DF09000000000000
80161.0 444 8 0000000000000005
80176.5 3F1 8 0002000000000000
80178.0 663 8 7814E00E00AA0000
80179.5 31C 8 00000000800084F3
80181.0 31D 8 000000000000001F
80191.8 38C 8 000000000000007F
80193.3 38D 8 00000000000000E5
80194.7 39C 8 FF6F000000000000
80207.7 3C3 8 FF00000000000000
80209.0 444 8 0000000000000005
80223.3 31C 8 00000000800084F3
80224.8 31D 8 000000000000001F
80254.6 444 8 0000000000000005
80270.1 6C0 7 04030100000000
80271.9 3F1 8 0002000000000000
80273.8 663 8 7814E00E00AA0000
80275.1 31C 8 00000000800084F3
80285.8 31D 8 000000000000001F
80287.3 38C 8 000000000000007F
80288.7 38D 8 00000000000000E5
80301.6 39C 8 FF6F000000000000
80304.6 3C3 8 FF00000000000000
80306.3 444 8 0000000000000005
80308.1 6AB 8 0000000000003FA1
80317.1 537 8 8080808080800000
80318.8 538 8 8080008080000080
80320.3 523 8 CD1F7770450E0B02
80321.7 52E 5 603F000000
80332.7 31C 8 00000000800084F3
80334.3 31D 8 000000000000001F
80348.4 444 8 0000000000000005
80364.2 539 8 3402800008030000
80365.7 541 8 0000000000000000
80379.6 3F1 8 0002000000000000
80381.2 663 8 7814E00E00AA0000
80382.7 31C 8 00000000800084F3
80384.3 31D 8 000000000000001F
80385.7 38C 8 000000000000007F
80395.2 38D 8 00000000000000E5
80396.7 39C 8 FF6F000000000000
80399.0 3C3 8 FF00000000000000
80410.8 444 8 0000000000000005
80426.4 31C 8 00000000800084F3
80428.1 31D 8 000000000000001F
80457.8 444 8 0000000000000005
80473.1 6C0 7 04030100000000
80474.5 3F1 8 0002000000000000
80476.0 663 8 7814E00E00AA0000
80477.6 31C 8 00000000800084F3
80478.9 31D 8 000000000000001F
80488.7 38C 8 000000000000007F
80490.4 38D 8 00000000000000E5
80491.8 39C 8 FF6F000000000000
80504.3 3C3 8 FF00000000000000
80506.2 444 8 0000000000000005
80507.9 6AB 8 0000000000003FA1
80509.5 537 8 8080808080800000
80520.4 538 8 8080008080000080
80525.1 31C 8 00000000800084F3
80535.8 31D 8 000000000000001F
80551.5 444 8 0000000000000005
80567.2 3F1 8 0002000000000000
80570.1 484 8 0000000000000000
80571.5 523 8 CD1F7770450E0B02
80573.0 52E 5 603F000000
80574.2 663 8 7814E00E00AA0000
80582.6 31C 8 00000000800084F3
80584.2 31D 8 000000000000001F
80585.6 38C 8 000000000000007F
80598.3 38D 8 00000000000000E5
80600.6 39C 8 FF6F000000000000
80602.0 3C3 8 FF00000000000000
80603.3 444 8 0000000000000005
80614.1 539 8 3402800008030000
80615.8 541 8 0000000000000000
80629.5 31C 8 00000000800084F3
80631.2 5EA 8 0000000000000016
80632.8 31D 8 000000000000001F
80634.7 5EB 8 0000000000000007
80636.2 5EC 8 000000000000000F
80645.3 66B 8 7700000000000000
80646.8 66C 8 DF09000000000000
80660.9 444 8 0000000000000005
80676.6 6C0 7 04030100000000
80678.1 3F1 8 0002000000000000
80679.8 663 8 7814E00E00AA0000
80681.3 31C 8 00000000800084F3
80682.8 31D 8 000000000000001F
80691.8 38C 8 000000000000007F
80693.3 38D 8 00000000000000E5
80694.8 39C 8 FF6F000000000000
80707.5 3C3 8 FF00000000000000
80709.0 444 8 0000000000000005
80710.5 6AB 8 0000000000003FA1
80712.0 537 8 8080808080800000
80723.4 538 8 8080008080000080
80725.0 31C 8 00000000800084F3
80726.4 31D 8 000000000000001F
80754.6 444 8 0000000000000005
80770.3 3F1 8 0002000000000000
80771.8 663 8 7814E00E00AA0000
80774.1 31C 8 00000000800084F3
80786.0 31D 8 000000000000001F
80787.5 38C 8 000000000000007F
80788.9 38D 8 00000000000000E5
80801.5 39C 8 FF6F000000000000
80803.1 3C3 8 FF00000000000000
80804.6 444 8 0000000000000005
80817.1 523 8 CD1F7770450E0B02
80818.5 52E 5 603F000000
80832.9 31C 8 00000000800084F3
80834.5 31D 8 000000000000001F
80848.4 444 8 0000000000000005
80864.1 539 8 3402800008030000
80865.7 541 8 0000000000000000
80879.5 6C0 7 04030100000000
80881.1 3F1 8 0002000000000000
80882.4 663 8 7814E00E00AA0000
80883.8 31C 8 00000000800084F3
80885.2 31D 8 000000000000001F
80886.5 38C 8 000000000000007F
80895.3 38D 8 00000000000000E5
80896.8 39C 8 FF6F000000000000
80898.3 3C3 8 FF00000000000000
80910.8 444 8 0000000000000005
80912.5 6AB 8 0000000000003FA1
80914.0 537 8 8080808080800000
80915.5 538 8 8080008080000080
80926.3 31C 8 00000000800084F3
80928.1 31D 8 000000000000001F
80957.8 444 8 0000000000000005
80973.1 3F1 8 0002000000000000
80974.5 663 8 7814E00E00AA0000
80975.8 31C 8 00000000800084F3
80977.6 31D 8 000000000000001F
80988.7 38C 8 000000000000007F
80990.0 38D 8 00000000000000E5
80991.4 39C 8 FF6F000000000000
81004.6 3C3 8 FF00000000000000
81006.1 444 8 0000000000000005
81020.1 31C 8 00000000800084F3
81035.7 31D 8 000000000000001F
81051.6 444 8 0000000000000005
81067.1 6C0 7 04030100000000
81068.7 3F1 8 0002000000000000
81070.0 484 8 0000000000000000
81071.2 523 8 CD1F7770450E0B02
81072.4 52E 5 603F000000
81073.7 585 8 902C00000000003F
81074.8 64C 2 0011
81076.1 663 8 7814E00E00AA0000
81077.3 6B2 8 FFFEFF0F880082C3
81082.7 31C 8 00000000800084F3
81084.4 31D 8 000000000000001F
81085.8 38C 8 000000000000007F
81099.3 38D 8 00000000000000E5
81102.0 39C 8 FF6F000000000000
81104.1 3C3 8 FF00000000000000
81105.8 444 8 0000000000000005
81114.0 5FB 8 1FFFFFFFFF1FF87E
81115.5 539 8 3402800008030000
81117.0 541 8 0000000000000000
81120.5 5FA 8 5B9DC7CC9C46F1FF
81121.9 6AB 8 0000000000003FA1
81123.4 537 8 8080808080800000
81124.9 538 8 8080008080000080
81129.7 31C 8 00000000800084F3
81131.2 5EA 8 0000000000000016
81132.5 31D 8 000000000000001F
81134.3 5EB 8 0000000000000007
81135.9 5EC 8 000000000000000F
81145.4 66B 8 7700000000000000
81147.1 66C 8 DF09000000000000
81160.9 444 8 0000000000000005
81176.5 3F1 8 0002000000000000
81177.9 663 8 7814E00E00AA0000
81179.5 31C 8 00000000800084F3
81180.9 31D 8 000000000000001F
81191.9 38C 8 000000000000007F
81193.4 38D 8 00000000000000E5
81195.1 39C 8 FF6F000000000000
81207.9 3C3 8 FF00000000000000
81209.7 444 8 0000000000000005
81223.3 31C 8 00000000800084F3
81224.7 31D 8 000000000000001F
81254.7 444 8 0000000000000005
81270.2 6C0 7 04030100000000
81272.0 3F1 8 0002000000000000
81273.5 663 8 7814E00E00AA0000
81274.8 31C 8 00000000800084F3
81285.8 31D 8 000000000000001F
81287.3 38C 8 000000000000007F
81288.9 38D 8 00000000000000E5
81301.7 39C 8 FF6F000000000000
81303.3 3C3 8 FF00000000000000
81304.7 444 8 0000000000000005
81306.3 6AB 8 0000000000003FA1
81317.1 537 8 8080808080800000
81318.6 538 8 8080008080000080
81320.2 523 8 CD1F7770450E0B02
81321.7 52E 5 603F000000
81332.7 31C 8 00000000800084F3
81334.3 31D 8 000000000000001F
81348.3 444 8 0000000000000005
81364.0 539 8 3402800008030000
81365.5 541 8 0000000000000000
81379.6 3F1 8 0002000000000000
81381.0 663 8 7814E00E00AA0000
81382.6 31C 8 00000000800084F3
81384.0 31D 8 000000000000001F
81385.7 38C 8 000000000000007F
81395.4 38D 8 00000000000000E5
81397.0 39C 8 FF6F000000000000
81398.5 3C3 8 FF00000000000000
81411.0 444 8 0000000000000005
81426.3 31C 8 00000000800084F3
81427.9 31D 8 000000000000001F
81457.8 444 8 0000000000000005
81473.0 6C0 7 04030100000000
81474.6 3F1 8 0002000000000000
81476.1 663 8 7814E00E00AA0000
81477.5 31C 8 00000000800084F3
81479.0 31D 8 000000000000001F
81488.7 38C 8 000000000000007F
81490.1 38D 8 00000000000000E5
81491.6 39C 8 FF6F000000000000
81504.4 3C3 8 FF00000000000000
81505.9 444 8 0000000000000005
81507.5 6AB 8 0000000000003FA1
81508.8 537 8 8080808080800000
81520.3 538 8 8080008080000080
81521.9 31C 8 00000000800084F3
81535.8 31D 8 000000000000001F
81551.3 444 8 0000000000000005
81567.0 3F1 8 0002000000000000
81568.6 484 8 0000000000000000
81569.9 523 8 CD1F7770450E0B02
81571.3 52E 5 603F000000
81572.6 663 8 7814E00E00AA0000
81582.9 31C 8 00000000800084F3
81584.5 31D 8 000000000000001F
81585.9 38C 8 000000000000007F
81598.3 38D 8 00000000000000E5
81599.9 39C 8 FF6F000000000000
81601.4 3C3 8 FF00000000000000
81602.8 444 8 0000000000000005
81613.9 539 8 3402800008030000
81615.7 541 8 0000000000000000
81629.6 31C 8 00000000800084F3
81631.3 5EA 8 0000000000000016
81632.7 31D 8 000000000000001F
81634.4 5EB 8 0000000000000007
81635.9 5EC 8 000000000000000F
81645.3 66B 8 7700000000000000
81647.5 66C 8 DF09000000000000
81660.9 444 8 0000000000000005
81676.6 6C0 7 04030100000000
81678.0 3F1 8 0002000000000000
81679.6 663 8 7814E00E00AA0000
81681.1 31C 8 00000000800084F3
81682.6 31D 8 000000000000001F
81692.0 38C 8 000000000000007F
81693.5 38D 8 00000000000000E5
81695.0 39C 8 FF6F000000000000
81707.4 3C3 8 FF00000000000000
81708.7 444 8 0000000000000005
81710.0 6AB 8 0000000000003FA1
81711.4 537 8 8080808080800000
81723.5 538 8 8080008080000080
81724.9 31C 8 00000000800084F3
81726.4 31D 8 000000000000001F
81754.5 444 8 0000000000000005
81770.5 3F1 8 0002000000000000
81772.5 663 8 7814E00E00AA0000
81774.5 31C 8 00000000800084F3
81785.7 31D 8 000000000000001F
81787.7 38C 8 000000000000007F
81789.0 38D 8 00000000000000E5
81801.6 39C 8 FF6F000000000000
81803.3 3C3 8 FF00000000000000
81804.7 444 8 0000000000000005
81817.1 523 8 CD1F7770450E0B02
81818.3 52E 5 603F000000
81832.8 31C 8 00000000800084F3
81834.4 31D 8 000000000000001F
81848.4 444 8 0000000000000005
81864.1 539 8 3402800008030000
81865.8 541 8 0000000000000000
81879.7 6C0 7 04030100000000
81881.0 3F1 8 0002000000000000
81882.3 663 8 7814E00E00AA0000
81884.3 31C 8 00000000800084F3
81885.7 31D 8 000000000000001F
81887.3 38C 8 000000000000007F
81895.3 38D 8 00000000000000E5
81906.1 39C 8 FF6F000000000000
81908.0 3C3 8 FF00000000000000
81911.1 444 8 0000000000000005
81912.7 6AB 8 0000000000003FA1
81914.1 537 8 8080808080800000
81915.4 538 8 8080008080000080
81926.3 31C 8 00000000800084F3
81927.7 31D 8 000000000000001F
81957.7 444 8 0000000000000005
81973.1 3F1 8 0002000000000000
81975.9 663 8 7814E00E00AA0000
81978.8 31C 8 00000000800084F3
81981.4 31D 8 000000000000001F
81988.7 38C 8 000000000000007F
81990.0 38D 8 00000000000000E5
81991.6 39C 8 FF6F000000000000
82004.6 3C3 8 FF00000000000000
82006.0 444 8 0000000000000005
82020.2 31C 8 00000000800084F3
82035.8 31D 8 000000000000001F
82051.3 444 8 0000000000000005
82067.2 6C0 7 04030100000000
82068.9 3F1 8 0002000000000000
82070.3 484 8 0000000000000000
82071.6 523 8 CD1F7770450E0B02
82072.9 52E 5 603F000000
82074.2 585 8 902C00000000003F
82075.6 64C 2 0011
82076.9 663 8 7814E00E00AA0000
82078.3 6B2 8 FFFEFF0F880002C4
82082.8 31C 8 00000000800084F3
82084.7 31D 8 000000000000001F
82086.2 38C 8 000000000000007F
82098.3 38D 8 00000000000000E5
82099.9 39C 8 FF6F000000000000
82101.7 3C3 8 FF00000000000000
82103.1 444 8 0000000000000005
82114.0 5FB 8 1FFFFFFFFF1FF87E
82115.7 539 8 3402800008030000
82117.1 541 8 0000000000000000
82118.6 5FA 8 5B9DC7CC9C46F1FF
82120.1 6AB 8 0000000000003FA1
82121.6 537 8 8080808080800000
82123.0 538 8 8080008080000080
82129.6 31C 8 00000000800084F3
82131.1 5EA 8 0000000000000016
82132.5 31D 8 000000000000001F
82134.2 5EB 8 0000000000000007
82135.6 5EC 8 000000000000000F
82145.4 66B 8 7700000000000000
82146.8 66C 8 DF09000000000000
82161.0 444 8 0000000000000005
82176.5 3F1 8 0002000000000000
82178.3 663 8 7814E00E00AA0000
82179.8 31C 8 00000000800084F3
82181.3 31D 8 000000000000001F
82191.8 38C 8 000000000000007F
82193.4 38D 8 00000000000000E5
82194.8 39C 8 FF6F000000000000
82208.0 3C3 8 FF00000000000000
82209.6 444 8 0000000000000005
82223.5 31C 8 00000000800084F3
82225.6 31D 8 000000000000001F
82254.6 444 8 0000000000000005
82270.1 6C0 7 04030100000000
82271.8 3F1 8 0002000000000000
82273.4 663 8 7814E00E00AA0000
82274.8 31C 8 00000000800084F3
82285.8 31D 8 000000000000001F
82287.4 38C 8 000000000000007F
82288.9 38D 8 00000000000000E5
82301.2 39C 8 FF6F000000000000
82302.7 3C3 8 FF00000000000000
82304.2 444 8 0000000000000005
82305.7 6AB 8 0000000000003FA1
82317.1 537 8 8080808080800000
82318.8 538 8 8080008080000080
82320.1 523 8 CD1F7770450E0B02
82321.4 52E 5 603F000000
82332.7 31C 8 00000000800084F3
82334.3 31D 8 000000000000001F
82348.3 444 8 0000000000000005
82364.1 539 8 3402800008030000
82365.5 541 8 0000000000000000
82379.5 3F1 8 0002000000000000
82380.9 663 8 7814E00E00AA0000
82382.5 31C 8 00000000800084F3
82383.9 31D 8 000000000000001F
82385.2 38C 8 000000000000007F
82395.2 38D 8 00000000000000E5
82396.8 39C 8 FF6F000000000000
82398.2 3C3 8 FF00000000000000
82411.0 444 8 0000000000000005
82426.5 31C 8 00000000800084F3
82427.9 31D 8 000000000000001F
82457.7 444 8 0000000000000005
82473.8 6C0 7 04030100000000
82479.8 3F1 8 0002000000000000
82487.1 663 8 7814E00E00AA0000
82489.8 31C 8 00000000800084F3
82491.2 31D 8 000000000000001F
82504.3 38C 8 000000000000007F
82505.8 38D 8 00000000000000E5
82507.2 39C 8 FF6F000000000000
82508.7 3C3 8 FF00000000000000
82510.3 444 8 0000000000000005
82511.7 6AB 8 0000000000003FA1
82513.2 537 8 8080808080800000
82520.4 538 8 8080008080000080
82522.1 31C 8 00000000800084F3
82535.8 31D 8 000000000000001F
82551.4 444 8 0000000000000005
82567.1 3F1 8 0002000000000000
82568.5 484 8 0000000000000000
82569.9 523 8 CD1F7770450E0B02
82571.3 52E 5 603F000000
82572.7 663 8 7814E00E00AA0000
82582.8 31C 8 00000000800084F3
82584.5 31D 8 000000000000001F
82586.0 38C 8 000000000000007F
82598.3 38D 8 00000000000000E5
82599.8 39C 8 FF6F000000000000
82601.3 3C3 8 FF00000000000000
82614.0 444 8 0000000000000005
82615.4 539 8 3402800008030000
82616.7 541 8 0000000000000000
82629.6 31C 8 00000000800084F3
82631.3 5EA 8 0000000000000016
82632.8 31D 8 000000000000001F
82634.4 5EB 8 0000000000000007
82635.7 5EC 8 000000000000000F
82645.2 66B 8 7700000000000000
82646.8 66C 8 DF09000000000000
82660.8 444 8 0000000000000005
82676.4 6C0 7 04030100000000
82678.3 3F1 8 0002000000000000
82679.7 663 8 7814E00E00AA0000
82681.0 31C 8 00000000800084F3
82682.4 31D 8 000000000000001F
82691.8 38C 8 000000000000007F
82693.3 38D 8 00000000000000E5
82694.8 39C 8 FF6F000000000000
82707.5 3C3 8 FF00000000000000
82710.2 444 8 0000000000000005
82711.7 6AB 8 0000000000003FA1
82713.1 537 8 8080808080800000
82723.5 538 8 8080008080000080
82724.9 31C 8 00000000800084F3
82726.6 31D 8 000000000000001F
82754.7 444 8 0000000000000005
82770.3 3F1 8 0002000000000000
82771.8 663 8 7814E00E00AA0000
82773.4 31C 8 00000000800084F3
82785.8 31D 8 000000000000001F
82787.6 38C 8 000000000000007F
82788.9 38D 8 00000000000000E5
82801.5 39C 8 FF6F000000000000
82803.0 3C3 8 FF00000000000000
82804.3 444 8 0000000000000005
82817.1 523 8 CD1F7770450E0B02
82818.6 52E 5 603F000000
82832.8 31C 8 00000000800084F3
82834.3 31D 8 000000000000001F
82848.5 444 8 0000000000000005
82864.1 539 8 3402800008030000
82865.6 541 8 0000000000000000
82879.8 6C0 7 04030100000000
82881.2 3F1 8 0002000000000000
82882.5 663 8 7814E00E00AA0000
82884.6 31C 8 00000000800084F3
82886.2 31D 8 000000000000001F
82887.6 38C 8 000000000000007F
82895.2 38D 8 00000000000000E5
82897.6 39C 8 FF6F000000000000
82898.9 3C3 8 FF00000000000000
82910.8 444 8 0000000000000005
82912.2 6AB 8 0000000000003FA1
82913.6 537 8 8080808080800000
82914.9 538 8 8080008080000080
82926.5 31C 8 00000000800084F3
82928.2 31D 8 000000000000001F
82957.8 444 8 0000000000000005
82973.1 3F1 8 0002000000000000
82974.9 663 8 7814E00E00AA0000
82976.5 31C 8 00000000800084F3
82978.2 31D 8 000000000000001F
82988.8 38C 8 000000000000007F
82990.2 38D 8 00000000000000E5
82991.6 39C 8 FF6F000000000000
83004.5 3C3 8 FF00000000000000
83005.8 444 8 0000000000000005
83020.2 31C 8 00000000800084F3
83035.9 31D 8 000000000000001F
83051.5 444 8 0000000000000005
83067.2 6C0 7 04030100000000
83068.9 3F1 8 0002000000000000
83070.2 484 8 0000000000000000
83071.4 523 8 CD1F7770450E0B02
83072.7 52E 5 603F000000
83074.1 585 8 902C00000000003F
83075.3 64C 2 0011
83076.5 663 8 7814E00E00AA0000
83077.6 6B2 8 FFFEFF0F880082C4
83082.5 31C 8 00000000800084F3
83085.6 31D 8 000000000000001F
83087.5 38C 8 000000000000007F
83098.4 38D 8 00000000000000E5
83099.8 39C 8 FF6F000000000000
83101.4 3C3 8 FF00000000000000
83103.3 444 8 0000000000000005
83114.1 5FB 8 1FFFFFFFFF1FF87E
83115.6 539 8 3402800008030000
83117.2 541 8 0000000000000000
83118.8 5FA 8 5B9DC7CC9C46F1FF
83120.2 6AB 8 0000000000003FA1
83121.6 537 8 8080808080800000
83123.0 538 8 8080008080000080
83129.6 31C 8 00000000800084F3
83131.2 5EA 8 0000000000000016
83132.6 31D 8 000000000000001F
83134.0 5EB 8 0000000000000007
83135.4 5EC 8 000000000000000F
83145.2 66B 8 7700000000000000
83146.6 66C 8 DF09000000000000
83160.8 444 8 0000000000000005
83176.4 3F1 8 0002000000000000
83178.1 663 8 7814E00E00AA0000
83179.7 31C 8 00000000800084F3
83181.3 31D 8 000000000000001F
83191.9 38C 8 000000000000007F
83193.4 38D 8 00000000000000E5
83194.7 39C 8 FF6F000000000000
83207.9 3C3 8 FF00000000000000
83209.5 444 8 0000000000000005
83223.4 31C 8 00000000800084F3
83226.0 31D 8 000000000000001F
83254.7 444 8 0000000000000005
83270.3 6C0 7 04030100000000
83272.1 3F1 8 0002000000000000
83273.7 663 8 7814E00E00AA0000
83275.2 31C 8 00000000800084F3
83285.7 31D 8 000000000000001F
83287.2 38C 8 000000000000007F
83288.8 38D 8 00000000000000E5
83301.2 39C 8 FF6F000000000000
83302.8 3C3 8 FF00000000000000
83304.3 444 8 0000000000000005
83305.8 6AB 8 0000000000003FA1
83317.2 537 8 8080808080800000
83318.7 538 8 8080008080000080
83320.3 523 8 CD1F7770450E0B02
83321.6 52E 5 603F000000
83332.8 31C 8 00000000800084F3
83334.3 31D 8 000000000000001F
83348.4 444 8 0000000000000005
83364.1 539 8 3402800008030000
83365.7 541 8 0000000000000000
83379.6 3F1 8 0002000000000000
83381.2 663 8 7814E00E00AA0000
83382.9 31C 8 00000000800084F3
83384.5 31D 8 000000000000001F
83386.0 38C 8 000000000000007F
83395.3 38D 8 00000000000000E5
83396.9 39C 8 FF6F000000000000
83398.5 3C3 8 FF00000000000000
83411.0 444 8 0000000000000005
83426.4 31C 8 00000000800084F3
83428.0 31D 8 000000000000001F
83457.6 444 8 0000000000000005
83473.2 6C0 7 04030100000000
83474.8 3F1 8 0002000000000000
83476.2 663 8 7814E00E00AA0000
83477.7 31C 8 00000000800084F3
83479.1 31D 8 000000000000001F
83488.7 38C 8 000000000000007F
83490.2 38D 8 00000000000000E5
83491.7 39C 8 FF6F000000000000
83504.4 3C3 8 FF00000000000000
83505.8 444 8 0000000000000005
83507.1 6AB 8 0000000000003FA1
83508.7 537 8 8080808080800000
83520.2 538 8 8080008080000080
83521.8 31C 8 00000000800084F3
83535.8 31D 8 000000000000001F
83551.6 444 8 0000000000000005
83567.2 3F1 8 0002000000000000
83568.9 484 8 0000000000000000
83570.2 523 8 CD1F7770450E0B02
83571.5 52E 5 603F000000
83572.7 663 8 7814E00E00AA0000
83582.7 31C 8 00000000800084F3
83584.6 31D 8 000000000000001F
83586.7 38C 8 000000000000007F
83598.4 38D 8 00000000000000E5
83600.0 39C 8 FF6F000000000000
83601.5 3C3 8 FF00000000000000
83604.3 444 8 0000000000000005
83613.9 539 8 3402800008030000
83616.7 541 8 0000000000000000
83629.6 31C 8 00000000800084F3
83631.2 5EA 8 0000000000000016
83632.7 31D 8 000000000000001F
83634.4 5EB 8 0000000000000007
83635.8 5EC 8 000000000000000F
83645.2 66B 8 7700000000000000
83647.1 66C 8 DF09000000000000
83660.8 444 8 0000000000000005
83676.4 6C0 7 04030100000000
83678.0 3F1 8 0002000000000000
83679.4 663 8 7814E00E00AA0000
83680.9 31C 8 00000000800084F3
83682.2 31D 8 000000000000001F
83691.8 38C 8 000000000000007F
83693.5 38D 8 00000000000000E5
83695.0 39C 8 FF6F000000000000
83707.5 3C3 8 FF00000000000000
83709.3 444 8 0000000000000005
83710.7 6AB 8 0000000000003FA1
83712.0 537 8 8080808080800000
83723.5 538 8 8080008080000080
83725.1 31C 8 00000000800084F3
83726.6 31D 8 000000000000001F
83754.5 444 8 0000000000000005
83770.5 3F1 8 0002000000000000
83772.1 663 8 7814E00E00AA0000
83773.6 31C 8 00000000800084F3
83785.9 31D 8 000000000000001F
83787.7 38C 8 000000000000007F
83789.2 38D 8 00000000000000E5
83801.6 39C 8 FF6F000000000000
83803.3 3C3 8 FF00000000000000
83804.8 444 8 0000000000000005
83817.2 523 8 CD1F7770450E0B02
83818.9 52E 5 603F000000
83832.7 31C 8 00000000800084F3
83834.0 31D 8 000000000000001F
83848.4 444 8 0000000000000005
83864.2 539 8 3402800008030000
83865.7 541 8 0000000000000000
83866.9 6C0 7 04030100000000
83879.6 3F1 8 0002000000000000
83881.2 663 8 7814E00E00AA0000
83882.5 31C 8 00000000800084F3
83883.9 31D 8 000000000000001F
83885.2 38C 8 000000000000007F
83895.4 38D 8 00000000000000E5
83896.9 39C 8 FF6F000000000000
83898.3 3C3 8 FF00000000000000
83910.9 444 8 0000000000000005
83912.7 6AB 8 0000000000003FA1
83914.0 537 8 8080808080800000
83915.2 538 8 8080008080000080
83926.6 31C 8 00000000800084F3
83928.2 31D 8 000000000000001F
83957.8 444 8 0000000000000005
83973.0 3F1 8 0002000000000000
83974.8 663 8 7814E00E00AA0000
83977.3 31C 8 00000000800084F3
83988.9 31D 8 000000000000001F
83990.6 38C 8 000000000000007F
83992.5 38D 8 00000000000000E5
83994.1 39C 8 FF6F000000000000
84004.6 3C3 8 FF00000000000000
84006.0 444 8 0000000000000005
84020.3 31C 8 00000000800084F3
84035.9 31D 8 000000000000001F
84051.5 444 8 0000000000000005
84067.2 6C0 7 04030100000000
84068.7 3F1 8 0002000000000000
84070.0 484 8 0000000000000000
84071.3 523 8 CD1F7770450E0B02
84072.5 52E 5 603F000000
84073.8 585 8 902C00000000003F
84074.9 64C 2 0011
84075.9 663 8 7814E00E00AA0000
84077.1 6B2 8 FFFEFF0F880002C5
84082.7 31C 8 00000000800084F3
84084.3 31D 8 000000000000001F
84085.6 38C 8 000000000000007F
84098.6 38D 8 00000000000000E5
84100.7 39C 8 FF6F000000000000
84102.5 3C3 8 FF00000000000000
84113.8 444 8 0000000000000005
84115.3 5FB 8 1FFFFFFFFF1FF87E
84116.6 539 8 3402800008030000
84118.0 541 8 0000000000000000
84120.5 5FA 8 5B9DC7CC9C46F1FF
84122.4 6AB 8 0000000000003FA1
84125.4 537 8 8080808080800000
84126.8 538 8 8080008080000080
84129.8 31C 8 00000000800084F3
84131.4 5EA 8 0000000000000016
84132.8 31D 8 000000000000001F
84134.2 5EB 8 0000000000000007
84135.5 5EC 8 000000000000000F
84145.5 66B 8 7700000000000000
84146.9 66C 8 DF09000000000000
84160.9 444 8 0000000000000005
84176.3 3F1 8 0002000000000000
84177.8 663 8 7814E00E00AA0000
84179.3 31C 8 00000000800084F3
84180.9 31D 8 000000000000001F
84191.8 38C 8 000000000000007F
84193.3 38D 8 00000000000000E5
84194.8 39C 8 FF6F000000000000
84208.0 3C3 8 FF00000000000000
84209.7 444 8 0000000000000005
84223.4 31C 8 00000000800084F3
84225.3 31D 8 000000000000001F
84254.7 444 8 0000000000000005
84270.1 6C0 7 04030100000000
84272.5 3F1 8 0002000000000000
84274.0 663 8 7814E00E00AA0000
84275.4 31C 8 00000000800084F3
84285.9 31D 8 000000000000001F
84287.5 38C 8 000000000000007F
84289.1 38D 8 00000000000000E5
84301.4 39C 8 FF6F000000000000
84304.2 3C3 8 FF00000000000000
84305.8 444 8 0000000000000005
84307.5 6AB 8 0000000000003FA1
84317.6 537 8 8080808080800000
84319.1 538 8 8080008080000080
84320.5 523 8 CD1F7770450E0B02
84321.9 52E 5 603F000000
84333.4 31C 8 00000000800084F3
84335.1 31D 8 000000000000001F
84348.8 444 8 0000000000000005
84364.6 539 8 3402800008030000
84366.1 541 8 0000000000000000
84367.7 3F1 8 0002000000000000
84369.1 663 8 7814E00E00AA0000
84380.5 31C 8 00000000800084F3
84382.0 31D 8 000000000000001F
84383.5 38C 8 000000000000007F
84396.1 38D 8 00000000000000E5
84397.7 39C 8 FF6F000000000000
84399.2 3C3 8 FF00000000000000
84411.6 444 8 0000000000000005
84427.3 31C 8 00000000800084F3
84428.9 31D 8 000000000000001F
84458.4 444 8 0000000000000005
84474.2 6C0 7 04030100000000
84475.9 3F1 8 0002000000000000
84477.1 663 8 7814E00E00AA0000
84478.6 31C 8 00000000800084F3
84480.1 31D 8 000000000000001F
84489.8 38C 8 000000000000007F
84492.1 38D 8 00000000000000E5
84493.5 39C 8 FF6F000000000000
84505.5 3C3 8 FF00000000000000
84507.3 444 8 0000000000000005
84509.1 6AB 8 0000000000003FA1
84510.5 537 8 8080808080800000
84521.3 538 8 8080008080000080
84523.2 31C 8 00000000800084F3
84536.6 31D 8 000000000000001F
84552.1 444 8 0000000000000005
84567.7 3F1 8 0002000000000000
84569.0 484 8 0000000000000000
84570.3 523 8 CD1F7770450E0B02
84571.6 52E 5 603F000000
84572.9 663 8 7814E00E00AA0000
84583.6 31C 8 00000000800084F3
84585.4 31D 8 000000000000001F
84586.8 38C 8 000000000000007F
84588.2 38D 8 00000000000000E5
84599.0 39C 8 FF6F000000000000
84600.7 3C3 8 FF00000000000000
84602.7 444 8 0000000000000005
84614.8 539 8 3402800008030000
84619.3 541 8 0000000000000000
84630.2 31C 8 00000000800084F3
84631.8 5EA 8 0000000000000016
84633.4 31D 8 000000000000001F
84635.1 5EB 8 0000000000000007
84638.5 5EC 8 000000000000000F
84646.3 66B 8 7700000000000000
84647.8 66C 8 DF09000000000000
84661.6 444 8 0000000000000005
84677.4 6C0 7 04030100000000
84678.9 3F1 8 0002000000000000
84680.4 663 8 7814E00E00AA0000
84681.9 31C 8 00000000800084F3
84683.4 31D 8 000000000000001F
84693.0 38C 8 000000000000007F
84694.5 38D 8 00000000000000E5
84696.1 39C 8 FF6F000000000000
84708.8 3C3 8 FF00000000000000
84710.2 444 8 0000000000000005
84711.7 6AB 8 0000000000003FA1
84713.1 537 8 8080808080800000
84714.6 538 8 8080008080000080
84723.8 31C 8 00000000800084F3
84725.4 31D 8 000000000000001F
84755.7 444 8 0000000000000005
84770.7 3F1 8 0002000000000000
84772.4 663 8 7814E00E00AA0000
84773.9 31C 8 00000000800084F3
84786.4 31D 8 000000000000001F
84788.2 38C 8 000000000000007F
84790.1 38D 8 00000000000000E5
84802.0 39C 8 FF6F000000000000
84803.5 3C3 8 FF00000000000000
84805.0 444 8 0000000000000005
84817.7 523 8 CD1F7770450E0B02
84819.2 52E 5 603F000000
84833.7 31C 8 00000000800084F3
84835.2 31D 8 000000000000001F
84848.9 444 8 0000000000000005
84864.8 539 8 3402800008030000
84866.4 541 8 0000000000000000
84867.8 6C0 7 04030100000000
84869.2 3F1 8 0002000000000000
84870.5 663 8 7814E00E00AA0000
84880.5 31C 8 00000000800084F3
84882.1 31D 8 000000000000001F
84883.6 38C 8 000000000000007F
84896.2 38D 8 00000000000000E5
84897.7 39C 8 FF6F000000000000
84899.3 3C3 8 FF00000000000000
84911.7 444 8 0000000000000005
84913.4 6AB 8 0000000000003FA1
84914.8 537 8 8080808080800000
84916.2 538 8 8080008080000080
84927.3 31C 8 00000000800084F3
84928.7 31D 8 000000000000001F
84958.5 444 8 0000000000000005
84974.1 3F1 8 0002000000000000
84975.5 663 8 7814E00E00AA0000
84976.9 31C 8 00000000800084F3
84978.5 31D 8 000000000000001F
84989.8 38C 8 000000000000007F
84991.8 38D 8 00000000000000E5
84993.6 39C 8 FF6F000000000000
85005.5 3C3 8 FF00000000000000
85007.0 444 8 0000000000000005
85020.8 31C 8 00000000800084F3
85036.7 31D 8 000000000000001F
85052.0 444 8 0000000000000005
85067.7 6C0 7 04030100000000
85069.2 3F1 8 0002000000000000
85070.8 484 8 0000000000000000
85072.1 523 8 CD1F7770450E0B02
85073.4 52E 5 603F000000
85074.7 585 8 902C00000000003F
85075.9 64C 2 0011
85077.1 663 8 7814E00E00AA0000
85078.3 6B2 8 FFFEFF0F880082C5
85083.5 31C 8 00000000800084F3
85085.1 31D 8 000000000000001F
85086.7 38C 8 000000000000007F
85088.3 38D 8 00000000000000E5
85099.0 39C 8 FF6F000000000000
85100.5 3C3 8 FF00000000000000
85102.1 444 8 0000000000000005
85114.9 5FB 8 1FFFFFFFFF1FF87E
85116.8 539 8 3402800008030000
85118.5 541 8 0000000000000000
85119.9 5FA 8 5B9DC7CC9C46F1FF
85121.5 6AB 8 0000000000003FA1
85123.0 537 8 8080808080800000
85124.3 538 8 8080008080000080
85130.1 31C 8 00000000800084F3
85131.7 5EA 8 0000000000000016
85133.1 31D 8 000000000000001F
85134.7 5EB 8 0000000000000007
85136.3 5EC 8 000000000000000F
85146.1 66B 8 7700000000000000
85147.4 66C 8 DF09000000000000
85161.6 444 8 0000000000000005
85177.3 3F1 8 0002000000000000
85179.9 663 8 7814E00E00AA0000
85181.3 31C 8 00000000800084F3
85182.9 31D 8 000000000000001F
85192.9 38C 8 000000000000007F
85194.5 38D 8 00000000000000E5
85196.1 39C 8 FF6F000000000000
85208.7 3C3 8 FF00000000000000
85210.3 444 8 0000000000000005
85223.9 31C 8 00000000800084F3
85225.5 31D 8 000000000000001F
85255.5 444 8 0000000000000005
85270.9 6C0 7 04030100000000
85272.6 3F1 8 0002000000000000
85274.0 663 8 7814E00E00AA0000
85275.5 31C 8 00000000800084F3
85286.5 31D 8 000000000000001F
85288.0 38C 8 000000000000007F
85289.4 38D 8 00000000000000E5
85302.0 39C 8 FF6F000000000000
85303.4 3C3 8 FF00000000000000
85304.9 444 8 0000000000000005
85306.5 6AB 8 0000000000003FA1
85317.7 537 8 8080808080800000
85319.2 538 8 8080008080000080
85320.5 523 8 CD1F7770450E0B02
85321.9 52E 5 603F000000
85333.7 31C 8 00000000800084F3
85335.2 31D 8 000000000000001F
85348.9 444 8 0000000000000005
85364.9 539 8 3402800008030000
85367.1 541 8 0000000000000000
85368.4 3F1 8 0002000000000000
85370.0 663 8 7814E00E00AA0000
85380.4 31C 8 00000000800084F3
85382.0 31D 8 000000000000001F
85383.6 38C 8 000000000000007F
85396.1 38D 8 00000000000000E5
85397.7 39C 8 FF6F000000000000
85399.2 3C3 8 FF00000000000000
85411.6 444 8 0000000000000005
85427.2 31C 8 00000000800084F3
85428.8 31D 8 000000000000001F
85458.5 444 8 0000000000000005
85474.1 6C0 7 04030100000000
85475.8 3F1 8 0002000000000000
85477.4 663 8 7814E00E00AA0000
85478.9 31C 8 00000000800084F3
85480.3 31D 8 000000000000001F
85489.7 38C 8 000000000000007F
85491.4 38D 8 00000000000000E5
85493.2 39C 8 FF6F000000000000
85505.2 3C3 8 FF00000000000000
85506.6 444 8 0000000000000005
85508.3 6AB 8 0000000000003FA1
85509.8 537 8 8080808080800000
85521.0 538 8 8080008080000080
85522.8 31C 8 00000000800084F3
85536.5 31D 8 000000000000001F
85552.0 444 8 0000000000000005
85567.7 3F1 8 0002000000000000
85569.0 484 8 0000000000000000
85570.2 523 8 CD1F7770450E0B02
85571.3 52E 5 603F000000
85572.5 663 8 7814E00E00AA0000
85583.6 31C 8 00000000800084F3
85585.2 31D 8 000000000000001F
85586.6 38C 8 000000000000007F
85588.2 38D 8 00000000000000E5
85598.9 39C 8 FF6F000000000000
85600.2 3C3 8 FF00000000000000
85601.5 444 8 0000000000000005
85614.9 539 8 3402800008030000
85616.8 541 8 0000000000000000
85630.2 31C 8 00000000800084F3
85631.5 5EA 8 0000000000000016
85632.9 31D 8 000000000000001F
85634.2 5EB 8 0000000000000007
85635.4 5EC 8 000000000000000F
85646.0 66B 8 7700000000000000
85648.5 66C 8 DF09000000000000
85661.7 444 8 0000000000000005
85677.3 6C0 7 04030100000000
85679.1 3F1 8 0002000000000000
85680.4 663 8 7814E00E00AA0000
85681.7 31C 8 00000000800084F3
85683.4 31D 8 000000000000001F
85692.9 38C 8 000000000000007F
85694.6 38D 8 00000000000000E5
85696.0 39C 8 FF6F000000000000
85708.7 3C3 8 FF00000000000000
85710.1 444 8 0000000000000005
85712.6 6AB 8 0000000000003FA1
85713.9 537 8 8080808080800000
85715.2 538 8 8080008080000080
85723.8 31C 8 00000000800084F3
85725.8 31D 8 000000000000001F
85755.5 444 8 0000000000000005
85770.8 3F1 8 0002000000000000
85772.5 663 8 7814E00E00AA0000
85774.5 31C 8 00000000800084F3
85786.8 31D 8 000000000000001F
85789.9 38C 8 000000000000007F
85791.7 38D 8 00000000000000E5
85802.0 39C 8 FF6F000000000000
85803.4 3C3 8 FF00000000000000
85805.1 444 8 0000000000000005
85817.7 523 8 CD1F7770450E0B02
85819.2 52E 5 603F000000
85833.7 31C 8 00000000800084F3
85835.2 31D 8 000000000000001F
85848.9 444 8 0000000000000005
85864.6 539 8 3402800008030000
85866.3 541 8 0000000000000000
85867.8 6C0 7 04030100000000
85869.2 3F1 8 0002000000000000
85880.8 663 8 7814E00E00AA0000
85882.7 31C 8 00000000800084F3
85884.5 31D 8 000000000000001F
85886.2 38C 8 000000000000007F
85896.2 38D 8 00000000000000E5
85897.7 39C 8 FF6F000000000000
85899.9 3C3 8 FF00000000000000
85911.7 444 8 0000000000000005
85913.3 6AB 8 0000000000003FA1
85914.7 537 8 8080808080800000
85916.3 538 8 8080008080000080
85927.0 31C 8 00000000800084F3
85928.6 31D 8 000000000000001F
85958.6 444 8 0000000000000005
85974.2 3F1 8 0002000000000000
85978.9 663 8 7814E00E00AA0000
85980.6 31C 8 00000000800084F3
85982.0 31D 8 000000000000001F
85989.8 38C 8 000000000000007F
85991.4 38D 8 00000000000000E5
85992.9 39C 8 FF6F000000000000
86005.2 3C3 8 FF00000000000000
86006.6 444 8 0000000000000005
86021.2 31C 8 00000000800084F3
86036.7 31D 8 000000000000001F
86052.0 444 8 0000000000000005
86067.6 6C0 7 04030100000000
86069.1 3F1 8 0002000000000000
86070.5 484 8 0000000000000000
86071.8 523 8 CD1F7770450E0B02
86073.1 52E 5 603F000000
86074.3 585 8 902C00000000003F
86075.7 64C 2 0011
86076.9 663 8 7814E00E00AA0000
86078.4 6B2 8 FFFEFF0F880002C6
86083.6 31C 8 00000000800084F3
86086.1 31D 8 000000000000001F
86087.5 38C 8 000000000000007F
86088.8 38D 8 00000000000000E5
86098.8 39C 8 FF6F000000000000
86100.4 3C3 8 FF00000000000000
86101.9 444 8 0000000000000005
86114.9 5FB 8 1FFFFFFFFF1FF87E
86116.6 539 8 3402800008030000
86118.2 541 8 0000000000000000
86119.6 5FA 8 5B9DC7CC9C46F1FF
86121.0 6AB 8 0000000000003FA1
86122.5 537 8 8080808080800000
86123.9 538 8 8080008080000080
86130.1 31C 8 00000000800084F3
86131.7 5EA 8 0000000000000016
86133.3 31D 8 000000000000001F
86134.8 5EB 8 0000000000000007
86136.3 5EC 8 000000000000000F
86146.2 66B 8 7700000000000000
86147.6 66C 8 DF09000000000000
86161.7 444 8 0000000000000005
86177.3 3F1 8 0002000000000000
86178.9 663 8 7814E00E00AA0000
86180.4 31C 8 00000000800084F3
86181.9 31D 8 000000000000001F
86193.0 38C 8 000000000000007F
86194.7 38D 8 00000000000000E5
86196.3 39C 8 FF6F000000000000
86208.4 3C3 8 FF00000000000000
86209.8 444 8 0000000000000005
86224.0 31C 8 00000000800084F3
86225.7 31D 8 000000000000001F
86255.2 444 8 0000000000000005
86270.9 6C0 7 04030100000000
86272.7 3F1 8 0002000000000000
86275.0 663 8 7814E00E00AA0000
86276.3 31C 8 00000000800084F3
86286.4 31D 8 000000000000001F
86288.1 38C 8 000000000000007F
86289.4 38D 8 00000000000000E5
86302.1 39C 8 FF6F000000000000
86303.6 3C3 8 FF00000000000000
86305.0 444 8 0000000000000005
86306.5 6AB 8 0000000000003FA1
86317.6 537 8 8080808080800000
86319.1 538 8 8080008080000080
86320.5 523 8 CD1F7770450E0B02
86321.9 52E 5 603F000000
86333.6 31C 8 00000000800084F3
86335.1 31D 8 000000000000001F
86348.8 444 8 0000000000000005
86364.6 539 8 3402800008030000
86366.0 541 8 0000000000000000
86367.6 3F1 8 0002000000000000
86369.1 663 8 7814E00E00AA0000
86380.4 31C 8 00000000800084F3
86382.0 31D 8 000000000000001F
86383.4 38C 8 000000000000007F
86396.1 38D 8 00000000000000E5
86397.6 39C 8 FF6F000000000000
86399.0 3C3 8 FF00000000000000
86411.6 444 8 0000000000000005
86427.3 31C 8 00000000800084F3
86428.9 31D 8 000000000000001F
86458.7 444 8 0000000000000005
86474.3 6C0 7 04030100000000
86475.7 3F1 8 0002000000000000
86477.0 663 8 7814E00E00AA0000
86478.3 31C 8 00000000800084F3
86479.7 31D 8 000000000000001F
86489.8 38C 8 000000000000007F
86491.5 38D 8 00000000000000E5
86493.1 39C 8 FF6F000000000000
86505.1 3C3 8 FF00000000000000
86506.7 444 8 0000000000000005
86508.4 6AB 8 0000000000003FA1
86509.8 537 8 8080808080800000
86521.2 538 8 8080008080000080
86522.7 31C 8 00000000800084F3
86536.6 31D 8 000000000000001F
86551.9 444 8 0000000000000005
86567.6 3F1 8 0002000000000000
86569.0 484 8 0000000000000000
86570.4 523 8 CD1F7770450E0B02
86571.7 52E 5 603F000000
86573.0 663 8 7814E00E00AA0000
86583.7 31C 8 00000000800084F3
86585.2 31D 8 000000000000001F
86586.8 38C 8 000000000000007F
86588.4 38D 8 00000000000000E5
86598.8 39C 8 FF6F000000000000
86600.3 3C3 8 FF00000000000000
86601.7 444 8 0000000000000005
86614.7 539 8 3402800008030000
86616.4 541 8 0000000000000000
86630.1 31C 8 00000000800084F3
86631.6 5EA 8 0000000000000016
86633.0 31D 8 000000000000001F
86634.6 5EB 8 0000000000000007
86636.2 5EC 8 000000000000000F
86646.0 66B 8 7700000000000000
86647.5 66C 8 DF09000000000000
86661.7 444 8 0000000000000005
86677.2 6C0 7 04030100000000
86678.9 3F1 8 0002000000000000
86680.3 663 8 7814E00E00AA0000
86681.7 31C 8 00000000800084F3
86683.2 31D 8 000000000000001F
86692.9 38C 8 000000000000007F
86694.5 38D 8 00000000000000E5
86696.0 39C 8 FF6F000000000000
86708.3 3C3 8 FF00000000000000
86710.0 444 8 0000000000000005
86711.6 6AB 8 0000000000003FA1
86713.1 537 8 8080808080800000
86714.5 538 8 8080008080000080
86723.8 31C 8 00000000800084F3
86725.4 31D 8 000000000000001F
86755.5 444 8 0000000000000005
86770.7 3F1 8 0002000000000000
86772.3 663 8 7814E00E00AA0000
86773.9 31C 8 00000000800084F3
86786.5 31D 8 000000000000001F
86788.0 38C 8 000000000000007F
86789.5 38D 8 00000000000000E5
86802.0 39C 8 FF6F000000000000
86804.0 3C3 8 FF00000000000000
86805.3 444 8 0000000000000005
86817.8 523 8 CD1F7770450E0B02
86819.8 52E 5 603F000000
86833.7 31C 8 00000000800084F3
86835.1 31D 8 000000000000001F
86848.9 444 8 0000000000000005
86864.6 539 8 3402800008030000
86865.9 541 8 0000000000000000
86867.3 6C0 7 04030100000000
86869.1 3F1 8 0002000000000000
86880.5 663 8 7814E00E00AA0000
86881.8 31C 8 00000000800084F3
86883.3 31D 8 000000000000001F
86884.6 38C 8 000000000000007F
86896.6 38D 8 00000000000000E5
86898.1 39C 8 FF6F000000000000
86899.4 3C3 8 FF00000000000000
86911.6 444 8 0000000000000005
86913.0 6AB 8 0000000000003FA1
86914.2 537 8 8080808080800000
86915.5 538 8 8080008080000080
86927.3 31C 8 00000000800084F3
86928.6 31D 8 000000000000001F
86958.6 444 8 0000000000000005
86974.2 3F1 8 0002000000000000
86975.6 663 8 7814E00E00AA0000
86977.2 31C 8 00000000800084F3
86978.6 31D 8 000000000000001F
86989.7 38C 8 000000000000007F
86991.9 38D 8 00000000000000E5
86993.3 39C 8 FF6F000000000000
87005.9 3C3 8 FF00000000000000
87007.6 444 8 0000000000000005
87021.0 31C 8 00000000800084F3
87036.7 31D 8 000000000000001F
87052.0 444 8 0000000000000005
87067.6 6C0 7 04030100000000
87069.0 3F1 8 0002000000000000
87070.3 484 8 0000000000000000
87071.4 523 8 CD1F7770450E0B02
87072.7 52E 5 603F000000
87074.0 585 8 902C00000000003F
87075.1 64C 2 0011
87076.4 663 8 7814E00E00AA0000
87077.6 6B2 8 FFFEFF0F880082C6
87083.5 31C 8 00000000800084F3
87085.5 31D 8 000000000000001F
87087.1 38C 8 000000000000007F
87088.6 38D 8 00000000000000E5
87098.9 39C 8 FF6F000000000000
87100.3 3C3 8 FF00000000000000
87101.7 444 8 0000000000000005
87115.2 5FB 8 1FFFFFFFFF1FF87E
87117.1 539 8 3402800008030000
87118.6 541 8 0000000000000000
87120.2 5FA 8 5B9DC7CC9C46F1FF
87121.9 6AB 8 0000000000003FA1
87123.9 537 8 8080808080800000
87125.3 538 8 8080008080000080
87130.2 31C 8 00000000800084F3
87131.9 5EA 8 0000000000000016
87134.2 31D 8 000000000000001F
87135.5 5EB 8 0000000000000007
87136.9 5EC 8 000000000000000F
87146.0 66B 8 7700000000000000
87147.5 66C 8 DF09000000000000
87161.7 444 8 0000000000000005
87176.9 3F1 8 0002000000000000
87178.4 663 8 7814E00E00AA0000
87179.7 31C 8 00000000800084F3
87181.3 31D 8 000000000000001F
87192.9 38C 8 000000000000007F
87194.4 38D 8 00000000000000E5
87195.9 39C 8 FF6F000000000000
87208.5 3C3 8 FF00000000000000
87210.3 444 8 0000000000000005
87223.9 31C 8 00000000800084F3
87225.5 31D 8 000000000000001F
87255.6 444 8 0000000000000005
87270.8 6C0 7 04030100000000
87272.6 3F1 8 0002000000000000
87274.2 663 8 7814E00E00AA0000
87275.7 31C 8 00000000800084F3
87286.5 31D 8 000000000000001F
87288.0 38C 8 000000000000007F
87289.8 38D 8 00000000000000E5
87302.0 39C 8 FF6F000000000000
87303.8 3C3 8 FF00000000000000
87305.2 444 8 0000000000000005
87306.6 6AB 8 0000000000003FA1
87317.7 537 8 8080808080800000
87319.9 538 8 8080008080000080
87321.2 523 8 CD1F7770450E0B02
87322.4 52E 5 603F000000
87333.7 31C 8 00000000800084F3
87338.3 31D 8 000000000000001F
87348.8 444 8 0000000000000005
87364.7 539 8 3402800008030000
87366.2 541 8 0000000000000000
87367.6 3F1 8 0002000000000000
87369.2 663 8 7814E00E00AA0000
87380.4 31C 8 00000000800084F3
87382.0 31D 8 000000000000001F
87383.5 38C 8 000000000000007F
87396.2 38D 8 00000000000000E5
87397.9 39C 8 FF6F000000000000
87399.5 3C3 8 FF00000000000000
87411.6 444 8 0000000000000005
87427.0 31C 8 00000000800084F3
87428.5 31D 8 000000000000001F
87458.4 444 8 0000000000000005
87474.2 6C0 7 04030100000000
87475.7 3F1 8 0002000000000000
87477.2 663 8 7814E00E00AA0000
87478.6 31C 8 00000000800084F3
87480.1 31D 8 000000000000001F
87489.7 38C 8 000000000000007F
87491.1 38D 8 00000000000000E5
87492.9 39C 8 FF6F000000000000
87505.4 3C3 8 FF00000000000000
87507.1 444 8 0000000000000005
87509.4 6AB 8 0000000000003FA1
87510.7 537 8 8080808080800000
87521.3 538 8 8080008080000080
87523.0 31C 8 00000000800084F3
87536.6 31D 8 000000000000001F
87552.0 444 8 0000000000000005
87567.7 3F1 8 0002000000000000
87569.3 484 8 0000000000000000
87570.6 523 8 CD1F7770450E0B02
87571.7 52E 5 603F000000
87572.9 663 8 7814E00E00AA0000
87583.6 31C 8 00000000800084F3
87585.5 31D 8 000000000000001F
87587.1 38C 8 000000000000007F
87588.4 38D 8 00000000000000E5
87598.9 39C 8 FF6F000000000000
87600.6 3C3 8 FF00000000000000
87602.3 444 8 0000000000000005
87614.8 539 8 3402800008030000
87616.5 541 8 0000000000000000
87630.1 31C 8 00000000800084F3
87631.6 5EA 8 0000000000000016
87633.1 31D 8 000000000000001F
87634.5 5EB 8 0000000000000007
87635.7 5EC 8 000000000000000F
87646.0 66B 8 7700000000000000
87647.3 66C 8 DF09000000000000
87661.6 444 8 0000000000000005
87677.4 6C0 7 04030100000000
87679.0 3F1 8 0002000000000000
87681.6 663 8 7814E00E00AA0000
87683.8 31C 8 00000000800084F3
87685.1 31D 8 000000000000001F
87692.9 38C 8 000000000000007F
87694.2 38D 8 00000000000000E5
87695.5 39C 8 FF6F000000000000
87708.3 3C3 8 FF00000000000000
87709.8 444 8 0000000000000005
87711.1 6AB 8 0000000000003FA1
87712.8 537 8 8080808080800000
87723.8 538 8 8080008080000080
87725.2 31C 8 00000000800084F3
87726.6 31D 8 000000000000001F
87755.4 444 8 0000000000000005
87770.8 3F1 8 0002000000000000
87772.1 663 8 7814E00E00AA0000
87773.8 31C 8 00000000800084F3
87786.5 31D 8 000000000000001F
87788.1 38C 8 000000000000007F
87789.7 38D 8 00000000000000E5
87801.9 39C 8 FF6F000000000000
87803.2 3C3 8 FF00000000000000
87804.5 444 8 0000000000000005
87817.7 523 8 CD1F7770450E0B02
87819.5 52E 5 603F000000
87833.6 31C 8 00000000800084F3
87835.0 31D 8 000000000000001F
87848.9 444 8 0000000000000005
87864.7 539 8 3402800008030000
87866.1 541 8 0000000000000000
87867.5 6C0 7 04030100000000
87869.5 3F1 8 0002000000000000
87880.4 663 8 7814E00E00AA0000
87881.8 31C 8 00000000800084F3
87883.3 31D 8 000000000000001F
87884.7 38C 8 000000000000007F
87896.1 38D 8 00000000000000E5
87897.9 39C 8 FF6F000000000000
87899.5 3C3 8 FF00000000000000
87911.7 444 8 0000000000000005
87913.5 6AB 8 0000000000003FA1
87914.7 537 8 8080808080800000
87915.9 538 8 8080008080000080
87927.0 31C 8 00000000800084F3
87928.4 31D 8 000000000000001F
87958.6 444 8 0000000000000005
87974.2 3F1 8 0002000000000000
87975.5 663 8 7814E00E00AA0000
87976.9 31C 8 00000000800084F3
87978.4 31D 8 000000000000001F
87989.8 38C 8 000000000000007F
87991.2 38D 8 00000000000000E5
87992.8 39C 8 FF6F000000000000
88005.5 3C3 8 FF00000000000000
88006.9 444 8 0000000000000005
88021.4 31C 8 00000000800084F3
88036.8 31D 8 000000000000001F
88052.0 444 8 0000000000000005
88067.6 6C0 7 04030100000000
88069.2 3F1 8 0002000000000000
88070.6 484 8 0000000000000000
88072.4 523 8 CD1F7770450E0B02
88073.9 52E 5 603F000000
88075.0 585 8 902C00000000003F
88076.1 64C 2 0011
88077.3 663 8 7814E00E00AA0000
88078.5 6B2 8 FFFEFF0F880002C7
88083.7 31C 8 00000000800084F3
88085.7 31D 8 000000000000001F
88087.1 38C 8 000000000000007F
88088.6 38D 8 00000000000000E5
88098.9 39C 8 FF6F000000000000
88100.5 3C3 8 FF00000000000000
88102.2 444 8 0000000000000005
88114.8 5FB 8 1FFFFFFFFF1FF87E
88116.9 539 8 3402800008030000
88118.8 541 8 0000000000000000
88120.7 5FA 8 5B9DC7CC9C46F1FF
88122.5 537 8 8080808080800000
88124.5 6AB 8 0000000000003FA1
88127.3 538 8 8080008080000080
88130.5 31C 8 00000000800084F3
88132.0 5EA 8 0000000000000016
88133.5 31D 8 000000000000001F
88135.0 5EB 8 0000000000000007
88136.5 5EC 8 000000000000000F
88146.2 66B 8 7700000000000000
88147.8 66C 8 DF09000000000000
88163.1 444 8 0000000000000005
88178.6 3F1 8 0002000000000000
88180.2 663 8 7814E00E00AA0000
88181.7 31C 8 00000000800084F3
88183.2 31D 8 000000000000001F
88185.3 38C 8 000000000000007F
88194.4 38D 8 00000000000000E5
88195.9 39C 8 FF6F000000000000
88197.5 3C3 8 FF00000000000000
88210.0 444 8 0000000000000005
88225.6 31C 8 00000000800084F3
88227.2 31D 8 000000000000001F
88256.9 444 8 0000000000000005
88272.5 6C0 7 04030100000000
88274.2 3F1 8 0002000000000000
88275.9 663 8 7814E00E00AA0000
88277.3 31C 8 00000000800084F3
88288.2 31D 8 000000000000001F
88289.8 38C 8 000000000000007F
88291.3 38D 8 00000000000000E5
88303.4 39C 8 FF6F000000000000
88305.0 3C3 8 FF00000000000000
88306.4 444 8 0000000000000005
88308.0 6AB 8 0000000000003FA1
88309.5 537 8 8080808080800000
88319.1 538 8 8080008080000080
88320.6 523 8 CD1F7770450E0B02
88322.1 52E 5 603F000000
88323.6 31C 8 00000000800084F3
88335.1 31D 8 000000000000001F
88350.6 444 8 0000000000000005
88366.3 539 8 3402800008030000
88367.8 541 8 0000000000000000
88369.3 3F1 8 0002000000000000
88370.6 663 8 7814E00E00AA0000
88381.6 31C 8 00000000800084F3
88383.3 31D 8 000000000000001F
88384.8 38C 8 000000000000007F
88397.5 38D 8 00000000000000E5
88399.0 39C 8 FF6F000000000000
88400.5 3C3 8 FF00000000000000
88413.2 444 8 0000000000000005
88428.7 31C 8 00000000800084F3
88430.2 31D 8 000000000000001F
88460.2 444 8 0000000000000005
88475.8 6C0 7 04030100000000
88477.5 3F1 8 0002000000000000
88479.1 663 8 7814E00E00AA0000
88480.5 31C 8 00000000800084F3
88481.8 31D 8 000000000000001F
88490.9 38C 8 000000000000007F
88492.7 38D 8 00000000000000E5
88494.2 39C 8 FF6F000000000000
88506.9 3C3 8 FF00000000000000
88508.6 444 8 0000000000000005
88510.0 6AB 8 0000000000003FA1
88512.4 537 8 8080808080800000
88522.4 538 8 8080008080000080
88524.3 31C 8 00000000800084F3
88538.2 31D 8 000000000000001F
88553.8 444 8 0000000000000005
88569.1 3F1 8 0002000000000000
88570.6 484 8 0000000000000000
88572.0 523 8 CD1F7770450E0B02
88573.2 52E 5 603F000000
88575.4 663 8 7814E00E00AA0000
88576.8 31C 8 00000000800084F3
88585.1 31D 8 000000000000001F
88586.7 38C 8 000000000000007F
88588.5 38D 8 00000000000000E5
88600.6 39C 8 FF6F000000000000
88602.1 3C3 8 FF00000000000000
88603.7 444 8 0000000000000005
88616.4 539 8 3402800008030000
88619.0 541 8 0000000000000000
88631.9 31C 8 00000000800084F3
88633.7 5EA 8 0000000000000016
88635.1 31D 8 000000000000001F
88636.6 5EB 8 0000000000000007
88638.0 5EC 8 000000000000000F
88647.7 66B 8 7700000000000000
88649.2 66C 8 DF09000000000000
88663.3 444 8 0000000000000005
88678.6 6C0 7 04030100000000
88680.1 3F1 8 0002000000000000
88681.7 663 8 7814E00E00AA0000
88683.2 31C 8 00000000800084F3
88684.6 31D 8 000000000000001F
88686.1 38C 8 000000000000007F
88694.4 38D 8 00000000000000E5
88695.8 39C 8 FF6F000000000000
88697.1 3C3 8 FF00000000000000
88710.0 444 8 0000000000000005
88716.0 6AB 8 0000000000003FA1
88717.2 537 8 8080808080800000
88718.5 538 8 8080008080000080
88725.7 31C 8 00000000800084F3
88727.3 31D 8 000000000000001F
88756.8 444 8 0000000000000005
88772.5 3F1 8 0002000000000000
88774.3 663 8 7814E00E00AA0000
88775.9 31C 8 00000000800084F3
88788.1 31D 8 000000000000001F
88789.7 38C 8 000000000000007F
88791.4 38D 8 00000000000000E5
88803.7 39C 8 FF6F000000000000
88805.2 3C3 8 FF00000000000000
88806.8 444 8 0000000000000005
88819.1 523 8 CD1F7770450E0B02
88820.6 52E 5 603F000000
88822.2 31C 8 00000000800084F3
88835.1 31D 8 000000000000001F
88850.7 444 8 0000000000000005
88866.3 539 8 3402800008030000
88868.0 541 8 0000000000000000
88869.3 6C0 7 04030100000000
88870.7 3F1 8 0002000000000000
88872.1 663 8 7814E00E00AA0000
88881.9 31C 8 00000000800084F3
88883.4 31D 8 000000000000001F
88885.0 38C 8 000000000000007F
88897.5 38D 8 00000000000000E5
88899.1 39C 8 FF6F000000000000
88900.7 3C3 8 FF00000000000000
88913.0 444 8 0000000000000005
88914.5 6AB 8 0000000000003FA1
88916.6 537 8 8080808080800000
88918.0 538 8 8080008080000080
88928.7 31C 8 00000000800084F3
88930.3 31D 8 000000000000001F
88960.0 444 8 0000000000000005
88975.6 3F1 8 0002000000000000
88977.0 663 8 7814E00E00AA0000
88978.4 31C 8 00000000800084F3
88979.9 31D 8 000000000000001F
88991.3 38C 8 000000000000007F
88993.1 38D 8 00000000000000E5
88994.8 39C 8 FF6F000000000000
89007.0 3C3 8 FF00000000000000
89008.4 444 8 0000000000000005
89022.3 31C 8 00000000800084F3
89038.1 31D 8 000000000000001F
89053.8 444 8 0000000000000005
89069.2 6C0 7 04030100000000
89070.8 3F1 8 0002000000000000
89072.1 484 8 0000000000000000
89073.4 523 8 CD1F7770450E0B02
89074.7 52E 5 603F000000
89075.9 585 8 902C00000000003F
89077.2 64C 2 0011
89078.5 663 8 7814E00E00AA0000
89079.9 6B2 8 FFFEFF0F880082C7
89081.1 31C 8 00000000800084F3
89085.0 31D 8 000000000000001F
89086.5 38C 8 000000000000007F
89087.9 38D 8 00000000000000E5
89100.6 39C 8 FF6F000000000000
89102.4 3C3 8 FF00000000000000
89104.0 444 8 0000000000000005
89116.4 5FB 8 1FFFFFFFFF1FF87E
89118.7 539 8 3402800008030000
89120.2 541 8 0000000000000000
89121.7 537 8 8080808080800000
89123.2 5FA 8 5B9DC7CC9C46F1FF
89125.1 6AB 8 0000000000003FA1
89126.5 538 8 8080008080000080
89132.0 31C 8 00000000800084F3
89133.8 5EA 8 0000000000000016
89135.2 31D 8 000000000000001F
89136.7 5EB 8 0000000000000007
89138.1 5EC 8 000000000000000F
89147.5 66B 8 7700000000000000
89149.0 66C 8 DF09000000000000
89163.1 444 8 0000000000000005
89178.7 3F1 8 0002000000000000
89180.3 663 8 7814E00E00AA0000
89181.8 31C 8 00000000800084F3
89183.2 31D 8 000000000000001F
89184.7 38C 8 000000000000007F
89194.1 38D 8 00000000000000E5
89195.5 39C 8 FF6F000000000000
89196.9 3C3 8 FF00000000000000
89209.9 444 8 0000000000000005
89225.8 31C 8 00000000800084F3
89227.9 31D 8 000000000000001F
89256.9 444 8 0000000000000005
89272.5 6C0 7 04030100000000
89275.0 3F1 8 0002000000000000
89276.4 663 8 7814E00E00AA0000
89277.7 31C 8 00000000800084F3
89288.1 31D 8 000000000000001F
89289.9 38C 8 000000000000007F
89291.6 38D 8 00000000000000E5
89303.5 39C 8 FF6F000000000000
89305.0 3C3 8 FF00000000000000
89306.5 444 8 0000000000000005
89308.0 6AB 8 0000000000003FA1
89309.5 537 8 8080808080800000
89319.1 538 8 8080008080000080
89320.5 523 8 CD1F7770450E0B02
89321.9 52E 5 603F000000
89323.4 31C 8 00000000800084F3
89335.0 31D 8 000000000000001F
89350.7 444 8 0000000000000005
89366.3 539 8 3402800008030000
89367.7 541 8 0000000000000000
89369.0 3F1 8 0002000000000000
89370.4 663 8 7814E00E00AA0000
89381.7 31C 8 00000000800084F3
89383.3 31D 8 000000000000001F
89384.7 38C 8 000000000000007F
89397.5 38D 8 00000000000000E5
89399.0 39C 8 FF6F000000000000
89400.4 3C3 8 FF00000000000000
89413.1 444 8 0000000000000005
89428.8 31C 8 00000000800084F3
89430.4 31D 8 000000000000001F
89460.7 444 8 0000000000000005
89475.3 6C0 7 04030100000000
89477.2 3F1 8 0002000000000000
89478.8 663 8 7814E00E00AA0000
89480.3 31C 8 00000000800084F3
89481.6 31D 8 000000000000001F
89491.2 38C 8 000000000000007F
89493.0 38D 8 00000000000000E5
89494.8 39C 8 FF6F000000000000
89507.0 3C3 8 FF00000000000000
89508.6 444 8 0000000000000005
89510.6 6AB 8 0000000000003FA1
89512.2 537 8 8080808080800000
89522.6 538 8 8080008080000080
89524.0 31C 8 00000000800084F3
89538.2 31D 8 000000000000001F
89553.7 444 8 0000000000000005
89569.1 3F1 8 0002000000000000
89570.8 484 8 0000000000000000
89572.1 523 8 CD1F7770450E0B02
89573.6 52E 5 603F000000
89574.8 663 8 7814E00E00AA0000
89576.1 31C 8 00000000800084F3
89585.1 31D 8 000000000000001F
89587.0 38C 8 000000000000007F
89588.4 38D 8 00000000000000E5
89600.7 39C 8 FF6F000000000000
89602.4 3C3 8 FF00000000000000
89603.9 444 8 0000000000000005
89616.4 539 8 3502800008030000
89618.8 541 8 0000000000000000
89631.9 31C 8 00000000800084F3
89633.7 5EA 8 0000000000000016
89635.0 31D 8 000000000000001F
89636.3 5EB 8 0000000000000007
89637.5 5EC 8 000000000000000F
89647.8 66B 8 7700000000000000
89649.4 66C 8 DF09000000000000
89663.3 444 8 0000000000000005
89678.7 6C0 7 04030100000000
89680.3 3F1 8 0002000000000000
89681.6 663 8 7814E00E00AA0000
89683.2 31C 8 00000000800084F3
89684.6 31D 8 000000000000001F
89686.0 38C 8 000000000000007F
89694.1 38D 8 00000000000000E5
89695.4 39C 8 FF6F000000000000
89697.0 3C3 8 FF00000000000000
89710.0 444 8 0000000000000005
89711.5 6AB 8 0000000000003FA1
89713.1 537 8 8080808080800000
89714.5 538 8 8080008080000080
89725.3 31C 8 00000000800084F3
89726.9 31D 8 000000000000001F
89756.9 444 8 0000000000000005
89772.6 3F1 8 0002000000000000
89774.3 663 8 7814E00E00AA0000
89775.8 31C 8 00000000800084F3
89789.2 31D 8 000000000000001F
89790.9 38C 8 000000000000007F
89792.4 38D 8 00000000000000E5
89803.7 39C 8 FF6F000000000000
89805.3 3C3 8 FF00000000000000
89806.9 444 8 0000000000000005
89819.2 523 8 CD1F7770450E0B02
89820.9 52E 5 603F000000
89822.4 31C 8 00000000800084F3
89835.3 31D 8 000000000000001F
89850.6 444 8 0000000000000005
89866.3 539 8 3502800008030000
89867.8 541 8 0000000000000000
89869.1 6C0 7 04030100000000
89870.7 3F1 8 0002000000000000
89872.1 663 8 7814E00E00AA0000
89881.9 31C 8 00000000800084F3
89883.8 31D 8 000000000000001F
89885.1 38C 8 000000000000007F
89897.6 38D 8 00000000000000E5
89899.0 39C 8 FF6F000000000000
89900.4 3C3 8 FF00000000000000
89913.2 444 8 0000000000000005
89914.6 6AB 8 0000000000003FA1
89915.9 537 8 8080808080800000
89917.1 538 8 8080008080000080
89928.7 31C 8 00000000800084F3
89930.3 31D 8 000000000000001F
89960.0 444 8 0000000000000005
89975.6 3F1 8 0002000000000000
89977.3 663 8 7814E00E00AA0000
89978.8 31C 8 00000000800084F3
89980.1 31D 8 000000000000001F
89991.4 38C 8 000000000000007F
89993.1 38D 8 00000000000000E5
89994.6 39C 8 FF6F000000000000
90007.0 3C3 8 FF00000000000000
90008.6 444 8 0000000000000005
90022.2 31C 8 00000000800084F3
90038.1 31D 8 000000000000001F
90053.7 444 8 0000000000000005
90069.1 6C0 7 04030100000000
90073.9 3F1 8 0002000000000000
90075.4 484 8 0000000000000000
90078.0 523 8 CD1F7770450E0B02
90079.7 52E 5 603F000000
90081.0 585 8 902C00000000003F
90082.5 64C 2 0011
90083.7 663 8 7814E00E00AA0000
90085.2 6B2 8 FFFEFF0F880002C8
90086.7 31C 8 00000000800084F3
90100.6 31D 8 000000000000001F
90102.3 38C 8 000000000000007F
90103.9 38D 8 00000000000000E5
90105.4 39C 8 FF6F000000000000
90107.0 3C3 8 FF00000000000000
90108.4 444 8 0000000000000005
90116.7 5FB 8 1FFFFFFFFF1FF87E
90118.6 539 8 3502800008030000
90120.2 537 8 8080808080800000
90121.6 541 8 0000000000000000
90123.3 5FA 8 5B9DC7CC9C46F1FF
90125.0 6AB 8 0000000000003FA1
90126.8 538 8 8080008080000080
90132.0 31C 8 00000000800084F3
90134.5 5EA 8 0000000000000016
90135.8 31D 8 000000000000001F
90137.6 5EB 8 0000000000000007
90139.0 5EC 8 000000000000000F
90147.6 66B 8 7700000000000000
90149.2 66C 8 DF09000000000000
90163.1 444 8 0000000000000005
90178.7 3F1 8 0002000000000000
90180.3 663 8 7814E00E00AA0000
90181.7 31C 8 00000000800084F3
90183.3 31D 8 000000000000001F
90184.9 38C 8 000000000000007F
90194.1 38D 8 00000000000000E5
90195.6 39C 8 FF6F000000000000
90197.0 3C3 8 FF00000000000000
90210.0 444 8 0000000000000005
90225.6 31C 8 00000000800084F3
90227.3 31D 8 000000000000001F
90256.9 444 8 0000000000000005
90272.6 6C0 7 04030100000000
90274.1 3F1 8 0002000000000000
90275.7 663 8 7814E00E00AA0000
90277.1 31C 8 00000000800084F3
90288.0 31D 8 000000000000001F
90289.6 38C 8 000000000000007F
90291.2 38D 8 00000000000000E5
90303.4 39C 8 FF6F000000000000
90304.9 3C3 8 FF00000000000000
90306.4 444 8 0000000000000005
90308.2 6AB 8 0000000000003FA1
90310.1 537 8 8080808080800000
90319.1 538 8 8080008080000080
90320.8 523 8 CD1F7770450E0B02
90322.4 52E 5 603F000000
90323.8 31C 8 00000000800084F3
90335.1 31D 8 000000000000001F
90350.7 444 8 0000000000000005
90366.2 539 8 3502800008030000
90367.9 541 8 0000000000000000
90369.3 3F1 8 0002000000000000
90370.9 663 8 7814E00E00AA0000
90381.7 31C 8 00000000800084F3
90383.2 31D 8 000000000000001F
90384.7 38C 8 000000000000007F
90397.5 38D 8 00000000000000E5
90399.0 39C 8 FF6F000000000000
90400.5 3C3 8 FF00000000000000
90413.1 444 8 0000000000000005
90428.9 31C 8 00000000800084F3
90430.4 31D 8 000000000000001F
90459.9 444 8 0000000000000005
90475.8 6C0 7 04030100000000
90477.4 3F1 8 0002000000000000
90478.8 663 8 7814E00E00AA0000
90480.3 31C 8 00000000800084F3
90481.6 31D 8 000000000000001F
90491.4 38C 8 000000000000007F
90493.3 38D 8 00000000000000E5
90494.9 39C 8 FF6F000000000000
90506.6 3C3 8 FF00000000000000
90508.7 444 8 0000000000000005
90510.4 6AB 8 0000000000003FA1
90511.7 537 8 8080808080800000
90522.2 538 8 8080008080000080
90523.7 31C 8 00000000800084F3
90538.2 31D 8 000000000000001F
90553.7 444 8 0000000000000005
90569.1 3F1 8 0002000000000000
90570.7 484 8 0000000000000000
90571.9 523 8 CD1F7770450E0B02
90573.1 52E 5 603F000000
90574.6 663 8 7814E00E00AA0000
90575.8 31C 8 00000000800084F3
90585.0 31D 8 000000000000001F
90586.6 38C 8 000000000000007F
90588.0 38D 8 00000000000000E5
90600.6 39C 8 FF6F000000000000
90602.3 3C3 8 FF00000000000000
90603.6 444 8 0000000000000005
90616.4 539 8 3502800008030000
90618.6 541 8 0000000000000000
90631.7 31C 8 00000000800084F3
90633.4 5EA 8 0000000000000016
90634.6 31D 8 000000000000001F
90636.0 5EB 8 0000000000000007
90637.5 5EC 8 000000000000000F
90647.6 66B 8 7700000000000000
90649.1 66C 8 DF09000000000000
90663.2 444 8 0000000000000005
90678.8 6C0 7 04030100000000
90680.2 3F1 8 0002000000000000
90682.4 663 8 7814E00E00AA0000
90684.0 31C 8 00000000800084F3
90685.4 31D 8 000000000000001F
90686.7 38C 8 000000000000007F
90694.4 38D 8 00000000000000E5
90695.9 39C 8 FF6F000000000000
90697.5 3C3 8 FF00000000000000
90709.7 444 8 0000000000000005
90711.1 6AB 8 0000000000003FA1
90712.7 537 8 8080808080800000
90714.3 538 8 8080008080000080
90725.6 31C 8 00000000800084F3
90727.3 31D 8 000000000000001F
90756.9 444 8 0000000000000005
90772.5 3F1 8 0002000000000000
90774.0 663 8 7814E00E00AA0000
90775.2 31C 8 00000000800084F3
90788.1 31D 8 000000000000001F
90789.8 38C 8 000000000000007F
90791.3 38D 8 00000000000000E5
90803.7 39C 8 FF6F000000000000
90805.2 3C3 8 FF00000000000000
90806.7 444 8 0000000000000005
90819.1 523 8 CD1F7770450E0B02
90820.6 52E 5 603F000000
90821.9 31C 8 00000000800084F3
90835.2 31D 8 000000000000001F
90850.6 444 8 0000000000000005
90866.3 539 8 3502800008030000
90867.8 541 8 0000000000000000
90870.1 6C0 7 04030100000000
90871.4 3F1 8 0002000000000000
90872.8 663 8 7814E00E00AA0000
90881.8 31C 8 00000000800084F3
90883.6 31D 8 000000000000001F
90885.1 38C 8 000000000000007F
90897.6 38D 8 00000000000000E5
90899.1 39C 8 FF6F000000000000
90900.8 3C3 8 FF00000000000000
90913.1 444 8 0000000000000005
90914.6 6AB 8 0000000000003FA1
90916.1 537 8 8080808080800000
90917.6 538 8 8080008080000080
90928.7 31C 8 00000000800084F3
90930.3 31D 8 000000000000001F
90960.1 444 8 0000000000000005
90975.6 3F1 8 0002000000000000
90977.1 663 8 7814E00E00AA0000
90978.4 31C 8 00000000800084F3
90979.9 31D 8 000000000000001F
90991.3 38C 8 000000000000007F
90992.7 38D 8 00000000000000E5
90994.4 39C 8 FF6F000000000000
91006.9 3C3 8 FF00000000000000
91008.3 444 8 0000000000000005
91022.2 31C 8 00000000800084F3
91038.2 31D 8 000000000000001F
91053.7 444 8 0000000000000005
91069.1 6C0 7 04030100000000
91071.3 3F1 8 0002000000000000
91072.6 484 8 0000000000000000
91073.8 523 8 CD1F7770450E0B02
91075.0 52E 5 603F000000
91076.4 585 8 902C00000000003F
91077.8 64C 2 0011
91079.1 663 8 7814E00E00AA0000
91080.3 6B2 8 FFFEFF0F880082C8
91081.6 31C 8 00000000800084F3
91085.0 31D 8 000000000000001F
91086.6 38C 8 000000000000007F
91087.9 38D 8 00000000000000E5
91100.6 39C 8 FF6F000000000000
91102.1 3C3 8 FF00000000000000
91103.8 444 8 0000000000000005
91116.2 5FB 8 1FFFFFFFFF1FF87E
91118.5 537 8 8080808080800000
91120.2 539 8 3502800008030000
91122.0 541 8 0000000000000000
91123.8 5FA 8 5B9DC7CC9C46F1FF
91125.3 6AB 8 0000000000003FA1
91127.0 538 8 8080008080000080
91132.0 31C 8 00000000800084F3
91133.6 5EA 8 0000000000000016
91135.1 31D 8 000000000000001F
91136.7 5EB 8 0000000000000007
91138.2 5EC 8 000000000000000F
91147.6 66B 8 7700000000000000
91149.2 66C 8 DF09000000000000
91163.1 444 8 0000000000000005
91178.5 3F1 8 0002000000000000
91180.0 663 8 7814E00E00AA0000
91181.6 31C 8 00000000800084F3
91183.8 31D 8 000000000000001F
91185.3 38C 8 000000000000007F
91194.2 38D 8 00000000000000E5
91195.7 39C 8 FF6F000000000000
91197.2 3C3 8 FF00000000000000
91210.1 444 8 0000000000000005
91225.6 31C 8 00000000800084F3
91227.2 31D 8 000000000000001F
91257.0 444 8 0000000000000005
91272.5 6C0 7 04030100000000
91274.1 3F1 8 0002000000000000
91276.0 663 8 7814E00E00AA0000
91277.5 31C 8 00000000800084F3
91288.1 31D 8 000000000000001F
91289.6 38C 8 000000000000007F
91291.1 38D 8 00000000000000E5
91303.5 39C 8 FF6F000000000000
91305.1 3C3 8 FF00000000000000
91306.6 444 8 0000000000000005
91308.2 6AB 8 0000000000003FA1
91309.5 537 8 8080808080800000
91319.1 538 8 8080008080000080
91320.6 523 8 CD1F7770450E0B02
91322.0 52E 5 603F000000
91323.6 31C 8 00000000800084F3
91335.2 31D 8 000000000000001F
91350.5 444 8 0000000000000005
91366.2 539 8 3502800008030000
91368.0 541 8 0000000000000000
91369.4 3F1 8 0002000000000000
91371.5 663 8 7814E00E00AA0000
91381.7 31C 8 00000000800084F3
91383.6 31D 8 000000000000001F
91385.1 38C 8 000000000000007F
91397.5 38D 8 00000000000000E5
91399.0 39C 8 FF6F000000000000
91400.6 3C3 8 FF00000000000000
91413.1 444 8 0000000000000005
91428.9 31C 8 00000000800084F3
91433.7 31D 8 000000000000001F
91460.2 444 8 0000000000000005
91475.9 6C0 7 04030100000000
91479.0 3F1 8 0002000000000000
91480.9 663 8 7814E00E00AA0000
91482.7 31C 8 00000000800084F3
91484.4 31D 8 000000000000001F
91491.3 38C 8 000000000000007F
91493.1 38D 8 00000000000000E5
91494.8 39C 8 FF6F000000000000
91506.7 3C3 8 FF00000000000000
91508.6 444 8 0000000000000005
91510.1 6AB 8 0000000000003FA1
91511.3 537 8 8080808080800000
91522.3 538 8 8080008080000080
91523.9 31C 8 00000000800084F3
91538.2 31D 8 000000000000001F
91553.9 444 8 0000000000000005
91569.1 3F1 8 0002000000000000
91570.9 484 8 0000000000000000
91572.4 523 8 CD1F7770450E0B02
91574.3 52E 5 603F000000
91575.6 663 8 7814E00E00AA0000
91577.0 31C 8 00000000800084F3
91585.0 31D 8 000000000000001F
91586.5 38C 8 000000000000007F
91588.2 38D 8 00000000000000E5
91600.6 39C 8 FF6F000000000000
91602.1 3C3 8 FF00000000000000
91603.5 444 8 0000000000000005
91616.4 539 8 3502800008030000
91618.6 541 8 0000000000000000
91631.6 31C 8 00000000800084F3
91633.3 5EA 8 0000000000000016
91634.7 31D 8 000000000000001F
91636.0 5EB 8 0000000000000007
91637.6 5EC 8 000000000000000F
91647.5 66B 8 7700000000000000
91648.9 66C 8 DF09000000000000
91663.1 444 8 0000000000000005
91678.7 6C0 7 04030100000000
91680.4 3F1 8 0002000000000000
91681.8 663 8 7814E00E00AA0000
91683.2 31C 8 00000000800084F3
91684.8 31D 8 000000000000001F
91686.3 38C 8 000000000000007F
91694.1 38D 8 00000000000000E5
91695.5 39C 8 FF6F000000000000
91697.0 3C3 8 FF00000000000000
91710.0 444 8 0000000000000005
91711.7 537 8 8080808080800000
91713.5 6AB 8 0000000000003FA1
91715.4 538 8 8080008080000080
91725.6 31C 8 00000000800084F3
91727.5 31D 8 000000000000001F
91756.9 444 8 0000000000000005
91772.7 3F1 8 0002000000000000
91774.3 663 8 7814E00E00AA0000
91775.6 31C 8 00000000800084F3
91788.1 31D 8 000000000000001F
91789.7 38C 8 000000000000007F
91791.0 38D 8 00000000000000E5
91803.7 39C 8 FF6F000000000000
91805.2 3C3 8 FF00000000000000
91806.5 444 8 0000000000000005
91819.1 523 8 CD1F7770450E0B02
91820.6 52E 5 603F000000
91822.0 31C 8 00000000800084F3
91835.3 31D 8 000000000000001F
91850.7 444 8 0000000000000005
91866.3 539 8 3502800008030000
91867.9 541 8 0000000000000000
91869.3 6C0 7 04030100000000
91870.8 3F1 8 0002000000000000
91872.1 663 8 7814E00E00AA0000
91881.9 31C 8 00000000800084F3
91883.9 31D 8 000000000000001F
91885.5 38C 8 000000000000007F
91897.6 38D 8 00000000000000E5
91899.1 39C 8 FF6F000000000000
91900.5 3C3 8 FF00000000000000
91913.7 444 8 0000000000000005
91915.1 537 8 8080808080800000
91916.3 6AB 8 0000000000003FA1
91917.5 538 8 8080008080000080
91928.7 31C 8 00000000800084F3
91930.2 31D 8 000000000000001F
91960.1 444 8 0000000000000005
91975.6 3F1 8 0002000000000000
91977.3 663 8 7814E00E00AA0000
91978.6 31C 8 00000000800084F3
91980.1 31D 8 000000000000001F
91991.4 38C 8 000000000000007F
91993.1 38D 8 00000000000000E5
91994.4 39C 8 FF6F000000000000
92006.9 3C3 8 FF00000000000000
92008.4 444 8 0000000000000005
92022.2 31C 8 00000000800084F3
92038.1 31D 8 000000000000001F
92053.7 444 8 0000000000000005
92069.1 6C0 7 04030100000000
92070.6 3F1 8 0002000000000000
92071.9 484 8 0000000000000000
92073.4 523 8 CD1F7770450E0B02
92074.7 52E 5 603F000000
92075.9 585 8 902C00000000003F
92077.3 64C 2 0011
92078.6 663 8 7814E00E00AA0000
92079.9 6B2 8 FFFEFF0F880002C9
92081.2 31C 8 00000000800084F3
92085.0 31D 8 000000000000001F
92086.7 38C 8 000000000000007F
92088.9 38D 8 00000000000000E5
92100.6 39C 8 FF6F000000000000
92102.3 3C3 8 FF00000000000000
92104.0 444 8 0000000000000005
92116.2 537 8 8080808080800000
92118.8 5FB 8 1FFFFFFFFF1FF87E
92120.5 539 8 3502800008030000
92122.2 541 8 0000000000000000
92123.8 5FA 8 5B9DC7CC9C46F1FF
92125.3 6AB 8 0000000000003FA1
92126.7 538 8 8080008080000080
92132.0 31C 8 00000000800084F3
92133.8 5EA 8 0000000000000016
92135.2 31D 8 000000000000001F
92137.0 5EB 8 0000000000000007
92138.6 5EC 8 000000000000000F
92147.6 66B 8 7700000000000000
92149.3 66C 8 DF09000000000000
92163.1 444 8 0000000000000005
92178.5 3F1 8 0002000000000000
92179.8 663 8 7814E00E00AA0000
92181.4 31C 8 00000000800084F3
92182.9 31D 8 000000000000001F
92184.4 38C 8 000000000000007F
92194.1 38D 8 00000000000000E5
92195.5 39C 8 FF6F000000000000
92196.9 3C3 8 FF00000000000000
92210.1 444 8 0000000000000005
92225.5 31C 8 00000000800084F3
92227.2 31D 8 000000000000001F
92256.9 444 8 0000000000000005
92272.6 6C0 7 04030100000000
92274.3 3F1 8 0002000000000000
92275.8 663 8 7814E00E00AA0000
92277.3 31C 8 00000000800084F3
92288.2 31D 8 000000000000001F
92289.9 38C 8 000000000000007F
92291.4 38D 8 00000000000000E5
92303.6 39C 8 FF6F000000000000
92305.2 3C3 8 FF00000000000000
92306.7 444 8 0000000000000005
92308.1 537 8 8080808080800000
92309.4 6AB 8 0000000000003FA1
92319.1 538 8 8080008080000080
92320.7 523 8 CD1F7770450E0B02
92322.2 52E 5 603F000000
92323.6 31C 8 00000000800084F3
92335.0 31D 8 000000000000001F
92350.6 444 8 0000000000000005
92366.2 539 8 3502800008030000
92367.8 541 8 0000000000000000
92369.2 3F1 8 0002000000000000
92370.8 663 8 7814E00E00AA0000
92381.7 31C 8 00000000800084F3
92383.3 31D 8 000000000000001F
92384.8 38C 8 000000000000007F
92397.6 38D 8 00000000000000E5
92399.2 39C 8 FF6F000000000000
92400.6 3C3 8 FF00000000000000
92413.1 444 8 0000000000000005
92428.7 31C 8 00000000800084F3
92430.9 31D 8 000000000000001F
92460.2 444 8 0000000000000005
92475.7 6C0 7 04030100000000
92477.1 3F1 8 0002000000000000
92478.8 663 8 7814E00E00AA0000
92480.4 31C 8 00000000800084F3
92481.7 31D 8 000000000000001F
92491.6 38C 8 000000000000007F
92493.3 38D 8 00000000000000E5
92494.9 39C 8 FF6F000000000000
92506.8 3C3 8 FF00000000000000
92508.5 444 8 0000000000000005
92510.2 537 8 8080808080800000
92511.4 6AB 8 0000000000003FA1
92522.2 538 8 8080008080000080
92523.7 31C 8 00000000800084F3
92538.2 31D 8 000000000000001F
92553.7 444 8 0000000000000005
92569.1 3F1 8 0002000000000000
92570.5 484 8 0000000000000000
92571.8 523 8 CD1F7770450E0B02
92573.4 52E 5 603F000000
92574.7 663 8 7814E00E00AA0000
92576.0 31C 8 00000000800084F3
92585.1 31D 8 000000000000001F
92586.7 38C 8 000000000000007F
92588.3 38D 8 00000000000000E5
92600.9 39C 8 FF6F000000000000
92602.8 3C3 8 FF00000000000000
92604.4 444 8 0000000000000005
92616.6 539 8 3502800008030000
92619.2 541 8 0000000000000000
92631.9 31C 8 00000000800084F3
92633.7 5EA 8 0000000000000016
92635.1 31D 8 000000000000001F
92636.6 5EB 8 0000000000000007
92638.1 5EC 8 000000000000000F
92647.5 66B 8 7700000000000000
92649.1 66C 8 DF09000000000000
92663.1 444 8 0000000000000005
92678.5 6C0 7 04030100000000
92680.0 3F1 8 0002000000000000
92681.6 663 8 7814E00E00AA0000
92683.0 31C 8 00000000800084F3
92684.6 31D 8 000000000000001F
92694.1 38C 8 000000000000007F
92695.6 38D 8 00000000000000E5
92697.3 39C 8 FF6F000000000000
92698.8 3C3 8 FF00000000000000
92710.0 444 8 0000000000000005
92711.5 537 8 8080808080800000
92713.0 6AB 8 0000000000003FA1
92714.3 538 8 8080008080000080
92725.6 31C 8 00000000800084F3
92727.2 31D 8 000000000000001F
92758.7 444 8 0000000000000005
92772.4 3F1 8 0002000000000000
92774.0 663 8 7814E00E00AA0000
92775.6 31C 8 00000000800084F3
92788.1 31D 8 000000000000001F
92793.3 38C 8 000000000000007F
92795.5 38D 8 00000000000000E5
92803.7 39C 8 FF6F000000000000
92805.4 3C3 8 FF00000000000000
92806.9 444 8 0000000000000005
92819.3 523 8 CD1F7770450E0B02
92820.9 52E 5 603F000000
92822.3 31C 8 00000000800084F3
92834.9 31D 8 000000000000001F
92850.6 444 8 0000000000000005
92866.2 539 8 3502800008030000
92867.7 541 8 0000000000000000
92869.0 6C0 7 04030100000000
92870.4 3F1 8 0002000000000000
92871.8 663 8 7814E00E00AA0000
92882.0 31C 8 00000000800084F3
92883.6 31D 8 000000000000001F
92885.1 38C 8 000000000000007F
92897.6 38D 8 00000000000000E5
92899.2 39C 8 FF6F000000000000
92900.6 3C3 8 FF00000000000000
92913.1 444 8 0000000000000005
92914.9 537 8 8080808080800000
92916.3 6AB 8 0000000000003FA1
92917.6 538 8 8080008080000080
92928.6 31C 8 00000000800084F3
92930.1 31D 8 000000000000001F
92960.1 444 8 0000000000000005
92975.8 3F1 8 0002000000000000
92977.5 663 8 7814E00E00AA0000
92979.0 31C 8 00000000800084F3
92981.0 31D 8 000000000000001F
92991.4 38C 8 000000000000007F
92992.8 38D 8 00000000000000E5
92994.3 39C 8 FF6F000000000000
93006.9 3C3 8 FF00000000000000
93008.4 444 8 0000000000000005
93022.2 31C 8 00000000800084F3
93038.3 31D 8 000000000000001F
93053.9 444 8 0000000000000005
93069.1 6C0 7 04030100000000
93070.6 3F1 8 0002000000000000
93071.8 484 8 0000000000000000
93073.0 523 8 CD1F7770450E0B02
93074.3 52E 5 603F000000
93075.8 585 8 902C00000000003F
93077.1 64C 2 0011
93078.5 663 8 7814E00E00AA0000
93080.0 6B2 8 FFFEFF0F880082C9
93081.3 31C 8 00000000800084F3
93085.0 31D 8 000000000000001F
93086.7 38C 8 000000000000007F
93088.1 38D 8 00000000000000E5
93100.6 39C 8 FF6F000000000000
93102.1 3C3 8 FF00000000000000
93103.5 444 8 0000000000000005
93116.5 537 8 8080808080800000
93118.5 5FB 8 1FFFFFFFFF1FF87E
93120.0 539 8 3502800008030000
93121.5 541 8 0000000000000000
93123.1 5FA 8 5B9DC7CC9C46F1FF
93124.8 6AB 8 0000000000003FA1
93127.3 538 8 8080008080000080
93131.9 31C 8 00000000800084F3
93133.6 5EA 8 0000000000000016
93135.0 31D 8 000000000000001F
93136.3 5EB 8 0000000000000007
93137.6 5EC 8 000000000000000F
93147.4 66B 8 7700000000000000
93148.9 66C 8 DF09000000000000
93163.1 444 8 0000000000000005
93178.8 3F1 8 0002000000000000
93180.3 663 8 7814E00E00AA0000
93181.8 31C 8 00000000800084F3
93183.4 31D 8 000000000000001F
93184.8 38C 8 000000000000007F
93194.1 38D 8 00000000000000E5
93195.7 39C 8 FF6F000000000000
93197.2 3C3 8 FF00000000000000
93210.1 444 8 0000000000000005
93225.6 31C 8 00000000800084F3
93227.4 31D 8 000000000000001F
93257.0 444 8 0000000000000005
93272.6 6C0 7 04030100000000
93274.3 3F1 8 0002000000000000
93275.8 663 8 7814E00E00AA0000
93277.3 31C 8 00000000800084F3
93288.0 31D 8 000000000000001F
93289.6 38C 8 000000000000007F
93291.1 38D 8 00000000000000E5
93303.7 39C 8 FF6F000000000000
93305.2 3C3 8 FF00000000000000
93307.6 444 8 0000000000000005
93309.2 537 8 8080808080800000
93319.1 6AB 8 0000000000003FA1
93320.6 538 8 8080008080000080
93322.0 523 8 CD1F7770450E0B02
93323.6 52E 5 603F000000
93324.9 31C 8 00000000800084F3
93335.1 31D 8 000000000000001F
93350.7 444 8 0000000000000005
93366.3 539 8 3502800008030000
93367.7 541 8 0000000000000000
93369.0 3F1 8 0002000000000000
93370.3 663 8 7814E00E00AA0000
93381.8 31C 8 00000000800084F3
93383.4 31D 8 000000000000001F
93384.9 38C 8 000000000000007F
93397.6 38D 8 00000000000000E5
93399.0 39C 8 FF6F000000000000
93400.3 3C3 8 FF00000000000000
93413.2 444 8 0000000000000005
93428.8 31C 8 00000000800084F3
93430.4 31D 8 000000000000001F
93460.3 444 8 0000000000000005
93475.8 6C0 7 04030100000000
93477.3 3F1 8 0002000000000000
93478.7 663 8 7814E00E00AA0000
93480.3 31C 8 00000000800084F3
93481.6 31D 8 000000000000001F
93491.3 38C 8 000000000000007F
93492.8 38D 8 00000000000000E5
93495.0 39C 8 FF6F000000000000
93506.8 3C3 8 FF00000000000000
93508.4 444 8 0000000000000005
93510.0 537 8 8080808080800000
93511.2 6AB 8 0000000000003FA1
93522.3 538 8 8080008080000080
93523.8 31C 8 00000000800084F3
93538.1 31D 8 000000000000001F
93553.9 444 8 0000000000000005
93569.1 3F1 8 0002000000000000
93570.8 484 8 0000000000000000
93572.0 523 8 CD1F7770450E0B02
93573.2 52E 5 603F000000
93574.7 663 8 7814E00E00AA0000
93576.0 31C 8 00000000800084F3
93585.3 31D 8 000000000000001F
93586.9 38C 8 000000000000007F
93588.5 38D 8 00000000000000E5
93600.7 39C 8 FF6F000000000000
93602.3 3C3 8 FF00000000000000
93603.6 444 8 0000000000000005
93617.5 539 8 3502800008030000
93619.5 541 8 0000000000000000
93631.9 31C 8 00000000800084F3
93633.7 5EA 8 0000000000000016
93635.0 31D 8 000000000000001F
93636.4 5EB 8 0000000000000007
93637.9 5EC 8 000000000000000F
93647.6 66B 8 7700000000000000
93648.9 66C 8 DF09000000000000
93662.9 444 8 0000000000000005
93678.8 6C0 7 04030100000000
93680.4 3F1 8 0002000000000000
93681.9 663 8 7814E00E00AA0000
93683.3 31C 8 00000000800084F3
93684.7 31D 8 000000000000001F
93686.1 38C 8 000000000000007F
93694.1 38D 8 00000000000000E5
93695.7 39C 8 FF6F000000000000
93697.3 3C3 8 FF00000000000000
93710.0 444 8 0000000000000005
93711.5 537 8 8080808080800000
93713.0 6AB 8 0000000000003FA1
93714.4 538 8 8080008080000080
93725.8 31C 8 00000000800084F3
93727.5 31D 8 000000000000001F
93756.9 444 8 0000000000000005
93772.6 3F1 8 0002000000000000
93774.2 663 8 7814E00E00AA0000
93775.6 31C 8 00000000800084F3
93788.1 31D 8 000000000000001F
93789.7 38C 8 000000000000007F
93791.1 38D 8 00000000000000E5
93803.7 39C 8 FF6F000000000000
93805.4 3C3 8 FF00000000000000
93806.9 444 8 0000000000000005
93819.1 523 8 CD1F7770450E0B02
93820.6 52E 5 603F000000
93822.0 31C 8 00000000800084F3
93835.2 31D 8 000000000000001F
93850.7 444 8 0000000000000005
93866.3 539 8 3502800008030000
93867.9 541 8 0000000000000000
93869.6 6C0 7 04030100000000
93871.1 3F1 8 0002000000000000
93872.4 663 8 7814E00E00AA0000
93881.9 31C 8 00000000800084F3
93883.5 31D 8 000000000000001F
93884.9 38C 8 000000000000007F
93897.6 38D 8 00000000000000E5
93899.3 39C 8 FF6F000000000000
93900.8 3C3 8 FF00000000000000
93913.0 444 8 0000000000000005
93914.5 537 8 8080808080800000
93916.2 6AB 8 0000000000003FA1
93917.6 538 8 8080008080000080
93928.8 31C 8 00000000800084F3
93930.3 31D 8 000000000000001F
93960.2 444 8 0000000000000005
93975.7 3F1 8 0002000000000000
93977.4 663 8 7814E00E00AA0000
93978.8 31C 8 00000000800084F3
93980.4 31D 8 000000000000001F
93991.3 38C 8 000000000000007F
93993.1 38D 8 00000000000000E5
93994.6 39C 8 FF6F000000000000
94007.0 3C3 8 FF00000000000000
94008.4 444 8 0000000000000005
94022.2 31C 8 00000000800084F3
94038.2 31D 8 000000000000001F
94054.7 444 8 0000000000000005
94069.1 6C0 7 04030100000000
94070.7 3F1 8 0002000000000000
94072.0 484 8 0000000000000000
94073.3 523 8 CD1F7770450E0B02
94074.6 52E 5 603F000000
94075.8 585 8 902C00000000003F
94077.3 64C 2 0011
94078.6 663 8 7814E00E00AA0000
94079.8 6B2 8 FFFEFF0F880002CA
94081.0 31C 8 00000000800084F3
94085.0 31D 8 000000000000001F
94086.5 38C 8 000000000000007F
94088.1 38D 8 00000000000000E5
94100.6 39C 8 FF6F000000000000
94102.3 3C3 8 FF00000000000000
94103.6 444 8 0000000000000005
94116.4 537 8 8080808080800000
94118.6 5FB 8 1FFFFFFFFF1FF87E
94120.2 539 8 3502800008030000
94121.8 541 8 0000000000000000
94123.3 5FA 8 5B9DC7CC9C46F1FF
94124.9 6AB 8 0000000000003FA1
94126.4 538 8 8080008080000080
94132.0 31C 8 00000000800084F3
94133.6 5EA 8 0000000000000016
94135.0 31D 8 000000000000001F
94136.6 5EB 8 0000000000000007
94138.1 5EC 8 000000000000000F
94147.2 66B 8 7700000000000000
94148.8 66C 8 DF09000000000000
94163.1 444 8 0000000000000005
94178.8 3F1 8 0002000000000000
94181.0 663 8 7814E00E00AA0000
94182.4 31C 8 00000000800084F3
94183.7 31D 8 000000000000001F
94185.1 38C 8 000000000000007F
94194.1 38D 8 00000000000000E5
94195.6 39C 8 FF6F000000000000
94197.1 3C3 8 FF00000000000000
94210.1 444 8 0000000000000005
94225.8 31C 8 00000000800084F3
94227.5 31D 8 000000000000001F
94257.0 444 8 0000000000000005
94272.6 6C0 7 04030100000000
94274.3 3F1 8 0002000000000000
94275.8 663 8 7814E00E00AA0000
94277.2 31C 8 00000000800084F3
94288.1 31D 8 000000000000001F
94289.6 38C 8 000000000000007F
94291.2 38D 8 00000000000000E5
94303.7 39C 8 FF6F000000000000
94305.3 3C3 8 FF00000000000000
94306.8 444 8 0000000000000005
94308.3 537 8 8080808080800000
94320.0 6AB 8 0000000000003FA1
94321.4 538 8 8080008080000080
94322.8 523 8 CD1F7770450E0B02
94324.4 52E 5 603F000000
94325.9 31C 8 00000000800084F3
94335.8 31D 8 000000000000001F
94351.4 444 8 0000000000000005
94367.4 539 8 3502800008030000
94369.5 541 8 0000000000000000
94370.8 3F1 8 0002000000000000
94372.1 663 8 7814E00E00AA0000
94382.4 31C 8 00000000800084F3
94384.1 31D 8 000000000000001F
94385.5 38C 8 000000000000007F
94398.5 38D 8 00000000000000E5
94400.1 39C 8 FF6F000000000000
94401.6 3C3 8 FF00000000000000
94413.7 444 8 0000000000000005
94429.7 31C 8 00000000800084F3
94431.3 31D 8 000000000000001F
94461.0 444 8 0000000000000005
94476.2 6C0 7 04030100000000
94477.8 3F1 8 0002000000000000
94482.6 663 8 7814E00E00AA0000
94484.3 31C 8 00000000800084F3
94485.6 31D 8 000000000000001F
94491.9 38C 8 000000000000007F
94493.4 38D 8 00000000000000E5
94495.2 39C 8 FF6F000000000000
94507.9 3C3 8 FF00000000000000
94509.7 444 8 0000000000000005
94511.2 537 8 8080808080800000
94512.7 6AB 8 0000000000003FA1
94523.5 538 8 8080008080000080
94524.9 31C 8 00000000800084F3
94526.3 31D 8 000000000000001F
94554.6 444 8 0000000000000005
94570.3 3F1 8 0002000000000000
94572.1 484 8 0000000000000000
94573.3 523 8 CD1F7770450E0B02
94574.5 52E 5 603F000000
94576.0 663 8 7814E00E00AA0000
94577.4 31C 8 00000000800084F3
94586.0 31D 8 000000000000001F
94587.6 38C 8 000000000000007F
94589.2 38D 8 00000000000000E5
94601.6 39C 8 FF6F000000000000
94603.1 3C3 8 FF00000000000000
94604.4 444 8 0000000000000005
94617.4 539 8 3502800008030000
94619.8 541 8 0000000000000000
94632.8 31C 8 00000000800084F3
94634.6 5EA 8 0000000000000016
94635.9 31D 8 000000000000001F
94637.3 5EB 8 0000000000000007
94638.6 5EC 8 000000000000000F
94648.3 66B 8 7700000000000000
94649.7 66C 8 DF09000000000000
94663.8 444 8 0000000000000005
94679.3 6C0 7 04030100000000
94680.8 3F1 8 0002000000000000
94682.3 663 8 7814E00E00AA0000
94683.6 31C 8 00000000800084F3
94685.2 31D 8 000000000000001F
94686.7 38C 8 000000000000007F
94695.3 38D 8 00000000000000E5
94696.9 39C 8 FF6F000000000000
94698.4 3C3 8 FF00000000000000
94710.9 444 8 0000000000000005
94712.5 537 8 8080808080800000
94713.9 6AB 8 0000000000003FA1
94715.3 538 8 8080008080000080
94726.7 31C 8 00000000800084F3
94728.3 31D 8 000000000000001F
94757.7 444 8 0000000000000005
94773.4 3F1 8 0002000000000000
94775.1 663 8 7814E00E00AA0000
94776.7 31C 8 00000000800084F3
94788.9 31D 8 000000000000001F
94790.4 38C 8 000000000000007F
94791.8 38D 8 00000000000000E5
94793.4 39C 8 FF6F000000000000
94804.7 3C3 8 FF00000000000000
94806.2 444 8 0000000000000005
94820.3 523 8 CD1F7770450E0B02
94821.7 52E 5 603F000000
94823.1 31C 8 00000000800084F3
94836.2 31D 8 000000000000001F
94851.5 444 8 0000000000000005
94867.2 539 8 3502800008030000
94868.7 541 8 0000000000000000
94870.3 6C0 7 04030100000000
94871.8 3F1 8 0002000000000000
94873.6 663 8 7814E00E00AA0000
94882.8 31C 8 00000000800084F3
94884.3 31D 8 000000000000001F
94885.8 38C 8 000000000000007F
94898.5 38D 8 00000000000000E5
94900.8 39C 8 FF6F000000000000
94902.5 3C3 8 FF00000000000000
94914.1 444 8 0000000000000005
94915.7 537 8 8080808080800000
94917.1 6AB 8 0000000000003FA1
94918.5 538 8 8080008080000080
94929.7 31C 8 00000000800084F3
94931.6 31D 8 000000000000001F
94961.0 444 8 0000000000000005
94976.6 3F1 8 0002000000000000
94978.2 663 8 7814E00E00AA0000
94979.7 31C 8 00000000800084F3
94981.1 31D 8 000000000000001F
94991.9 38C 8 000000000000007F
94993.5 38D 8 00000000000000E5
94995.2 39C 8 FF6F000000000000
95007.8 3C3 8 FF00000000000000
95009.7 444 8 0000000000000005
95023.6 31C 8 00000000800084F3
95025.0 31D 8 000000000000001F
95054.7 444 8 0000000000000005
95070.5 6C0 7 04030100000000
95072.1 3F1 8 0002000000000000
95073.9 484 8 0000000000000000
95075.1 523 8 CD1F7770450E0B02
95076.3 52E 5 603F000000
95077.8 585 8 902C00000000003F
95079.0 64C 2 0011
95080.2 663 8 7814E00E00AA0000
95081.5 6B2 8 FFFEFF0F880082CA
95082.7 31C 8 00000000800084F3
95085.6 31D 8 000000000000001F
95087.1 38C 8 000000000000007F
95088.6 38D 8 00000000000000E5
95101.6 39C 8 FF6F000000000000
95103.3 3C3 8 FF00000000000000
95105.0 444 8 0000000000000005
95117.8 537 8 8080808080800000
95119.6 5FB 8 1FFFFFFFFF1FF87E
95121.3 539 8 3502800008030000
95122.9 541 8 0000000000000000
95124.6 5FA 8 5B9DC7CC9C46F1FF
95126.1 6AB 8 0000000000003FA1
95127.6 538 8 8080008080000080
95132.6 31C 8 00000000800084F3
95134.5 5EA 8 0000000000000016
95136.0 31D 8 000000000000001F
95137.4 5EB 8 0000000000000007
95138.8 5EC 8 000000000000000F
95148.2 66B 8 7700000000000000
95149.6 66C 8 DF09000000000000
95164.0 444 8 0000000000000005
95179.3 3F1 8 0002000000000000
95180.8 663 8 7814E00E00AA0000
95182.5 31C 8 00000000800084F3
95184.0 31D 8 000000000000001F
95185.5 38C 8 000000000000007F
95195.3 38D 8 00000000000000E5
95196.8 39C 8 FF6F000000000000
95198.3 3C3 8 FF00000000000000
95211.0 444 8 0000000000000005
95226.5 31C 8 00000000800084F3
95229.4 31D 8 000000000000001F
95257.8 444 8 0000000000000005
95273.3 6C0 7 04030100000000
95275.2 3F1 8 0002000000000000
95276.8 663 8 7814E00E00AA0000
95278.2 31C 8 00000000800084F3
95288.9 31D 8 000000000000001F
95290.6 38C 8 000000000000007F
95292.0 38D 8 00000000000000E5
95293.4 39C 8 FF6F000000000000
95304.9 3C3 8 FF00000000000000
95306.6 444 8 0000000000000005
95308.2 537 8 8080808080800000
95309.8 6AB 8 0000000000003FA1
95320.3 538 8 8080008080000080
95322.1 523 8 CD1F7770450E0B02
95323.6 52E 5 603F000000
95324.9 31C 8 00000000800084F3
95335.9 31D 8 000000000000001F
95351.5 444 8 0000000000000005
95367.2 539 8 3502800008030000
95368.8 541 8 0000000000000000
95370.3 3F1 8 0002000000000000
95371.9 663 8 7814E00E00AA0000
95382.8 31C 8 00000000800084F3
95384.4 31D 8 000000000000001F
95385.8 38C 8 000000000000007F
95398.5 38D 8 00000000000000E5
95399.9 39C 8 FF6F000000000000
95401.5 3C3 8 FF00000000000000
95403.7 444 8 0000000000000005
95429.9 31C 8 00000000800084F3
95432.0 31D 8 000000000000001F
95460.9 444 8 0000000000000005
95476.2 6C0 7 04030100000000
95477.6 3F1 8 0002000000000000
95479.2 663 8 7814E00E00AA0000
95480.6 31C 8 00000000800084F3
95482.1 31D 8 000000000000001F
95491.8 38C 8 000000000000007F
95493.3 38D 8 00000000000000E5
95494.8 39C 8 FF6F000000000000
95507.7 3C3 8 FF00000000000000
95509.3 444 8 0000000000000005
95510.7 537 8 8080808080800000
95512.1 6AB 8 0000000000003FA1
95523.3 538 8 8080008080000080
95527.1 31C 8 00000000800084F3
95539.0 31D 8 000000000000001F
95554.7 444 8 0000000000000005
95570.5 3F1 8 0002000000000000
95571.9 484 8 0000000000000000
95573.4 523 8 CD1F7770450E0B02
95574.9 52E 5 603F000000
95576.1 663 8 7814E00E00AA0000
95577.5 31C 8 00000000800084F3
95585.9 31D 8 000000000000001F
95587.5 38C 8 000000000000007F
95589.0 38D 8 00000000000000E5
95602.3 39C 8 FF6F000000000000
95603.7 3C3 8 FF00000000000000
95605.2 444 8 0000000000000005
95617.2 539 8 3502800008030000
95618.9 541 8 0000000000000000
95632.4 31C 8 00000000800084F3
95634.0 5EA 8 0000000000000016
95635.5 31D 8 000000000000001F
95637.2 5EB 8 0000000000000007
95638.5 5EC 8 000000000000000F
95648.2 66B 8 7700000000000000
95649.7 66C 8 DF09000000000000
95663.9 444 8 0000000000000005
95679.3 6C0 7 04030100000000
95680.7 3F1 8 0002000000000000
95682.3 663 8 7814E00E00AA0000
95683.8 31C 8 00000000800084F3
95685.2 31D 8 000000000000001F
95686.8 38C 8 000000000000007F
95695.2 38D 8 00000000000000E5
95696.9 39C 8 FF6F000000000000
95698.7 3C3 8 FF00000000000000
95711.0 444 8 0000000000000005
95712.7 537 8 8080808080800000
95714.0 6AB 8 0000000000003FA1
95715.4 538 8 8080008080000080
95726.5 31C 8 00000000800084F3
95728.2 31D 8 000000000000001F
95757.8 444 8 0000000000000005
95773.4 3F1 8 0002000000000000
95775.0 663 8 7814E00E00AA0000
95777.1 31C 8 00000000800084F3
95778.5 31D 8 000000000000001F
95789.0 38C 8 000000000000007F
95791.8 38D 8 00000000000000E5
95793.2 39C 8 FF6F000000000000
95807.9 3C3 8 FF00000000000000
95811.5 444 8 0000000000000005
95823.4 523 8 CD1F7770450E0B02
95825.3 52E 5 603F000000
95827.9 31C 8 00000000800084F3
95835.9 31D 8 000000000000001F
95851.3 444 8 0000000000000005
95866.9 539 8 3502800008030000
95868.5 541 8 0000000000000000
95870.1 6C0 7 04030100000000
95871.5 3F1 8 0002000000000000
95872.9 663 8 7814E00E00AA0000
95882.5 31C 8 00000000800084F3
95884.1 31D 8 000000000000001F
95885.5 38C 8 000000000000007F
95898.3 38D 8 00000000000000E5
95899.8 39C 8 FF6F000000000000
95901.5 3C3 8 FF00000000000000
95914.0 444 8 0000000000000005
95915.5 537 8 8080808080800000
95917.1 6AB 8 0000000000003FA1
95918.5 538 8 8080008080000080
95929.6 31C 8 00000000800084F3
95931.2 31D 8 000000000000001F
95961.1 444 8 0000000000000005
95976.4 3F1 8 0002000000000000
95978.1 663 8 7814E00E00AA0000
95979.6 31C 8 00000000800084F3
95981.0 31D 8 000000000000001F
95991.8 38C 8 000000000000007F
95993.5 38D 8 00000000000000E5
95995.0 39C 8 FF6F000000000000
96007.7 3C3 8 FF00000000000000
96009.2 444 8 0000000000000005
96023.3 31C 8 00000000800084F3
96025.2 31D 8 000000000000001F
96054.7 444 8 0000000000000005
96070.6 6C0 7 04030100000000
96072.4 3F1 8 0002000000000000
96073.8 484 8 0000000000000000
96075.1 523 8 CD1F7770450E0B02
96076.5 52E 5 603F000000
96077.8 585 8 902C00000000003F
96079.1 64C 2 0011
96080.3 663 8 7814E00E00AA0000
96081.6 6B2 8 FFFEFF0F880002CB
96083.5 31C 8 00000000800084F3
96085.6 31D 8 000000000000001F
96087.1 38C 8 000000000000007F
96088.8 38D 8 00000000000000E5
96101.7 39C 8 FF6F000000000000
96103.3 3C3 8 FF00000000000000
96104.9 444 8 0000000000000005
96117.3 537 8 8080808080800000
96119.2 5FB 8 1FFFFFFFFF1FF87E
96120.6 539 8 3502800008030000
96122.9 541 8 0000000000000000
96124.3 5FA 8 5B9DC7CC9C46F1FF
96125.9 6AB 8 0000000000003FA1
96127.3 538 8 8080008080000080
96132.6 31C 8 00000000800084F3
96134.3 5EA 8 0000000000000016
96135.8 31D 8 000000000000001F
96137.2 5EB 8 0000000000000007
96138.6 5EC 8 000000000000000F
96148.5 66B 8 7700000000000000
96150.0 66C 8 DF09000000000000
96164.1 444 8 0000000000000005
96179.3 3F1 8 0002000000000000
96180.6 663 8 7814E00E00AA0000
96182.2 31C 8 00000000800084F3
96183.7 31D 8 000000000000001F
96185.2 38C 8 000000000000007F
96195.3 38D 8 00000000000000E5
96196.9 39C 8 FF6F000000000000
96198.3 3C3 8 FF00000000000000
96210.9 444 8 0000000000000005
96226.7 31C 8 00000000800084F3
96228.5 31D 8 000000000000001F
96257.9 444 8 0000000000000005
96273.2 6C0 7 04030100000000
96275.1 3F1 8 0002000000000000
96277.0 663 8 7814E00E00AA0000
96278.4 31C 8 00000000800084F3
96288.8 31D 8 000000000000001F
96290.4 38C 8 000000000000007F
96292.7 38D 8 00000000000000E5
96294.0 39C 8 FF6F000000000000
96304.7 3C3 8 FF00000000000000
96306.2 444 8 0000000000000005
96307.7 537 8 8080808080800000
96320.3 6AB 8 0000000000003FA1
96321.7 538 8 8080008080000080
96323.3 523 8 CD1F7770450E0B02
96324.7 52E 5 603F000000
96326.2 31C 8 00000000800084F3
96335.9 31D 8 000000000000001F
96351.6 444 8 0000000000000005
96367.2 539 8 3502800008030000
96368.6 541 8 0000000000000000
96369.8 3F1 8 0002000000000000
96371.1 663 8 7814E00E00AA0000
96382.9 31C 8 00000000800084F3
96384.4 31D 8 000000000000001F
96386.0 38C 8 000000000000007F
96398.5 38D 8 00000000000000E5
96400.0 39C 8 FF6F000000000000
96401.6 3C3 8 FF00000000000000
96414.0 444 8 0000000000000005
96429.7 31C 8 00000000800084F3
96431.2 31D 8 000000000000001F
96461.0 444 8 0000000000000005
96476.3 6C0 7 04030100000000
96477.8 3F1 8 0002000000000000
96479.4 663 8 7814E00E00AA0000
96480.8 31C 8 00000000800084F3
96483.0 31D 8 000000000000001F
96492.0 38C 8 000000000000007F
96493.5 38D 8 00000000000000E5
96494.9 39C 8 FF6F000000000000
96507.7 3C3 8 FF00000000000000
96509.3 444 8 0000000000000005
96510.7 537 8 8080808080800000
96512.1 6AB 8 0000000000003FA1
96523.5 538 8 8080008080000080
96525.1 31C 8 00000000800084F3
96538.8 31D 8 000000000000001F
96554.5 444 8 0000000000000005
96570.3 3F1 8 0002000000000000
96571.9 484 8 0000000000000000
96573.6 523 8 CD1F7770450E0B02
96575.1 52E 5 603F000000
96576.3 663 8 7814E00E00AA0000
96577.7 31C 8 00000000800084F3
96586.1 31D 8 000000000000001F
96587.9 38C 8 000000000000007F
96589.3 38D 8 00000000000000E5
96601.5 39C 8 FF6F000000000000
96603.2 3C3 8 FF00000000000000
96604.5 444 8 0000000000000005
96617.9 539 8 3502800008030000
96619.7 541 8 0000000000000000
96632.6 31C 8 00000000800084F3
96634.7 5EA 8 0000000000000016
96635.9 31D 8 000000000000001F
96637.8 5EB 8 0000000000000007
96640.0 5EC 8 000000000000000F
96648.5 66B 8 7700000000000000
96649.8 66C 8 DF09000000000000
96664.0 444 8 0000000000000005
96679.3 6C0 7 04030100000000
96680.7 3F1 8 0002000000000000
96682.0 663 8 7814E00E00AA0000
96683.6 31C 8 00000000800084F3
96685.1 31D 8 000000000000001F
96686.6 38C 8 000000000000007F
96695.3 38D 8 00000000000000E5
96696.9 39C 8 FF6F000000000000
96698.2 3C3 8 FF00000000000000
96711.0 444 8 0000000000000005
96712.8 537 8 8080808080800000
96714.2 6AB 8 0000000000003FA1
96715.4 538 8 8080008080000080
96726.5 31C 8 00000000800084F3
96728.2 31D 8 000000000000001F
96757.8 444 8 0000000000000005
96773.4 3F1 8 0002000000000000
96775.5 663 8 7814E00E00AA0000
96777.0 31C 8 00000000800084F3
96778.6 31D 8 000000000000001F
96788.9 38C 8 000000000000007F
96790.3 38D 8 00000000000000E5
96791.6 39C 8 FF6F000000000000
96804.8 3C3 8 FF00000000000000
96806.3 444 8 0000000000000005
96820.4 523 8 CD1F7770450E0B02
96822.0 52E 5 603F000000
96824.7 31C 8 00000000800084F3
96836.2 31D 8 000000000000001F
96851.7 444 8 0000000000000005
96867.1 539 8 3502800008030000
96868.8 541 8 0000000000000000
96870.6 6C0 7 04030100000000
96871.8 3F1 8 0002000000000000
96873.0 663 8 7814E00E00AA0000
96882.7 31C 8 00000000800084F3
96888.7 31D 8 000000000000001F
96890.4 38C 8 000000000000007F
96898.5 38D 8 00000000000000E5
96900.3 39C 8 FF6F000000000000
96901.7 3C3 8 FF00000000000000
96914.1 444 8 0000000000000005
96915.6 537 8 8080808080800000
96917.0 6AB 8 0000000000003FA1
96918.3 538 8 8080008080000080
96929.6 31C 8 00000000800084F3
96931.1 31D 8 000000000000001F
96961.0 444 8 0000000000000005
96976.5 3F1 8 0002000000000000
96978.2 663 8 7814E00E00AA0000
96979.7 31C 8 00000000800084F3
96981.1 31D 8 000000000000001F
96992.1 38C 8 000000000000007F
96993.8 38D 8 00000000000000E5
96995.3 39C 8 FF6F000000000000
97007.9 3C3 8 FF00000000000000
97009.3 444 8 0000000000000005
97023.5 31C 8 00000000800084F3
97025.2 31D 8 000000000000001F
97054.7 444 8 0000000000000005
97075.3 6C0 7 04030100000000
97078.9 3F1 8 0002000000000000
97081.0 484 8 0000000000000000
97082.3 523 8 CD1F7770450E0B02
97083.6 52E 5 603F000000
97085.0 585 8 902C00000000003F
97086.7 64C 2 0011
97088.0 663 8 7814E00E00AA0000
97089.5 6B2 8 FFFEFF0F880082CB
97091.0 31C 8 00000000800084F3
97101.6 31D 8 000000000000001F
97103.1 38C 8 000000000000007F
97104.6 38D 8 00000000000000E5
97106.4 39C 8 FF6F000000000000
97107.8 3C3 8 FF00000000000000
97109.3 444 8 0000000000000005
97117.1 537 8 8080808080800000
97118.8 5FB 8 1FFFFFFFFF1FF87E
97120.4 539 8 3502800008030000
97121.8 541 8 0000000000000000
97123.3 5FA 8 5B9DC7CC9C46F1FF
97124.6 6AB 8 0000000000003FA1
97125.9 538 8 8080008080000080
97132.7 31C 8 00000000800084F3
97134.5 5EA 8 0000000000000016
97135.9 31D 8 000000000000001F
97137.5 5EB 8 0000000000000007
97138.9 5EC 8 000000000000000F
97148.4 66B 8 7700000000000000
97150.0 66C 8 DF09000000000000
97164.1 444 8 0000000000000005
97179.7 3F1 8 0002000000000000
97181.1 663 8 7814E00E00AA0000
97182.8 31C 8 00000000800084F3
97184.3 31D 8 000000000000001F
97185.7 38C 8 000000000000007F
97195.4 38D 8 00000000000000E5
97197.0 39C 8 FF6F000000000000
97198.7 3C3 8 FF00000000000000
97211.0 444 8 0000000000000005
97226.6 31C 8 00000000800084F3
97228.1 31D 8 000000000000001F
97258.0 444 8 0000000000000005
97273.3 6C0 7 04030100000000
97275.0 3F1 8 0002000000000000
97276.5 663 8 7814E00E00AA0000
97277.9 31C 8 00000000800084F3
97288.9 31D 8 000000000000001F
97290.5 38C 8 000000000000007F
97292.0 38D 8 00000000000000E5
97293.5 39C 8 FF6F000000000000
97304.8 3C3 8 FF00000000000000
97306.4 444 8 0000000000000005
97308.0 537 8 8080808080800000
97320.4 6AB 8 0000000000003FA1
97322.0 538 8 8080008080000080
97323.5 523 8 CD1F7770450E0B02
97325.0 52E 5 603F000000
97326.4 31C 8 00000000800084F3
97336.1 31D 8 000000000000001F
97351.6 444 8 0000000000000005
97367.3 539 8 3502800008030000
97368.9 541 8 0000000000000000
97370.3 3F1 8 0002000000000000
97371.8 663 8 7814E00E00AA0000
97382.9 31C 8 00000000800084F3
97384.4 31D 8 000000000000001F
97385.8 38C 8 000000000000007F
97398.6 38D 8 00000000000000E5
97400.0 39C 8 FF6F000000000000
97401.4 3C3 8 FF00000000000000
97414.1 444 8 0000000000000005
97430.0 31C 8 00000000800084F3
97431.3 31D 8 000000000000001F
97461.1 444 8 0000000000000005
97476.7 6C0 7 04030100000000
97478.0 3F1 8 0002000000000000
97479.5 663 8 7814E00E00AA0000
97480.9 31C 8 00000000800084F3
97482.2 31D 8 000000000000001F
97492.0 38C 8 000000000000007F
97493.3 38D 8 00000000000000E5
97494.7 39C 8 FF6F000000000000
97507.9 3C3 8 FF00000000000000
97509.5 444 8 0000000000000005
97510.8 537 8 8080808080800000
97512.2 6AB 8 0000000000003FA1
97523.6 538 8 8080008080000080
97525.8 31C 8 00000000800084F3
97527.5 31D 8 000000000000001F
97554.7 444 8 0000000000000005
97570.7 3F1 8 0002000000000000
97572.5 484 8 0000000000000000
97574.0 523 8 CD1F7770450E0B02
97575.8 52E 5 603F000000
97577.0 663 8 7814E00E00AA0000
97578.3 31C 8 00000000800084F3
97585.9 31D 8 000000000000001F
97587.4 38C 8 000000000000007F
97588.9 38D 8 00000000000000E5
97601.8 39C 8 FF6F000000000000
97603.5 3C3 8 FF00000000000000
97605.0 444 8 0000000000000005
97617.1 539 8 3502800008030000
97619.0 541 8 0000000000000000
97632.7 31C 8 00000000800084F3
97634.5 5EA 8 0000000000000016
97636.0 31D 8 000000000000001F
97637.5 5EB 8 0000000000000007
97638.9 5EC 8 000000000000000F
97648.5 66B 8 7700000000000000
97650.1 66C 8 DF09000000000000
97651.6 444 8 0000000000000005
97679.4 6C0 7 04030100000000
97681.0 3F1 8 0002000000000000
97682.5 663 8 7814E00E00AA0000
97683.9 31C 8 00000000800084F3
97685.3 31D 8 000000000000001F
97686.8 38C 8 000000000000007F
97695.4 38D 8 00000000000000E5
97697.0 39C 8 FF6F000000000000
97698.5 3C3 8 FF00000000000000
97711.0 444 8 0000000000000005
97712.6 537 8 8080808080800000
97714.0 6AB 8 0000000000003FA1
97715.5 538 8 8080008080000080
97726.6 31C 8 00000000800084F3
97728.1 31D 8 000000000000001F
97758.0 444 8 0000000000000005
97773.3 3F1 8 0002000000000000
97775.2 663 8 7814E00E00AA0000
97776.7 31C 8 00000000800084F3
97788.9 31D 8 000000000000001F
97790.5 38C 8 000000000000007F
97792.0 38D 8 00000000000000E5
97793.5 39C 8 FF6F000000000000
97804.7 3C3 8 FF00000000000000
97806.2 444 8 0000000000000005
97820.4 523 8 CD1F7770450E0B02
97822.0 52E 5 603F000000
97823.4 31C 8 00000000800084F3
97835.9 31D 8 000000000000001F
97851.7 444 8 0000000000000005
97867.3 539 8 3502800008030000
97868.8 541 8 0000000000000000
97870.3 6C0 7 04030100000000
97871.6 3F1 8 0002000000000000
97873.0 663 8 7814E00E00AA0000
97883.0 31C 8 00000000800084F3
97885.5 31D 8 000000000000001F
97887.0 38C 8 000000000000007F
97898.5 38D 8 00000000000000E5
97900.3 39C 8 FF6F000000000000
97902.0 3C3 8 FF00000000000000
97914.2 444 8 0000000000000005
97915.8 537 8 8080808080800000
97917.2 6AB 8 0000000000003FA1
97918.7 538 8 8080008080000080
97929.8 31C 8 00000000800084F3
97931.7 31D 8 000000000000001F
97961.0 444 8 0000000000000005
97976.9 3F1 8 0002000000000000
97978.4 663 8 7814E00E00AA0000
97979.9 31C 8 00000000800084F3
97981.3 31D 8 000000000000001F
97992.0 38C 8 000000000000007F
97993.5 38D 8 00000000000000E5
97995.2 39C 8 FF6F000000000000
98007.9 3C3 8 FF00000000000000
98009.4 444 8 0000000000000005
98023.7 31C 8 00000000800084F3
98025.2 31D 8 000000000000001F
98054.9 444 8 0000000000000005
98070.5 6C0 7 04030100000000
98072.2 3F1 8 0002000000000000
98073.8 484 8 0000000000000000
98075.1 523 8 CD1F7770450E0B02
98076.4 52E 5 603F000000
98078.9 585 8 902C00000000003F
98080.3 64C 2 0011
98081.6 663 8 7814E00E00AA0000
98083.0 6B2 8 FFFEFF0F880002CC
98084.3 31C 8 00000000800084F3
98101.7 31D 8 000000000000001F
98103.5 38C 8 000000000000007F
98105.0 38D 8 00000000000000E5
98106.5 39C 8 FF6F000000000000
98107.9 3C3 8 FF00000000000000
98109.3 444 8 0000000000000005
98117.3 537 8 8080808080800000
98119.2 5FB 8 1FFFFFFFFF1FF87E
98120.8 539 8 3502800008030000
98122.3 541 8 0000000000000000
98123.9 5FA 8 5B9DC7CC9C46F1FF
98125.3 6AB 8 0000000000003FA1
98126.7 538 8 8080008080000080
98133.0 31C 8 00000000800084F3
98134.6 5EA 8 0000000000000016
98136.1 31D 8 000000000000001F
98137.9 5EB 8 0000000000000007
98139.5 5EC 8 000000000000000F
98148.6 66B 8 7700000000000000
98150.5 66C 8 DF09000000000000
98164.3 444 8 0000000000000005
98179.6 3F1 8 0002000000000000
98181.2 663 8 7814E00E00AA0000
98183.0 31C 8 00000000800084F3
98185.4 31D 8 000000000000001F
98186.8 38C 8 000000000000007F
98195.4 38D 8 00000000000000E5
98197.7 39C 8 FF6F000000000000
98199.0 3C3 8 FF00000000000000
98211.1 444 8 0000000000000005
98226.8 31C 8 00000000800084F3
98228.4 31D 8 000000000000001F
98257.9 444 8 0000000000000005
98273.3 6C0 7 04030100000000
98275.1 3F1 8 0002000000000000
98276.7 663 8 7814E00E00AA0000
98278.2 31C 8 00000000800084F3
98288.9 31D 8 000000000000001F
98290.4 38C 8 000000000000007F
98291.9 38D 8 00000000000000E5
98293.3 39C 8 FF6F000000000000
98304.7 3C3 8 FF00000000000000
98306.3 444 8 0000000000000005
98307.9 537 8 8080808080800000
98320.4 6AB 8 0000000000003FA1
98321.9 538 8 8080008080000080
98323.4 523 8 CD1F7770450E0B02
98324.8 52E 5 603F000000
98326.2 31C 8 00000000800084F3
98336.0 31D 8 000000000000001F
98351.7 444 8 0000000000000005
98367.4 539 8 3502800008030000
98368.9 541 8 0000000000000000
98370.4 3F1 8 0002000000000000
98371.8 663 8 7814E00E00AA0000
98382.9 31C 8 00000000800084F3
98384.4 31D 8 000000000000001F
98386.7 38C 8 000000000000007F
98398.6 38D 8 00000000000000E5
98400.1 39C 8 FF6F000000000000
98401.7 3C3 8 FF00000000000000
98414.2 444 8 0000000000000005
98429.8 31C 8 00000000800084F3
98431.5 31D 8 000000000000001F
98461.3 444 8 0000000000000005
98476.4 6C0 7 04030100000000
98477.8 3F1 8 0002000000000000
98479.3 663 8 7814E00E00AA0000
98480.8 31C 8 00000000800084F3
98482.4 31D 8 000000000000001F
98492.1 38C 8 000000000000007F
98493.8 38D 8 00000000000000E5
98495.2 39C 8 FF6F000000000000
98507.6 3C3 8 FF00000000000000
98508.9 444 8 0000000000000005
98510.7 537 8 8080808080800000
98512.1 6AB 8 0000000000003FA1
98523.6 538 8 8080008080000080
98525.1 31C 8 00000000800084F3
98526.6 31D 8 000000000000001F
98554.8 444 8 0000000000000005
98570.5 3F1 8 0002000000000000
98572.2 484 8 0000000000000000
98573.7 523 8 CD1F7770450E0B02
98574.8 52E 5 603F000000
98576.0 663 8 7814E00E00AA0000
98577.3 31C 8 00000000800084F3
98586.0 31D 8 000000000000001F
98587.8 38C 8 000000000000007F
98589.3 38D 8 00000000000000E5
98601.6 39C 8 FF6F000000000000
98603.3 3C3 8 FF00000000000000
98604.6 444 8 0000000000000005
98617.4 539 8 3502800008030000
98619.0 541 8 0000000000000000
98632.7 31C 8 00000000800084F3
98634.5 5EA 8 0000000000000016
98635.9 31D 8 000000000000001F
98637.9 5EB 8 0000000000000007
98639.7 5EC 8 000000000000000F
98648.7 66B 8 7700000000000000
98650.1 66C 8 DF09000000000000
98664.4 444 8 0000000000000005
98679.5 6C0 7 04030100000000
98681.0 3F1 8 0002000000000000
98682.5 663 8 7814E00E00AA0000
98684.1 31C 8 00000000800084F3
98685.6 31D 8 000000000000001F
98687.0 38C 8 000000000000007F
98695.4 38D 8 00000000000000E5
98697.0 39C 8 FF6F000000000000
98698.8 3C3 8 FF00000000000000
98711.1 444 8 0000000000000005
98712.6 537 8 8080808080800000
98714.2 6AB 8 0000000000003FA1
98715.6 538 8 8080008080000080
98726.6 31C 8 00000000800084F3
98729.0 31D 8 000000000000001F
98758.0 444 8 0000000000000005
98773.4 3F1 8 0002000000000000
98774.9 663 8 7814E00E00AA0000
98776.4 31C 8 00000000800084F3
98777.8 31D 8 000000000000001F
98788.9 38C 8 000000000000007F
98790.5 38D 8 00000000000000E5
98792.0 39C 8 FF6F000000000000
98804.8 3C3 8 FF00000000000000
98806.3 444 8 0000000000000005
98820.4 523 8 CD1F7770450E0B02
98821.8 52E 5 603F000000
98823.4 31C 8 00000000800084F3
98836.0 31D 8 000000000000001F
98851.6 444 8 0000000000000005
98867.5 539 8 3502800008030000
98869.0 541 8 0000000000000000
98870.5 6C0 7 04030100000000
98872.0 3F1 8 0002000000000000
98873.5 663 8 7814E00E00AA0000
98883.1 31C 8 00000000800084F3
98884.9 31D 8 000000000000001F
98886.3 38C 8 000000000000007F
98898.4 38D 8 00000000000000E5
98900.0 39C 8 FF6F000000000000
98901.5 3C3 8 FF00000000000000
98914.2 444 8 0000000000000005
98915.7 537 8 8080808080800000
98917.3 6AB 8 0000000000003FA1
98919.6 538 8 8080008080000080
98929.8 31C 8 00000000800084F3
98931.5 31D 8 000000000000001F
98961.0 444 8 0000000000000005
98976.9 3F1 8 0002000000000000
98978.7 663 8 7814E00E00AA0000
98980.2 31C 8 00000000800084F3
98981.5 31D 8 000000000000001F
98991.9 38C 8 000000000000007F
98993.4 38D 8 00000000000000E5
98994.9 39C 8 FF6F000000000000
99007.9 3C3 8 FF00000000000000
99009.3 444 8 0000000000000005
99023.7 31C 8 00000000800084F3
99025.1 31D 8 000000000000001F
99054.7 444 8 0000000000000005
99070.4 6C0 7 04030100000000
99072.4 3F1 8 0002000000000000
99074.6 484 8 0000000000000000
99076.1 523 8 CD1F7770450E0B02
99077.2 52E 5 603F000000
99078.5 585 8 902C00000000003F
99079.8 64C 2 0011
99081.0 663 8 7814E00E00AA0000
99082.4 6B2 8 FFFEFF0F880082CC
99083.6 31C 8 00000000800084F3
99085.7 31D 8 000000000000001F
99087.2 38C 8 000000000000007F
99088.4 38D 8 00000000000000E5
99102.0 39C 8 FF6F000000000000
99104.3 3C3 8 FF00000000000000
99105.6 444 8 0000000000000005
99117.4 537 8 8080808080800000
99119.4 5FB 8 1FFFFFFFFF1FF87E
99121.0 539 8 3502800008030000
99122.4 541 8 0000000000000000
99124.2 5FA 8 5B9DC7CC9C46F1FF
99125.6 6AB 8 0000000000003FA1
99127.1 538 8 8080008080000080
99132.9 31C 8 00000000800084F3
99134.6 5EA 8 0000000000000016
99136.5 31D 8 000000000000001F
99138.0 5EB 8 0000000000000007
99139.3 5EC 8 000000000000000F
99148.6 66B 8 7700000000000000
99150.2 66C 8 DF09000000000000
99151.6 444 8 0000000000000005
99180.0 3F1 8 0002000000000000
99181.6 663 8 7814E00E00AA0000
99183.3 31C 8 00000000800084F3
99184.7 31D 8 000000000000001F
99186.1 38C 8 000000000000007F
99195.4 38D 8 00000000000000E5
99197.1 39C 8 FF6F000000000000
99198.7 3C3 8 FF00000000000000
99211.1 444 8 0000000000000005
99226.6 31C 8 00000000800084F3
99228.3 31D 8 000000000000001F
99258.0 444 8 0000000000000005
99273.4 6C0 7 04030100000000
99275.0 3F1 8 0002000000000000
99277.5 663 8 7814E00E00AA0000
99279.0 31C 8 00000000800084F3
99289.1 31D 8 000000000000001F
99291.0 38C 8 000000000000007F
99292.5 38D 8 00000000000000E5
99294.0 39C 8 FF6F000000000000
99304.8 3C3 8 FF00000000000000
99306.4 444 8 0000000000000005
99307.9 537 8 8080808080800000
99320.4 6AB 8 0000000000003FA1
99322.0 538 8 8080008080000080
99323.4 523 8 CD1F7770450E0B02
99324.8 52E 5 603F000000
99326.2 31C 8 00000000800084F3
99336.0 31D 8 000000000000001F
99351.7 444 8 0000000000000005
99367.2 539 8 3502800008030000
99368.8 541 8 0000000000000000
99370.2 3F1 8 0002000000000000
99371.5 663 8 7814E00E00AA0000
99382.9 31C 8 00000000800084F3
99384.5 31D 8 000000000000001F
99386.0 38C 8 000000000000007F
99398.6 38D 8 00000000000000E5
99400.0 39C 8 FF6F000000000000
99401.4 3C3 8 FF00000000000000
99414.0 444 8 0000000000000005
99429.7 31C 8 00000000800084F3
99431.0 31D 8 000000000000001F
99461.2 444 8 0000000000000005
99476.3 6C0 7 04030100000000
99477.7 3F1 8 0002000000000000
99479.3 663 8 7814E00E00AA0000
99480.7 31C 8 00000000800084F3
99482.0 31D 8 000000000000001F
99492.0 38C 8 000000000000007F
99493.6 38D 8 00000000000000E5
99494.9 39C 8 FF6F000000000000
99507.9 3C3 8 FF00000000000000
99509.2 444 8 0000000000000005
99510.7 537 8 8080808080800000
99511.9 6AB 8 0000000000003FA1
99523.6 538 8 8080008080000080
99525.2 31C 8 00000000800084F3
99526.7 31D 8 000000000000001F
99554.7 444 8 0000000000000005
99570.5 3F1 8 0002000000000000
99572.3 484 8 0000000000000000
99573.8 523 8 CD1F7770450E0B02
99575.0 52E 5 603F000000
99576.2 663 8 7814E00E00AA0000
99577.4 31C 8 00000000800084F3
99585.8 31D 8 000000000000001F
99587.6 38C 8 000000000000007F
99589.0 38D 8 00000000000000E5
99601.9 39C 8 FF6F000000000000
99607.0 3C3 8 FF00000000000000
99608.3 444 8 0000000000000005
99617.3 539 8 3502800008030000
99619.5 541 8 0000000000000000
99632.8 31C 8 00000000800084F3
99634.3 5EA 8 0000000000000016
99635.9 31D 8 000000000000001F
99637.6 5EB 8 0000000000000007
99639.0 5EC 8 000000000000000F
99648.9 66B 8 7700000000000000
99650.3 66C 8 DF09000000000000
99651.8 444 8 0000000000000005
99679.5 6C0 7 04030100000000
99681.1 3F1 8 0002000000000000
99682.6 663 8 7814E00E00AA0000
99684.1 31C 8 00000000800084F3
99685.6 31D 8 000000000000001F
99687.1 38C 8 000000000000007F
99695.4 38D 8 00000000000000E5
99696.9 39C 8 FF6F000000000000
99698.5 3C3 8 FF00000000000000
99711.0 444 8 0000000000000005
99712.7 537 8 8080808080800000
99714.1 6AB 8 0000000000003FA1
99715.6 538 8 8080008080000080
99726.6 31C 8 00000000800084F3
99728.4 31D 8 000000000000001F
99758.1 444 8 0000000000000005
99773.4 3F1 8 0002000000000000
99774.9 663 8 7814E00E00AA0000
99776.4 31C 8 00000000800084F3
99788.9 31D 8 000000000000001F
99790.4 38C 8 000000000000007F
99791.9 38D 8 00000000000000E5
99794.1 39C 8 FF6F000000000000
99804.8 3C3 8 FF00000000000000
99806.3 444 8 0000000000000005
99820.4 523 8 CD1F7770450E0B02
99821.9 52E 5 603F000000
99823.4 31C 8 00000000800084F3
99835.9 31D 8 000000000000001F
99851.7 444 8 0000000000000005
99868.2 539 8 3502800008030000
99872.3 541 8 0000000000000000
99873.6 6C0 7 04030100000000
99875.0 3F1 8 0002000000000000
99876.6 663 8 7814E00E00AA0000
99882.9 31C 8 00000000800084F3
99884.8 31D 8 000000000000001F
99886.4 38C 8 000000000000007F
99898.6 38D 8 00000000000000E5
99900.1 39C 8 FF6F000000000000
99901.7 3C3 8 FF00000000000000
99914.2 444 8 0000000000000005
99915.8 537 8 8080808080800000
99917.3 6AB 8 0000000000003FA1
99918.8 538 8 8080008080000080
99929.8 31C 8 00000000800084F3
99931.3 31D 8 000000000000001F
99961.1 444 8 0000000000000005
99976.7 3F1 8 0002000000000000
99978.4 663 8 7814E00E00AA0000
99979.9 31C 8 00000000800084F3
99981.2 31D 8 000000000000001F
99991.9 38C 8 000000000000007F
99993.3 38D 8 00000000000000E5
99994.8 39C 8 FF6F000000000000
100007.9 3C3 8 FF00000000000000
100009.4 444 8 0000000000000005
100023.6 31C 8 00000000800084F3
100025.0 31D 8 000000000000001F
100054.8 444 8 0000000000000005
100070.5 6C0 7 04030100000000
100071.9 3F1 8 0002000000000000
100073.3 484 8 0000000000000000
100074.5 523 8 CD1F7770450E0B02
100075.7 52E 5 603F000000
100077.1 585 8 902C00000000003F
100078.2 64C 2 0011
100079.5 663 8 7814E00E00AA0000
100080.7 6B2 8 FFFEFF0F880002CD
100081.9 31C 8 00000000800084F3
100086.2 31D 8 000000000000001F
100088.1 38C 8 000000000000007F
100091.0 38D 8 00000000000000E5
100101.8 39C 8 FF6F000000000000
100103.7 3C3 8 FF00000000000000
100105.1 444 8 0000000000000005
100117.3 537 8 8080808080800000
100119.2 5FB 8 1FFFFFFFFF1FF87E
100120.9 539 8 3502800008030000
100122.4 541 8 0000000000000000
100123.8 5FA 8 5B9DC7CC9C46F1FF
100125.2 6AB 8 0000000000003FA1
100126.6 538 8 8080008080000080
100133.0 31C 8 00000000800084F3
100134.6 5EA 8 0000000000000016
100136.1 31D 8 000000000000001F
100137.9 5EB 8 0000000000000007
100139.1 5EC 8 000000000000000F
100148.5 66B 8 7700000000000000
100150.1 66C 8 DF09000000000000
100151.6 444 8 0000000000000005
100179.5 3F1 8 0002000000000000
100181.0 663 8 7814E00E00AA0000
100182.6 31C 8 00000000800084F3
100184.2 31D 8 000000000000001F
100185.7 38C 8 000000000000007F
100195.5 38D 8 00000000000000E5
100197.0 39C 8 FF6F000000000000
100198.4 3C3 8 FF00000000000000
100211.1 444 8 0000000000000005
100226.9 31C 8 00000000800084F3
100228.8 31D 8 000000000000001F
100258.1 444 8 0000000000000005
100273.4 6C0 7 04030100000000
100275.4 3F1 8 0002000000000000
100276.8 663 8 7814E00E00AA0000
100278.2 31C 8 00000000800084F3
100288.9 31D 8 000000000000001F
100290.5 38C 8 000000000000007F
100292.0 38D 8 00000000000000E5
100293.5 39C 8 FF6F000000000000
100304.9 3C3 8 FF00000000000000
100306.5 444 8 0000000000000005
100308.0 537 8 8080808080800000
100320.4 6AB 8 0000000000003FA1
100322.7 538 8 8080008080000080
100324.0 523 8 CD1F7770450E0B02
100325.3 52E 5 603F000000
100326.5 31C 8 00000000800084F3
100336.0 31D 8 000000000000001F
100351.7 444 8 0000000000000005
100367.4 539 8 3502800008030000
100369.0 541 8 0000000000000000
100370.4 3F1 8 0002000000000000
100371.8 663 8 7814E00E00AA0000
100382.9 31C 8 00000000800084F3
100384.4 31D 8 000000000000001F
100385.9 38C 8 000000000000007F
100398.5 38D 8 00000000000000E5
100400.2 39C 8 FF6F000000000000
100401.6 3C3 8 FF00000000000000
100414.4 444 8 0000000000000005
100429.8 31C 8 00000000800084F3
100431.3 31D 8 000000000000001F
100461.0 444 8 0000000000000005
100476.4 6C0 7 04030100000000
100477.9 3F1 8 0002000000000000
100479.7 663 8 7814E00E00AA0000
100481.1 31C 8 00000000800084F3
100482.4 31D 8 000000000000001F
100492.0 38C 8 000000000000007F
100493.4 38D 8 00000000000000E5
100494.7 39C 8 FF6F000000000000
100507.9 3C3 8 FF00000000000000
100510.7 444 8 0000000000000005
100512.1 537 8 8080808080800000
100513.5 6AB 8 0000000000003FA1
100523.3 538 8 8080008080000080
100524.8 31C 8 00000000800084F3
100539.1 31D 8 000000000000001F
100554.7 444 8 0000000000000005
100570.5 3F1 8 0002000000000000
100571.9 484 8 0000000000000000
100573.1 523 8 CD1F7770450E0B02
100574.5 52E 5 603F000000
100575.7 663 8 7814E00E00AA0000
100577.1 31C 8 00000000800084F3
100586.1 31D 8 000000000000001F
100587.7 38C 8 000000000000007F
100589.2 38D 8 00000000000000E5
100601.7 39C 8 FF6F000000000000
100603.6 3C3 8 FF00000000000000
100604.8 444 8 0000000000000005
100617.2 539 8 3502800008030000
100619.0 541 8 0000000000000000
100632.8 31C 8 00000000800084F3
100634.5 5EA 8 0000000000000016
100636.0 31D 8 000000000000001F
100637.5 5EB 8 0000000000000007
100639.0 5EC 8 000000000000000F
100648.6 66B 8 7700000000000000
100650.1 66C 8 DF09000000000000
100651.6 444 8 0000000000000005
100679.7 6C0 7 04030100000000
100681.1 3F1 8 0002000000000000
100682.7 663 8 7814E00E00AA0000
100685.2 31C 8 00000000800084F3
100686.6 31D 8 000000000000001F
100688.1 38C 8 000000000000007F
100695.4 38D 8 00000000000000E5
100697.0 39C 8 FF6F000000000000
100698.5 3C3 8 FF00000000000000
100711.1 444 8 0000000000000005
100712.6 537 8 8080808080800000
100714.1 6AB 8 0000000000003FA1
100715.5 538 8 8080008080000080
100726.5 31C 8 00000000800084F3
100728.1 31D 8 000000000000001F
100757.8 444 8 0000000000000005
100773.3 3F1 8 0002000000000000
100774.9 663 8 7814E00E00AA0000
100776.4 31C 8 00000000800084F3
100788.9 31D 8 000000000000001F
100790.4 38C 8 000000000000007F
100791.9 38D 8 00000000000000E5
100793.4 39C 8 FF6F000000000000
100804.8 3C3 8 FF00000000000000
100806.4 444 8 0000000000000005
100820.2 523 8 CD1F7770450E0B02
100821.6 52E 5 603F000000
100822.9 31C 8 00000000800084F3
100836.2 31D 8 000000000000001F
100851.7 444 8 0000000000000005
100867.3 539 8 3502800008030000
100868.8 541 8 0000000000000000
100870.3 6C0 7 04030100000000
100872.7 3F1 8 0002000000000000
100874.4 663 8 7814E00E00AA0000
100883.0 31C 8 00000000800084F3
100884.7 31D 8 000000000000001F
100886.6 38C 8 000000000000007F
100898.2 38D 8 00000000000000E5
100899.8 39C 8 FF6F000000000000
100901.3 3C3 8 FF00000000000000
100913.8 444 8 0000000000000005
100915.4 537 8 8080808080800000
100916.8 6AB 8 0000000000003FA1
100918.2 538 8 8080008080000080
100929.9 31C 8 00000000800084F3
100931.3 31D 8 000000000000001F
100961.0 444 8 0000000000000005
100976.5 3F1 8 0002000000000000
100980.6 663 8 7814E00E00AA0000
100982.9 31C 8 00000000800084F3
100984.4 31D 8 000000000000001F
100992.0 38C 8 000000000000007F
100993.6 38D 8 00000000000000E5
100994.9 39C 8 FF6F000000000000
101008.0 3C3 8 FF00000000000000
101010.5 444 8 0000000000000005
101023.4 31C 8 00000000800084F3
101039.1 31D 8 000000000000001F
101054.7 444 8 0000000000000005
101070.5 6C0 7 04030100000000
101071.9 3F1 8 0002000000000000
101074.2 484 8 0000000000000000
101075.4 523 8 CD1F7770450E0B02
101076.8 52E 5 603F000000
101078.1 585 8 902C00000000003F
101079.3 64C 2 0011
101080.6 663 8 7814E00E00AA0000
101081.9 6B2 8 FFFEFF0F880082CD
101083.1 31C 8 00000000800084F3
101086.0 31D 8 000000000000001F
101087.5 38C 8 000000000000007F
101089.0 38D 8 00000000000000E5
101101.7 39C 8 FF6F000000000000
101103.6 3C3 8 FF00000000000000
101105.1 444 8 0000000000000005
101117.4 537 8 8080808080800000
101119.0 5FB 8 1FFFFFFFFF1FF87E
101120.8 539 8 3502800008030000
101122.4 541 8 0000000000000000
101124.0 5FA 8 5B9DC7CC9C46F1FF
101125.4 6AB 8 0000000000003FA1
101126.7 538 8 8080008080000080
101133.0 31C 8 00000000800084F3
101135.2 5EA 8 0000000000000016
101136.7 31D 8 000000000000001F
101138.5 5EB 8 0000000000000007
101140.0 5EC 8 000000000000000F
101148.5 66B 8 7700000000000000
101150.0 66C 8 DF09000000000000
101163.9 444 8 0000000000000005
101179.9 3F1 8 0002000000000000
101181.5 663 8 7814E00E00AA0000
101183.0 31C 8 00000000800084F3
101184.9 31D 8 000000000000001F
101187.4 38C 8 000000000000007F
101195.4 38D 8 00000000000000E5
101197.0 39C 8 FF6F000000000000
101198.4 3C3 8 FF00000000000000
101211.1 444 8 0000000000000005
101226.7 31C 8 00000000800084F3
101228.6 31D 8 000000000000001F
101258.1 444 8 0000000000000005
101273.5 6C0 7 04030100000000
101275.0 3F1 8 0002000000000000
101276.5 663 8 7814E00E00AA0000
101277.9 31C 8 00000000800084F3
101279.2 31D 8 000000000000001F
101288.9 38C 8 000000000000007F
101290.4 38D 8 00000000000000E5
101291.9 39C 8 FF6F000000000000
101304.7 3C3 8 FF00000000000000
101306.4 444 8 0000000000000005
101307.9 537 8 8080808080800000
101320.4 6AB 8 0000000000003FA1
101321.8 538 8 8080008080000080
101323.1 523 8 CD1F7770450E0B02
101324.8 52E 5 603F000000
101326.3 31C 8 00000000800084F3
101335.9 31D 8 000000000000001F
101351.6 444 8 0000000000000005
101367.2 539 8 3502800008030000
101368.8 541 8 0000000000000000
101370.0 3F1 8 0002000000000000
101371.9 663 8 7814E00E00AA0000
101383.0 31C 8 00000000800084F3
101384.8 31D 8 000000000000001F
101386.1 38C 8 000000000000007F
101398.3 38D 8 00000000000000E5
101399.8 39C 8 FF6F000000000000
101401.1 3C3 8 FF00000000000000
101414.1 444 8 0000000000000005
101429.9 31C 8 00000000800084F3
101431.2 31D 8 000000000000001F
101461.1 444 8 0000000000000005
101476.8 6C0 7 04030100000000
101478.6 3F1 8 0002000000000000
101480.3 663 8 7814E00E00AA0000
101481.8 31C 8 00000000800084F3
101483.2 31D 8 000000000000001F
101492.0 38C 8 000000000000007F
101493.6 38D 8 00000000000000E5
101494.9 39C 8 FF6F000000000000
101507.9 3C3 8 FF00000000000000
101509.4 444 8 0000000000000005
101510.9 537 8 8080808080800000
101512.4 6AB 8 0000000000003FA1
101523.3 538 8 8080008080000080
101524.9 31C 8 00000000800084F3
101540.8 31D 8 000000000000001F
101554.6 444 8 0000000000000005
101570.5 3F1 8 0002000000000000
101572.1 484 8 0000000000000000
101573.6 523 8 CD1F7770450E0B02
101575.7 52E 5 603F000000
101577.1 663 8 7814E00E00AA0000
101578.3 31C 8 00000000800084F3
101586.0 31D 8 000000000000001F
101587.6 38C 8 000000000000007F
101589.1 38D 8 00000000000000E5
101601.7 39C 8 FF6F000000000000
101603.5 3C3 8 FF00000000000000
101605.0 444 8 0000000000000005
101617.3 539 8 3502800008030000
101618.6 541 8 0000000000000000
101632.9 31C 8 00000000800084F3
101634.9 5EA 8 0000000000000016
101636.2 31D 8 000000000000001F
101637.8 5EB 8 0000000000000007
101639.3 5EC 8 000000000000000F
101648.8 66B 8 7700000000000000
101651.6 66C 8 DF09000000000000
101653.4 444 8 0000000000000005
101679.7 6C0 7 04030100000000
101681.2 3F1 8 0002000000000000
101683.0 663 8 7814E00E00AA0000
101684.6 31C 8 00000000800084F3
101686.2 31D 8 000000000000001F
101687.8 38C 8 000000000000007F
101695.5 38D 8 00000000000000E5
101697.1 39C 8 FF6F000000000000
101698.4 3C3 8 FF00000000000000
101711.0 444 8 0000000000000005
101712.6 537 8 8080808080800000
101714.2 6AB 8 0000000000003FA1
101716.4 538 8 8080008080000080
101726.6 31C 8 00000000800084F3
101728.2 31D 8 000000000000001F
101758.0 444 8 0000000000000005
101773.6 3F1 8 0002000000000000
101775.4 663 8 7814E00E00AA0000
101776.9 31C 8 00000000800084F3
101778.5 31D 8 000000000000001F
101789.0 38C 8 000000000000007F
101790.7 38D 8 00000000000000E5
101792.1 39C 8 FF6F000000000000
101804.6 3C3 8 FF00000000000000
101806.1 444 8 0000000000000005
101820.4 523 8 CD1F7770450E0B02
101821.8 52E 5 603F000000
101823.2 31C 8 00000000800084F3
101836.0 31D 8 000000000000001F
101851.7 444 8 0000000000000005
101867.4 539 8 3502800008030000
101869.1 541 8 0000000000000000
101870.5 6C0 7 04030100000000
101871.9 3F1 8 0002000000000000
101873.6 663 8 7814E00E00AA0000
101882.9 31C 8 00000000800084F3
101884.5 31D 8 000000000000001F
101885.9 38C 8 000000000000007F
101899.0 38D 8 00000000000000E5
101903.6 39C 8 FF6F000000000000
101904.9 3C3 8 FF00000000000000
101914.2 444 8 0000000000000005
101915.9 537 8 8080808080800000
101917.3 6AB 8 0000000000003FA1
101918.6 538 8 8080008080000080
101929.8 31C 8 00000000800084F3
101931.4 31D 8 000000000000001F
101961.1 444 8 0000000000000005
101976.5 3F1 8 0002000000000000
101978.0 663 8 7814E00E00AA0000
101979.5 31C 8 00000000800084F3
101980.9 31D 8 000000000000001F
101992.0 38C 8 000000000000007F
101993.6 38D 8 00000000000000E5
101995.1 39C 8 FF6F000000000000
102007.9 3C3 8 FF00000000000000
102009.2 444 8 0000000000000005
102023.3 31C 8 00000000800084F3
102039.1 31D 8 000000000000001F
102054.8 444 8 0000000000000005
102070.6 6C0 7 04030100000000
102072.1 3F1 8 0002000000000000
102073.5 484 8 0000000000000000
102074.9 523 8 CD1F7770450E0B02
102076.2 52E 5 603F000000
102077.5 585 8 902C00000000003F
102078.8 64C 2 0011
102080.0 663 8 7814E00E00AA0000
102081.3 6B2 8 FFFEFF0F880002CE
102082.6 31C 8 00000000800084F3
102086.0 31D 8 000000000000001F
102087.5 38C 8 000000000000007F
102088.9 38D 8 00000000000000E5
102101.6 39C 8 FF6F000000000000
102103.2 3C3 8 FF00000000000000
102104.9 444 8 0000000000000005
102117.4 537 8 8080808080800000
102119.4 5FB 8 1FFFFFFFFF1FF87E
102121.2 539 8 3502800008030000
102122.8 541 8 0000000000000000
102124.8 5FA 8 5B9DC7CC9C46F1FF
102126.1 6AB 8 0000000000003FA1
102127.4 538 8 8080008080000080
102132.9 31C 8 00000000800084F3
102134.6 5EA 8 0000000000000016
102136.0 31D 8 000000000000001F
102137.4 5EB 8 0000000000000007
102138.7 5EC 8 000000000000000F
102148.6 66B 8 7700000000000000
102150.5 66C 8 DF09000000000000
102164.3 444 8 0000000000000005
102179.8 3F1 8 0002000000000000
102181.3 663 8 7814E00E00AA0000
102182.9 31C 8 00000000800084F3
102184.4 31D 8 000000000000001F
102185.8 38C 8 000000000000007F
102195.4 38D 8 00000000000000E5
102196.9 39C 8 FF6F000000000000
102198.4 3C3 8 FF00000000000000
102211.1 444 8 0000000000000005
102226.7 31C 8 00000000800084F3
102228.5 31D 8 000000000000001F
102257.9 444 8 0000000000000005
102273.3 6C0 7 04030100000000
102275.0 3F1 8 0002000000000000
102276.7 663 8 7814E00E00AA0000
102278.2 31C 8 00000000800084F3
102288.9 31D 8 000000000000001F
102290.7 38C 8 000000000000007F
102292.3 38D 8 00000000000000E5
102293.8 39C 8 FF6F000000000000
102304.6 3C3 8 FF00000000000000
102306.2 444 8 0000000000000005
102308.0 537 8 8080808080800000
102320.4 6AB 8 0000000000003FA1
102322.1 538 8 8080008080000080
102323.6 523 8 CD1F7770450E0B02
102325.1 52E 5 603F000000
102326.5 31C 8 00000000800084F3
102336.1 31D 8 000000000000001F
102351.6 444 8 0000000000000005
102367.2 539 8 3502800008030000
102368.8 541 8 0000000000000000
102370.4 3F1 8 0002000000000000
102371.9 663 8 7814E00E00AA0000
102382.6 31C 8 00000000800084F3
102384.2 31D 8 000000000000001F
102385.6 38C 8 000000000000007F
102398.3 38D 8 00000000000000E5
102399.8 39C 8 FF6F000000000000
102401.3 3C3 8 FF00000000000000
102414.1 444 8 0000000000000005
102429.8 31C 8 00000000800084F3
102431.3 31D 8 000000000000001F
102461.1 444 8 0000000000000005
102476.3 6C0 7 04030100000000
102477.6 3F1 8 0002000000000000
102479.7 663 8 7814E00E00AA0000
102480.9 31C 8 00000000800084F3
102482.3 31D 8 000000000000001F
102492.2 38C 8 000000000000007F
102493.9 38D 8 00000000000000E5
102495.2 39C 8 FF6F000000000000
102508.0 3C3 8 FF00000000000000
102509.8 444 8 0000000000000005
102511.1 537 8 8080808080800000
102512.4 6AB 8 0000000000003FA1
102523.3 538 8 8080008080000080
102524.9 31C 8 00000000800084F3
102539.0 31D 8 000000000000001F
102554.8 444 8 0000000000000005
102570.6 3F1 8 0002000000000000
102572.2 484 8 0000000000000000
102573.5 523 8 CD1F7770450E0B02
102574.6 52E 5 603F000000
102575.8 663 8 7814E00E00AA0000
102577.0 31C 8 00000000800084F3
102586.1 31D 8 000000000000001F
102587.5 38C 8 000000000000007F
102588.9 38D 8 00000000000000E5
102601.8 39C 8 FF6F000000000000
102603.5 3C3 8 FF00000000000000
102605.0 444 8 0000000000000005
102617.2 539 8 3502800008030000
102618.7 541 8 0000000000000000
102632.8 31C 8 00000000800084F3
102634.8 5EA 8 0000000000000016
102636.9 31D 8 000000000000001F
102638.4 5EB 8 0000000000000007
102639.7 5EC 8 000000000000000F
102648.6 66B 8 7700000000000000
102651.0 66C 8 DF09000000000000
102664.4 444 8 0000000000000005
102679.7 6C0 7 04030100000000
102681.4 3F1 8 0002000000000000
102682.9 663 8 7814E00E00AA0000
102684.6 31C 8 00000000800084F3
102686.1 31D 8 000000000000001F
102687.6 38C 8 000000000000007F
102695.4 38D 8 00000000000000E5
102697.5 39C 8 FF6F000000000000
102699.1 3C3 8 FF00000000000000
102711.0 444 8 0000000000000005
102712.6 537 8 8080808080800000
102714.0 6AB 8 0000000000003FA1
102715.6 538 8 8080008080000080
102726.8 31C 8 00000000800084F3
102728.4 31D 8 000000000000001F
102758.0 444 8 0000000000000005
102773.3 3F1 8 0002000000000000
102774.8 663 8 7814E00E00AA0000
102776.1 31C 8 00000000800084F3
102788.8 31D 8 000000000000001F
102790.3 38C 8 000000000000007F
102791.8 38D 8 00000000000000E5
102793.5 39C 8 FF6F000000000000
102804.7 3C3 8 FF00000000000000
102806.9 444 8 0000000000000005
102820.2 523 8 CD1F7770450E0B02
102821.9 52E 5 603F000000
102823.3 31C 8 00000000800084F3
102836.2 31D 8 000000000000001F
102851.8 444 8 0000000000000005
102867.1 539 8 3502800008030000
102868.7 541 8 0000000000000000
102870.4 6C0 7 04030100000000
102871.9 3F1 8 0002000000000000
102873.4 663 8 7814E00E00AA0000
102883.0 31C 8 00000000800084F3
102884.6 31D 8 000000000000001F
102886.2 38C 8 000000000000007F
102898.2 38D 8 00000000000000E5
102899.7 39C 8 FF6F000000000000
102901.3 3C3 8 FF00000000000000
102914.5 444 8 0000000000000005
102916.1 537 8 8080808080800000
102917.5 6AB 8 0000000000003FA1
102919.0 538 8 8080008080000080
102929.8 31C 8 00000000800084F3
102931.3 31D 8 000000000000001F
102961.2 444 8 0000000000000005
102976.5 3F1 8 0002000000000000
102978.1 663 8 7814E00E00AA0000
102979.6 31C 8 00000000800084F3
102981.0 31D 8 000000000000001F
102992.0 38C 8 000000000000007F
102993.5 38D 8 00000000000000E5
102995.4 39C 8 FF6F000000000000
103007.9 3C3 8 FF00000000000000
103009.4 444 8 0000000000000005
103023.3 31C 8 00000000800084F3
103039.1 31D 8 000000000000001F
103054.7 444 8 0000000000000005
103070.5 6C0 7 04030100000000
103072.3 3F1 8 0002000000000000
103073.9 484 8 0000000000000000
103075.2 523 8 CD1F7770450E0B02
103076.5 52E 5 603F000000
103077.8 585 8 902C00000000003F
103079.0 64C 2 0011
103080.1 663 8 7814E00E00AA0000
103081.5 6B2 8 FFFEFF0F880082CE
103082.7 31C 8 00000000800084F3
103086.0 31D 8 000000000000001F
103087.7 38C 8 000000000000007F
103089.4 38D 8 00000000000000E5
103104.5 39C 8 FF6F000000000000
103105.8 3C3 8 FF00000000000000
103107.4 444 8 0000000000000005
103109.1 537 8 8080808080800000
103120.2 5FB 8 1FFFFFFFFF1FF87E
103121.9 539 8 3502800008030000
103123.3 541 8 0000000000000000
103125.4 5FA 8 5B9DC7CC9C46F1FF
103127.0 6AB 8 0000000000003FA1
103128.4 538 8 8080008080000080
103129.7 31C 8 00000000800084F3
103131.0 5EA 8 0000000000000016
103136.0 31D 8 000000000000001F
103137.7 5EB 8 0000000000000007
103139.7 5EC 8 000000000000000F
103140.8 66B 8 7700000000000000
103151.6 66C 8 DF09000000000000
103153.4 444 8 0000000000000005
103167.1 3F1 8 0002000000000000
103168.9 663 8 7814E00E00AA0000
103182.4 31C 8 00000000800084F3
103184.0 31D 8 000000000000001F
103185.5 38C 8 000000000000007F
103198.3 38D 8 00000000000000E5
103200.2 39C 8 FF6F000000000000
103201.8 3C3 8 FF00000000000000
103213.9 444 8 0000000000000005
103229.7 31C 8 00000000800084F3
103231.5 31D 8 000000000000001F
103262.5 444 8 0000000000000005
103278.2 6C0 7 04030100000000
103280.0 3F1 8 0002000000000000
103281.5 663 8 7814E00E00AA0000
103283.1 31C 8 00000000800084F3
103284.7 31D 8 000000000000001F
103293.6 38C 8 000000000000007F
103295.4 38D 8 00000000000000E5
103297.0 39C 8 FF6F000000000000
103298.4 3C3 8 FF00000000000000
103309.1 444 8 0000000000000005
103310.6 537 8 8080808080800000
103312.0 6AB 8 0000000000003FA1
103314.1 538 8 8080008080000080
103325.0 523 8 CD1F7770450E0B02
103326.6 52E 5 603F000000
103328.1 31C 8 00000000800084F3
103329.6 31D 8 000000000000001F
103356.1 444 8 0000000000000005
103371.9 539 8 3502800008030000
103373.5 541 8 0000000000000000
103375.0 3F1 8 0002000000000000
103376.5 663 8 7814E00E00AA0000
103378.0 31C 8 00000000800084F3
103387.3 31D 8 000000000000001F
103388.9 38C 8 000000000000007F
103390.5 38D 8 00000000000000E5
103403.2 39C 8 FF6F000000000000
103404.6 3C3 8 FF00000000000000
103405.9 444 8 0000000000000005
103418.7 31C 8 00000000800084F3
103434.3 31D 8 000000000000001F
103450.1 444 8 0000000000000005
103465.3 6C0 7 04030100000000
103466.9 3F1 8 0002000000000000
103468.2 663 8 7814E00E00AA0000
103481.2 31C 8 00000000800084F3
103482.9 31D 8 000000000000001F
103485.0 38C 8 000000000000007F
103496.8 38D 8 00000000000000E5
103498.7 39C 8 FF6F000000000000
103500.2 3C3 8 FF00000000000000
103512.7 444 8 0000000000000005
103515.1 537 8 8080808080800000
103516.6 6AB 8 0000000000003FA1
103518.2 538 8 8080008080000080
103528.1 31C 8 00000000800084F3
103529.5 31D 8 000000000000001F
103559.3 444 8 0000000000000005
103574.9 3F1 8 0002000000000000
103576.5 484 8 0000000000000000
103577.7 523 8 CD1F7770450E0B02
103579.1 52E 5 603F000000
103580.3 663 8 7814E00E00AA0000
103581.6 31C 8 00000000800084F3
103583.0 31D 8 000000000000001F
103590.6 38C 8 000000000000007F
103592.1 38D 8 00000000000000E5
103593.6 39C 8 FF6F000000000000
103606.1 3C3 8 FF00000000000000
103607.5 444 8 0000000000000005
103622.0 539 8 3502800008030000
103623.4 541 8 0000000000000000
103625.0 31C 8 00000000800084F3
103626.3 5EA 8 0000000000000016
103637.4 31D 8 000000000000001F
103639.0 5EB 8 0000000000000007
103640.3 5EC 8 000000000000000F
103641.8 66B 8 7700000000000000
103653.4 66C 8 DF09000000000000
103655.3 444 8 0000000000000005
103668.8 6C0 7 04030100000000
103670.4 3F1 8 0002000000000000
103671.8 663 8 7814E00E00AA0000
103674.4 31C 8 00000000800084F3
103684.3 31D 8 000000000000001F
103685.9 38C 8 000000000000007F
103687.3 38D 8 00000000000000E5
103700.0 39C 8 FF6F000000000000
103708.3 3C3 8 FF00000000000000
103709.9 444 8 0000000000000005
103715.6 537 8 8080808080800000
103717.2 6AB 8 0000000000003FA1
103718.7 538 8 8080008080000080
103731.2 31C 8 00000000800084F3
103732.7 31D 8 000000000000001F
103762.7 444 8 0000000000000005
103778.4 3F1 8 0002000000000000
103780.2 663 8 7814E00E00AA0000
103781.7 31C 8 00000000800084F3
103783.6 31D 8 000000000000001F
103793.4 38C 8 000000000000007F
103794.9 38D 8 00000000000000E5
103796.2 39C 8 FF6F000000000000
103797.9 3C3 8 FF00000000000000
103809.4 444 8 0000000000000005
103825.0 523 8 CD1F7770450E0B02
103826.5 52E 5 603F000000
103828.0 31C 8 00000000800084F3
103830.1 31D 8 000000000000001F
103856.0 444 8 0000000000000005
103871.9 539 8 3502800008030000
103873.6 541 8 0000000000000000
103875.6 6C0 7 04030100000000
103876.9 3F1 8 0002000000000000
103878.3 663 8 7814E00E00AA0000
103879.6 31C 8 00000000800084F3
103887.2 31D 8 000000000000001F
103888.8 38C 8 000000000000007F
103890.3 38D 8 00000000000000E5
103903.1 39C 8 FF6F000000000000
103905.0 3C3 8 FF00000000000000
103906.6 444 8 0000000000000005
103918.9 537 8 8080808080800000
103920.3 6AB 8 0000000000003FA1
103921.8 538 8 8080008080000080
103923.6 31C 8 00000000800084F3
103934.5 31D 8 000000000000001F
103949.9 444 8 0000000000000005
103965.3 3F1 8 0002000000000000
103966.8 663 8 7814E00E00AA0000
103981.3 31C 8 00000000800084F3
103983.0 31D 8 000000000000001F
103984.5 38C 8 000000000000007F
103996.8 38D 8 00000000000000E5
103998.6 39C 8 FF6F000000000000
104000.3 3C3 8 FF00000000000000
104012.4 444 8 0000000000000005
104028.1 31C 8 00000000800084F3
104029.6 31D 8 000000000000001F
104059.3 444 8 0000000000000005
104074.9 6C0 7 04030100000000
104077.1 3F1 8 0002000000000000
104078.5 484 8 0000000000000000
104080.1 523 8 CD1F7770450E0B02
104081.4 52E 5 603F000000
104082.8 585 8 902C00000000003F
104083.9 64C 2 0011
104085.2 663 8 7814E00E00AA0000
104086.5 6B2 8 FFFEFF0F880002CF
104087.8 31C 8 00000000800084F3
104089.2 31D 8 000000000000001F
104106.2 38C 8 000000000000007F
104108.2 38D 8 00000000000000E5
104109.8 39C 8 FF6F000000000000
104111.5 3C3 8 FF00000000000000
104112.8 444 8 0000000000000005
104114.1 537 8 8080808080800000
104121.6 5FB 8 1FFFFFFFFF1FF87E
104123.6 539 8 3502800008030000
104125.3 541 8 0000000000000000
104127.0 5FA 8 5B9DC7CC9C46F1FF
104128.3 6AB 8 0000000000003FA1
104129.9 538 8 8080008080000080
104131.0 31C 8 00000000800084F3
104132.5 5EA 8 0000000000000016
104137.5 31D 8 000000000000001F
104139.2 5EB 8 0000000000000007
104140.6 5EC 8 000000000000000F
104142.1 66B 8 7700000000000000
104153.1 66C 8 DF09000000000000
104154.8 444 8 0000000000000005
104168.4 3F1 8 0002000000000000
104169.9 663 8 7814E00E00AA0000
104184.1 31C 8 00000000800084F3
104186.2 31D 8 000000000000001F
104187.7 38C 8 000000000000007F
104189.1 38D 8 00000000000000E5
104199.8 39C 8 FF6F000000000000
104201.3 3C3 8 FF00000000000000
104202.8 444 8 0000000000000005
104231.4 31C 8 00000000800084F3
104233.0 31D 8 000000000000001F
104262.5 444 8 0000000000000005
104278.3 6C0 7 04030100000000
104280.0 3F1 8 0002000000000000
104281.5 663 8 7814E00E00AA0000
104282.9 31C 8 00000000800084F3
104284.4 31D 8 000000000000001F
104293.6 38C 8 000000000000007F
104295.3 38D 8 00000000000000E5
104297.0 39C 8 FF6F000000000000
104298.5 3C3 8 FF00000000000000
104309.1 444 8 0000000000000005
104310.7 537 8 8080808080800000
104312.2 6AB 8 0000000000003FA1
104313.8 538 8 8080008080000080
104325.4 523 8 CD1F7770450E0B02
104326.9 52E 5 603F000000
104328.4 31C 8 00000000800084F3
104329.9 31D 8 000000000000001F
104357.0 444 8 0000000000000005
104372.7 539 8 3502800008030000
104374.3 541 8 0000000000000000
104376.3 3F1 8 0002000000000000
104377.7 663 8 7814E00E00AA0000
104379.0 31C 8 00000000800084F3
104388.1 31D 8 000000000000001F
104389.7 38C 8 000000000000007F
104391.1 38D 8 00000000000000E5
104403.6 39C 8 FF6F000000000000
104405.5 3C3 8 FF00000000000000
104407.0 444 8 0000000000000005
104419.1 31C 8 00000000800084F3
104435.1 31D 8 000000000000001F
104450.8 444 8 0000000000000005
104466.4 6C0 7 04030100000000
104467.9 3F1 8 0002000000000000
104469.1 663 8 7814E00E00AA0000
104481.9 31C 8 00000000800084F3
104483.8 31D 8 000000000000001F
104485.3 38C 8 000000000000007F
104497.3 38D 8 00000000000000E5
104498.9 39C 8 FF6F000000000000
104500.4 3C3 8 FF00000000000000
104513.1 444 8 0000000000000005
104514.9 537 8 8080808080800000
104516.2 6AB 8 0000000000003FA1
104517.5 538 8 8080008080000080
104528.6 31C 8 00000000800084F3
104530.1 31D 8 000000000000001F
104560.1 444 8 0000000000000005
104575.7 3F1 8 0002000000000000
104577.9 484 8 0000000000000000
104579.3 523 8 CD1F7770450E0B02
104580.5 52E 5 603F000000
104581.6 663 8 7814E00E00AA0000
104583.0 31C 8 00000000800084F3
104584.3 31D 8 000000000000001F
104591.4 38C 8 000000000000007F
104593.1 38D 8 00000000000000E5
104594.6 39C 8 FF6F000000000000
104607.0 3C3 8 FF00000000000000
104608.7 444 8 0000000000000005
104622.2 539 8 3502800008030000
104623.7 541 8 0000000000000000
104625.3 31C 8 00000000800084F3
104626.6 5EA 8 0000000000000016
104638.2 31D 8 000000000000001F
104639.9 5EB 8 0000000000000007
104641.1 5EC 8 000000000000000F
104642.4 66B 8 7700000000000000
104653.8 66C 8 DF09000000000000
104655.8 444 8 0000000000000005
104669.2 6C0 7 04030100000000
104670.8 3F1 8 0002000000000000
104672.3 663 8 7814E00E00AA0000
104673.6 31C 8 00000000800084F3
104685.1 31D 8 000000000000001F
104686.7 38C 8 000000000000007F
104688.2 38D 8 00000000000000E5
104700.8 39C 8 FF6F000000000000
104702.4 3C3 8 FF00000000000000
104703.8 444 8 0000000000000005
104716.4 537 8 8080808080800000
104718.0 6AB 8 0000000000003FA1
104719.5 538 8 8080008080000080
104732.1 31C 8 00000000800084F3
104733.6 31D 8 000000000000001F
104763.4 444 8 0000000000000005
104778.7 3F1 8 0002000000000000
104780.5 663 8 7814E00E00AA0000
104782.0 31C 8 00000000800084F3
104783.7 31D 8 000000000000001F
104795.8 38C 8 000000000000007F
104797.4 38D 8 00000000000000E5
104798.9 39C 8 FF6F000000000000
104800.4 3C3 8 FF00000000000000
104811.4 444 8 0000000000000005
104827.0 523 8 CD1F7770450E0B02
104828.5 52E 5 603F000000
104830.0 31C 8 00000000800084F3
104831.7 31D 8 000000000000001F
104858.0 444 8 0000000000000005
104859.5 539 8 3502800008030000
104861.1 541 8 0000000000000000
104873.7 6C0 7 04030100000000
104875.2 3F1 8 0002000000000000
104877.0 663 8 7814E00E00AA0000
104878.6 31C 8 00000000800084F3
104880.4 31D 8 000000000000001F
104889.3 38C 8 000000000000007F
104890.8 38D 8 00000000000000E5
104892.5 39C 8 FF6F000000000000
104905.2 3C3 8 FF00000000000000
104906.8 444 8 0000000000000005
104908.5 537 8 8080808080800000
104920.9 6AB 8 0000000000003FA1
104922.4 538 8 8080008080000080
104924.1 31C 8 00000000800084F3
104936.4 31D 8 000000000000001F
104952.1 444 8 0000000000000005
104967.9 3F1 8 0002000000000000
104969.5 663 8 7814E00E00AA0000
104983.1 31C 8 00000000800084F3
104984.8 31D 8 000000000000001F
104986.3 38C 8 000000000000007F
104998.6 38D 8 00000000000000E5
105000.3 39C 8 FF6F000000000000
105001.8 3C3 8 FF00000000000000
105014.6 444 8 0000000000000005
105030.2 31C 8 00000000800084F3
105031.7 31D 8 000000000000001F
105061.5 444 8 0000000000000005
105077.0 6C0 7 04030100000000
105078.8 3F1 8 0002000000000000
105080.3 484 8 0000000000000000
105081.6 523 8 CD1F7770450E0B02
105083.1 52E 5 603F000000
105084.4 585 8 902C00000000003F
105085.7 64C 2 0011
105086.9 663 8 7814E00E00AA0000
105088.2 6B2 8 FFFEFF0F880082CF
105089.6 31C 8 00000000800084F3
105091.7 31D 8 000000000000001F
105108.0 38C 8 000000000000007F
105109.7 38D 8 00000000000000E5
105111.2 39C 8 FF6F000000000000
105112.6 3C3 8 FF00000000000000
105113.9 444 8 0000000000000005
105115.4 537 8 8080808080800000
105116.7 5FB 8 1FFFFFFFFF1FF87E
105118.1 539 8 3502800008030000
105119.3 541 8 0000000000000000
105124.0 5FA 8 5B9DC7CC9C46F1FF
105125.7 6AB 8 0000000000003FA1
105127.2 538 8 8080008080000080
105128.5 31C 8 00000000800084F3
105129.9 5EA 8 0000000000000016
105131.1 31D 8 000000000000001F
105132.4 5EB 8 0000000000000007
105139.3 5EC 8 000000000000000F
105140.8 66B 8 7700000000000000
105142.4 66C 8 DF09000000000000
105155.3 444 8 0000000000000005
105170.7 3F1 8 0002000000000000
105172.5 663 8 7814E00E00AA0000
105173.8 31C 8 00000000800084F3
105186.4 31D 8 000000000000001F
105188.0 38C 8 000000000000007F
105189.5 38D 8 00000000000000E5
105202.0 39C 8 FF6F000000000000
105203.6 3C3 8 FF00000000000000
105205.1 444 8 0000000000000005
105233.2 31C 8 00000000800084F3
105235.6 31D 8 000000000000001F
105248.9 444 8 0000000000000005
105264.7 6C0 7 04030100000000
105280.3 3F1 8 0002000000000000
105282.2 663 8 7814E00E00AA0000
105283.8 31C 8 00000000800084F3
105285.6 31D 8 000000000000001F
105287.1 38C 8 000000000000007F
105295.7 38D 8 00000000000000E5
105297.2 39C 8 FF6F000000000000
105298.5 3C3 8 FF00000000000000
105311.1 444 8 0000000000000005
105312.8 537 8 8080808080800000
105314.3 6AB 8 0000000000003FA1
105315.7 538 8 8080008080000080
105327.0 523 8 CD1F7770450E0B02
105328.6 52E 5 603F000000
105329.8 31C 8 00000000800084F3
105331.2 31D 8 000000000000001F
105357.9 444 8 0000000000000005
105359.5 539 8 3502800008030000
105360.8 541 8 0000000000000000
105373.7 3F1 8 0002000000000000
105375.0 663 8 7814E00E00AA0000
105376.4 31C 8 00000000800084F3
105377.7 31D 8 000000000000001F
105389.2 38C 8 000000000000007F
105390.6 38D 8 00000000000000E5
105391.9 39C 8 FF6F000000000000
105405.0 3C3 8 FF00000000000000
105406.9 444 8 0000000000000005
105420.7 31C 8 00000000800084F3
105436.4 31D 8 000000000000001F
105452.1 444 8 0000000000000005
105467.6 6C0 7 04030100000000
105469.2 3F1 8 0002000000000000
105471.0 663 8 7814E00E00AA0000
105483.4 31C 8 00000000800084F3
105485.4 31D 8 000000000000001F
105486.9 38C 8 000000000000007F
105498.7 38D 8 00000000000000E5
105500.2 39C 8 FF6F000000000000
105501.6 3C3 8 FF00000000000000
105514.7 444 8 0000000000000005
105516.9 537 8 8080808080800000
105518.8 6AB 8 0000000000003FA1
105520.3 538 8 8080008080000080
105530.1 31C 8 00000000800084F3
105531.7 31D 8 000000000000001F
105561.4 444 8 0000000000000005
105577.0 3F1 8 0002000000000000
105578.3 484 8 0000000000000000
105580.4 523 8 CD1F7770450E0B02
105582.0 52E 5 603F000000
105583.2 663 8 7814E00E00AA0000
105584.7 31C 8 00000000800084F3
105585.9 31D 8 000000000000001F
105592.7 38C 8 000000000000007F
105594.4 38D 8 00000000000000E5
105595.6 39C 8 FF6F000000000000
105608.0 3C3 8 FF00000000000000
105609.6 444 8 0000000000000005
105611.2 539 8 3502800008030000
105612.5 541 8 0000000000000000
105623.9 31C 8 00000000800084F3
105626.1 5EA 8 0000000000000016
105627.4 31D 8 000000000000001F
105628.8 5EB 8 0000000000000007
105639.2 5EC 8 000000000000000F
105640.5 66B 8 7700000000000000
105641.7 66C 8 DF09000000000000
105655.6 444 8 0000000000000005
105670.8 6C0 7 04030100000000
105672.4 3F1 8 0002000000000000
105674.1 663 8 7814E00E00AA0000
105675.5 31C 8 00000000800084F3
105686.4 31D 8 000000000000001F
105689.6 38C 8 000000000000007F
105690.9 38D 8 00000000000000E5
105702.0 39C 8 FF6F000000000000
105703.7 3C3 8 FF00000000000000
105705.0 444 8 0000000000000005
105717.7 537 8 8080808080800000
105719.1 6AB 8 0000000000003FA1
105720.5 538 8 8080008080000080
105733.2 31C 8 00000000800084F3
105734.6 31D 8 000000000000001F
105748.9 444 8 0000000000000005
105780.2 3F1 8 0002000000000000
105781.6 663 8 7814E00E00AA0000
105783.9 31C 8 00000000800084F3
105785.3 31D 8 000000000000001F
105786.7 38C 8 000000000000007F
105795.8 38D 8 00000000000000E5
105797.5 39C 8 FF6F000000000000
105799.2 3C3 8 FF00000000000000
105811.4 444 8 0000000000000005
105827.1 523 8 CD1F7770450E0B02
105828.9 52E 5 603F000000
105830.4 31C 8 00000000800084F3
105831.8 31D 8 000000000000001F
105858.1 444 8 0000000000000005
105859.8 539 8 3502800008030000
105860.9 541 8 0000000000000000
105873.6 6C0 7 04030100000000
105874.9 3F1 8 0002000000000000
105876.3 663 8 7814E00E00AA0000
105877.7 31C 8 00000000800084F3
105879.2 31D 8 000000000000001F
105889.6 38C 8 000000000000007F
105890.9 38D 8 00000000000000E5
105892.5 39C 8 FF6F000000000000
105905.1 3C3 8 FF00000000000000
105906.4 444 8 0000000000000005
105908.2 537 8 8080808080800000
105920.8 6AB 8 0000000000003FA1
105922.5 538 8 8080008080000080
105924.1 31C 8 00000000800084F3
105936.3 31D 8 000000000000001F
105952.0 444 8 0000000000000005
105967.8 3F1 8 0002000000000000
105969.4 663 8 7814E00E00AA0000
105983.5 31C 8 00000000800084F3
105985.3 31D 8 000000000000001F
105986.6 38C 8 000000000000007F
105988.1 38D 8 00000000000000E5
105999.3 39C 8 FF6F000000000000
106001.6 3C3 8 FF00000000000000
106014.6 444 8 0000000000000005
106030.1 31C 8 00000000800084F3
106031.5 31D 8 000000000000001F
106061.5 444 8 0000000000000005
106077.0 6C0 7 04030100000000
106078.9 3F1 8 0002000000000000
106080.7 484 8 0000000000000000
106082.7 523 8 CD1F7770450E0B02
106084.2 52E 5 603F000000
106085.5 585 8 902C00000000003F
106086.8 64C 2 0011
106088.2 663 8 7814E00E00AA0000
106089.5 6B2 8 FFFEFF0F880002D0
106090.6 31C 8 00000000800084F3
106092.0 31D 8 000000000000001F
106108.0 38C 8 000000000000007F
106109.8 38D 8 00000000000000E5
106111.4 39C 8 FF6F000000000000
106112.9 3C3 8 FF00000000000000
106114.1 444 8 0000000000000005
106115.3 537 8 8080808080800000
106116.5 5FB 8 1FFFFFFFFF1FF87E
106118.3 539 8 3502800008030000
106123.9 541 8 0000000000000000
106125.8 5FA 8 5B9DC7CC9C46F1FF
106127.0 538 8 8080008080000080
106128.3 6AB 8 0000000000003FA1
106129.6 31C 8 00000000800084F3
106131.2 5EA 8 0000000000000016
106132.6 31D 8 000000000000001F
106134.0 5EB 8 0000000000000007
106139.4 5EC 8 000000000000000F
106141.2 66B 8 7700000000000000
106143.0 66C 8 DF09000000000000
106155.1 444 8 0000000000000005
106170.7 3F1 8 0002000000000000
106172.2 663 8 7814E00E00AA0000
106173.5 31C 8 00000000800084F3
106186.4 31D 8 000000000000001F
106188.0 38C 8 000000000000007F
106189.5 38D 8 00000000000000E5
106202.0 39C 8 FF6F000000000000
106203.6 3C3 8 FF00000000000000
106205.1 444 8 0000000000000005
106233.4 31C 8 00000000800084F3
106234.9 31D 8 000000000000001F
106248.9 444 8 0000000000000005
106264.7 6C0 7 04030100000000
106280.3 3F1 8 0002000000000000
106282.2 663 8 7814E00E00AA0000
106283.9 31C 8 00000000800084F3
106285.3 31D 8 000000000000001F
106286.8 38C 8 000000000000007F
106296.0 38D 8 00000000000000E5
106297.7 39C 8 FF6F000000000000
106299.3 3C3 8 FF00000000000000
106311.1 444 8 0000000000000005
106312.7 537 8 8080808080800000
106314.2 6AB 8 0000000000003FA1
106315.6 538 8 8080008080000080
106327.0 523 8 CD1F7770450E0B02
106328.6 52E 5 603F000000
106330.0 31C 8 00000000800084F3
106331.6 31D 8 000000000000001F
106358.0 444 8 0000000000000005
106359.6 539 8 3502800008030000
106361.2 541 8 0000000000000000
106373.6 3F1 8 0002000000000000
106375.1 663 8 7814E00E00AA0000
106376.7 31C 8 00000000800084F3
106378.2 31D 8 000000000000001F
106389.2 38C 8 000000000000007F
106390.8 38D 8 00000000000000E5
106392.2 39C 8 FF6F000000000000
106405.2 3C3 8 FF00000000000000
106406.7 444 8 0000000000000005
106420.8 31C 8 00000000800084F3
106436.4 31D 8 000000000000001F
106452.1 444 8 0000000000000005
106467.8 6C0 7 04030100000000
106469.5 3F1 8 0002000000000000
106470.8 663 8 7814E00E00AA0000
106483.3 31C 8 00000000800084F3
106485.5 31D 8 000000000000001F
106486.9 38C 8 000000000000007F
106498.8 38D 8 00000000000000E5
106500.3 39C 8 FF6F000000000000
106501.6 3C3 8 FF00000000000000
106503.3 444 8 0000000000000005
106514.5 537 8 8080808080800000
106516.0 6AB 8 0000000000003FA1
106517.3 538 8 8080008080000080
106530.5 31C 8 00000000800084F3
106532.1 31D 8 000000000000001F
106561.4 444 8 0000000000000005
106577.1 3F1 8 0002000000000000
106579.2 484 8 0000000000000000
106581.4 523 8 CD1F7770450E0B02
106583.1 52E 5 603F000000
106584.5 663 8 7814E00E00AA0000
106585.7 31C 8 00000000800084F3
106587.1 31D 8 000000000000001F
106592.5 38C 8 000000000000007F
106594.0 38D 8 00000000000000E5
106595.7 39C 8 FF6F000000000000
106608.2 3C3 8 FF00000000000000
106610.1 444 8 0000000000000005
106611.9 539 8 3502800008030000
106624.0 541 8 0000000000000000
106625.6 31C 8 00000000800084F3
106627.2 5EA 8 0000000000000016
106628.4 31D 8 000000000000001F
106630.6 5EB 8 0000000000000007
106639.2 5EC 8 000000000000000F
106640.5 66B 8 7700000000000000
106642.3 66C 8 DF09000000000000
106655.8 444 8 0000000000000005
106670.5 6C0 7 04030100000000
106671.9 3F1 8 0002000000000000
106673.3 663 8 7814E00E00AA0000
106674.8 31C 8 00000000800084F3
106686.4 31D 8 000000000000001F
106688.1 38C 8 000000000000007F
106689.6 38D 8 00000000000000E5
106702.2 39C 8 FF6F000000000000
106703.8 3C3 8 FF00000000000000
106705.1 444 8 0000000000000005
106717.6 537 8 8080808080800000
106718.9 6AB 8 0000000000003FA1
106720.3 538 8 8080008080000080
106733.3 31C 8 00000000800084F3
106734.8 31D 8 000000000000001F
106748.9 444 8 0000000000000005
106780.1 3F1 8 0002000000000000
106781.5 663 8 7814E00E00AA0000
106783.2 31C 8 00000000800084F3
106785.0 31D 8 000000000000001F
106786.4 38C 8 000000000000007F
106795.8 38D 8 00000000000000E5
106797.4 39C 8 FF6F000000000000
106799.0 3C3 8 FF00000000000000
106811.5 444 8 0000000000000005
106827.2 523 8 CD1F7770450E0B02
106828.8 52E 5 603F000000
106830.7 31C 8 00000000800084F3
106832.1 31D 8 000000000000001F
106858.3 444 8 0000000000000005
106859.9 539 8 3502800008030000
106861.3 541 8 0000000000000000
106873.8 6C0 7 04030100000000
106875.3 3F1 8 0002000000000000
106877.1 663 8 7814E00E00AA0000
106878.6 31C 8 00000000800084F3
106880.1 31D 8 000000000000001F
106889.3 38C 8 000000000000007F
106890.7 38D 8 00000000000000E5
106892.2 39C 8 FF6F000000000000
106905.2 3C3 8 FF00000000000000
106906.7 444 8 0000000000000005
106908.9 537 8 8080808080800000
106920.7 6AB 8 0000000000003FA1
106922.2 538 8 8080008080000080
106923.8 31C 8 00000000800084F3
106936.3 31D 8 000000000000001F
106952.0 444 8 0000000000000005
106967.9 3F1 8 0002000000000000
106970.7 663 8 7814E00E00AA0000
106983.2 31C 8 00000000800084F3
106985.2 31D 8 000000000000001F
106986.6 38C 8 000000000000007F
106998.9 38D 8 00000000000000E5
107000.8 39C 8 FF6F000000000000
107003.4 3C3 8 FF00000000000000
107004.8 444 8 0000000000000005
107030.2 31C 8 00000000800084F3
107031.7 31D 8 000000000000001F
107061.3 444 8 0000000000000005
107077.0 6C0 7 04030100000000
107078.8 3F1 8 0002000000000000
107081.2 484 8 0000000000000000
107082.9 523 8 CD1F7770450E0B02
107084.5 52E 5 603F000000
107085.8 585 8 902C00000000003F
107086.9 64C 2 0011
107088.1 663 8 7814E00E00AA0000
107089.5 6B2 8 FFFEFF0F880082D0
107090.7 31C 8 00000000800084F3
107092.1 31D 8 000000000000001F
107108.8 38C 8 000000000000007F
107112.2 38D 8 00000000000000E5
107113.8 39C 8 FF6F000000000000
107115.6 3C3 8 FF00000000000000
107116.8 444 8 0000000000000005
107118.1 537 8 8080808080800000
107119.4 5FB 8 1FFFFFFFFF1FF87E
107120.7 539 8 3502800008030000
107122.0 541 8 0000000000000000
107123.7 538 8 8080008080000080
107125.2 5FA 8 5B9DC7CC9C46F1FF
107126.6 6AB 8 0000000000003FA1
107128.1 31C 8 00000000800084F3
107129.5 5EA 8 0000000000000016
107130.6 31D 8 000000000000001F
107140.3 5EB 8 0000000000000007
107141.9 5EC 8 000000000000000F
107143.5 66B 8 7700000000000000
107144.8 66C 8 DF09000000000000
107155.2 444 8 0000000000000005
107170.7 3F1 8 0002000000000000
107172.4 663 8 7814E00E00AA0000
107173.8 31C 8 00000000800084F3
107186.4 31D 8 000000000000001F
107188.0 38C 8 000000000000007F
107189.4 38D 8 00000000000000E5
107202.1 39C 8 FF6F000000000000
107203.7 3C3 8 FF00000000000000
107205.3 444 8 0000000000000005
107233.2 31C 8 00000000800084F3
107234.9 31D 8 000000000000001F
107248.9 444 8 0000000000000005
107279.9 6C0 7 04030100000000
107281.9 3F1 8 0002000000000000
107283.4 663 8 7814E00E00AA0000
107285.0 31C 8 00000000800084F3
107286.6 31D 8 000000000000001F
107288.2 38C 8 000000000000007F
107295.8 38D 8 00000000000000E5
107297.4 39C 8 FF6F000000000000
107298.9 3C3 8 FF00000000000000
107311.4 444 8 0000000000000005
107313.0 537 8 8080808080800000
107314.5 6AB 8 0000000000003FA1
107315.9 538 8 8080008080000080
107326.9 523 8 CD1F7770450E0B02
107329.0 52E 5 603F000000
107330.2 31C 8 00000000800084F3
107331.5 31D 8 000000000000001F
107358.4 444 8 0000000000000005
107360.0 539 8 3502800008030000
107361.4 541 8 0000000000000000
107373.6 3F1 8 0002000000000000
107375.1 663 8 7814E00E00AA0000
107376.7 31C 8 00000000800084F3
107378.2 31D 8 000000000000001F
107389.2 38C 8 000000000000007F
107390.7 38D 8 00000000000000E5
107392.3 39C 8 FF6F000000000000
107405.2 3C3 8 FF00000000000000
107406.8 444 8 0000000000000005
107420.7 31C 8 00000000800084F3
107436.4 31D 8 000000000000001F
107452.0 444 8 0000000000000005
107467.9 6C0 7 04030100000000
107469.4 3F1 8 0002000000000000
107470.9 663 8 7814E00E00AA0000
107483.2 31C 8 00000000800084F3
107484.9 31D 8 000000000000001F
107486.2 38C 8 000000000000007F
107498.7 38D 8 00000000000000E5
107500.2 39C 8 FF6F000000000000
107501.5 3C3 8 FF00000000000000
107503.0 444 8 0000000000000005
107514.2 537 8 8080808080800000
107516.4 6AB 8 0000000000003FA1
107517.6 538 8 8080008080000080
107530.3 31C 8 00000000800084F3
107531.8 31D 8 000000000000001F
107561.6 444 8 0000000000000005
107577.0 3F1 8 0002000000000000
107578.7 484 8 0000000000000000
107580.4 523 8 CD1F7770450E0B02
107581.8 52E 5 603F000000
107583.0 663 8 7814E00E00AA0000
107584.3 31C 8 00000000800084F3
107585.7 31D 8 000000000000001F
107592.4 38C 8 000000000000007F
107593.9 38D 8 00000000000000E5
107595.2 39C 8 FF6F000000000000
107608.5 3C3 8 FF00000000000000
107610.1 444 8 0000000000000005
107611.5 539 8 3502800008030000
107612.9 541 8 0000000000000000
107623.9 31C 8 00000000800084F3
107625.5 5EA 8 0000000000000016
107626.7 31D 8 000000000000001F
107628.1 5EB 8 0000000000000007
107639.3 5EC 8 000000000000000F
107640.7 66B 8 7700000000000000
107643.3 66C 8 DF09000000000000
107655.2 444 8 0000000000000005
107670.7 6C0 7 04030100000000
107672.2 3F1 8 0002000000000000
107673.6 663 8 7814E00E00AA0000
107674.9 31C 8 00000000800084F3
107686.4 31D 8 000000000000001F
107688.1 38C 8 000000000000007F
107689.7 38D 8 00000000000000E5
107702.0 39C 8 FF6F000000000000
107703.7 3C3 8 FF00000000000000
107705.4 444 8 0000000000000005
107717.7 537 8 8080808080800000
107719.2 6AB 8 0000000000003FA1
107720.7 538 8 8080008080000080
107733.3 31C 8 00000000800084F3
107734.9 31D 8 000000000000001F
107749.2 444 8 0000000000000005
107780.4 3F1 8 0002000000000000
107791.6 663 8 7814E00E00AA0000
107793.1 31C 8 00000000800084F3
107794.7 31D 8 000000000000001F
107796.0 38C 8 000000000000007F
107811.2 38D 8 00000000000000E5
107812.7 39C 8 FF6F000000000000
107814.2 3C3 8 FF00000000000000
107815.6 444 8 0000000000000005
107827.1 523 8 CD1F7770450E0B02
107828.9 52E 5 603F000000
107830.5 31C 8 00000000800084F3
107832.2 31D 8 000000000000001F
107858.3 444 8 0000000000000005
107860.0 539 8 3502800008030000
107873.6 541 8 0000000000000000
107875.0 6C0 7 04030100000000
107877.2 3F1 8 0002000000000000
107878.7 663 8 7814E00E00AA0000
107880.1 31C 8 00000000800084F3
107881.6 31D 8 000000000000001F
107889.2 38C 8 000000000000007F
107890.7 38D 8 00000000000000E5
107892.3 39C 8 FF6F000000000000
107905.2 3C3 8 FF00000000000000
107906.7 444 8 0000000000000005
107908.4 537 8 8080808080800000
107920.8 6AB 8 0000000000003FA1
107922.3 538 8 8080008080000080
107923.9 31C 8 00000000800084F3
107936.4 31D 8 000000000000001F
107952.1 444 8 0000000000000005
107968.0 3F1 8 0002000000000000
107969.6 663 8 7814E00E00AA0000
107983.3 31C 8 00000000800084F3
107985.1 31D 8 000000000000001F
107986.7 38C 8 000000000000007F
107998.7 38D 8 00000000000000E5
108000.4 39C 8 FF6F000000000000
108001.7 3C3 8 FF00000000000000
108014.5 444 8 0000000000000005
108030.1 31C 8 00000000800084F3
108031.5 31D 8 000000000000001F
108061.4 444 8 0000000000000005
108077.0 6C0 7 04030100000000
108078.5 3F1 8 0002000000000000
108080.7 484 8 0000000000000000
108082.0 523 8 CD1F7770450E0B02
108083.1 52E 5 603F000000
108084.4 585 8 902C00000000003F
108085.7 64C 2 0011
108087.0 663 8 7814E00E00AA0000
108088.4 6B2 8 FFFEFF0F880002D1
108089.7 31C 8 00000000800084F3
108091.0 31D 8 000000000000001F
108108.2 38C 8 000000000000007F
108110.0 38D 8 00000000000000E5
108111.3 39C 8 FF6F000000000000
108112.7 3C3 8 FF00000000000000
108113.9 444 8 0000000000000005
108115.6 537 8 8080808080800000
108124.3 5FB 8 1FFFFFFFFF1FF87E
108126.2 539 8 3502800008030000
108127.9 538 8 8080008080000080
108129.4 541 8 0000000000000000
108130.8 5FA 8 5B9DC7CC9C46F1FF
108132.1 6AB 8 0000000000003FA1
108133.4 31C 8 00000000800084F3
108134.8 5EA 8 0000000000000016
108136.1 31D 8 000000000000001F
108137.5 5EB 8 0000000000000007
108139.3 5EC 8 000000000000000F
108140.5 66B 8 7700000000000000
108142.3 66C 8 DF09000000000000
108155.1 444 8 0000000000000005
108170.8 3F1 8 0002000000000000
108172.6 663 8 7814E00E00AA0000
108174.0 31C 8 00000000800084F3
108186.4 31D 8 000000000000001F
108188.7 38C 8 000000000000007F
108190.1 38D 8 00000000000000E5
108202.0 39C 8 FF6F000000000000
108203.5 3C3 8 FF00000000000000
108205.1 444 8 0000000000000005
108233.5 31C 8 00000000800084F3
108235.2 31D 8 000000000000001F
108248.9 444 8 0000000000000005
108280.3 6C0 7 04030100000000
108282.1 3F1 8 0002000000000000
108283.7 663 8 7814E00E00AA0000
108285.2 31C 8 00000000800084F3
108286.7 31D 8 000000000000001F
108288.2 38C 8 000000000000007F
108295.6 38D 8 00000000000000E5
108297.2 39C 8 FF6F000000000000
108298.6 3C3 8 FF00000000000000
108311.2 444 8 0000000000000005
108312.8 537 8 8080808080800000
108314.3 6AB 8 0000000000003FA1
108315.7 538 8 8080008080000080
108327.0 523 8 CD1F7770450E0B02
108328.6 52E 5 603F000000
108330.1 31C 8 00000000800084F3
108331.7 31D 8 000000000000001F
108358.3 444 8 0000000000000005
108373.6 539 8 3502800008030000
108375.1 541 8 0000000000000000
108376.6 3F1 8 0002000000000000
108379.0 663 8 7814E00E00AA0000
108380.5 31C 8 00000000800084F3
108382.0 31D 8 000000000000001F
108389.2 38C 8 000000000000007F
108390.7 38D 8 00000000000000E5
108392.2 39C 8 FF6F000000000000
108405.2 3C3 8 FF00000000000000
108406.8 444 8 0000000000000005
108420.8 31C 8 00000000800084F3
108436.4 31D 8 000000000000001F
108452.2 444 8 0000000000000005
108467.6 6C0 7 04030100000000
108469.1 3F1 8 0002000000000000
108470.8 663 8 7814E00E00AA0000
108483.5 31C 8 00000000800084F3
108485.2 31D 8 000000000000001F
108486.9 38C 8 000000000000007F
108498.8 38D 8 00000000000000E5
108500.4 39C 8 FF6F000000000000
108502.1 3C3 8 FF00000000000000
108514.4 444 8 0000000000000005
108515.9 537 8 8080808080800000
108517.5 6AB 8 0000000000003FA1
108519.2 538 8 8080008080000080
108530.5 31C 8 00000000800084F3
108532.1 31D 8 000000000000001F
108561.6 444 8 0000000000000005
108576.8 3F1 8 0002000000000000
108578.7 484 8 0000000000000000
108580.8 523 8 CD1F7770450E0B02
108582.2 52E 5 603F000000
108583.3 663 8 7814E00E00AA0000
108584.7 31C 8 00000000800084F3
108586.0 31D 8 000000000000001F
108592.4 38C 8 000000000000007F
108594.1 38D 8 00000000000000E5
108595.7 39C 8 FF6F000000000000
108608.3 3C3 8 FF00000000000000
108609.7 444 8 0000000000000005
108611.3 539 8 3502800008030000
108623.8 541 8 0000000000000000
108625.4 31C 8 00000000800084F3
108626.7 5EA 8 0000000000000016
108628.2 31D 8 000000000000001F
108639.3 5EB 8 0000000000000007
108640.7 5EC 8 000000000000000F
108642.1 66B 8 7700000000000000
108643.6 66C 8 DF09000000000000
108655.0 444 8 0000000000000005
108671.3 6C0 7 04030100000000
108674.6 3F1 8 0002000000000000
108676.5 663 8 7814E00E00AA0000
108678.4 31C 8 00000000800084F3
108686.1 31D 8 000000000000001F
108688.2 38C 8 000000000000007F
108689.6 38D 8 00000000000000E5
108702.1 39C 8 FF6F000000000000
108703.7 3C3 8 FF00000000000000
108705.1 444 8 0000000000000005
108717.6 537 8 8080808080800000
108719.9 6AB 8 0000000000003FA1
108721.2 538 8 8080008080000080
108733.3 31C 8 00000000800084F3
108735.0 31D 8 000000000000001F
108748.9 444 8 0000000000000005
108780.2 3F1 8 0002000000000000
108781.7 663 8 7814E00E00AA0000
108783.3 31C 8 00000000800084F3
108784.9 31D 8 000000000000001F
108786.5 38C 8 000000000000007F
108795.6 38D 8 00000000000000E5
108797.2 39C 8 FF6F000000000000
108798.8 3C3 8 FF00000000000000
108811.4 444 8 0000000000000005
108827.0 523 8 CD1F7770450E0B02
108828.6 52E 5 603F000000
108830.1 31C 8 00000000800084F3
108831.6 31D 8 000000000000001F
108858.3 444 8 0000000000000005
108874.0 539 8 3502800008030000
108875.8 541 8 0000000000000000
108877.2 6C0 7 04030100000000
108878.7 3F1 8 0002000000000000
108880.3 663 8 7814E00E00AA0000
108881.7 31C 8 00000000800084F3
108883.2 31D 8 000000000000001F
108889.4 38C 8 000000000000007F
108891.0 38D 8 00000000000000E5
108892.6 39C 8 FF6F000000000000
108905.2 3C3 8 FF00000000000000
108907.4 444 8 0000000000000005
108908.9 537 8 8080808080800000
108920.8 6AB 8 0000000000003FA1
108922.3 538 8 8080008080000080
108923.8 31C 8 00000000800084F3
108936.4 31D 8 000000000000001F
108952.0 444 8 0000000000000005
108967.8 3F1 8 0002000000000000
108969.3 663 8 7814E00E00AA0000
108983.2 31C 8 00000000800084F3
108984.8 31D 8 000000000000001F
108986.4 38C 8 000000000000007F
108998.6 38D 8 00000000000000E5
109000.1 39C 8 FF6F000000000000
109001.5 3C3 8 FF00000000000000
109014.5 444 8 0000000000000005
109030.2 31C 8 00000000800084F3
109031.6 31D 8 000000000000001F
109061.3 444 8 0000000000000005
109077.1 6C0 7 04030100000000
109078.8 3F1 8 0002000000000000
109080.5 484 8 0000000000000000
109081.9 523 8 CD1F7770450E0B02
109083.3 52E 5 603F000000
109084.6 585 8 902C00000000003F
109085.8 64C 2 0011
109087.0 663 8 7814E00E00AA0000
109088.3 6B2 8 FFFEFF0F880082D1
109089.4 31C 8 00000000800084F3
109090.8 31D 8 000000000000001F
109108.3 38C 8 000000000000007F
109110.1 38D 8 00000000000000E5
109111.4 39C 8 FF6F000000000000
109112.8 3C3 8 FF00000000000000
109114.1 444 8 0000000000000005
109115.4 537 8 8080808080800000
109123.9 5FB 8 1FFFFFFFFF1FF87E
109125.3 538 8 8080008080000080
109126.6 539 8 3502800008030000
109128.0 541 8 0000000000000000
109129.5 5FA 8 5B9DC7CC9C46F1FF
109130.8 6AB 8 0000000000003FA1
109132.1 31C 8 00000000800084F3
109133.5 5EA 8 0000000000000016
109134.8 31D 8 000000000000001F
109136.1 5EB 8 0000000000000007
109139.2 5EC 8 000000000000000F
109140.7 66B 8 7700000000000000
109142.1 66C 8 DF09000000000000
109155.2 444 8 0000000000000005
109170.8 3F1 8 0002000000000000
109172.4 663 8 7814E00E00AA0000
109173.6 31C 8 00000000800084F3
109186.5 31D 8 000000000000001F
109189.1 38C 8 000000000000007F
109190.8 38D 8 00000000000000E5
109202.1 39C 8 FF6F000000000000
109204.3 3C3 8 FF00000000000000
109205.8 444 8 0000000000000005
109233.5 31C 8 00000000800084F3
109235.1 31D 8 000000000000001F
109248.9 444 8 0000000000000005
109280.2 6C0 7 04030100000000
109281.9 3F1 8 0002000000000000
109283.4 663 8 7814E00E00AA0000
109284.9 31C 8 00000000800084F3
109286.4 31D 8 000000000000001F
109287.9 38C 8 000000000000007F
109295.6 38D 8 00000000000000E5
109297.1 39C 8 FF6F000000000000
109298.6 3C3 8 FF00000000000000
109311.3 444 8 0000000000000005
109313.0 537 8 8080808080800000
109314.6 6AB 8 0000000000003FA1
109316.0 538 8 8080008080000080
109327.0 523 8 CD1F7770450E0B02
109328.6 52E 5 603F000000
109330.0 31C 8 00000000800084F3
109331.7 31D 8 000000000000001F
109358.3 444 8 0000000000000005
109373.6 539 8 3502800008030000
109375.1 541 8 0000000000000000
109376.6 3F1 8 0002000000000000
109378.2 663 8 7814E00E00AA0000
109379.8 31C 8 00000000800084F3
109381.2 31D 8 000000000000001F
109389.3 38C 8 000000000000007F
109390.9 38D 8 00000000000000E5
109392.2 39C 8 FF6F000000000000
109405.2 3C3 8 FF00000000000000
109406.7 444 8 0000000000000005
109420.8 31C 8 00000000800084F3
109436.4 31D 8 000000000000001F
109452.1 444 8 0000000000000005
109467.9 6C0 7 04030100000000
109469.7 3F1 8 0002000000000000
109471.2 663 8 7814E00E00AA0000
109483.3 31C 8 00000000800084F3
109485.0 31D 8 000000000000001F
109486.6 38C 8 000000000000007F
109498.7 38D 8 00000000000000E5
109500.2 39C 8 FF6F000000000000
109501.8 3C3 8 FF00000000000000
109514.8 444 8 0000000000000005
109516.4 537 8 8080808080800000
109517.9 6AB 8 0000000000003FA1
109519.4 538 8 8080008080000080
109530.1 31C 8 00000000800084F3
109531.7 31D 8 000000000000001F
109561.4 444 8 0000000000000005
109576.7 3F1 8 0002000000000000
109578.2 484 8 0000000000000000
109579.8 523 8 CD1F7770450E0B02
109581.2 52E 5 603F000000
109582.6 663 8 7814E00E00AA0000
109584.0 31C 8 00000000800084F3
109585.5 31D 8 000000000000001F
109592.4 38C 8 000000000000007F
109594.1 38D 8 00000000000000E5
109595.5 39C 8 FF6F000000000000
109608.2 3C3 8 FF00000000000000
109609.8 444 8 0000000000000005
109623.9 539 8 3502800008030000
109625.4 541 8 0000000000000000
109626.8 31C 8 00000000800084F3
109628.3 5EA 8 0000000000000016
109629.6 31D 8 000000000000001F
109631.1 5EB 8 0000000000000007
109639.3 5EC 8 000000000000000F
109640.8 66B 8 7700000000000000
109642.2 66C 8 DF09000000000000
109655.1 444 8 0000000000000005
109670.6 6C0 7 04030100000000
109672.2 3F1 8 0002000000000000
109673.6 663 8 7814E00E00AA0000
109675.1 31C 8 00000000800084F3
109686.4 31D 8 000000000000001F
109688.2 38C 8 000000000000007F
109689.5 38D 8 00000000000000E5
109702.0 39C 8 FF6F000000000000
109703.7 3C3 8 FF00000000000000
109705.7 444 8 0000000000000005
109717.7 537 8 8080808080800000
109719.3 6AB 8 0000000000003FA1
109720.9 538 8 8080008080000080
109733.3 31C 8 00000000800084F3
109735.1 31D 8 000000000000001F
109764.7 444 8 0000000000000005
109780.2 3F1 8 0002000000000000
109781.8 663 8 7814E00E00AA0000
109784.2 31C 8 00000000800084F3
109785.7 31D 8 000000000000001F
109787.0 38C 8 000000000000007F
109795.8 38D 8 00000000000000E5
109797.2 39C 8 FF6F000000000000
109798.8 3C3 8 FF00000000000000
109811.5 444 8 0000000000000005
109827.0 523 8 CD1F7770450E0B02
109828.8 52E 5 603F000000
109830.7 31C 8 00000000800084F3
109832.2 31D 8 000000000000001F
109858.3 444 8 0000000000000005
109873.6 539 8 3502800008030000
109874.9 541 8 0000000000000000
109876.4 6C0 7 04030100000000
109877.7 3F1 8 0002000000000000
109879.3 663 8 7814E00E00AA0000
109880.6 31C 8 00000000800084F3
109881.8 31D 8 000000000000001F
109889.3 38C 8 000000000000007F
109890.8 38D 8 00000000000000E5
109892.3 39C 8 FF6F000000000000
109905.1 3C3 8 FF00000000000000
109906.5 444 8 0000000000000005
109908.3 537 8 8080808080800000
109920.8 6AB 8 0000000000003FA1
109922.3 538 8 8080008080000080
109923.8 31C 8 00000000800084F3
109936.3 31D 8 000000000000001F
109952.0 444 8 0000000000000005
109967.5 3F1 8 0002000000000000
109969.1 663 8 7814E00E00AA0000
109983.4 31C 8 00000000800084F3
109985.1 31D 8 000000000000001F
109986.5 38C 8 000000000000007F
109998.6 38D 8 00000000000000E5
110000.1 39C 8 FF6F000000000000
110001.4 3C3 8 FF00000000000000
110014.5 444 8 0000000000000005
110030.2 31C 8 00000000800084F3
110031.5 31D 8 000000000000001F
110061.3 444 8 0000000000000005
110077.1 6C0 7 04030100000000
110078.6 3F1 8 0002000000000000
110080.3 484 8 0000000000000000
110081.7 523 8 CD1F7770450E0B02
110083.0 52E 5 603F000000
110084.3 585 8 902C00000000003F
110085.6 64C 2 0011
110086.8 663 8 7814E00E00AA0000
110088.2 6B2 8 FFFEFF0F880002D2
110089.4 31C 8 00000000800084F3
110090.6 31D 8 000000000000001F
110092.4 38C 8 000000000000007F
110093.9 38D 8 00000000000000E5
110095.4 39C 8 FF6F000000000000
110108.2 3C3 8 FF00000000000000
110109.9 444 8 0000000000000005
110111.4 537 8 8080808080800000
110123.9 538 8 8080008080000080
110126.3 5FB 8 1FFFFFFFFF1FF87E
110127.5 539 8 3502800008030000
110128.8 541 8 0000000000000000
110130.0 5FA 8 5B9DC7CC9C46F1FF
110131.3 6AB 8 0000000000003FA1
110132.6 31C 8 00000000800084F3
110134.2 5EA 8 0000000000000016
110135.7 31D 8 000000000000001F
110139.3 5EB 8 0000000000000007
110140.8 5EC 8 000000000000000F
110142.1 66B 8 7700000000000000
110143.9 66C 8 DF09000000000000
110155.2 444 8 0000000000000005
110170.7 3F1 8 0002000000000000
110172.2 663 8 7814E00E00AA0000
110173.6 31C 8 00000000800084F3
110186.3 31D 8 000000000000001F
110188.3 38C 8 000000000000007F
110189.7 38D 8 00000000000000E5
110202.1 39C 8 FF6F000000000000
110204.0 3C3 8 FF00000000000000
110205.3 444 8 0000000000000005
110233.5 31C 8 00000000800084F3
110235.1 31D 8 000000000000001F
110249.2 444 8 0000000000000005
110264.6 6C0 7 04030100000000
110280.1 3F1 8 0002000000000000
110281.8 663 8 7814E00E00AA0000
110283.7 31C 8 00000000800084F3
110285.6 31D 8 000000000000001F
110287.1 38C 8 000000000000007F
110295.7 38D 8 00000000000000E5
110297.4 39C 8 FF6F000000000000
110298.9 3C3 8 FF00000000000000
110311.4 444 8 0000000000000005
110313.2 537 8 8080808080800000
110314.9 538 8 8080008080000080
110316.5 6AB 8 0000000000003FA1
110327.2 523 8 CD1F7770450E0B02
110329.0 52E 5 603F000000
110330.6 31C 8 00000000800084F3
110332.4 31D 8 000000000000001F
110358.2 444 8 0000000000000005
110373.6 539 8 3502800008030000
110375.2 541 8 0000000000000000
110376.6 3F1 8 0002000000000000
110378.1 663 8 7814E00E00AA0000
110379.5 31C 8 00000000800084F3
110381.0 31D 8 000000000000001F
110389.2 38C 8 000000000000007F
110390.6 38D 8 00000000000000E5
110392.2 39C 8 FF6F000000000000
110405.1 3C3 8 FF00000000000000
110406.7 444 8 0000000000000005
110420.8 31C 8 00000000800084F3
110436.4 31D 8 000000000000001F
110452.5 444 8 0000000000000005
110467.9 6C0 7 04030100000000
110469.6 3F1 8 0002000000000000
110471.1 663 8 7814E00E00AA0000
110483.3 31C 8 00000000800084F3
110485.0 31D 8 000000000000001F
110486.5 38C 8 000000000000007F
110498.7 38D 8 00000000000000E5
110500.1 39C 8 FF6F000000000000
110501.8 3C3 8 FF00000000000000
110514.6 444 8 0000000000000005
110520.2 537 8 8080808080800000
110521.6 538 8 8080008080000080
110522.9 6AB 8 0000000000003FA1
110530.0 31C 8 00000000800084F3
110531.6 31D 8 000000000000001F
110561.4 444 8 0000000000000005
110576.7 3F1 8 0002000000000000
110578.2 484 8 0000000000000000
110579.5 523 8 CD1F7770450E0B02
110581.1 52E 5 603F000000
110582.5 663 8 7814E00E00AA0000
110584.1 31C 8 00000000800084F3
110585.5 31D 8 000000000000001F
110592.4 38C 8 000000000000007F
110594.0 38D 8 00000000000000E5
110595.5 39C 8 FF6F000000000000
110608.3 3C3 8 FF00000000000000
110610.1 444 8 0000000000000005
110623.8 539 8 3502800008030000
110625.5 541 8 0000000000000000
110627.3 31C 8 00000000800084F3
110628.7 5EA 8 0000000000000016
110630.2 31D 8 000000000000001F
110632.5 5EB 8 0000000000000007
110639.3 5EC 8 000000000000000F
110640.8 66B 8 7700000000000000
110642.3 66C 8 DF09000000000000
110655.2 444 8 0000000000000005
110670.7 6C0 7 04030100000000
110672.3 3F1 8 0002000000000000
110674.0 663 8 7814E00E00AA0000
110675.3 31C 8 00000000800084F3
110686.3 31D 8 000000000000001F
110688.0 38C 8 000000000000007F
110689.5 38D 8 00000000000000E5
110702.2 39C 8 FF6F000000000000
110704.3 3C3 8 FF00000000000000
110705.7 444 8 0000000000000005
110717.9 537 8 8080808080800000
110719.5 538 8 8080008080000080
110721.0 6AB 8 0000000000003FA1
110733.2 31C 8 00000000800084F3
110734.6 31D 8 000000000000001F
110749.0 444 8 0000000000000005
110780.4 3F1 8 0002000000000000
110781.8 663 8 7814E00E00AA0000
110783.3 31C 8 00000000800084F3
110784.9 31D 8 000000000000001F
110786.2 38C 8 000000000000007F
110795.8 38D 8 00000000000000E5
110797.9 39C 8 FF6F000000000000
110800.5 3C3 8 FF00000000000000
110811.4 444 8 0000000000000005
110827.1 523 8 CD1F7770450E0B02
110830.0 52E 5 603F000000
110831.9 31C 8 00000000800084F3
110833.8 31D 8 000000000000001F
110858.3 444 8 0000000000000005
110873.6 539 8 3502800008030000
110875.2 541 8 0000000000000000
110876.6 6C0 7 04030100000000
110878.1 3F1 8 0002000000000000
110880.4 663 8 7814E00E00AA0000
110881.9 31C 8 00000000800084F3
110883.2 31D 8 000000000000001F
110889.2 38C 8 000000000000007F
110890.5 38D 8 00000000000000E5
110891.8 39C 8 FF6F000000000000
110905.2 3C3 8 FF00000000000000
110906.7 444 8 0000000000000005
110908.4 537 8 8080808080800000
110920.7 538 8 8080008080000080
110922.0 6AB 8 0000000000003FA1
110923.4 31C 8 00000000800084F3
110936.3 31D 8 000000000000001F
110952.1 444 8 0000000000000005
110967.5 3F1 8 0002000000000000
110968.9 663 8 7814E00E00AA0000
110983.4 31C 8 00000000800084F3
110984.9 31D 8 000000000000001F
110986.4 38C 8 000000000000007F
110998.6 38D 8 00000000000000E5
110999.9 39C 8 FF6F000000000000
111002.1 3C3 8 FF00000000000000
111014.5 444 8 0000000000000005
111030.2 31C 8 00000000800084F3
111031.6 31D 8 000000000000001F
111061.4 444 8 0000000000000005
111077.0 6C0 7 04030100000000
111078.3 3F1 8 0002000000000000
111080.2 484 8 0000000000000000
111081.8 523 8 CD1F7770450E0B02
111083.3 52E 5 603F000000
111084.8 585 8 902C00000000003F
111085.9 64C 2 0011
111087.2 663 8 7814E00E00AA0000
111088.4 6B2 8 FFFEFF0F880082D2
111089.8 31C 8 00000000800084F3
111091.2 31D 8 000000000000001F
111108.2 38C 8 000000000000007F
111110.0 38D 8 00000000000000E5
111111.3 39C 8 FF6F000000000000
111112.8 3C3 8 FF00000000000000
111114.1 444 8 0000000000000005
111115.5 537 8 8080808080800000
111124.0 538 8 8080008080000080
111125.6 5FB 8 1FFFFFFFFF1FF87E
111127.0 539 8 3502800008030000
111128.4 541 8 0000000000000000
111129.7 5FA 8 5B9DC7CC9C46F1FF
111130.9 6AB 8 0000000000003FA1
111132.1 31C 8 00000000800084F3
111133.4 5EA 8 0000000000000016
111135.2 31D 8 000000000000001F
111137.5 5EB 8 0000000000000007
111139.3 5EC 8 000000000000000F
111140.7 66B 8 7700000000000000
111142.0 66C 8 DF09000000000000
111155.2 444 8 0000000000000005
111170.8 3F1 8 0002000000000000
111172.2 663 8 7814E00E00AA0000
111173.5 31C 8 00000000800084F3
111186.3 31D 8 000000000000001F
111187.8 38C 8 000000000000007F
111189.4 38D 8 00000000000000E5
111202.4 39C 8 FF6F000000000000
111204.3 3C3 8 FF00000000000000
111205.7 444 8 0000000000000005
111233.4 31C 8 00000000800084F3
111235.5 31D 8 000000000000001F
111264.2 444 8 0000000000000005
111280.3 6C0 7 04030100000000
111287.3 3F1 8 0002000000000000
111289.1 663 8 7814E00E00AA0000
111290.5 31C 8 00000000800084F3
111292.2 31D 8 000000000000001F
111293.7 38C 8 000000000000007F
111295.4 38D 8 00000000000000E5
111296.6 39C 8 FF6F000000000000
111298.2 3C3 8 FF00000000000000
111311.3 444 8 0000000000000005
111312.8 537 8 8080808080800000
111314.1 538 8 8080008080000080
111315.6 6AB 8 0000000000003FA1
111327.1 523 8 CD1F7770450E0B02
111329.1 52E 5 603F000000
111330.9 31C 8 00000000800084F3
111332.6 31D 8 000000000000001F
111358.3 444 8 0000000000000005
111373.7 539 8 3502800008030000
111375.1 541 8 0000000000000000
111376.4 3F1 8 0002000000000000
111378.0 663 8 7814E00E00AA0000
111379.7 31C 8 00000000800084F3
111381.2 31D 8 000000000000001F
111389.3 38C 8 000000000000007F
111390.6 38D 8 00000000000000E5
111392.4 39C 8 FF6F000000000000
111405.1 3C3 8 FF00000000000000
111406.6 444 8 0000000000000005
111420.7 31C 8 00000000800084F3
111436.3 31D 8 000000000000001F
111452.3 444 8 0000000000000005
111467.6 6C0 7 04030100000000
111469.1 3F1 8 0002000000000000
111470.5 663 8 7814E00E00AA0000
111483.4 31C 8 00000000800084F3
111485.1 31D 8 000000000000001F
111486.4 38C 8 000000000000007F
111498.6 38D 8 00000000000000E5
111500.1 39C 8 FF6F000000000000
111501.4 3C3 8 FF00000000000000
111514.6 444 8 0000000000000005
111517.2 537 8 8080808080800000
111518.3 538 8 8080008080000080
111519.4 6AB 8 0000000000003FA1
111530.2 31C 8 00000000800084F3
111531.7 31D 8 000000000000001F
111561.5 444 8 0000000000000005
111576.8 3F1 8 0002000000000000
111578.2 484 8 0000000000000000
111579.9 523 8 CD1F7770450E0B02
111581.2 52E 5 603F000000
111582.5 663 8 7814E00E00AA0000
111583.8 31C 8 00000000800084F3
111585.1 31D 8 000000000000001F
111592.4 38C 8 000000000000007F
111594.0 38D 8 00000000000000E5
111595.4 39C 8 FF6F000000000000
111608.3 3C3 8 FF00000000000000
111609.8 444 8 0000000000000005
111623.9 539 8 3502800008030000
111625.7 541 8 0000000000000000
111626.9 31C 8 00000000800084F3
111628.3 5EA 8 0000000000000016
111629.3 31D 8 000000000000001F
111639.4 5EB 8 0000000000000007
111641.0 5EC 8 000000000000000F
111642.3 66B 8 7700000000000000
111643.5 66C 8 DF09000000000000
111655.3 444 8 0000000000000005
111670.7 6C0 7 04030100000000
111672.1 3F1 8 0002000000000000
111673.6 663 8 7814E00E00AA0000
111675.7 31C 8 00000000800084F3
111686.4 31D 8 000000000000001F
111688.0 38C 8 000000000000007F
111689.6 38D 8 00000000000000E5
111702.1 39C 8 FF6F000000000000
111704.0 3C3 8 FF00000000000000
111705.6 444 8 0000000000000005
111717.7 537 8 8080808080800000
111719.4 538 8 8080008080000080
111720.6 6AB 8 0000000000003FA1
111733.3 31C 8 00000000800084F3
111735.4 31D 8 000000000000001F
111764.5 444 8 0000000000000005
111780.2 3F1 8 0002000000000000
111781.8 663 8 7814E00E00AA0000
111783.6 31C 8 00000000800084F3
111785.1 31D 8 000000000000001F
111786.4 38C 8 000000000000007F
111795.7 38D 8 00000000000000E5
111797.2 39C 8 FF6F000000000000
111798.6 3C3 8 FF00000000000000
111811.4 444 8 0000000000000005
111827.0 523 8 CD1F7770450E0B02
111829.2 52E 5 603F000000
111830.9 31C 8 00000000800084F3
111832.6 31D 8 000000000000001F
111858.3 444 8 0000000000000005
111873.7 539 8 3502800008030000
111882.6 541 8 0000000000000000
111885.1 6C0 7 04030100000000
111886.6 3F1 8 0002000000000000
111888.3 663 8 7814E00E00AA0000
111889.8 31C 8 00000000800084F3
111891.4 31D 8 000000000000001F
111904.9 38C 8 000000000000007F
111906.4 38D 8 00000000000000E5
111908.2 39C 8 FF6F000000000000
111909.6 3C3 8 FF00000000000000
111910.8 444 8 0000000000000005
111912.1 537 8 8080808080800000
111921.0 538 8 8080008080000080
111922.7 6AB 8 0000000000003FA1
111924.0 31C 8 00000000800084F3
111936.4 31D 8 000000000000001F
111952.1 444 8 0000000000000005
111967.6 3F1 8 0002000000000000
111969.3 663 8 7814E00E00AA0000
111983.3 31C 8 00000000800084F3
111984.9 31D 8 000000000000001F
111986.2 38C 8 000000000000007F
111998.6 38D 8 00000000000000E5
112000.0 39C 8 FF6F000000000000
112001.3 3C3 8 FF00000000000000
112014.5 444 8 0000000000000005
112030.1 31C 8 00000000800084F3
112032.1 31D 8 000000000000001F
112061.6 444 8 0000000000000005
112077.0 6C0 7 04030100000000
112079.8 3F1 8 0002000000000000
112081.4 484 8 0000000000000000
112082.8 523 8 CD1F7770450E0B02
112084.1 52E 5 603F000000
112085.4 585 8 902C00000000003F
112086.6 64C 2 0011
112087.9 663 8 7814E00E00AA0000
112089.1 6B2 8 FFFEFF0F880002D3
112090.3 31C 8 00000000800084F3
112091.7 31D 8 000000000000001F
112108.3 38C 8 000000000000007F
112110.1 38D 8 00000000000000E5
112111.7 39C 8 FF6F000000000000
112113.4 3C3 8 FF00000000000000
112115.1 444 8 0000000000000005
112116.8 537 8 8080808080800000
112124.0 538 8 8080008080000080
112125.5 5FB 8 1FFFFFFFFF1FF87E
112126.9 539 8 3502800008030000
112128.5 541 8 0000000000000000
112130.2 5FA 8 5B9DC7CC9C46F1FF
112131.5 6AB 8 0000000000003FA1
112132.7 31C 8 00000000800084F3
112134.1 5EA 8 0000000000000016
112135.4 31D 8 000000000000001F
112136.8 5EB 8 0000000000000007
112139.3 5EC 8 000000000000000F
112140.8 66B 8 7700000000000000
112142.2 66C 8 DF09000000000000
112155.1 444 8 0000000000000005
112170.8 3F1 8 0002000000000000
112172.8 663 8 7814E00E00AA0000
112174.2 31C 8 00000000800084F3
112186.4 31D 8 000000000000001F
112188.1 38C 8 000000000000007F
112189.6 38D 8 00000000000000E5
112202.1 39C 8 FF6F000000000000
112203.6 3C3 8 FF00000000000000
112205.0 444 8 0000000000000005
112233.3 31C 8 00000000800084F3
112237.0 31D 8 000000000000001F
112248.9 444 8 0000000000000005
112280.1 6C0 7 04030100000000
112281.9 3F1 8 0002000000000000
112283.5 663 8 7814E00E00AA0000
112285.0 31C 8 00000000800084F3
112286.5 31D 8 000000000000001F
112288.0 38C 8 000000000000007F
112295.8 38D 8 00000000000000E5
112297.7 39C 8 FF6F000000000000
112299.1 3C3 8 FF00000000000000
112311.4 444 8 0000000000000005
112313.0 537 8 8080808080800000
112314.5 538 8 8080008080000080
112315.8 6AB 8 0000000000003FA1
112327.0 523 8 CD1F7770450E0B02
112328.5 52E 5 603F000000
112329.9 31C 8 00000000800084F3
112331.4 31D 8 000000000000001F
112358.3 444 8 0000000000000005
112373.8 539 8 3502800008030000
112375.3 541 8 0000000000000000
112377.7 3F1 8 0002000000000000
112379.1 663 8 7814E00E00AA0000
112380.5 31C 8 00000000800084F3
112382.1 31D 8 000000000000001F
112389.3 38C 8 000000000000007F
112390.8 38D 8 00000000000000E5
112392.5 39C 8 FF6F000000000000
112405.0 3C3 8 FF00000000000000
112406.5 444 8 0000000000000005
112420.7 31C 8 00000000800084F3
112436.4 31D 8 000000000000001F
112452.1 444 8 0000000000000005
112467.8 6C0 7 04030100000000
112469.5 3F1 8 0002000000000000
112471.0 663 8 7814E00E00AA0000
112483.3 31C 8 00000000800084F3
112491.1 31D 8 000000000000001F
112497.2 38C 8 000000000000007F
112514.6 38D 8 00000000000000E5
112516.2 39C 8 FF6F000000000000
112517.6 3C3 8 FF00000000000000
112519.2 444 8 0000000000000005
112520.8 537 8 8080808080800000
112522.3 538 8 8080008080000080
112523.7 6AB 8 0000000000003FA1
112530.1 31C 8 00000000800084F3
112531.8 31D 8 000000000000001F
112561.4 444 8 0000000000000005
112576.8 3F1 8 0002000000000000
112579.4 484 8 0000000000000000
112580.7 523 8 CD1F7770450E0B02
112582.0 52E 5 603F000000
112583.4 663 8 7814E00E00AA0000
112584.7 31C 8 00000000800084F3
112586.2 31D 8 000000000000001F
112592.4 38C 8 000000000000007F
112594.1 38D 8 00000000000000E5
112595.7 39C 8 FF6F000000000000
112608.4 3C3 8 FF00000000000000
112609.9 444 8 0000000000000005
112623.9 539 8 3502800008030000
112625.4 541 8 0000000000000000
112626.9 31C 8 00000000800084F3
112628.4 5EA 8 0000000000000016
112629.6 31D 8 000000000000001F
112631.1 5EB 8 0000000000000007
112639.4 5EC 8 000000000000000F
112640.9 66B 8 7700000000000000
112642.3 66C 8 DF09000000000000
112655.2 444 8 0000000000000005
112670.7 6C0 7 04030100000000
112672.2 3F1 8 0002000000000000
112673.6 663 8 7814E00E00AA0000
112675.0 31C 8 00000000800084F3
112686.6 31D 8 000000000000001F
112688.5 38C 8 000000000000007F
112690.4 38D 8 00000000000000E5
112702.2 39C 8 FF6F000000000000
112703.9 3C3 8 FF00000000000000
112705.5 444 8 0000000000000005
112717.7 537 8 8080808080800000
112719.3 538 8 8080008080000080
112720.6 6AB 8 0000000000003FA1
112733.2 31C 8 00000000800084F3
112735.0 31D 8 000000000000001F
112764.6 444 8 0000000000000005
112780.3 3F1 8 0002000000000000
112781.9 663 8 7814E00E00AA0000
112783.5 31C 8 00000000800084F3
112785.3 31D 8 000000000000001F
112786.9 38C 8 000000000000007F
112795.8 38D 8 00000000000000E5
112797.4 39C 8 FF6F000000000000
112798.9 3C3 8 FF00000000000000
112811.4 444 8 0000000000000005
112827.2 523 8 CD1F7770450E0B02
112828.9 52E 5 603F000000
112830.7 31C 8 00000000800084F3
112832.4 31D 8 000000000000001F
112858.4 444 8 0000000000000005
112874.0 539 8 3502800008030000
112875.9 541 8 0000000000000000
112877.2 6C0 7 04030100000000
112878.7 3F1 8 0002000000000000
112880.2 663 8 7814E00E00AA0000
112881.6 31C 8 00000000800084F3
112883.0 31D 8 000000000000001F
112889.3 38C 8 000000000000007F
112890.8 38D 8 00000000000000E5
112892.6 39C 8 FF6F000000000000
112905.2 3C3 8 FF00000000000000
112906.7 444 8 0000000000000005
112908.2 537 8 8080808080800000
112920.7 538 8 8080008080000080
112922.2 6AB 8 0000000000003FA1
112923.9 31C 8 00000000800084F3
112936.2 31D 8 000000000000001F
112952.2 444 8 0000000000000005
112967.8 3F1 8 0002000000000000
112969.4 663 8 7814E00E00AA0000
112983.3 31C 8 00000000800084F3
112984.9 31D 8 000000000000001F
112986.4 38C 8 000000000000007F
112998.6 38D 8 00000000000000E5
113000.2 39C 8 FF6F000000000000
113001.7 3C3 8 FF00000000000000
113014.5 444 8 0000000000000005
113030.3 31C 8 00000000800084F3
113031.8 31D 8 000000000000001F
113061.3 444 8 0000000000000005
113076.9 6C0 7 04030100000000
113078.3 3F1 8 0002000000000000
113079.8 484 8 0000000000000000
113081.2 523 8 CD1F7770450E0B02
113082.7 52E 5 603F000000
113084.1 585 8 902C00000000003F
113085.3 64C 2 0011
113086.6 663 8 7814E00E00AA0000
113088.0 6B2 8 FFFEFF0F880082D3
113089.2 31C 8 00000000800084F3
113091.4 31D 8 000000000000001F
113108.2 38C 8 000000000000007F
113109.9 38D 8 00000000000000E5
113111.6 39C 8 FF6F000000000000
113112.9 3C3 8 FF00000000000000
113114.2 444 8 0000000000000005
113115.7 537 8 8080808080800000
113123.8 538 8 8080008080000080
113125.4 5FB 8 1FFFFFFFFF1FF87E
113127.0 539 8 3502800008030000
113128.5 541 8 0000000000000000
113130.1 5FA 8 5B9DC7CC9C46F1FF
113131.4 6AB 8 0000000000003FA1
113132.7 31C 8 00000000800084F3
113134.2 5EA 8 0000000000000016
113135.3 31D 8 000000000000001F
113139.4 5EB 8 0000000000000007
113140.8 5EC 8 000000000000000F
113142.3 66B 8 7700000000000000
113143.7 66C 8 DF09000000000000
113155.0 444 8 0000000000000005
113170.9 3F1 8 0002000000000000
113172.8 663 8 7814E00E00AA0000
113174.3 31C 8 00000000800084F3
113186.3 31D 8 000000000000001F
113187.8 38C 8 000000000000007F
113189.4 38D 8 00000000000000E5
113202.2 39C 8 FF6F000000000000
113204.4 3C3 8 FF00000000000000
113205.6 444 8 0000000000000005
113233.8 31C 8 00000000800084F3
113236.7 31D 8 000000000000001F
113249.1 444 8 0000000000000005
113280.2 6C0 7 04030100000000
113282.0 3F1 8 0002000000000000
113283.6 663 8 7814E00E00AA0000
113285.0 31C 8 00000000800084F3
113286.4 31D 8 000000000000001F
113287.9 38C 8 000000000000007F
113295.8 38D 8 00000000000000E5
113297.4 39C 8 FF6F000000000000
113299.0 3C3 8 FF00000000000000
113311.4 444 8 0000000000000005
113312.9 537 8 8080808080800000
113314.5 538 8 8080008080000080
113316.1 6AB 8 0000000000003FA1
113327.0 523 8 CD1F7770450E0B02
113328.8 52E 5 603F000000
113330.3 31C 8 00000000800084F3
113331.8 31D 8 000000000000001F
113358.2 444 8 0000000000000005
113373.9 539 8 3502800008030000
113375.6 541 8 0000000000000000
113377.1 3F1 8 0002000000000000
113378.6 663 8 7814E00E00AA0000
113380.0 31C 8 00000000800084F3
113381.5 31D 8 000000000000001F
113389.3 38C 8 000000000000007F
113390.8 38D 8 00000000000000E5
113392.3 39C 8 FF6F000000000000
113405.1 3C3 8 FF00000000000000
113406.7 444 8 0000000000000005
113420.8 31C 8 00000000800084F3
113436.3 31D 8 000000000000001F
113452.2 444 8 0000000000000005
113467.8 6C0 7 04030100000000
113469.3 3F1 8 0002000000000000
113470.7 663 8 7814E00E00AA0000
113483.0 31C 8 00000000800084F3
113484.8 31D 8 000000000000001F
113486.3 38C 8 000000000000007F
113498.6 38D 8 00000000000000E5
113500.4 39C 8 FF6F000000000000
113502.0 3C3 8 FF00000000000000
113514.5 444 8 0000000000000005
113516.4 537 8 8080808080800000
113517.8 538 8 8080008080000080
113519.2 6AB 8 0000000000003FA1
113530.3 31C 8 00000000800084F3
113531.8 31D 8 000000000000001F
113561.4 444 8 0000000000000005
113576.7 3F1 8 0002000000000000
113578.1 484 8 0000000000000000
113579.6 523 8 CD1F7770450E0B02
113580.8 52E 5 603F000000
113582.1 663 8 7814E00E00AA0000
113583.3 31C 8 00000000800084F3
113585.0 31D 8 000000000000001F
113592.4 38C 8 000000000000007F
113593.9 38D 8 00000000000000E5
113595.9 39C 8 FF6F000000000000
113608.2 3C3 8 FF00000000000000
113609.4 444 8 0000000000000005
113623.9 539 8 3502800008030000
113625.5 541 8 0000000000000000
113626.8 31C 8 00000000800084F3
113628.3 5EA 8 0000000000000016
113629.6 31D 8 000000000000001F
113639.3 5EB 8 0000000000000007
113640.6 5EC 8 000000000000000F
113641.8 66B 8 7700000000000000
113643.5 66C 8 DF09000000000000
113655.2 444 8 0000000000000005
113670.8 6C0 7 04030100000000
113672.2 3F1 8 0002000000000000
113673.9 663 8 7814E00E00AA0000
113675.1 31C 8 00000000800084F3
113686.3 31D 8 000000000000001F
113688.0 38C 8 000000000000007F
113689.3 38D 8 00000000000000E5
113702.1 39C 8 FF6F000000000000
113704.2 3C3 8 FF00000000000000
113705.7 444 8 0000000000000005
113717.8 537 8 8080808080800000
113719.4 538 8 8080008080000080
113720.7 6AB 8 0000000000003FA1
113733.4 31C 8 00000000800084F3
113735.6 31D 8 000000000000001F
113749.0 444 8 0000000000000005
113780.2 3F1 8 0002000000000000
113782.3 663 8 7814E00E00AA0000
113784.0 31C 8 00000000800084F3
113785.5 31D 8 000000000000001F
113787.0 38C 8 000000000000007F
113795.9 38D 8 00000000000000E5
113797.6 39C 8 FF6F000000000000
113799.1 3C3 8 FF00000000000000
113811.6 444 8 0000000000000005
113827.0 523 8 CD1F7770450E0B02
113828.7 52E 5 603F000000
113830.9 31C 8 00000000800084F3
113832.4 31D 8 000000000000001F
113858.2 444 8 0000000000000005
113874.1 539 8 3502800008030000
113876.1 541 8 0000000000000000
113877.6 6C0 7 04030100000000
113878.9 3F1 8 0002000000000000
113880.5 663 8 7814E00E00AA0000
113881.7 31C 8 00000000800084F3
113883.2 31D 8 000000000000001F
113889.3 38C 8 000000000000007F
113890.7 38D 8 00000000000000E5
113892.3 39C 8 FF6F000000000000
113905.1 3C3 8 FF00000000000000
113906.6 444 8 0000000000000005
113908.5 537 8 8080808080800000
113921.0 538 8 8080008080000080
113922.4 6AB 8 0000000000003FA1
113923.8 31C 8 00000000800084F3
113936.3 31D 8 000000000000001F
113952.1 444 8 0000000000000005
113967.5 3F1 8 0002000000000000
113969.3 663 8 7814E00E00AA0000
113983.5 31C 8 00000000800084F3
113985.0 31D 8 000000000000001F
113986.5 38C 8 000000000000007F
113998.7 38D 8 00000000000000E5
114000.4 39C 8 FF6F000000000000
114001.8 3C3 8 FF00000000000000
114014.5 444 8 0000000000000005
114030.2 31C 8 00000000800084F3
114031.5 31D 8 000000000000001F
114061.5 444 8 0000000000000005
114078.6 6C0 7 04030100000000
114080.3 3F1 8 0002000000000000
114082.0 484 8 0000000000000000
114083.6 523 8 CD1F7770450E0B02
114085.1 52E 5 603F000000
114086.7 585 8 902C00000000003F
114088.1 64C 2 0011
114089.4 663 8 7814E00E00AA0000
114090.9 6B2 8 FFFEFF0F880002D4
114092.2 31C 8 00000000800084F3
114098.2 31D 8 000000000000001F
114108.4 38C 8 000000000000007F
114110.1 38D 8 00000000000000E5
114111.9 39C 8 FF6F000000000000
114113.4 3C3 8 FF00000000000000
114114.9 444 8 0000000000000005
114117.2 537 8 8080808080800000
114123.8 538 8 8080008080000080
114125.5 5FB 8 1FFFFFFFFF1FF87E
114127.2 539 8 3502800008030000
114128.8 541 8 0000000000000000
114130.4 5FA 8 5B9DC7CC9C46F1FF
114132.0 6AB 8 0000000000003FA1
114133.8 31C 8 00000000800084F3
114135.4 5EA 8 0000000000000016
114136.9 31D 8 000000000000001F
114139.5 5EB 8 0000000000000007
114141.0 5EC 8 000000000000000F
114142.7 66B 8 7700000000000000
114144.3 66C 8 DF09000000000000
114155.0 444 8 0000000000000005
114170.9 3F1 8 0002000000000000
114172.5 663 8 7814E00E00AA0000
114174.3 31C 8 00000000800084F3
114186.2 31D 8 000000000000001F
114187.8 38C 8 000000000000007F
114189.3 38D 8 00000000000000E5
114201.9 39C 8 FF6F000000000000
114203.6 3C3 8 FF00000000000000
114205.0 444 8 0000000000000005
114233.5 31C 8 00000000800084F3
114236.1 31D 8 000000000000001F
114249.0 444 8 0000000000000005
114264.7 6C0 7 04030100000000
114280.3 3F1 8 0002000000000000
114282.2 663 8 7814E00E00AA0000
114284.1 31C 8 00000000800084F3
114287.0 31D 8 000000000000001F
114288.5 38C 8 000000000000007F
114295.8 38D 8 00000000000000E5
114297.2 39C 8 FF6F000000000000
114298.5 3C3 8 FF00000000000000
114312.1 444 8 0000000000000005
114313.7 537 8 8080808080800000
114315.3 538 8 8080008080000080
114316.7 6AB 8 0000000000003FA1
114327.4 523 8 CD1F7770450E0B02
114328.7 52E 5 603F000000
114330.0 31C 8 00000000800084F3
114331.4 31D 8 000000000000001F
114358.9 444 8 0000000000000005
114374.3 539 8 3502800008030000
114375.7 541 8 0000000000000000
114377.1 3F1 8 0002000000000000
114378.5 663 8 7814E00E00AA0000
114380.2 31C 8 00000000800084F3
114381.5 31D 8 000000000000001F
114390.2 38C 8 000000000000007F
114391.5 38D 8 00000000000000E5
114393.1 39C 8 FF6F000000000000
114405.7 3C3 8 FF00000000000000
114407.2 444 8 0000000000000005
114421.3 31C 8 00000000800084F3
114436.9 31D 8 000000000000001F
114452.5 444 8 0000000000000005
114468.0 6C0 7 04030100000000
114469.5 3F1 8 0002000000000000
114471.8 663 8 7814E00E00AA0000
114483.7 31C 8 00000000800084F3
114486.0 31D 8 000000000000001F
114488.2 38C 8 000000000000007F
114499.3 38D 8 00000000000000E5
114501.0 39C 8 FF6F000000000000
114502.5 3C3 8 FF00000000000000
114504.1 444 8 0000000000000005
114515.1 537 8 8080808080800000
114516.8 538 8 8080008080000080
114518.2 6AB 8 0000000000003FA1
114530.9 31C 8 00000000800084F3
114532.2 31D 8 000000000000001F
114562.0 444 8 0000000000000005
114577.8 3F1 8 0002000000000000
114579.5 484 8 0000000000000000
114581.1 523 8 CD1F7770450E0B02
114582.8 52E 5 603F000000
114584.4 663 8 7814E00E00AA0000
114586.1 31C 8 00000000800084F3
114587.7 31D 8 000000000000001F
114593.6 38C 8 000000000000007F
114595.2 38D 8 00000000000000E5
114596.8 39C 8 FF6F000000000000
114608.9 3C3 8 FF00000000000000
114615.3 444 8 0000000000000005
114624.2 539 8 3502800008030000
114626.9 541 8 0000000000000000
114628.5 31C 8 00000000800084F3
114630.4 5EA 8 0000000000000016
114631.8 31D 8 000000000000001F
114633.3 5EB 8 0000000000000007
114640.2 5EC 8 000000000000000F
114641.8 66B 8 7700000000000000
114643.3 66C 8 DF09000000000000
114658.8 444 8 0000000000000005
114671.2 6C0 7 04030100000000
114672.7 3F1 8 0002000000000000
114674.2 663 8 7814E00E00AA0000
114675.5 31C 8 00000000800084F3
114687.0 31D 8 000000000000001F
114688.6 38C 8 000000000000007F
114690.0 38D 8 00000000000000E5
114702.5 39C 8 FF6F000000000000
114704.0 3C3 8 FF00000000000000
114705.3 444 8 0000000000000005
114718.1 537 8 8080808080800000
114719.9 538 8 8080008080000080
114721.3 6AB 8 0000000000003FA1
114734.0 31C 8 00000000800084F3
114736.1 31D 8 000000000000001F
114749.3 444 8 0000000000000005
114765.2 3F1 8 0002000000000000
114767.0 663 8 7814E00E00AA0000
114780.8 31C 8 00000000800084F3
114782.2 31D 8 000000000000001F
114783.6 38C 8 000000000000007F
114796.4 38D 8 00000000000000E5
114798.2 39C 8 FF6F000000000000
114799.7 3C3 8 FF00000000000000
114812.1 444 8 0000000000000005
114827.7 523 8 CD1F7770450E0B02
114830.1 52E 5 603F000000
114831.5 31C 8 00000000800084F3
114833.0 31D 8 000000000000001F
114858.9 444 8 0000000000000005
114874.2 539 8 3502800008030000
114875.7 541 8 0000000000000000
114877.0 6C0 7 04030100000000
114878.7 3F1 8 0002000000000000
114880.2 663 8 7814E00E00AA0000
114881.5 31C 8 00000000800084F3
114882.9 31D 8 000000000000001F
114890.1 38C 8 000000000000007F
114891.4 38D 8 00000000000000E5
114892.9 39C 8 FF6F000000000000
114905.8 3C3 8 FF00000000000000
114907.4 444 8 0000000000000005
114909.2 537 8 8080808080800000
114921.4 538 8 8080008080000080
114923.3 6AB 8 0000000000003FA1
114926.2 31C 8 00000000800084F3
114937.0 31D 8 000000000000001F
114952.4 444 8 0000000000000005
114968.2 3F1 8 0002000000000000
114969.7 663 8 7814E00E00AA0000
114983.6 31C 8 00000000800084F3
114985.4 31D 8 000000000000001F
114987.0 38C 8 000000000000007F
114988.6 38D 8 00000000000000E5
114999.2 39C 8 FF6F000000000000
115000.6 3C3 8 FF00000000000000
115002.2 444 8 0000000000000005
115030.9 31C 8 00000000800084F3
115032.5 31D 8 000000000000001F
115062.1 444 8 0000000000000005
115077.7 6C0 7 04030100000000
115079.2 3F1 8 0002000000000000
115080.8 484 8 0000000000000000
115082.2 523 8 CD1F7770450E0B02
115083.6 52E 5 603F000000
115085.1 585 8 902C00000000003F
115086.3 64C 2 0011
115087.5 663 8 7814E00E00AA0000
115088.8 6B2 8 FFFEFF0F880082D4
115090.1 31C 8 00000000800084F3
115091.5 31D 8 000000000000001F
115108.6 38C 8 000000000000007F
115110.1 38D 8 00000000000000E5
115111.8 39C 8 FF6F000000000000
115113.4 3C3 8 FF00000000000000
115114.9 444 8 0000000000000005
115116.4 537 8 8080808080800000
115124.2 538 8 8080008080000080
115125.8 5FB 8 1FFFFFFFFF1FF87E
115127.2 539 8 3502800008030000
115128.9 541 8 0000000000000000
115130.3 5FA 8 5B9DC7CC9C46F1FF
115131.5 6AB 8 0000000000003FA1
115132.8 31C 8 00000000800084F3
115134.2 5EA 8 0000000000000016
115135.5 31D 8 000000000000001F
115136.8 5EB 8 0000000000000007
115140.2 5EC 8 000000000000000F
115141.7 66B 8 7700000000000000
115143.3 66C 8 DF09000000000000
115155.7 444 8 0000000000000005
115171.1 3F1 8 0002000000000000
115172.7 663 8 7814E00E00AA0000
115174.2 31C 8 00000000800084F3
115187.0 31D 8 000000000000001F
115188.6 38C 8 000000000000007F
115190.1 38D 8 00000000000000E5
115202.4 39C 8 FF6F000000000000
115204.1 3C3 8 FF00000000000000
115205.6 444 8 0000000000000005
115234.1 31C 8 00000000800084F3
115236.1 31D 8 000000000000001F
115249.3 444 8 0000000000000005
115265.2 6C0 7 04030100000000
115266.7 3F1 8 0002000000000000
115268.0 663 8 7814E00E00AA0000
115280.8 31C 8 00000000800084F3
115282.6 31D 8 000000000000001F
115284.2 38C 8 000000000000007F
115296.4 38D 8 00000000000000E5
115297.9 39C 8 FF6F000000000000
115299.4 3C3 8 FF00000000000000
115312.0 444 8 0000000000000005
115313.6 537 8 8080808080800000
115315.3 538 8 8080008080000080
115316.7 6AB 8 0000000000003FA1
115327.4 523 8 CD1F7770450E0B02
115328.8 52E 5 603F000000
115330.3 31C 8 00000000800084F3
115332.0 31D 8 000000000000001F
115359.0 444 8 0000000000000005
115374.2 539 8 3502800008030000
115375.7 541 8 0000000000000000
115377.3 3F1 8 0002000000000000
115378.9 663 8 7814E00E00AA0000
115380.6 31C 8 00000000800084F3
115382.2 31D 8 000000000000001F
115390.1 38C 8 000000000000007F
115391.6 38D 8 00000000000000E5
115393.4 39C 8 FF6F000000000000
115405.8 3C3 8 FF00000000000000
115407.4 444 8 0000000000000005
115421.4 31C 8 00000000800084F3
115437.0 31D 8 000000000000001F
115452.4 444 8 0000000000000005
115468.0 6C0 7 04030100000000
115469.5 3F1 8 0002000000000000
115470.9 663 8 7814E00E00AA0000
115483.6 31C 8 00000000800084F3
115485.4 31D 8 000000000000001F
115487.0 38C 8 000000000000007F
115488.5 38D 8 00000000000000E5
115499.3 39C 8 FF6F000000000000
115500.8 3C3 8 FF00000000000000
115502.4 444 8 0000000000000005
115515.0 537 8 8080808080800000
115516.5 538 8 8080008080000080
115518.0 6AB 8 0000000000003FA1
115530.9 31C 8 00000000800084F3
115532.5 31D 8 000000000000001F
115562.0 444 8 0000000000000005
115577.6 3F1 8 0002000000000000
115579.4 484 8 0000000000000000
115581.7 523 8 CD1F7770450E0B02
115583.7 52E 5 603F000000
115585.1 663 8 7814E00E00AA0000
115587.2 31C 8 00000000800084F3
115588.6 31D 8 000000000000001F
115593.5 38C 8 000000000000007F
115595.1 38D 8 00000000000000E5
115596.3 39C 8 FF6F000000000000
115609.0 3C3 8 FF00000000000000
115610.3 444 8 0000000000000005
115624.3 539 8 3502800008030000
115625.8 541 8 0000000000000000
115627.1 31C 8 00000000800084F3
115628.6 5EA 8 0000000000000016
115630.0 31D 8 000000000000001F
115631.3 5EB 8 0000000000000007
115639.8 5EC 8 000000000000000F
115641.2 66B 8 7700000000000000
115642.5 66C 8 DF09000000000000
115655.7 444 8 0000000000000005
115671.1 6C0 7 04030100000000
115672.4 3F1 8 0002000000000000
115673.9 663 8 7814E00E00AA0000
115675.2 31C 8 00000000800084F3
115687.0 31D 8 000000000000001F
115689.1 38C 8 000000000000007F
115690.5 38D 8 00000000000000E5
115702.4 39C 8 FF6F000000000000
115704.2 3C3 8 FF00000000000000
115705.8 444 8 0000000000000005
115718.3 537 8 8080808080800000
115720.0 538 8 8080008080000080
115721.3 6AB 8 0000000000003FA1
115733.9 31C 8 00000000800084F3
115736.4 31D 8 000000000000001F
115749.2 444 8 0000000000000005
115765.4 3F1 8 0002000000000000
115767.0 663 8 7814E00E00AA0000
115780.8 31C 8 00000000800084F3
115782.3 31D 8 000000000000001F
115783.9 38C 8 000000000000007F
115796.5 38D 8 00000000000000E5
115798.3 39C 8 FF6F000000000000
115799.7 3C3 8 FF00000000000000
115812.0 444 8 0000000000000005
115827.7 523 8 CD1F7770450E0B02
115830.0 52E 5 603F000000
115831.4 31C 8 00000000800084F3
115832.9 31D 8 000000000000001F
115859.2 444 8 0000000000000005
115874.3 539 8 3502800008030000
115876.1 541 8 0000000000000000
115877.6 6C0 7 04030100000000
115879.0 3F1 8 0002000000000000
115880.3 663 8 7814E00E00AA0000
115881.6 31C 8 00000000800084F3
115883.6 31D 8 000000000000001F
115889.9 38C 8 000000000000007F
115891.3 38D 8 00000000000000E5
115893.1 39C 8 FF6F000000000000
115905.8 3C3 8 FF00000000000000
115907.5 444 8 0000000000000005
115909.0 537 8 8080808080800000
115921.5 538 8 8080008080000080
115923.1 6AB 8 0000000000003FA1
115924.7 31C 8 00000000800084F3
115937.0 31D 8 000000000000001F
115952.4 444 8 0000000000000005
115968.2 3F1 8 0002000000000000
115978.2 663 8 7814E00E00AA0000
115983.6 31C 8 00000000800084F3
115985.2 31D 8 000000000000001F
115986.6 38C 8 000000000000007F
115999.3 38D 8 00000000000000E5
116000.8 39C 8 FF6F000000000000
116002.3 3C3 8 FF00000000000000
116003.8 444 8 0000000000000005
116030.8 31C 8 00000000800084F3
116033.0 31D 8 000000000000001F
116061.9 444 8 0000000000000005
116077.9 6C0 7 04030100000000
116080.3 3F1 8 0002000000000000
116082.5 484 8 0000000000000000
116083.8 523 8 CD1F7770450E0B02
116085.1 52E 5 603F000000
116086.2 585 8 902C00000000003F
116087.7 64C 2 0011
116089.1 663 8 7814E00E00AA0000
116090.6 6B2 8 FFFEFF0F880002D5
116091.7 31C 8 00000000800084F3
116093.4 31D 8 000000000000001F
116108.6 38C 8 000000000000007F
116110.2 38D 8 00000000000000E5
116111.9 39C 8 FF6F000000000000
116113.7 3C3 8 FF00000000000000
116115.2 444 8 0000000000000005
116116.6 537 8 8080808080800000
116125.2 538 8 8080008080000080
116127.2 5FB 8 1FFFFFFFFF1FF87E
116128.6 539 8 3502800008030000
116130.2 541 8 0000000000000000
116131.7 5FA 8 5B9DC7CC9C46F1FF
116132.8 6AB 8 0000000000003FA1
116134.2 31C 8 00000000800084F3
116135.6 5EA 8 0000000000000016
116136.8 31D 8 000000000000001F
116138.1 5EB 8 0000000000000007
116139.9 5EC 8 000000000000000F
116141.2 66B 8 7700000000000000
116142.6 66C 8 DF09000000000000
116155.8 444 8 0000000000000005
116171.2 3F1 8 0002000000000000
116173.0 663 8 7814E00E00AA0000
116174.9 31C 8 00000000800084F3
116186.9 31D 8 000000000000001F
116188.6 38C 8 000000000000007F
116190.1 38D 8 00000000000000E5
116202.4 39C 8 FF6F000000000000
116203.9 3C3 8 FF00000000000000
116205.2 444 8 0000000000000005
116234.0 31C 8 00000000800084F3
116235.7 31D 8 000000000000001F
116249.3 444 8 0000000000000005
116265.2 6C0 7 04030100000000
116266.8 3F1 8 0002000000000000
116280.9 663 8 7814E00E00AA0000
116282.7 31C 8 00000000800084F3
116284.5 31D 8 000000000000001F
116286.1 38C 8 000000000000007F
116296.4 38D 8 00000000000000E5
116297.9 39C 8 FF6F000000000000
116299.5 3C3 8 FF00000000000000
116312.0 444 8 0000000000000005
116313.6 537 8 8080808080800000
116315.1 538 8 8080008080000080
116316.5 6AB 8 0000000000003FA1
116327.4 523 8 CD1F7770450E0B02
116328.8 52E 5 603F000000
116330.4 31C 8 00000000800084F3
116331.9 31D 8 000000000000001F
116359.0 444 8 0000000000000005
116374.4 539 8 3502800008030000
116376.0 541 8 0000000000000000
116377.3 3F1 8 0002000000000000
116378.7 663 8 7814E00E00AA0000
116380.1 31C 8 00000000800084F3
116381.6 31D 8 000000000000001F
116390.1 38C 8 000000000000007F
116391.8 38D 8 00000000000000E5
116393.4 39C 8 FF6F000000000000
116405.8 3C3 8 FF00000000000000
116407.1 444 8 0000000000000005
116421.4 31C 8 00000000800084F3
116436.8 31D 8 000000000000001F
116452.5 444 8 0000000000000005
116468.1 6C0 7 04030100000000
116469.7 3F1 8 0002000000000000
116471.2 663 8 7814E00E00AA0000
116483.6 31C 8 00000000800084F3
116485.5 31D 8 000000000000001F
116487.1 38C 8 000000000000007F
116499.8 38D 8 00000000000000E5
116501.2 39C 8 FF6F000000000000
116502.5 3C3 8 FF00000000000000
116504.0 444 8 0000000000000005
116514.9 537 8 8080808080800000
116516.5 538 8 8080008080000080
116518.0 6AB 8 0000000000003FA1
116530.9 31C 8 00000000800084F3
116532.4 31D 8 000000000000001F
116562.0 444 8 0000000000000005
116577.6 3F1 8 0002000000000000
116579.2 484 8 0000000000000000
116581.0 523 8 CD1F7770450E0B02
116582.3 52E 5 603F000000
116583.5 663 8 7814E00E00AA0000
116584.6 31C 8 00000000800084F3
116585.9 31D 8 000000000000001F
116593.5 38C 8 000000000000007F
116595.4 38D 8 00000000000000E5
116596.8 39C 8 FF6F000000000000
116608.8 3C3 8 FF00000000000000
116610.2 444 8 0000000000000005
116624.2 539 8 3502800008030000
116625.8 541 8 0000000000000000
116627.0 31C 8 00000000800084F3
116628.7 5EA 8 0000000000000016
116630.1 31D 8 000000000000001F
116632.0 5EB 8 0000000000000007
116640.2 5EC 8 000000000000000F
116641.5 66B 8 7700000000000000
116642.7 66C 8 DF09000000000000
116655.8 444 8 0000000000000005
116671.1 6C0 7 04030100000000
116672.4 3F1 8 0002000000000000
116673.9 663 8 7814E00E00AA0000
116675.2 31C 8 00000000800084F3
116686.8 31D 8 000000000000001F
116688.3 38C 8 000000000000007F
116689.8 38D 8 00000000000000E5
116702.5 39C 8 FF6F000000000000
116704.3 3C3 8 FF00000000000000
116705.6 444 8 0000000000000005
116718.3 537 8 8080808080800000
116719.9 538 8 8080008080000080
116721.3 6AB 8 0000000000003FA1
116733.8 31C 8 00000000800084F3
116735.9 31D 8 000000000000001F
116749.4 444 8 0000000000000005
116765.4 3F1 8 0002000000000000
116766.9 663 8 7814E00E00AA0000
116780.7 31C 8 00000000800084F3
116782.5 31D 8 000000000000001F
116784.2 38C 8 000000000000007F
116796.4 38D 8 00000000000000E5
116798.3 39C 8 FF6F000000000000
116799.6 3C3 8 FF00000000000000
116811.9 444 8 0000000000000005
116827.7 523 8 CD1F7770450E0B02
116830.1 52E 5 603F000000
116831.7 31C 8 00000000800084F3
116833.1 31D 8 000000000000001F
116859.0 444 8 0000000000000005
116874.3 539 8 3502800008030000
116875.9 541 8 0000000000000000
116877.2 6C0 7 04030100000000
116878.6 3F1 8 0002000000000000
116880.0 663 8 7814E00E00AA0000
116881.4 31C 8 00000000800084F3
116882.7 31D 8 000000000000001F
116890.0 38C 8 000000000000007F
116893.9 38D 8 00000000000000E5
116895.5 39C 8 FF6F000000000000
116905.8 3C3 8 FF00000000000000
116907.2 444 8 0000000000000005
116908.7 537 8 8080808080800000
116921.4 538 8 8080008080000080
116922.8 6AB 8 0000000000003FA1
116924.3 31C 8 00000000800084F3
116936.8 31D 8 000000000000001F
116952.4 444 8 0000000000000005
116968.2 3F1 8 0002000000000000
116969.7 663 8 7814E00E00AA0000
116983.7 31C 8 00000000800084F3
116985.5 31D 8 000000000000001F
116987.2 38C 8 000000000000007F
116999.2 38D 8 00000000000000E5
117000.6 39C 8 FF6F000000000000
117002.0 3C3 8 FF00000000000000
117003.5 444 8 0000000000000005
117030.8 31C 8 00000000800084F3
117032.2 31D 8 000000000000001F
117062.0 444 8 0000000000000005
117077.6 6C0 7 04030100000000
117079.2 3F1 8 0002000000000000
117081.2 484 8 0000000000000000
117082.9 523 8 CD1F7770450E0B02
117084.2 52E 5 603F000000
117085.5 585 8 902C00000000003F
117086.6 64C 2 0011
117087.7 663 8 7814E00E00AA0000
117088.9 6B2 8 FFFEFF0F880082D5
117090.1 31C 8 00000000800084F3
117091.4 31D 8 000000000000001F
117093.0 38C 8 000000000000007F
117094.7 38D 8 00000000000000E5
117096.1 39C 8 FF6F000000000000
117108.6 3C3 8 FF00000000000000
117110.1 444 8 0000000000000005
117111.8 537 8 8080808080800000
117124.2 538 8 8080008080000080
117126.0 5FB 8 1FFFFFFFFF1FF87E
117127.4 539 8 3502800008030000
117128.8 541 8 0000000000000000
117130.2 5FA 8 5B9DC7CC9C46F1FF
117131.5 6AB 8 0000000000003FA1
117132.8 31C 8 00000000800084F3
117134.3 5EA 8 0000000000000016
117135.6 31D 8 000000000000001F
117137.0 5EB 8 0000000000000007
117140.4 5EC 8 000000000000000F
117142.3 66B 8 7700000000000000
117144.1 66C 8 DF09000000000000
117155.5 444 8 0000000000000005
117171.1 3F1 8 0002000000000000
117172.7 663 8 7814E00E00AA0000
117174.2 31C 8 00000000800084F3
117187.1 31D 8 000000000000001F
117188.8 38C 8 000000000000007F
117190.3 38D 8 00000000000000E5
117202.4 39C 8 FF6F000000000000
117204.0 3C3 8 FF00000000000000
117205.5 444 8 0000000000000005
117233.9 31C 8 00000000800084F3
117235.8 31D 8 000000000000001F
117249.3 444 8 0000000000000005
117265.2 6C0 7 04030100000000
117266.9 3F1 8 0002000000000000
117280.6 663 8 7814E00E00AA0000
117282.6 31C 8 00000000800084F3
117284.2 31D 8 000000000000001F
117285.8 38C 8 000000000000007F
117296.5 38D 8 00000000000000E5
117298.1 39C 8 FF6F000000000000
117299.6 3C3 8 FF00000000000000
117311.8 444 8 0000000000000005
117313.4 537 8 8080808080800000
117314.9 538 8 8080008080000080
117316.6 6AB 8 0000000000003FA1
117327.4 523 8 CD1F7770450E0B02
117329.4 52E 5 603F000000
117331.1 31C 8 00000000800084F3
117332.5 31D 8 000000000000001F
117358.9 444 8 0000000000000005
117374.2 539 8 3502800008030000
117375.7 541 8 0000000000000000
117377.3 3F1 8 0002000000000000
117378.8 663 8 7814E00E00AA0000
117380.2 31C 8 00000000800084F3
117381.8 31D 8 000000000000001F
117390.2 38C 8 000000000000007F
117392.4 38D 8 00000000000000E5
117393.8 39C 8 FF6F000000000000
117405.9 3C3 8 FF00000000000000
117412.8 444 8 0000000000000005
117422.6 31C 8 00000000800084F3
117438.4 31D 8 000000000000001F
117454.0 444 8 0000000000000005
117469.4 6C0 7 04030100000000
117470.8 3F1 8 0002000000000000
117472.8 663 8 7814E00E00AA0000
117474.3 31C 8 00000000800084F3
117485.3 31D 8 000000000000001F
117487.1 38C 8 000000000000007F
117488.8 38D 8 00000000000000E5
117500.8 39C 8 FF6F000000000000
117502.4 3C3 8 FF00000000000000
117504.1 444 8 0000000000000005
117516.3 537 8 8080808080800000
117517.8 538 8 8080008080000080
117519.2 6AB 8 0000000000003FA1
117532.3 31C 8 00000000800084F3
117533.6 31D 8 000000000000001F
117563.4 444 8 0000000000000005
117579.1 3F1 8 0002000000000000
117580.7 484 8 0000000000000000
117582.8 523 8 CD1F7770450E0B02
117584.2 52E 5 603F000000
117585.5 663 8 7814E00E00AA0000
117586.7 31C 8 00000000800084F3
117588.2 31D 8 000000000000001F
117589.9 38C 8 000000000000007F
117594.6 38D 8 00000000000000E5
117595.9 39C 8 FF6F000000000000
117597.6 3C3 8 FF00000000000000
117610.3 444 8 0000000000000005
117625.9 539 8 3502800008030000
117627.3 541 8 0000000000000000
117628.9 31C 8 00000000800084F3
117630.5 5EA 8 0000000000000016
117631.6 31D 8 000000000000001F
117632.9 5EB 8 0000000000000007
117641.5 5EC 8 000000000000000F
117643.4 66B 8 7700000000000000
117644.6 66C 8 DF09000000000000
117657.2 444 8 0000000000000005
117672.7 6C0 7 04030100000000
117674.5 3F1 8 0002000000000000
117676.0 663 8 7814E00E00AA0000
117677.5 31C 8 00000000800084F3
117688.3 31D 8 000000000000001F
117689.9 38C 8 000000000000007F
117691.2 38D 8 00000000000000E5
117704.0 39C 8 FF6F000000000000
117706.9 3C3 8 FF00000000000000
117708.9 444 8 0000000000000005
117710.4 537 8 8080808080800000
117719.5 538 8 8080008080000080
117721.0 6AB 8 0000000000003FA1
117722.6 31C 8 00000000800084F3
117735.3 31D 8 000000000000001F
117750.9 444 8 0000000000000005
117766.7 3F1 8 0002000000000000
117768.6 663 8 7814E00E00AA0000
117782.3 31C 8 00000000800084F3
117784.3 31D 8 000000000000001F
117785.8 38C 8 000000000000007F
117798.0 38D 8 00000000000000E5
117799.6 39C 8 FF6F000000000000
117801.0 3C3 8 FF00000000000000
117813.4 444 8 0000000000000005
117829.0 523 8 CD1F7770450E0B02
117830.6 52E 5 603F000000
117832.1 31C 8 00000000800084F3
117833.6 31D 8 000000000000001F
117860.5 444 8 0000000000000005
117875.7 539 8 3502800008030000
117877.4 541 8 0000000000000000
117879.0 6C0 7 04030100000000
117881.2 3F1 8 0002000000000000
117882.6 663 8 7814E00E00AA0000
117883.9 31C 8 00000000800084F3
117885.3 31D 8 000000000000001F
117891.6 38C 8 000000000000007F
117893.5 38D 8 00000000000000E5
117895.0 39C 8 FF6F000000000000
117907.3 3C3 8 FF00000000000000
117908.9 444 8 0000000000000005
117910.3 537 8 8080808080800000
117922.6 538 8 8080008080000080
117924.1 6AB 8 0000000000003FA1
117925.5 31C 8 00000000800084F3
117938.6 31D 8 000000000000001F
117953.8 444 8 0000000000000005
117969.5 3F1 8 0002000000000000
117971.1 663 8 7814E00E00AA0000
117972.5 31C 8 00000000800084F3
117985.3 31D 8 000000000000001F
117986.9 38C 8 000000000000007F
117988.4 38D 8 00000000000000E5
118001.1 39C 8 FF6F000000000000
118002.7 3C3 8 FF00000000000000
118004.1 444 8 0000000000000005
118032.2 31C 8 00000000800084F3
118033.8 31D 8 000000000000001F
118063.4 444 8 0000000000000005
118079.0 6C0 7 04030100000000
118080.8 3F1 8 0002000000000000
118082.3 484 8 0000000000000000
118083.5 523 8 CD1F7770450E0B02
118085.3 52E 5 603F000000
118086.5 585 8 902C00000000003F
118087.7 64C 2 0011
118088.9 663 8 7814E00E00AA0000
118090.0 6B2 8 FFFEFF0F880002D6
118091.1 31C 8 00000000800084F3
118092.4 31D 8 000000000000001F
118093.7 38C 8 000000000000007F
118110.3 38D 8 00000000000000E5
118111.7 39C 8 FF6F000000000000
118113.8 3C3 8 FF00000000000000
118115.4 444 8 0000000000000005
118116.7 537 8 8080808080800000
118117.9 538 8 8080008080000080
118125.8 5FB 8 1FFFFFFFFF1FF87E
118127.1 539 8 3502800008030000
118128.4 541 8 0000000000000000
118130.1 5FA 8 5B9DC7CC9C46F1FF
118131.6 6AB 8 0000000000003FA1
118132.9 31C 8 00000000800084F3
118134.7 5EA 8 0000000000000016
118135.8 31D 8 000000000000001F
118137.1 5EB 8 0000000000000007
118141.6 5EC 8 000000000000000F
118143.8 66B 8 7700000000000000
118145.3 66C 8 DF09000000000000
118157.2 444 8 0000000000000005
118172.8 3F1 8 0002000000000000
118174.6 663 8 7814E00E00AA0000
118176.6 31C 8 00000000800084F3
118188.2 31D 8 000000000000001F
118189.7 38C 8 000000000000007F
118190.9 38D 8 00000000000000E5
118204.0 39C 8 FF6F000000000000
118205.9 3C3 8 FF00000000000000
118207.4 444 8 0000000000000005
118219.4 31C 8 00000000800084F3
118235.5 31D 8 000000000000001F
118251.0 444 8 0000000000000005
118266.5 6C0 7 04030100000000
118268.1 3F1 8 0002000000000000
118269.5 663 8 7814E00E00AA0000
118282.1 31C 8 00000000800084F3
118284.2 31D 8 000000000000001F
118286.3 38C 8 000000000000007F
118297.5 38D 8 00000000000000E5
118299.0 39C 8 FF6F000000000000
118300.6 3C3 8 FF00000000000000
118313.4 444 8 0000000000000005
118315.9 537 8 8080808080800000
118317.2 538 8 8080008080000080
118318.9 6AB 8 0000000000003FA1
118329.1 523 8 CD1F7770450E0B02
118330.6 52E 5 603F000000
118332.0 31C 8 00000000800084F3
118333.4 31D 8 000000000000001F
118360.5 444 8 0000000000000005
118375.6 539 8 3502800008030000
118377.1 541 8 0000000000000000
118378.5 3F1 8 0002000000000000
118380.0 663 8 7814E00E00AA0000
118381.6 31C 8 00000000800084F3
118383.1 31D 8 000000000000001F
118391.6 38C 8 000000000000007F
118393.3 38D 8 00000000000000E5
118394.8 39C 8 FF6F000000000000
118407.1 3C3 8 FF00000000000000
118408.6 444 8 0000000000000005
118422.5 31C 8 00000000800084F3
118438.3 31D 8 000000000000001F
118453.9 444 8 0000000000000005
118469.5 6C0 7 04030100000000
118471.0 3F1 8 0002000000000000
118472.4 663 8 7814E00E00AA0000
118473.7 31C 8 00000000800084F3
118485.3 31D 8 000000000000001F
118486.9 38C 8 000000000000007F
118488.5 38D 8 00000000000000E5
118500.9 39C 8 FF6F000000000000
118502.6 3C3 8 FF00000000000000
118504.1 444 8 0000000000000005
118516.4 537 8 8080808080800000
118517.8 538 8 8080008080000080
118519.3 6AB 8 0000000000003FA1
118532.2 31C 8 00000000800084F3
118533.8 31D 8 000000000000001F
118563.6 444 8 0000000000000005
118579.1 3F1 8 0002000000000000
118580.8 484 8 0000000000000000
118582.3 523 8 CD1F7770450E0B02
118583.8 52E 5 603F000000
118585.3 663 8 7814E00E00AA0000
118586.7 31C 8 00000000800084F3
118588.1 31D 8 000000000000001F
118589.6 38C 8 000000000000007F
118594.6 38D 8 00000000000000E5
118596.2 39C 8 FF6F000000000000
118597.7 3C3 8 FF00000000000000
118610.4 444 8 0000000000000005
118626.0 539 8 3502800008030000
118627.5 541 8 0000000000000000
118629.3 31C 8 00000000800084F3
118631.3 5EA 8 0000000000000016
118632.4 31D 8 000000000000001F
118634.0 5EB 8 0000000000000007
118641.6 5EC 8 000000000000000F
118643.4 66B 8 7700000000000000
118644.8 66C 8 DF09000000000000
118657.1 444 8 0000000000000005
118672.7 6C0 7 04030100000000
118674.7 3F1 8 0002000000000000
118676.0 663 8 7814E00E00AA0000
118677.5 31C 8 00000000800084F3
118688.4 31D 8 000000000000001F
118692.8 38C 8 000000000000007F
118694.7 38D 8 00000000000000E5
118703.8 39C 8 FF6F000000000000
118705.1 3C3 8 FF00000000000000
118706.4 444 8 0000000000000005
118708.0 537 8 8080808080800000
118719.4 538 8 8080008080000080
118720.6 6AB 8 0000000000003FA1
118721.9 31C 8 00000000800084F3
118735.3 31D 8 000000000000001F
118750.7 444 8 0000000000000005
118767.0 3F1 8 0002000000000000
118768.6 663 8 7814E00E00AA0000
118782.3 31C 8 00000000800084F3
118784.5 31D 8 000000000000001F
118785.9 38C 8 000000000000007F
118797.5 38D 8 00000000000000E5
118799.0 39C 8 FF6F000000000000
118800.4 3C3 8 FF00000000000000
118813.4 444 8 0000000000000005
118829.0 523 8 CD1F7770450E0B02
118830.8 52E 5 603F000000
118832.2 31C 8 00000000800084F3
118833.7 31D 8 000000000000001F
118860.5 444 8 0000000000000005
118876.0 539 8 3502800008030000
118877.6 541 8 0000000000000000
118879.2 6C0 7 04030100000000
118880.6 3F1 8 0002000000000000
118882.1 663 8 7814E00E00AA0000
118883.2 31C 8 00000000800084F3
118884.5 31D 8 000000000000001F
118891.7 38C 8 000000000000007F
118894.0 38D 8 00000000000000E5
118895.6 39C 8 FF6F000000000000
118906.9 3C3 8 FF00000000000000
118908.5 444 8 0000000000000005
118912.2 537 8 8080808080800000
118922.5 538 8 8080008080000080
118924.0 6AB 8 0000000000003FA1
118925.5 31C 8 00000000800084F3
118938.5 31D 8 000000000000001F
118953.8 444 8 0000000000000005
118969.4 3F1 8 0002000000000000
118970.8 663 8 7814E00E00AA0000
118972.1 31C 8 00000000800084F3
118985.4 31D 8 000000000000001F
118986.9 38C 8 000000000000007F
118988.3 38D 8 00000000000000E5
119000.9 39C 8 FF6F000000000000
119002.5 3C3 8 FF00000000000000
119004.0 444 8 0000000000000005
119032.3 31C 8 00000000800084F3
119033.8 31D 8 000000000000001F
119063.4 444 8 0000000000000005
119079.0 6C0 7 04030100000000
119080.5 3F1 8 0002000000000000
119082.0 484 8 0000000000000000
119083.6 523 8 CD1F7770450E0B02
119085.1 52E 5 603F000000
119086.5 585 8 902C00000000003F
119087.8 64C 2 0011
119089.1 663 8 7814E00E00AA0000
119090.4 6B2 8 FFFEFF0F880082D6
119091.6 31C 8 00000000800084F3
119093.1 31D 8 000000000000001F
119094.4 38C 8 000000000000007F
119110.3 38D 8 00000000000000E5
119112.1 39C 8 FF6F000000000000
119113.8 3C3 8 FF00000000000000
119115.2 444 8 0000000000000005
119116.7 537 8 8080808080800000
119117.9 538 8 8080008080000080
119125.8 5FB 8 1FFFFFFFFF1FF87E
119127.4 539 8 3502800008030000
119129.0 541 8 0000000000000000
119130.3 5FA 8 5B9DC7CC9C46F1FF
119131.6 6AB 8 0000000000003FA1
119133.0 31C 8 00000000800084F3
119134.4 5EA 8 0000000000000016
119135.6 31D 8 000000000000001F
119136.9 5EB 8 0000000000000007
119141.6 5EC 8 000000000000000F
119143.2 66B 8 7700000000000000
119144.6 66C 8 DF09000000000000
119157.2 444 8 0000000000000005
119172.8 3F1 8 0002000000000000
119174.2 663 8 7814E00E00AA0000
119175.7 31C 8 00000000800084F3
119188.4 31D 8 000000000000001F
119189.9 38C 8 000000000000007F
119191.4 38D 8 00000000000000E5
119203.8 39C 8 FF6F000000000000
119205.4 3C3 8 FF00000000000000
119207.1 444 8 0000000000000005
119219.5 31C 8 00000000800084F3
119235.4 31D 8 000000000000001F
119251.0 444 8 0000000000000005
119267.0 6C0 7 04030100000000
119269.4 3F1 8 0002000000000000
119270.8 663 8 7814E00E00AA0000
119282.3 31C 8 00000000800084F3
119284.4 31D 8 000000000000001F
119286.3 38C 8 000000000000007F
119297.7 38D 8 00000000000000E5
119299.3 39C 8 FF6F000000000000
119300.7 3C3 8 FF00000000000000
119313.5 444 8 0000000000000005
119315.5 537 8 8080808080800000
119317.2 538 8 8080008080000080
119318.6 6AB 8 0000000000003FA1
119329.0 523 8 CD1F7770450E0B02
119330.6 52E 5 603F000000
119331.9 31C 8 00000000800084F3
119333.3 31D 8 000000000000001F
119360.5 444 8 0000000000000005
119376.0 539 8 3502800008030000
119378.9 541 8 0000000000000000
119380.7 3F1 8 0002000000000000
119382.7 663 8 7814E00E00AA0000
119384.4 31C 8 00000000800084F3
119386.3 31D 8 000000000000001F
119391.7 38C 8 000000000000007F
119393.4 38D 8 00000000000000E5
119394.9 39C 8 FF6F000000000000
119407.2 3C3 8 FF00000000000000
119408.7 444 8 0000000000000005
119422.5 31C 8 00000000800084F3
119438.4 31D 8 000000000000001F
119454.0 444 8 0000000000000005
119469.4 6C0 7 04030100000000
119470.9 3F1 8 0002000000000000
119472.4 663 8 7814E00E00AA0000
119474.0 31C 8 00000000800084F3
119485.4 31D 8 000000000000001F
119487.1 38C 8 000000000000007F
119488.6 38D 8 00000000000000E5
119501.0 39C 8 FF6F000000000000
119502.5 3C3 8 FF00000000000000
119504.0 444 8 0000000000000005
119516.4 537 8 8080808080800000
119517.8 538 8 8080008080000080
119519.4 6AB 8 0000000000003FA1
119532.2 31C 8 00000000800084F3
119533.8 31D 8 000000000000001F
119563.4 444 8 0000000000000005
119579.2 3F1 8 0002000000000000
119580.8 484 8 0000000000000000
119582.3 523 8 CD1F7770450E0B02
119583.8 52E 5 603F000000
119585.3 663 8 7814E00E00AA0000
119586.7 31C 8 00000000800084F3
119588.2 31D 8 000000000000001F
119589.7 38C 8 000000000000007F
119594.7 38D 8 00000000000000E5
119596.2 39C 8 FF6F000000000000
119597.7 3C3 8 FF00000000000000
119610.4 444 8 0000000000000005
119625.9 539 8 3502800008030000
119627.4 541 8 0000000000000000
119629.0 31C 8 00000000800084F3
119630.6 5EA 8 0000000000000016
119631.9 31D 8 000000000000001F
119633.3 5EB 8 0000000000000007
119641.6 5EC 8 000000000000000F
119643.1 66B 8 7700000000000000
119644.6 66C 8 DF09000000000000
119657.2 444 8 0000000000000005
119672.8 6C0 7 04030100000000
119674.4 3F1 8 0002000000000000
119675.8 663 8 7814E00E00AA0000
119677.3 31C 8 00000000800084F3
119688.3 31D 8 000000000000001F
119690.7 38C 8 000000000000007F
119692.2 38D 8 00000000000000E5
119703.9 39C 8 FF6F000000000000
119705.3 3C3 8 FF00000000000000
119706.9 444 8 0000000000000005
119708.5 537 8 8080808080800000
119719.4 538 8 8080008080000080
119720.8 6AB 8 0000000000003FA1
119722.4 31C 8 00000000800084F3
119735.3 31D 8 000000000000001F
119750.9 444 8 0000000000000005
119766.6 3F1 8 0002000000000000
119768.2 663 8 7814E00E00AA0000
119782.4 31C 8 00000000800084F3
119784.2 31D 8 000000000000001F
119785.7 38C 8 000000000000007F
119797.7 38D 8 00000000000000E5
119799.6 39C 8 FF6F000000000000
119801.1 3C3 8 FF00000000000000
119813.5 444 8 0000000000000005
119828.9 523 8 CD1F7770450E0B02
119830.8 52E 5 603F000000
119832.5 31C 8 00000000800084F3
119834.0 31D 8 000000000000001F
119860.5 444 8 0000000000000005
119876.0 539 8 3502800008030000
119877.7 541 8 0000000000000000
119879.2 6C0 7 04030100000000
119880.6 3F1 8 0002000000000000
119882.2 663 8 7814E00E00AA0000
119883.5 31C 8 00000000800084F3
119885.1 31D 8 000000000000001F
119891.6 38C 8 000000000000007F
119893.2 38D 8 00000000000000E5
119894.8 39C 8 FF6F000000000000
119907.1 3C3 8 FF00000000000000
119908.7 444 8 0000000000000005
119910.2 537 8 8080808080800000
119922.6 538 8 8080008080000080
119924.1 6AB 8 0000000000003FA1
119925.6 31C 8 00000000800084F3
119938.5 31D 8 000000000000001F
119953.8 444 8 0000000000000005
119969.5 3F1 8 0002000000000000
119971.0 663 8 7814E00E00AA0000
119972.4 31C 8 00000000800084F3
119985.3 31D 8 000000000000001F
119986.9 38C 8 000000000000007F
119988.4 38D 8 00000000000000E5
120000.9 39C 8 FF6F000000000000
120002.5 3C3 8 FF00000000000000
120004.0 444 8 0000000000000005
120032.2 31C 8 00000000800084F3
120033.6 31D 8 000000000000001F
120063.5 444 8 0000000000000005
120079.0 6C0 7 04030100000000
120080.8 3F1 8 0002000000000000
120082.3 484 8 0000000000000000
120083.5 523 8 CD1F7770450E0B02
120084.9 52E 5 603F000000
120086.1 585 8 902C00000000003F
120087.4 64C 2 0011
120088.7 663 8 7814E00E00AA0000
120090.2 6B2 8 FFFEFF0F880002D7
120091.3 31C 8 00000000800084F3
120092.6 31D 8 000000000000001F
120094.0 38C 8 000000000000007F
120110.3 38D 8 00000000000000E5
120111.7 39C 8 FF6F000000000000
120113.7 3C3 8 FF00000000000000
120115.1 444 8 0000000000000005
120116.4 537 8 8080808080800000
120117.7 538 8 8080008080000080
120125.8 5FB 8 1FFFFFFFFF1FF87E
120127.2 539 8 3502800008030000
120128.5 541 8 0000000000000000
120129.9 5FA 8 5B9DC7CC9C46F1FF
120131.2 6AB 8 0000000000003FA1
120132.5 31C 8 00000000800084F3
120134.2 5EA 8 0000000000000016
120136.3 31D 8 000000000000001F
120137.8 5EB 8 0000000000000007
120141.6 5EC 8 000000000000000F
120142.9 66B 8 7700000000000000
120144.2 66C 8 DF09000000000000
120157.2 444 8 0000000000000005
120172.7 3F1 8 0002000000000000
120174.6 663 8 7814E00E00AA0000
120175.8 31C 8 00000000800084F3
120188.6 31D 8 000000000000001F
120192.8 38C 8 000000000000007F
120194.6 38D 8 00000000000000E5
120203.8 39C 8 FF6F000000000000
120205.3 3C3 8 FF00000000000000
120206.6 444 8 0000000000000005
120219.5 31C 8 00000000800084F3
120235.4 31D 8 000000000000001F
120251.0 444 8 0000000000000005
120266.6 6C0 7 04030100000000
120268.4 3F1 8 0002000000000000
120269.7 663 8 7814E00E00AA0000
120282.1 31C 8 00000000800084F3
120283.8 31D 8 000000000000001F
120285.3 38C 8 000000000000007F
120297.5 38D 8 00000000000000E5
120299.1 39C 8 FF6F000000000000
120301.5 3C3 8 FF00000000000000
120313.4 444 8 0000000000000005
120315.1 537 8 8080808080800000
120316.6 538 8 8080008080000080
120318.0 6AB 8 0000000000003FA1
120329.0 523 8 CD1F7770450E0B02
120330.6 52E 5 603F000000
120332.2 31C 8 00000000800084F3
120333.6 31D 8 000000000000001F
120360.5 444 8 0000000000000005
120376.1 539 8 3502800008030000
120378.0 541 8 0000000000000000
120379.6 3F1 8 0002000000000000
120381.1 663 8 7814E00E00AA0000
120382.7 31C 8 00000000800084F3
120384.2 31D 8 000000000000001F
120391.5 38C 8 000000000000007F
120393.1 38D 8 00000000000000E5
120394.6 39C 8 FF6F000000000000
120406.9 3C3 8 FF00000000000000
120408.5 444 8 0000000000000005
120422.6 31C 8 00000000800084F3
120438.4 31D 8 000000000000001F
120453.9 444 8 0000000000000005
120469.5 6C0 7 04030100000000
120470.9 3F1 8 0002000000000000
120473.1 663 8 7814E00E00AA0000
120474.4 31C 8 00000000800084F3
120485.6 31D 8 000000000000001F
120487.3 38C 8 000000000000007F
120488.8 38D 8 00000000000000E5
120500.9 39C 8 FF6F000000000000
120502.5 3C3 8 FF00000000000000
120504.0 444 8 0000000000000005
120516.6 537 8 8080808080800000
120518.0 538 8 8080008080000080
120519.5 6AB 8 0000000000003FA1
120532.3 31C 8 00000000800084F3
120534.2 31D 8 000000000000001F
120563.4 444 8 0000000000000005
120579.1 3F1 8 0002000000000000
120580.6 484 8 0000000000000000
120582.0 523 8 CD1F7770450E0B02
120583.3 52E 5 603F000000
120584.6 663 8 7814E00E00AA0000
120586.0 31C 8 00000000800084F3
120587.5 31D 8 000000000000001F
120589.1 38C 8 000000000000007F
120594.4 38D 8 00000000000000E5
120595.9 39C 8 FF6F000000000000
120597.5 3C3 8 FF00000000000000
120610.3 444 8 0000000000000005
120625.9 539 8 3502800008030000
120627.6 541 8 0000000000000000
120629.1 31C 8 00000000800084F3
120630.9 5EA 8 0000000000000016
120632.2 31D 8 000000000000001F
120633.7 5EB 8 0000000000000007
120641.7 5EC 8 000000000000000F
120643.3 66B 8 7700000000000000
120644.8 66C 8 DF09000000000000
120657.3 444 8 0000000000000005
120672.8 6C0 7 04030100000000
120674.3 3F1 8 0002000000000000
120675.9 663 8 7814E00E00AA0000
120677.4 31C 8 00000000800084F3
120688.3 31D 8 000000000000001F
120689.9 38C 8 000000000000007F
120691.2 38D 8 00000000000000E5
120703.9 39C 8 FF6F000000000000
120705.7 3C3 8 FF00000000000000
120707.3 444 8 0000000000000005
120708.8 537 8 8080808080800000
120719.5 538 8 8080008080000080
120721.0 6AB 8 0000000000003FA1
120722.4 31C 8 00000000800084F3
120735.3 31D 8 000000000000001F
120750.9 444 8 0000000000000005
120766.6 3F1 8 0002000000000000
120769.0 663 8 7814E00E00AA0000
120782.7 31C 8 00000000800084F3
120784.3 31D 8 000000000000001F
120786.0 38C 8 000000000000007F
120797.5 38D 8 00000000000000E5
120799.1 39C 8 FF6F000000000000
120800.6 3C3 8 FF00000000000000
120813.4 444 8 0000000000000005
120828.9 523 8 CD1F7770450E0B02
120830.7 52E 5 603F000000
120832.1 31C 8 00000000800084F3
120833.6 31D 8 000000000000001F
120860.5 444 8 0000000000000005
120876.1 539 8 3502800008030000
120877.7 541 8 0000000000000000
120879.2 6C0 7 04030100000000
120880.7 3F1 8 0002000000000000
120882.1 663 8 7814E00E00AA0000
120883.4 31C 8 00000000800084F3
120885.1 31D 8 000000000000001F
120891.5 38C 8 000000000000007F
120893.0 38D 8 00000000000000E5
120894.4 39C 8 FF6F000000000000
120907.3 3C3 8 FF00000000000000
120909.1 444 8 0000000000000005
120910.7 537 8 8080808080800000
120922.5 538 8 8080008080000080
120924.1 6AB 8 0000000000003FA1
120925.7 31C 8 00000000800084F3
120938.4 31D 8 000000000000001F
120953.8 444 8 0000000000000005
120969.5 3F1 8 0002000000000000
120971.0 663 8 7814E00E00AA0000
120972.4 31C 8 00000000800084F3
120985.3 31D 8 000000000000001F
120987.0 38C 8 000000000000007F
120988.8 38D 8 00000000000000E5
121000.9 39C 8 FF6F000000000000
121002.5 3C3 8 FF00000000000000
121004.1 444 8 0000000000000005
121032.3 31C 8 00000000800084F3
121033.7 31D 8 000000000000001F
121063.5 444 8 0000000000000005
121079.0 6C0 7 04030100000000
121080.6 3F1 8 0002000000000000
121082.0 484 8 0000000000000000
121083.4 523 8 CD1F7770450E0B02
121084.7 52E 5 603F000000
121086.2 585 8 902C00000000003F
121087.4 64C 2 0011
121088.9 663 8 7814E00E00AA0000
121090.3 6B2 8 FFFEFF0F880082D7
121092.4 31C 8 00000000800084F3
121093.9 31D 8 000000000000001F
121095.5 38C 8 000000000000007F
121110.4 38D 8 00000000000000E5
121112.0 39C 8 FF6F000000000000
121113.9 3C3 8 FF00000000000000
121115.5 444 8 0000000000000005
121117.0 537 8 8080808080800000
121118.1 538 8 8080008080000080
121126.0 5FB 8 1FFFFFFFFF1FF87E
121127.4 539 8 3502800008030000
121128.7 541 8 0000000000000000
121130.3 5FA 8 5B9DC7CC9C46F1FF
121131.7 6AB 8 0000000000003FA1
121133.0 31C 8 00000000800084F3
121134.4 5EA 8 0000000000000016
121135.5 31D 8 000000000000001F
121136.9 5EB 8 0000000000000007
121141.6 5EC 8 000000000000000F
121143.2 66B 8 7700000000000000
121144.6 66C 8 DF09000000000000
121157.3 444 8 0000000000000005
121172.8 3F1 8 0002000000000000
121174.4 663 8 7814E00E00AA0000
121175.6 31C 8 00000000800084F3
121188.4 31D 8 000000000000001F
121190.2 38C 8 000000000000007F
121191.7 38D 8 00000000000000E5
121205.5 39C 8 FF6F000000000000
121209.1 3C3 8 FF00000000000000
121210.6 444 8 0000000000000005
121219.4 31C 8 00000000800084F3
121235.6 31D 8 000000000000001F
121250.8 444 8 0000000000000005
121266.5 6C0 7 04030100000000
121268.1 3F1 8 0002000000000000
121269.5 663 8 7814E00E00AA0000
121282.3 31C 8 00000000800084F3
121284.6 31D 8 000000000000001F
121286.4 38C 8 000000000000007F
121297.5 38D 8 00000000000000E5
121299.3 39C 8 FF6F000000000000
121300.6 3C3 8 FF00000000000000
121313.4 444 8 0000000000000005
121314.8 537 8 8080808080800000
121316.7 538 8 8080008080000080
121318.3 6AB 8 0000000000003FA1
121329.0 523 8 CD1F7770450E0B02
121330.3 52E 5 603F000000
121331.6 31C 8 00000000800084F3
121333.1 31D 8 000000000000001F
121360.5 444 8 0000000000000005
121375.9 539 8 3502800008030000
121377.7 541 8 0000000000000000
121380.0 3F1 8 0002000000000000
121381.3 663 8 7814E00E00AA0000
121382.6 31C 8 00000000800084F3
121383.9 31D 8 000000000000001F
121391.7 38C 8 000000000000007F
121394.1 38D 8 00000000000000E5
121395.6 39C 8 FF6F000000000000
121407.3 3C3 8 FF00000000000000
121408.9 444 8 0000000000000005
121422.7 31C 8 00000000800084F3
121438.3 31D 8 000000000000001F
121453.8 444 8 0000000000000005
121469.4 6C0 7 04030100000000
121470.8 3F1 8 0002000000000000
121472.1 663 8 7814E00E00AA0000
121473.4 31C 8 00000000800084F3
121485.2 31D 8 000000000000001F
121487.1 38C 8 000000000000007F
121489.1 38D 8 00000000000000E5
121501.2 39C 8 FF6F000000000000
121502.9 3C3 8 FF00000000000000
121504.4 444 8 0000000000000005
121516.7 537 8 8080808080800000
121518.4 538 8 8080008080000080
121519.7 6AB 8 0000000000003FA1
121532.2 31C 8 00000000800084F3
121534.2 31D 8 000000000000001F
121563.5 444 8 0000000000000005
121579.3 3F1 8 0002000000000000
121581.0 484 8 0000000000000000
121582.5 523 8 CD1F7770450E0B02
121583.8 52E 5 603F000000
121585.1 663 8 7814E00E00AA0000
121586.4 31C 8 00000000800084F3
121587.6 31D 8 000000000000001F
121589.0 38C 8 000000000000007F
121594.5 38D 8 00000000000000E5
121595.8 39C 8 FF6F000000000000
121597.2 3C3 8 FF00000000000000
121610.4 444 8 0000000000000005
121625.9 539 8 3502800008030000
121627.5 541 8 0000000000000000
121629.1 31C 8 00000000800084F3
121630.8 5EA 8 0000000000000016
121632.0 31D 8 000000000000001F
121633.2 5EB 8 0000000000000007
121641.6 5EC 8 000000000000000F
121642.8 66B 8 7700000000000000
121644.2 66C 8 DF09000000000000
121657.2 444 8 0000000000000005
121672.7 6C0 7 04030100000000
121674.2 3F1 8 0002000000000000
121675.7 663 8 7814E00E00AA0000
121677.9 31C 8 00000000800084F3
121688.4 31D 8 000000000000001F
121689.9 38C 8 000000000000007F
121691.2 38D 8 00000000000000E5
121703.8 39C 8 FF6F000000000000
121705.7 3C3 8 FF00000000000000
121707.0 444 8 0000000000000005
121708.6 537 8 8080808080800000
121719.5 538 8 8080008080000080
121720.8 6AB 8 0000000000003FA1
121722.1 31C 8 00000000800084F3
121735.6 31D 8 000000000000001F
121750.9 444 8 0000000000000005
121766.6 3F1 8 0002000000000000
121767.9 663 8 7814E00E00AA0000
121782.3 31C 8 00000000800084F3
121784.5 31D 8 000000000000001F
121786.0 38C 8 000000000000007F
121797.6 38D 8 00000000000000E5
121799.2 39C 8 FF6F000000000000
121800.6 3C3 8 FF00000000000000
121813.4 444 8 0000000000000005
121829.0 523 8 CD1F7770450E0B02
121830.6 52E 5 603F000000
121832.0 31C 8 00000000800084F3
121834.2 31D 8 000000000000001F
121860.1 444 8 0000000000000005
121876.1 539 8 3502800008030000
121877.9 541 8 0000000000000000
121879.3 6C0 7 04030100000000
121881.1 3F1 8 0002000000000000
121882.5 663 8 7814E00E00AA0000
121884.1 31C 8 00000000800084F3
121885.5 31D 8 000000000000001F
121891.7 38C 8 000000000000007F
121893.4 38D 8 00000000000000E5
121895.0 39C 8 FF6F000000000000
121907.1 3C3 8 FF00000000000000
121908.7 444 8 0000000000000005
121910.3 537 8 8080808080800000
121922.6 538 8 8080008080000080
121924.3 6AB 8 0000000000003FA1
121925.7 31C 8 00000000800084F3
121938.5 31D 8 000000000000001F
121954.1 444 8 0000000000000005
121969.6 3F1 8 0002000000000000
121971.1 663 8 7814E00E00AA0000
121972.4 31C 8 00000000800084F3
121985.3 31D 8 000000000000001F
121986.8 38C 8 000000000000007F
121988.5 38D 8 00000000000000E5
122000.9 39C 8 FF6F000000000000
122002.5 3C3 8 FF00000000000000
122004.3 444 8 0000000000000005
122032.2 31C 8 00000000800084F3
122033.7 31D 8 000000000000001F
122063.4 444 8 0000000000000005
122079.1 6C0 7 04030100000000
122080.8 3F1 8 0002000000000000
122082.4 484 8 0000000000000000
122083.6 523 8 CD1F7770450E0B02
122084.9 52E 5 603F000000
122086.5 585 8 902C00000000003F
122087.7 64C 2 0011
122088.7 663 8 7814E00E00AA0000
122090.2 6B2 8 FFFEFF0F880002D8
122091.3 31C 8 00000000800084F3
122092.6 31D 8 000000000000001F
122094.0 38C 8 000000000000007F
122110.1 38D 8 00000000000000E5
122111.4 39C 8 FF6F000000000000
122112.9 3C3 8 FF00000000000000
122114.5 444 8 0000000000000005
122115.9 537 8 8080808080800000
122117.1 538 8 8080008080000080
122126.0 5FB 8 1FFFFFFFFF1FF87E
122127.4 539 8 3502800008030000
122128.6 541 8 0000000000000000
122130.5 5FA 8 5B9DC7CC9C46F1FF
122132.6 6AB 8 0000000000003FA1
122134.0 31C 8 00000000800084F3
122135.6 5EA 8 0000000000000016
122136.8 31D 8 000000000000001F
122138.3 5EB 8 0000000000000007
122141.6 5EC 8 000000000000000F
122143.0 66B 8 7700000000000000
122144.4 66C 8 DF09000000000000
122157.3 444 8 0000000000000005
122172.8 3F1 8 0002000000000000
122174.5 663 8 7814E00E00AA0000
122175.9 31C 8 00000000800084F3
122188.3 31D 8 000000000000001F
122190.0 38C 8 000000000000007F
122191.4 38D 8 00000000000000E5
122203.9 39C 8 FF6F000000000000
122205.8 3C3 8 FF00000000000000
122207.3 444 8 0000000000000005
122221.1 31C 8 00000000800084F3
122235.5 31D 8 000000000000001F
122250.9 444 8 0000000000000005
122266.6 6C0 7 04030100000000
122268.1 3F1 8 0002000000000000
122269.5 663 8 7814E00E00AA0000
122282.1 31C 8 00000000800084F3
122284.2 31D 8 000000000000001F
122286.7 38C 8 000000000000007F
122297.5 38D 8 00000000000000E5
122299.0 39C 8 FF6F000000000000
122300.6 3C3 8 FF00000000000000
122313.4 444 8 0000000000000005
122314.8 537 8 8080808080800000
122316.6 538 8 8080008080000080
122318.1 6AB 8 0000000000003FA1
122329.0 523 8 CD1F7770450E0B02
122330.3 52E 5 603F000000
122331.6 31C 8 00000000800084F3
122333.0 31D 8 000000000000001F
122360.3 444 8 0000000000000005
122375.8 539 8 3502800008030000
122377.3 541 8 0000000000000000
122378.6 3F1 8 0002000000000000
122380.3 663 8 7814E00E00AA0000
122381.6 31C 8 00000000800084F3
122383.2 31D 8 000000000000001F
122391.5 38C 8 000000000000007F
122393.2 38D 8 00000000000000E5
122394.6 39C 8 FF6F000000000000
122407.2 3C3 8 FF00000000000000
122408.6 444 8 0000000000000005
122422.5 31C 8 00000000800084F3
122438.4 31D 8 000000000000001F
122453.9 444 8 0000000000000005
122469.5 6C0 7 04030100000000
122471.2 3F1 8 0002000000000000
122472.7 663 8 7814E00E00AA0000
122474.5 31C 8 00000000800084F3
122485.1 31D 8 000000000000001F
122486.8 38C 8 000000000000007F
122488.5 38D 8 00000000000000E5
122501.1 39C 8 FF6F000000000000
122509.5 3C3 8 FF00000000000000
122511.1 444 8 0000000000000005
122516.3 537 8 8080808080800000
122517.9 538 8 8080008080000080
122519.5 6AB 8 0000000000003FA1
122532.3 31C 8 00000000800084F3
122533.9 31D 8 000000000000001F
122563.5 444 8 0000000000000005
122579.1 3F1 8 0002000000000000
122580.9 484 8 0000000000000000
122582.4 523 8 CD1F7770450E0B02
122584.0 52E 5 603F000000
122585.5 663 8 7814E00E00AA0000
122586.9 31C 8 00000000800084F3
122588.5 31D 8 000000000000001F
122590.0 38C 8 000000000000007F
122594.7 38D 8 00000000000000E5
122597.1 39C 8 FF6F000000000000
122598.6 3C3 8 FF00000000000000
122610.3 444 8 0000000000000005
122626.0 539 8 3502800008030000
122627.7 541 8 0000000000000000
122629.1 31C 8 00000000800084F3
122630.7 5EA 8 0000000000000016
122632.0 31D 8 000000000000001F
122633.4 5EB 8 0000000000000007
122641.7 5EC 8 000000000000000F
122643.2 66B 8 7700000000000000
122644.6 66C 8 DF09000000000000
122657.2 444 8 0000000000000005
122672.8 6C0 7 04030100000000
122674.3 3F1 8 0002000000000000
122676.0 663 8 7814E00E00AA0000
122677.5 31C 8 00000000800084F3
122688.4 31D 8 000000000000001F
122689.9 38C 8 000000000000007F
122691.3 38D 8 00000000000000E5
122704.0 39C 8 FF6F000000000000
122705.5 3C3 8 FF00000000000000
122707.1 444 8 0000000000000005
122708.7 537 8 8080808080800000
122719.6 538 8 8080008080000080
122721.1 6AB 8 0000000000003FA1
122722.6 31C 8 00000000800084F3
122736.8 31D 8 000000000000001F
122751.2 444 8 0000000000000005
122766.9 3F1 8 0002000000000000
122768.5 663 8 7814E00E00AA0000
122782.5 31C 8 00000000800084F3
122784.0 31D 8 000000000000001F
122785.7 38C 8 000000000000007F
122798.2 38D 8 00000000000000E5
122800.2 39C 8 FF6F000000000000
122801.5 3C3 8 FF00000000000000
122813.9 444 8 0000000000000005
122829.2 523 8 CD1F7770450E0B02
122830.8 52E 5 603F000000
122832.4 31C 8 00000000800084F3
122834.2 31D 8 000000000000001F
122860.4 444 8 0000000000000005
122876.2 539 8 3502800008030000
122877.9 541 8 0000000000000000
122879.3 6C0 7 04030100000000
122881.0 3F1 8 0002000000000000
122882.4 663 8 7814E00E00AA0000
122883.8 31C 8 00000000800084F3
122885.3 31D 8 000000000000001F
122891.9 38C 8 000000000000007F
122894.1 38D 8 00000000000000E5
122895.6 39C 8 FF6F000000000000
122907.2 3C3 8 FF00000000000000
122909.1 444 8 0000000000000005
122910.5 537 8 8080808080800000
122922.7 538 8 8080008080000080
122924.1 6AB 8 0000000000003FA1
122925.4 31C 8 00000000800084F3
122938.7 31D 8 000000000000001F
122954.0 444 8 0000000000000005
122969.7 3F1 8 0002000000000000
122971.4 663 8 7814E00E00AA0000
122973.2 31C 8 00000000800084F3
122985.6 31D 8 000000000000001F
122987.2 38C 8 000000000000007F
122988.8 38D 8 00000000000000E5
123001.2 39C 8 FF6F000000000000
123002.9 3C3 8 FF00000000000000
123004.3 444 8 0000000000000005
123032.6 31C 8 00000000800084F3
123034.1 31D 8 000000000000001F
123063.7 444 8 0000000000000005
123079.1 6C0 7 04030100000000
123081.1 3F1 8 0002000000000000
123082.7 484 8 0000000000000000
123084.2 523 8 CD1F7770450E0B02
123085.8 52E 5 603F000000
123088.0 585 8 902C00000000003F
123089.4 64C 2 0011
123090.8 663 8 7814E00E00AA0000
123092.2 6B2 8 FFFEFF0F880082D8
123093.7 31C 8 00000000800084F3
123095.2 31D 8 000000000000001F
123096.6 38C 8 000000000000007F
123110.5 38D 8 00000000000000E5
123112.0 39C 8 FF6F000000000000
123114.5 3C3 8 FF00000000000000
123116.0 444 8 0000000000000005
123117.5 537 8 8080808080800000
123119.0 538 8 8080008080000080
123126.1 5FB 8 1FFFFFFFFF1FF87E
123127.6 539 8 3502800008030000
123129.0 541 8 0000000000000000
123130.8 5FA 8 5B9DC7CC9C46F1FF
123132.1 6AB 8 0000000000003FA1
123133.5 31C 8 00000000800084F3
123135.1 5EA 8 0000000000000016
123136.6 31D 8 000000000000001F
123138.0 5EB 8 0000000000000007
123141.8 5EC 8 000000000000000F
123143.3 66B 8 7700000000000000
123144.5 66C 8 DF09000000000000
123157.4 444 8 0000000000000005
123173.0 3F1 8 0002000000000000
123174.9 663 8 7814E00E00AA0000
123176.3 31C 8 00000000800084F3
123188.4 31D 8 000000000000001F
123190.6 38C 8 000000000000007F
123191.9 38D 8 00000000000000E5
123204.2 39C 8 FF6F000000000000
123205.7 3C3 8 FF00000000000000
123207.0 444 8 0000000000000005
123219.6 31C 8 00000000800084F3
123235.9 31D 8 000000000000001F
123251.2 444 8 0000000000000005
123266.9 6C0 7 04030100000000
123268.3 3F1 8 0002000000000000
123269.6 663 8 7814E00E00AA0000
123282.2 31C 8 00000000800084F3
123284.1 31D 8 000000000000001F
123286.0 38C 8 000000000000007F
123298.0 38D 8 00000000000000E5
123299.6 39C 8 FF6F000000000000
123301.0 3C3 8 FF00000000000000
123313.4 444 8 0000000000000005
123314.8 537 8 8080808080800000
123316.3 538 8 8080008080000080
123317.6 6AB 8 0000000000003FA1
123329.3 523 8 CD1F7770450E0B02
123330.7 52E 5 603F000000
123332.0 31C 8 00000000800084F3
123333.4 31D 8 000000000000001F
123360.3 444 8 0000000000000005
123376.2 539 8 3502800008030000
123377.9 541 8 0000000000000000
123379.2 3F1 8 0002000000000000
123380.9 663 8 7814E00E00AA0000
123382.3 31C 8 00000000800084F3
123384.2 31D 8 000000000000001F
123391.9 38C 8 000000000000007F
123393.8 38D 8 00000000000000E5
123395.2 39C 8 FF6F000000000000
123407.5 3C3 8 FF00000000000000
123408.9 444 8 0000000000000005
123422.8 31C 8 00000000800084F3
123438.6 31D 8 000000000000001F
123454.2 444 8 0000000000000005
123469.7 6C0 7 04030100000000
123471.3 3F1 8 0002000000000000
123472.7 663 8 7814E00E00AA0000
123474.0 31C 8 00000000800084F3
123485.5 31D 8 000000000000001F
123487.3 38C 8 000000000000007F
123489.0 38D 8 00000000000000E5
123501.3 39C 8 FF6F000000000000
123502.9 3C3 8 FF00000000000000
123504.5 444 8 0000000000000005
123516.7 537 8 8080808080800000
123518.9 538 8 8080008080000080
123520.6 6AB 8 0000000000003FA1
123532.2 31C 8 00000000800084F3
123534.0 31D 8 000000000000001F
123563.6 444 8 0000000000000005
123579.3 3F1 8 0002000000000000
123580.8 484 8 0000000000000000
123582.3 523 8 CD1F7770450E0B02
123583.9 52E 5 603F000000
123585.6 663 8 7814E00E00AA0000
123587.1 31C 8 00000000800084F3
123588.7 31D 8 000000000000001F
123590.2 38C 8 000000000000007F
123594.9 38D 8 00000000000000E5
123596.3 39C 8 FF6F000000000000
123597.6 3C3 8 FF00000000000000
123610.3 444 8 0000000000000005
123626.1 539 8 3502800008030000
123627.7 541 8 0000000000000000
123629.1 31C 8 00000000800084F3
123630.6 5EA 8 0000000000000016
123632.1 31D 8 000000000000001F
123633.8 5EB 8 0000000000000007
123641.8 5EC 8 000000000000000F
123643.4 66B 8 7700000000000000
123644.6 66C 8 DF09000000000000
123657.4 444 8 0000000000000005
123673.0 6C0 7 04030100000000
123674.6 3F1 8 0002000000000000
123676.1 663 8 7814E00E00AA0000
123677.6 31C 8 00000000800084F3
123688.5 31D 8 000000000000001F
123690.0 38C 8 000000000000007F
123691.4 38D 8 00000000000000E5
123704.0 39C 8 FF6F000000000000
123705.4 3C3 8 FF00000000000000
123707.0 444 8 0000000000000005
123708.9 537 8 8080808080800000
123719.6 538 8 8080008080000080
123721.0 6AB 8 0000000000003FA1
123722.5 31C 8 00000000800084F3
123735.8 31D 8 000000000000001F
123751.2 444 8 0000000000000005
123767.1 3F1 8 0002000000000000
123768.8 663 8 7814E00E00AA0000
123782.3 31C 8 00000000800084F3
123784.0 31D 8 000000000000001F
123785.6 38C 8 000000000000007F
123797.8 38D 8 00000000000000E5
123799.3 39C 8 FF6F000000000000
123800.8 3C3 8 FF00000000000000
123813.8 444 8 0000000000000005
123829.2 523 8 CD1F7770450E0B02
123831.1 52E 5 603F000000
123832.5 31C 8 00000000800084F3
123834.0 31D 8 000000000000001F
123860.6 444 8 0000000000000005
123876.2 539 8 3502800008030000
123877.9 541 8 0000000000000000
123879.8 6C0 7 04030100000000
123881.4 3F1 8 0002000000000000
123882.8 663 8 7814E00E00AA0000
123884.2 31C 8 00000000800084F3
123885.5 31D 8 000000000000001F
123891.8 38C 8 000000000000007F
123893.7 38D 8 00000000000000E5
123895.3 39C 8 FF6F000000000000
123907.2 3C3 8 FF00000000000000
123909.2 444 8 0000000000000005
123911.0 537 8 8080808080800000
123922.8 538 8 8080008080000080
123924.2 6AB 8 0000000000003FA1
123925.5 31C 8 00000000800084F3
123938.7 31D 8 000000000000001F
123954.1 444 8 0000000000000005
123969.6 3F1 8 0002000000000000
123971.2 663 8 7814E00E00AA0000
123972.6 31C 8 00000000800084F3
123985.6 31D 8 000000000000001F
123987.1 38C 8 000000000000007F
123988.8 38D 8 00000000000000E5
124001.1 39C 8 FF6F000000000000
124002.7 3C3 8 FF00000000000000
124004.2 444 8 0000000000000005
124032.4 31C 8 00000000800084F3
124033.9 31D 8 000000000000001F
124063.7 444 8 0000000000000005
124079.6 6C0 7 04030100000000
124082.0 3F1 8 0002000000000000
124083.8 484 8 0000000000000000
124085.8 523 8 CD1F7770450E0B02
124087.2 52E 5 603F000000
124089.1 585 8 902C00000000003F
124090.3 64C 2 0011
124091.6 663 8 7814E00E00AA0000
124092.9 6B2 8 FFFEFF0F880002D9
124094.2 31C 8 00000000800084F3
124096.1 31D 8 000000000000001F
124097.8 38C 8 000000000000007F
124110.6 38D 8 00000000000000E5
124112.1 39C 8 FF6F000000000000
124113.8 3C3 8 FF00000000000000
124115.2 444 8 0000000000000005
124116.7 537 8 8080808080800000
124118.1 538 8 8080008080000080
124126.2 5FB 8 1FFFFFFFFF1FF87E
124127.7 539 8 3502800008030000
124129.2 541 8 0000000000000000
124130.6 5FA 8 5B9DC7CC9C46F1FF
124131.9 6AB 8 0000000000003FA1
124133.3 31C 8 00000000800084F3
124134.9 5EA 8 0000000000000016
124136.3 31D 8 000000000000001F
124137.8 5EB 8 0000000000000007
124141.8 5EC 8 000000000000000F
124153.4 66B 8 7700000000000000
124154.7 66C 8 DF09000000000000
124157.1 444 8 0000000000000005
124173.0 3F1 8 0002000000000000
124174.6 663 8 7814E00E00AA0000
124176.0 31C 8 00000000800084F3
124188.5 31D 8 000000000000001F
124190.1 38C 8 000000000000007F
124191.5 38D 8 00000000000000E5
124204.0 39C 8 FF6F000000000000
124205.5 3C3 8 FF00000000000000
124207.0 444 8 0000000000000005
124219.6 31C 8 00000000800084F3
124235.6 31D 8 000000000000001F
124251.2 444 8 0000000000000005
124266.8 6C0 7 04030100000000
124268.3 3F1 8 0002000000000000
124270.5 663 8 7814E00E00AA0000
124282.2 31C 8 00000000800084F3
124284.0 31D 8 000000000000001F
124285.7 38C 8 000000000000007F
124298.1 38D 8 00000000000000E5
124301.8 39C 8 FF6F000000000000
124303.5 3C3 8 FF00000000000000
124313.8 444 8 0000000000000005
124315.4 537 8 8080808080800000
124316.7 538 8 8080008080000080
124318.3 6AB 8 0000000000003FA1
124330.2 523 8 CD1F7770450E0B02
124331.7 52E 5 603F000000
124333.1 31C 8 00000000800084F3
124334.7 31D 8 000000000000001F
124361.3 444 8 0000000000000005
124377.1 539 8 3502800008030000
124378.7 541 8 0000000000000000
124380.2 3F1 8 0002000000000000
124381.8 663 8 7814E00E00AA0000
124383.2 31C 8 00000000800084F3
124384.7 31D 8 000000000000001F
124392.6 38C 8 000000000000007F
124394.2 38D 8 00000000000000E5
124395.7 39C 8 FF6F000000000000
124408.6 3C3 8 FF00000000000000
124410.5 444 8 0000000000000005
124423.9 31C 8 00000000800084F3
124439.6 31D 8 000000000000001F
124455.3 444 8 0000000000000005
124471.1 6C0 7 04030100000000
124472.5 3F1 8 0002000000000000
124474.0 663 8 7814E00E00AA0000
124475.4 31C 8 00000000800084F3
124486.7 31D 8 000000000000001F
124488.6 38C 8 000000000000007F
124490.2 38D 8 00000000000000E5
124502.3 39C 8 FF6F000000000000
124504.0 3C3 8 FF00000000000000
124505.3 444 8 0000000000000005
124517.8 537 8 8080808080800000
124519.4 538 8 8080008080000080
124520.7 6AB 8 0000000000003FA1
124533.5 31C 8 00000000800084F3
124535.0 31D 8 000000000000001F
124549.0 444 8 0000000000000005
124580.4 3F1 8 0002000000000000
124582.4 484 8 0000000000000000
124584.5 523 8 CD1F7770450E0B02
124585.9 52E 5 603F000000
124587.2 663 8 7814E00E00AA0000
124588.6 31C 8 00000000800084F3
124590.9 31D 8 000000000000001F
124592.6 38C 8 000000000000007F
124596.0 38D 8 00000000000000E5
124597.5 39C 8 FF6F000000000000
124599.3 3C3 8 FF00000000000000
124611.4 444 8 0000000000000005
124627.2 539 8 3502800008030000
124628.7 541 8 0000000000000000
124630.2 31C 8 00000000800084F3
124631.7 5EA 8 0000000000000016
124633.1 31D 8 000000000000001F
124634.5 5EB 8 0000000000000007
124642.5 5EC 8 000000000000000F
124644.2 66B 8 7700000000000000
124645.5 66C 8 DF09000000000000
124658.6 444 8 0000000000000005
124673.7 6C0 7 04030100000000
124675.2 3F1 8 0002000000000000
124676.6 663 8 7814E00E00AA0000
124678.0 31C 8 00000000800084F3
124689.4 31D 8 000000000000001F
124691.1 38C 8 000000000000007F
124692.4 38D 8 00000000000000E5
124693.7 39C 8 FF6F000000000000
124705.5 3C3 8 FF00000000000000
124707.2 444 8 0000000000000005
124709.1 537 8 8080808080800000
124721.0 538 8 8080008080000080
124722.6 6AB 8 0000000000003FA1
124723.9 31C 8 00000000800084F3
124736.6 31D 8 000000000000001F
124752.2 444 8 0000000000000005
124767.9 3F1 8 0002000000000000
124769.4 663 8 7814E00E00AA0000
124783.4 31C 8 00000000800084F3
124784.9 31D 8 000000000000001F
124786.3 38C 8 000000000000007F
124798.8 38D 8 00000000000000E5
124800.3 39C 8 FF6F000000000000
124801.6 3C3 8 FF00000000000000
124814.8 444 8 0000000000000005
124830.3 523 8 CD1F7770450E0B02
124831.8 52E 5 603F000000
124833.1 31C 8 00000000800084F3
124834.5 31D 8 000000000000001F
124861.6 444 8 0000000000000005
124877.3 539 8 3502800008030000
124879.4 541 8 0000000000000000
124880.7 6C0 7 04030100000000
124882.0 3F1 8 0002000000000000
124883.7 663 8 7814E00E00AA0000
124884.9 31C 8 00000000800084F3
124886.5 31D 8 000000000000001F
124892.9 38C 8 000000000000007F
124895.0 38D 8 00000000000000E5
124896.3 39C 8 FF6F000000000000
124908.4 3C3 8 FF00000000000000
124910.3 444 8 0000000000000005
124911.8 537 8 8080808080800000
124923.7 538 8 8080008080000080
124925.3 6AB 8 0000000000003FA1
124926.6 31C 8 00000000800084F3
124939.7 31D 8 000000000000001F
124955.4 444 8 0000000000000005
124971.1 3F1 8 0002000000000000
124972.8 663 8 7814E00E00AA0000
124974.0 31C 8 00000000800084F3
124986.5 31D 8 000000000000001F
124988.1 38C 8 000000000000007F
124989.6 38D 8 00000000000000E5
125002.3 39C 8 FF6F000000000000
125004.1 3C3 8 FF00000000000000
125005.4 444 8 0000000000000005
125033.5 31C 8 00000000800084F3
125035.0 31D 8 000000000000001F
125049.0 444 8 0000000000000005
125080.2 6C0 7 04030100000000
125082.5 3F1 8 0002000000000000
125085.1 484 8 0000000000000000
125087.1 523 8 CD1F7770450E0B02
125088.5 52E 5 603F000000
125089.9 585 8 902C00000000003F
125091.2 64C 2 0011
125092.5 663 8 7814E00E00AA0000
125094.0 6B2 8 FFFEFF0F880082D9
125095.3 31C 8 00000000800084F3
125097.6 31D 8 000000000000001F
125099.4 38C 8 000000000000007F
125111.6 38D 8 00000000000000E5
125113.6 39C 8 FF6F000000000000
125115.2 3C3 8 FF00000000000000
125116.6 444 8 0000000000000005
125118.2 537 8 8080808080800000
125119.6 538 8 8080008080000080
125127.1 5FB 8 1FFFFFFFFF1FF87E
125128.8 539 8 3502800008030000
125130.4 541 8 0000000000000000
125131.7 5FA 8 5B9DC7CC9C46F1FF
125133.1 6AB 8 0000000000003FA1
125134.8 31C 8 00000000800084F3
125136.2 5EA 8 0000000000000016
125137.5 31D 8 000000000000001F
125138.8 5EB 8 0000000000000007
125142.9 5EC 8 000000000000000F
125144.3 66B 8 7700000000000000
125145.9 66C 8 DF09000000000000
125158.4 444 8 0000000000000005
125173.8 3F1 8 0002000000000000
125175.3 663 8 7814E00E00AA0000
125176.9 31C 8 00000000800084F3
125189.3 31D 8 000000000000001F
125190.9 38C 8 000000000000007F
125192.5 38D 8 00000000000000E5
125194.0 39C 8 FF6F000000000000
125205.3 3C3 8 FF00000000000000
125207.0 444 8 0000000000000005
125220.9 31C 8 00000000800084F3
125236.8 31D 8 000000000000001F
125252.2 444 8 0000000000000005
125267.9 6C0 7 04030100000000
125269.7 3F1 8 0002000000000000
125271.2 663 8 7814E00E00AA0000
125283.4 31C 8 00000000800084F3
125285.3 31D 8 000000000000001F
125286.8 38C 8 000000000000007F
125298.7 38D 8 00000000000000E5
125300.2 39C 8 FF6F000000000000
125301.8 3C3 8 FF00000000000000
125314.6 444 8 0000000000000005
125316.6 537 8 8080808080800000
125318.1 538 8 8080008080000080
125319.8 6AB 8 0000000000003FA1
125330.3 523 8 CD1F7770450E0B02
125332.6 52E 5 603F000000
125334.1 31C 8 00000000800084F3
125335.7 31D 8 000000000000001F
125361.6 444 8 0000000000000005
125377.2 539 8 3502800008030000
125378.8 541 8 0000000000000000
125380.3 3F1 8 0002000000000000
125381.8 663 8 7814E00E00AA0000
125383.2 31C 8 00000000800084F3
125384.7 31D 8 000000000000001F
125392.5 38C 8 000000000000007F
125394.1 38D 8 00000000000000E5
125395.6 39C 8 FF6F000000000000
125408.6 3C3 8 FF00000000000000
125410.1 444 8 0000000000000005
125423.9 31C 8 00000000800084F3
125439.6 31D 8 000000000000001F
125455.3 444 8 0000000000000005
125471.1 6C0 7 04030100000000
125472.6 3F1 8 0002000000000000
125474.5 663 8 7814E00E00AA0000
125476.0 31C 8 00000000800084F3
125486.6 31D 8 000000000000001F
125488.2 38C 8 000000000000007F
125489.6 38D 8 00000000000000E5
125502.2 39C 8 FF6F000000000000
125509.5 3C3 8 FF00000000000000
125510.8 444 8 0000000000000005
125517.8 537 8 8080808080800000
125519.3 538 8 8080008080000080
125521.2 6AB 8 0000000000003FA1
125533.4 31C 8 00000000800084F3
125534.9 31D 8 000000000000001F
125564.7 444 8 0000000000000005
125580.3 3F1 8 0002000000000000
125581.6 484 8 0000000000000000
125583.1 523 8 CD1F7770450E0B02
125584.7 52E 5 603F000000
125586.3 663 8 7814E00E00AA0000
125588.1 31C 8 00000000800084F3
125589.7 31D 8 000000000000001F
125591.3 38C 8 000000000000007F
125596.1 38D 8 00000000000000E5
125597.8 39C 8 FF6F000000000000
125599.2 3C3 8 FF00000000000000
125611.5 444 8 0000000000000005
125627.2 539 8 3502800008030000
125628.9 541 8 0000000000000000
125630.5 31C 8 00000000800084F3
125632.0 5EA 8 0000000000000016
125633.3 31D 8 000000000000001F
125634.6 5EB 8 0000000000000007
125642.6 5EC 8 000000000000000F
125645.3 66B 8 7700000000000000
125646.8 66C 8 DF09000000000000
125658.5 444 8 0000000000000005
125673.8 6C0 7 04030100000000
125675.3 3F1 8 0002000000000000
125676.9 663 8 7814E00E00AA0000
125678.3 31C 8 00000000800084F3
125689.5 31D 8 000000000000001F
125691.2 38C 8 000000000000007F
125692.6 38D 8 00000000000000E5
125694.0 39C 8 FF6F000000000000
125705.3 3C3 8 FF00000000000000
125706.8 444 8 0000000000000005
125708.5 537 8 8080808080800000
125721.0 538 8 8080008080000080
125722.4 6AB 8 0000000000003FA1
125724.0 31C 8 00000000800084F3
125736.5 31D 8 000000000000001F
125752.1 444 8 0000000000000005
125767.8 3F1 8 0002000000000000
125769.3 663 8 7814E00E00AA0000
125783.6 31C 8 00000000800084F3
125785.1 31D 8 000000000000001F
125786.6 38C 8 000000000000007F
125798.7 38D 8 00000000000000E5
125800.4 39C 8 FF6F000000000000
125802.5 3C3 8 FF00000000000000
125814.8 444 8 0000000000000005
125830.3 523 8 CD1F7770450E0B02
125832.0 52E 5 603F000000
125833.3 31C 8 00000000800084F3
125834.8 31D 8 000000000000001F
125861.6 444 8 0000000000000005
125877.2 539 8 3502800008030000
125878.9 541 8 0000000000000000
125880.4 6C0 7 04030100000000
125881.9 3F1 8 0002000000000000
125883.4 663 8 7814E00E00AA0000
125884.9 31C 8 00000000800084F3
125886.3 31D 8 000000000000001F
125892.7 38C 8 000000000000007F
125894.3 38D 8 00000000000000E5
125895.8 39C 8 FF6F000000000000
125908.4 3C3 8 FF00000000000000
125910.0 444 8 0000000000000005
125911.6 537 8 8080808080800000
125923.7 538 8 8080008080000080
125925.2 6AB 8 0000000000003FA1
125926.6 31C 8 00000000800084F3
125939.6 31D 8 000000000000001F
125955.4 444 8 0000000000000005
125971.1 3F1 8 0002000000000000
125973.2 663 8 7814E00E00AA0000
125974.6 31C 8 00000000800084F3
125986.5 31D 8 000000000000001F
125988.2 38C 8 000000000000007F
125989.6 38D 8 00000000000000E5
126002.2 39C 8 FF6F000000000000
126003.8 3C3 8 FF00000000000000
126005.3 444 8 0000000000000005
126033.5 31C 8 00000000800084F3
126035.2 31D 8 000000000000001F
126064.9 444 8 0000000000000005
126080.3 6C0 7 04030100000000
126082.1 3F1 8 0002000000000000
126083.4 484 8 0000000000000000
126084.9 523 8 CD1F7770450E0B02
126086.3 52E 5 603F000000
126087.8 585 8 902C00000000003F
126089.1 64C 2 0011
126090.4 663 8 7814E00E00AA0000
126091.9 6B2 8 FFFEFF0F880002DA
126093.2 31C 8 00000000800084F3
126094.8 31D 8 000000000000001F
126096.2 38C 8 000000000000007F
126111.5 38D 8 00000000000000E5
126113.1 39C 8 FF6F000000000000
126114.8 3C3 8 FF00000000000000
126116.2 444 8 0000000000000005
126118.4 537 8 8080808080800000
126119.7 538 8 8080008080000080
126127.1 5FB 8 1FFFFFFFFF1FF87E
126128.7 539 8 3502800008030000
126130.2 541 8 0000000000000000
126131.8 5FA 8 5B9DC7CC9C46F1FF
126133.2 6AB 8 0000000000003FA1
126134.5 31C 8 00000000800084F3
126136.0 5EA 8 0000000000000016
126137.4 31D 8 000000000000001F
126138.9 5EB 8 0000000000000007
126142.8 5EC 8 000000000000000F
126144.3 66B 8 7700000000000000
126145.8 66C 8 DF09000000000000
126158.5 444 8 0000000000000005
126173.9 3F1 8 0002000000000000
126176.1 663 8 7814E00E00AA0000
126177.6 31C 8 00000000800084F3
126189.4 31D 8 000000000000001F
126191.0 38C 8 000000000000007F
126192.6 38D 8 00000000000000E5
126194.1 39C 8 FF6F000000000000
126205.3 3C3 8 FF00000000000000
126206.8 444 8 0000000000000005
126221.1 31C 8 00000000800084F3
126236.8 31D 8 000000000000001F
126252.3 444 8 0000000000000005
126267.9 6C0 7 04030100000000
126269.6 3F1 8 0002000000000000
126270.9 663 8 7814E00E00AA0000
126283.5 31C 8 00000000800084F3
126285.6 31D 8 000000000000001F
126287.8 38C 8 000000000000007F
126298.7 38D 8 00000000000000E5
126300.3 39C 8 FF6F000000000000
126301.8 3C3 8 FF00000000000000
126314.3 444 8 0000000000000005
126315.9 537 8 8080808080800000
126317.4 538 8 8080008080000080
126318.8 6AB 8 0000000000003FA1
126330.3 523 8 CD1F7770450E0B02
126331.7 52E 5 603F000000
126333.2 31C 8 00000000800084F3
126334.7 31D 8 000000000000001F
126361.6 444 8 0000000000000005
126377.1 539 8 3602800008030000
126378.6 541 8 0000000000000000
126380.1 3F1 8 0002000000000000
126381.7 663 8 7814E00E00AA0000
126383.3 31C 8 00000000800084F3
126384.9 31D 8 000000000000001F
126392.5 38C 8 000000000000007F
126394.1 38D 8 00000000000000E5
126396.3 39C 8 FF6F000000000000
126408.4 3C3 8 FF00000000000000
126409.9 444 8 0000000000000005
126423.7 31C 8 00000000800084F3
126439.8 31D 8 000000000000001F
126455.2 444 8 0000000000000005
126471.0 6C0 7 04030100000000
126472.5 3F1 8 0002000000000000
126474.1 663 8 7814E00E00AA0000
126475.5 31C 8 00000000800084F3
126486.5 31D 8 000000000000001F
126488.2 38C 8 000000000000007F
126489.6 38D 8 00000000000000E5
126502.2 39C 8 FF6F000000000000
126503.8 3C3 8 FF00000000000000
126505.3 444 8 0000000000000005
126517.5 537 8 8080808080800000
126519.1 538 8 8080008080000080
126520.5 6AB 8 0000000000003FA1
126533.4 31C 8 00000000800084F3
126534.9 31D 8 000000000000001F
126564.6 444 8 0000000000000005
126580.2 3F1 8 0002000000000000
126581.7 484 8 0000000000000000
126583.1 523 8 CD1F7770450E0B02
126584.4 52E 5 603F000000
126586.4 663 8 7814E00E00AA0000
126587.9 31C 8 00000000800084F3
126589.5 31D 8 000000000000001F
126591.0 38C 8 000000000000007F
126596.0 38D 8 00000000000000E5
126597.6 39C 8 FF6F000000000000
126599.1 3C3 8 FF00000000000000
126611.6 444 8 0000000000000005
126627.1 539 8 3602800008030000
126628.8 541 8 0000000000000000
126630.4 31C 8 00000000800084F3
126632.2 5EA 8 0000000000000016
126633.4 31D 8 000000000000001F
126634.8 5EB 8 0000000000000007
126642.5 5EC 8 000000000000000F
126644.2 66B 8 7700000000000000
126645.5 66C 8 DF09000000000000
126658.5 444 8 0000000000000005
126673.7 6C0 7 04030100000000
126675.2 3F1 8 0002000000000000
126676.7 663 8 7814E00E00AA0000
126678.1 31C 8 00000000800084F3
126689.4 31D 8 000000000000001F
126690.8 38C 8 000000000000007F
126692.2 38D 8 00000000000000E5
126693.8 39C 8 FF6F000000000000
126705.5 3C3 8 FF00000000000000
126708.5 444 8 0000000000000005
126710.1 537 8 8080808080800000
126721.0 538 8 8080008080000080
126722.4 6AB 8 0000000000003FA1
126723.8 31C 8 00000000800084F3
126736.7 31D 8 000000000000001F
126752.2 444 8 0000000000000005
126767.9 3F1 8 0002000000000000
126769.7 663 8 7814E00E00AA0000
126783.4 31C 8 00000000800084F3
126785.1 31D 8 000000000000001F
126786.5 38C 8 000000000000007F
126798.8 38D 8 00000000000000E5
126800.3 39C 8 FF6F000000000000
126801.6 3C3 8 FF00000000000000
126814.6 444 8 0000000000000005
126830.2 523 8 CD1F7770450E0B02
126831.7 52E 5 603F000000
126832.9 31C 8 00000000800084F3
126834.2 31D 8 000000000000001F
126861.6 444 8 0000000000000005
126877.3 539 8 3602800008030000
126882.1 541 8 0000000000000000
126884.0 6C0 7 04030100000000
126885.3 3F1 8 0002000000000000
126886.5 663 8 7814E00E00AA0000
126888.6 31C 8 00000000800084F3
126890.0 31D 8 000000000000001F
126892.6 38C 8 000000000000007F
126894.1 38D 8 00000000000000E5
126895.6 39C 8 FF6F000000000000
126908.5 3C3 8 FF00000000000000
126909.9 444 8 0000000000000005
126911.3 537 8 8080808080800000
126923.7 538 8 8080008080000080
126925.2 6AB 8 0000000000003FA1
126926.5 31C 8 00000000800084F3
126939.7 31D 8 000000000000001F
126955.3 444 8 0000000000000005
126971.1 3F1 8 0002000000000000
126972.5 663 8 7814E00E00AA0000
126973.8 31C 8 00000000800084F3
126986.6 31D 8 000000000000001F
126988.6 38C 8 000000000000007F
126990.2 38D 8 00000000000000E5
127002.2 39C 8 FF6F000000000000
127003.7 3C3 8 FF00000000000000
127005.0 444 8 0000000000000005
127033.6 31C 8 00000000800084F3
127035.1 31D 8 000000000000001F
127064.8 444 8 0000000000000005
127080.2 6C0 7 04030100000000
127081.7 3F1 8 0002000000000000
127083.2 484 8 0000000000000000
127084.9 523 8 CD1F7770450E0B02
127086.2 52E 5 603F000000
127087.6 585 8 902C00000000003F
127088.8 64C 2 0011
127090.1 663 8 7814E00E00AA0000
127091.5 6B2 8 FFFEFF0F880082DA
127092.9 31C 8 00000000800084F3
127094.5 31D 8 000000000000001F
127096.2 38C 8 000000000000007F
127111.5 38D 8 00000000000000E5
127113.1 39C 8 FF6F000000000000
127114.7 3C3 8 FF00000000000000
127116.2 444 8 0000000000000005
127117.7 537 8 8080808080800000
127119.3 538 8 8080008080000080
127127.2 5FB 8 1FFFFFFFFF1FF87E
127128.6 539 8 3602800008030000
127130.2 541 8 0000000000000000
127131.9 5FA 8 5B9DC7CC9C46F1FF
127133.2 6AB 8 0000000000003FA1
127134.4 31C 8 00000000800084F3
127135.8 5EA 8 0000000000000016
127137.2 31D 8 000000000000001F
127138.7 5EB 8 0000000000000007
127142.8 5EC 8 000000000000000F
127144.2 66B 8 7700000000000000
127146.3 66C 8 DF09000000000000
127158.5 444 8 0000000000000005
127174.0 3F1 8 0002000000000000
127178.1 663 8 7814E00E00AA0000
127180.0 31C 8 00000000800084F3
127189.4 31D 8 000000000000001F
127190.9 38C 8 000000000000007F
127192.3 38D 8 00000000000000E5
127194.1 39C 8 FF6F000000000000
127205.1 3C3 8 FF00000000000000
127206.8 444 8 0000000000000005
127220.9 31C 8 00000000800084F3
127236.6 31D 8 000000000000001F
127252.3 444 8 0000000000000005
127267.8 6C0 7 04030100000000
127269.2 3F1 8 0002000000000000
127270.5 663 8 7814E00E00AA0000
127283.4 31C 8 00000000800084F3
127285.1 31D 8 000000000000001F
127286.7 38C 8 000000000000007F
127298.7 38D 8 00000000000000E5
127300.3 39C 8 FF6F000000000000
127301.7 3C3 8 FF00000000000000
127314.3 444 8 0000000000000005
127316.0 537 8 8080808080800000
127318.0 538 8 8080008080000080
127319.3 6AB 8 0000000000003FA1
127330.0 523 8 CD1F7770450E0B02
127331.5 52E 5 603F000000
127333.1 31C 8 00000000800084F3
127334.6 31D 8 000000000000001F
127361.6 444 8 0000000000000005
127377.2 539 8 3602800008030000
127378.7 541 8 0000000000000000
127380.2 3F1 8 0002000000000000
127381.9 663 8 7814E00E00AA0000
127383.5 31C 8 00000000800084F3
127385.0 31D 8 000000000000001F
127392.5 38C 8 000000000000007F
127394.1 38D 8 00000000000000E5
127395.7 39C 8 FF6F000000000000
127408.5 3C3 8 FF00000000000000
127410.0 444 8 0000000000000005
127423.8 31C 8 00000000800084F3
127439.7 31D 8 000000000000001F
127455.3 444 8 0000000000000005
127471.0 6C0 7 04030100000000
127472.6 3F1 8 0002000000000000
127474.2 663 8 7814E00E00AA0000
127475.6 31C 8 00000000800084F3
127486.5 31D 8 000000000000001F
127489.1 38C 8 000000000000007F
127490.6 38D 8 00000000000000E5
127502.2 39C 8 FF6F000000000000
127505.3 3C3 8 FF00000000000000
127506.9 444 8 0000000000000005
127517.5 537 8 8080808080800000
127519.3 538 8 8080008080000080
127520.7 6AB 8 0000000000003FA1
127533.6 31C 8 00000000800084F3
127535.2 31D 8 000000000000001F
127564.9 444 8 0000000000000005
127580.2 3F1 8 0002000000000000
127582.1 484 8 0000000000000000
127583.6 523 8 CD1F7770450E0B02
127585.0 52E 5 603F000000
127586.4 663 8 7814E00E00AA0000
127587.7 31C 8 00000000800084F3
127589.3 31D 8 000000000000001F
127590.9 38C 8 000000000000007F
127596.0 38D 8 00000000000000E5
127597.7 39C 8 FF6F000000000000
127599.4 3C3 8 FF00000000000000
127611.5 444 8 0000000000000005
127627.3 539 8 3602800008030000
127628.9 541 8 0000000000000000
127630.4 31C 8 00000000800084F3
127632.7 5EA 8 0000000000000016
127634.0 31D 8 000000000000001F
127635.5 5EB 8 0000000000000007
127642.6 5EC 8 000000000000000F
127644.2 66B 8 7700000000000000
127645.7 66C 8 DF09000000000000
127658.4 444 8 0000000000000005
127673.7 6C0 7 04030100000000
127675.4 3F1 8 0002000000000000
127676.8 663 8 7814E00E00AA0000
127678.1 31C 8 00000000800084F3
127689.6 31D 8 000000000000001F
127691.2 38C 8 000000000000007F
127692.7 38D 8 00000000000000E5
127694.2 39C 8 FF6F000000000000
127705.3 3C3 8 FF00000000000000
127706.9 444 8 0000000000000005
127708.7 537 8 8080808080800000
127720.9 538 8 8080008080000080
127722.5 6AB 8 0000000000003FA1
127724.1 31C 8 00000000800084F3
127736.4 31D 8 000000000000001F
127752.3 444 8 0000000000000005
127767.8 3F1 8 0002000000000000
127769.5 663 8 7814E00E00AA0000
127783.6 31C 8 00000000800084F3
127786.0 31D 8 000000000000001F
127787.5 38C 8 000000000000007F
127798.9 38D 8 00000000000000E5
127800.4 39C 8 FF6F000000000000
127801.8 3C3 8 FF00000000000000
127814.6 444 8 0000000000000005
127830.2 523 8 CD1F7770450E0B02
127831.7 52E 5 603F000000
127833.1 31C 8 00000000800084F3
127834.5 31D 8 000000000000001F
127861.6 444 8 0000000000000005
127877.2 539 8 3602800008030000
127878.8 541 8 0000000000000000
127880.3 6C0 7 04030100000000
127881.9 3F1 8 0002000000000000
127883.3 663 8 7814E00E00AA0000
127884.7 31C 8 00000000800084F3
127886.1 31D 8 000000000000001F
127892.6 38C 8 000000000000007F
127894.1 38D 8 00000000000000E5
127895.5 39C 8 FF6F000000000000
127908.5 3C3 8 FF00000000000000
127910.0 444 8 0000000000000005
127911.4 537 8 8080808080800000
127923.9 538 8 8080008080000080
127925.5 6AB 8 0000000000003FA1
127926.8 31C 8 00000000800084F3
127939.7 31D 8 000000000000001F
127955.5 444 8 0000000000000005
127971.1 3F1 8 0002000000000000
127973.1 663 8 7814E00E00AA0000
127974.8 31C 8 00000000800084F3
127986.6 31D 8 000000000000001F
127988.2 38C 8 000000000000007F
127989.8 38D 8 00000000000000E5
128002.3 39C 8 FF6F000000000000
128004.2 3C3 8 FF00000000000000
128005.7 444 8 0000000000000005
128033.4 31C 8 00000000800084F3
128034.9 31D 8 000000000000001F
128064.8 444 8 0000000000000005
128080.3 6C0 7 04030100000000
128081.8 3F1 8 0002000000000000
128083.2 484 8 0000000000000000
128084.6 523 8 CD1F7770450E0B02
128086.0 52E 5 603F000000
128087.3 585 8 902C00000000003F
128088.5 64C 2 0011
128089.8 663 8 7814E00E00AA0000
128091.2 6B2 8 FFFEFF0F880002DB
128092.6 31C 8 00000000800084F3
128094.1 31D 8 000000000000001F
128095.8 38C 8 000000000000007F
128111.5 38D 8 00000000000000E5
128113.2 39C 8 FF6F000000000000
128115.1 3C3 8 FF00000000000000
128116.9 444 8 0000000000000005
128118.5 537 8 8080808080800000
128119.8 538 8 8080008080000080
128126.8 5FB 8 1FFFFFFFFF1FF87E
128128.2 539 8 3602800008030000
128130.0 541 8 0000000000000000
128131.5 5FA 8 5B9DC7CC9C46F1FF
128133.1 6AB 8 0000000000003FA1
128134.5 31C 8 00000000800084F3
128136.0 5EA 8 0000000000000016
128137.4 31D 8 000000000000001F
128138.9 5EB 8 0000000000000007
128142.6 5EC 8 000000000000000F
128144.0 66B 8 7700000000000000
128145.4 66C 8 DF09000000000000
128158.5 444 8 0000000000000005
128173.8 3F1 8 0002000000000000
128175.5 663 8 7814E00E00AA0000
128176.9 31C 8 00000000800084F3
128189.4 31D 8 000000000000001F
128190.9 38C 8 000000000000007F
128192.5 38D 8 00000000000000E5
128194.4 39C 8 FF6F000000000000
128205.4 3C3 8 FF00000000000000
128206.8 444 8 0000000000000005
128220.9 31C 8 00000000800084F3
128237.5 31D 8 000000000000001F
128252.4 444 8 0000000000000005
128267.6 6C0 7 04030100000000
128269.2 3F1 8 0002000000000000
128270.7 663 8 7814E00E00AA0000
128283.3 31C 8 00000000800084F3
128285.5 31D 8 000000000000001F
128287.4 38C 8 000000000000007F
128299.0 38D 8 00000000000000E5
128300.8 39C 8 FF6F000000000000
128302.6 3C3 8 FF00000000000000
128314.6 444 8 0000000000000005
128319.9 537 8 8080808080800000
128321.3 538 8 8080008080000080
128322.8 6AB 8 0000000000003FA1
128330.0 523 8 CD1F7770450E0B02
128331.4 52E 5 603F000000
128333.1 31C 8 00000000800084F3
128334.6 31D 8 000000000000001F
128361.5 444 8 0000000000000005
128377.2 539 8 3602800008030000
128378.8 541 8 0000000000000000
128380.3 3F1 8 0002000000000000
128381.9 663 8 7814E00E00AA0000
128383.4 31C 8 00000000800084F3
128385.8 31D 8 000000000000001F
128392.5 38C 8 000000000000007F
128394.2 38D 8 00000000000000E5
128395.7 39C 8 FF6F000000000000
128408.4 3C3 8 FF00000000000000
128410.0 444 8 0000000000000005
128423.8 31C 8 00000000800084F3
128439.7 31D 8 000000000000001F
128455.3 444 8 0000000000000005
128471.0 6C0 7 04030100000000
128472.7 3F1 8 0002000000000000
128474.2 663 8 7814E00E00AA0000
128475.6 31C 8 00000000800084F3
128486.3 31D 8 000000000000001F
128487.8 38C 8 000000000000007F
128489.4 38D 8 00000000000000E5
128502.3 39C 8 FF6F000000000000
128503.8 3C3 8 FF00000000000000
128505.4 444 8 0000000000000005
128517.7 537 8 8080808080800000
128519.2 538 8 8080008080000080
128520.6 6AB 8 0000000000003FA1
128533.4 31C 8 00000000800084F3
128535.1 31D 8 000000000000001F
128564.7 444 8 0000000000000005
128580.3 3F1 8 0002000000000000
128581.7 484 8 0000000000000000
128583.2 523 8 CD1F7770450E0B02
128584.5 52E 5 603F000000
128586.3 663 8 7814E00E00AA0000
128587.8 31C 8 00000000800084F3
128589.3 31D 8 000000000000001F
128590.8 38C 8 000000000000007F
128595.9 38D 8 00000000000000E5
128597.6 39C 8 FF6F000000000000
128599.2 3C3 8 FF00000000000000
128611.5 444 8 0000000000000005
128627.2 539 8 3602800008030000
128628.8 541 8 0000000000000000
128630.6 31C 8 00000000800084F3
128632.5 5EA 8 0000000000000016
128633.8 31D 8 000000000000001F
128635.4 5EB 8 0000000000000007
128642.6 5EC 8 000000000000000F
128644.3 66B 8 7700000000000000
128645.8 66C 8 DF09000000000000
128658.5 444 8 0000000000000005
128673.8 6C0 7 04030100000000
128675.5 3F1 8 0002000000000000
128677.0 663 8 7814E00E00AA0000
128678.2 31C 8 00000000800084F3
128689.4 31D 8 000000000000001F
128691.7 38C 8 000000000000007F
128693.3 38D 8 00000000000000E5
128695.2 39C 8 FF6F000000000000
128705.4 3C3 8 FF00000000000000
128706.9 444 8 0000000000000005
128708.9 537 8 8080808080800000
128720.9 538 8 8080008080000080
128722.5 6AB 8 0000000000003FA1
128724.1 31C 8 00000000800084F3
128736.5 31D 8 000000000000001F
128752.2 444 8 0000000000000005
128767.9 3F1 8 0002000000000000
128770.0 663 8 7814E00E00AA0000
128783.3 31C 8 00000000800084F3
128785.0 31D 8 000000000000001F
128786.4 38C 8 000000000000007F
128799.0 38D 8 00000000000000E5
128800.5 39C 8 FF6F000000000000
128801.8 3C3 8 FF00000000000000
128814.9 444 8 0000000000000005
128830.2 523 8 CD1F7770450E0B02
128831.6 52E 5 603F000000
128833.0 31C 8 00000000800084F3
128834.8 31D 8 000000000000001F
128861.7 444 8 0000000000000005
128877.2 539 8 3602800008030000
128878.8 541 8 0000000000000000
128880.4 6C0 7 04030100000000
128881.7 3F1 8 0002000000000000
128883.2 663 8 7814E00E00AA0000
128884.7 31C 8 00000000800084F3
128886.1 31D 8 000000000000001F
128892.7 38C 8 000000000000007F
128894.5 38D 8 00000000000000E5
128896.0 39C 8 FF6F000000000000
128908.5 3C3 8 FF00000000000000
128910.2 444 8 0000000000000005
128911.6 537 8 8080808080800000
128923.9 538 8 8080008080000080
128925.5 6AB 8 0000000000003FA1
128926.8 31C 8 00000000800084F3
128939.6 31D 8 000000000000001F
128955.3 444 8 0000000000000005
128971.1 3F1 8 0002000000000000
128972.7 663 8 7814E00E00AA0000
128974.1 31C 8 00000000800084F3
128986.5 31D 8 000000000000001F
128988.4 38C 8 000000000000007F
128989.8 38D 8 00000000000000E5
129002.2 39C 8 FF6F000000000000
129003.7 3C3 8 FF00000000000000
129005.6 444 8 0000000000000005
129033.5 31C 8 00000000800084F3
129035.0 31D 8 000000000000001F
129064.6 444 8 0000000000000005
129080.2 6C0 7 04030100000000
129081.7 3F1 8 0002000000000000
129083.3 484 8 0000000000000000
129084.6 523 8 CD1F7770450E0B02
129085.9 52E 5 603F000000
129087.3 585 8 902C00000000003F
129088.7 64C 2 0011
129090.2 663 8 7814E00E00AA0000
129091.7 6B2 8 FFFEFF0F880082DB
129093.1 31C 8 00000000800084F3
129094.5 31D 8 000000000000001F
129096.1 38C 8 000000000000007F
129111.7 38D 8 00000000000000E5
129113.2 39C 8 FF6F000000000000
129114.8 3C3 8 FF00000000000000
129116.3 444 8 0000000000000005
129117.9 537 8 8080808080800000
129119.3 538 8 8080008080000080
129127.1 5FB 8 1FFFFFFFFF1FF87E
129128.5 539 8 3602800008030000
129130.4 541 8 0000000000000000
129132.0 5FA 8 5B9DC7CC9C46F1FF
129133.3 6AB 8 0000000000003FA1
129134.8 31C 8 00000000800084F3
129137.1 5EA 8 0000000000000016
129138.4 31D 8 000000000000001F
129139.7 5EB 8 0000000000000007
129142.5 5EC 8 000000000000000F
129143.8 66B 8 7700000000000000
129145.2 66C 8 DF09000000000000
129158.5 444 8 0000000000000005
129173.9 3F1 8 0002000000000000
129175.8 663 8 7814E00E00AA0000
129177.2 31C 8 00000000800084F3
129189.3 31D 8 000000000000001F
129190.8 38C 8 000000000000007F
129192.2 38D 8 00000000000000E5
129194.0 39C 8 FF6F000000000000
129205.4 3C3 8 FF00000000000000
129207.2 444 8 0000000000000005
129221.0 31C 8 00000000800084F3
129237.1 31D 8 000000000000001F
129252.2 444 8 0000000000000005
129267.8 6C0 7 04030100000000
129269.3 3F1 8 0002000000000000
129270.8 663 8 7814E00E00AA0000
129283.4 31C 8 00000000800084F3
129285.5 31D 8 000000000000001F
129287.5 38C 8 000000000000007F
129298.8 38D 8 00000000000000E5
129301.2 39C 8 FF6F000000000000
129302.7 3C3 8 FF00000000000000
129314.8 444 8 0000000000000005
129316.7 537 8 8080808080800000
129318.2 538 8 8080008080000080
129319.7 6AB 8 0000000000003FA1
129330.2 523 8 CD1F7770450E0B02
129332.8 52E 5 603F000000
129334.4 31C 8 00000000800084F3
129336.0 31D 8 000000000000001F
129361.7 444 8 0000000000000005
129377.1 539 8 3602800008030000
129378.7 541 8 0000000000000000
129380.1 3F1 8 0002000000000000
129381.7 663 8 7814E00E00AA0000
129383.3 31C 8 00000000800084F3
129385.1 31D 8 000000000000001F
129392.5 38C 8 000000000000007F
129394.1 38D 8 00000000000000E5
129395.4 39C 8 FF6F000000000000
129408.4 3C3 8 FF00000000000000
129409.9 444 8 0000000000000005
129424.0 31C 8 00000000800084F3
129439.5 31D 8 000000000000001F
129455.5 444 8 0000000000000005
129470.9 6C0 7 04030100000000
129473.0 3F1 8 0002000000000000
129474.5 663 8 7814E00E00AA0000
129475.8 31C 8 00000000800084F3
129486.3 31D 8 000000000000001F
129487.9 38C 8 000000000000007F
129489.5 38D 8 00000000000000E5
129502.2 39C 8 FF6F000000000000
129503.7 3C3 8 FF00000000000000
129505.2 444 8 0000000000000005
129517.8 537 8 8080808080800000
129519.3 538 8 8080008080000080
129520.9 6AB 8 0000000000003FA1
129533.1 31C 8 00000000800084F3
129534.7 31D 8 000000000000001F
129564.6 444 8 0000000000000005
129580.3 3F1 8 0002000000000000
129581.8 484 8 0000000000000000
129583.4 523 8 CD1F7770450E0B02
129584.9 52E 5 603F000000
129586.5 663 8 7814E00E00AA0000
129587.8 31C 8 00000000800084F3
129589.4 31D 8 000000000000001F
129590.9 38C 8 000000000000007F
129596.0 38D 8 00000000000000E5
129600.6 39C 8 FF6F000000000000
129602.3 3C3 8 FF00000000000000
129615.0 444 8 0000000000000005
129616.8 539 8 3602800008030000
129618.1 541 8 0000000000000000
129630.7 31C 8 00000000800084F3
129632.5 5EA 8 0000000000000016
129634.0 31D 8 000000000000001F
129635.5 5EB 8 0000000000000007
129636.9 5EC 8 000000000000000F
129646.4 66B 8 7700000000000000
129647.9 66C 8 DF09000000000000
129662.0 444 8 0000000000000005
129677.5 6C0 7 04030100000000
129679.3 3F1 8 0002000000000000
129680.7 663 8 7814E00E00AA0000
129682.0 31C 8 00000000800084F3
129683.7 31D 8 000000000000001F
129693.0 38C 8 000000000000007F
129694.6 38D 8 00000000000000E5
129696.1 39C 8 FF6F000000000000
129708.6 3C3 8 FF00000000000000
129710.2 444 8 0000000000000005
129711.8 537 8 8080808080800000
129724.2 538 8 8080008080000080
129725.6 6AB 8 0000000000003FA1
129727.2 31C 8 00000000800084F3
129728.8 31D 8 000000000000001F
129755.8 444 8 0000000000000005
129771.1 3F1 8 0002000000000000
129772.7 663 8 7814E00E00AA0000
129774.2 31C 8 00000000800084F3
129787.0 31D 8 000000000000001F
129788.6 38C 8 000000000000007F
129790.1 38D 8 00000000000000E5
129802.4 39C 8 FF6F000000000000
129804.0 3C3 8 FF00000000000000
129805.5 444 8 0000000000000005
129818.2 523 8 CD1F7770450E0B02
129819.8 52E 5 603F000000
129833.7 31C 8 00000000800084F3
129835.5 31D 8 000000000000001F
129849.7 444 8 0000000000000005
129865.4 539 8 3602800008030000
129867.3 6C0 7 04030100000000
129868.9 541 8 0000000000000000
129880.8 3F1 8 0002000000000000
129882.4 663 8 7814E00E00AA0000
129883.9 31C 8 00000000800084F3
129885.5 31D 8 000000000000001F
129887.0 38C 8 000000000000007F
129896.4 38D 8 00000000000000E5
129898.2 39C 8 FF6F000000000000
129899.8 3C3 8 FF00000000000000
129912.0 444 8 0000000000000005
129914.3 537 8 8080808080800000
129915.7 538 8 8080008080000080
129927.4 6AB 8 0000000000003FA1
129929.1 31C 8 00000000800084F3
129930.7 31D 8 000000000000001F
129958.8 444 8 0000000000000005
129974.3 3F1 8 0002000000000000
129976.1 663 8 7814E00E00AA0000
129977.6 31C 8 00000000800084F3
129979.1 31D 8 000000000000001F
129990.1 38C 8 000000000000007F
129991.6 38D 8 00000000000000E5
129993.5 39C 8 FF6F000000000000
130005.8 3C3 8 FF00000000000000
130007.3 444 8 0000000000000005
130021.3 31C 8 00000000800084F3
130037.1 31D 8 000000000000001F
130052.5 444 8 0000000000000005
130068.3 6C0 7 04030100000000
130069.9 3F1 8 0002000000000000
130071.3 484 8 0000000000000000
130072.6 523 8 CD1F7770450E0B02
130073.8 52E 5 603F000000
130075.3 585 8 902C00000000003F
130076.6 64C 2 0011
130078.0 663 8 7814E00E00AA0000
130080.3 6B2 8 FFFEFF0F880002DC
130084.0 31C 8 00000000800084F3
130085.7 31D 8 000000000000001F
130087.2 38C 8 000000000000007F
130099.2 38D 8 00000000000000E5
130100.9 39C 8 FF6F000000000000
130102.6 3C3 8 FF00000000000000
130104.1 444 8 0000000000000005
130115.2 537 8 8080808080800000
130116.7 538 8 8080008080000080
130118.0 5FB 8 1FFFFFFFFF1FF87E
130119.4 539 8 3602800008030000
130130.8 541 8 0000000000000000
130132.3 5FA 8 5B9DC7CC9C46F1FF
130134.0 6AB 8 0000000000003FA1
130135.4 31C 8 00000000800084F3
130137.0 5EA 8 0000000000000016
130138.4 31D 8 000000000000001F
130139.9 5EB 8 0000000000000007
130141.4 5EC 8 000000000000000F
130146.3 66B 8 7700000000000000
130147.7 66C 8 DF09000000000000
130162.0 444 8 0000000000000005
130177.3 3F1 8 0002000000000000
130178.8 663 8 7814E00E00AA0000
130180.4 31C 8 00000000800084F3
130181.9 31D 8 000000000000001F
130192.9 38C 8 000000000000007F
130195.2 38D 8 00000000000000E5
130196.5 39C 8 FF6F000000000000
130208.9 3C3 8 FF00000000000000
130210.5 444 8 0000000000000005
130224.2 31C 8 00000000800084F3
130225.7 31D 8 000000000000001F
130255.9 444 8 0000000000000005
130271.1 6C0 7 04030100000000
130272.7 3F1 8 0002000000000000
130274.3 663 8 7814E00E00AA0000
130275.8 31C 8 00000000800084F3
130287.1 31D 8 000000000000001F
130289.4 38C 8 000000000000007F
130291.2 38D 8 00000000000000E5
130302.6 39C 8 FF6F000000000000
130304.5 3C3 8 FF00000000000000
130305.7 444 8 0000000000000005
130318.2 537 8 8080808080800000
130319.9 538 8 8080008080000080
130321.4 6AB 8 0000000000003FA1
130322.7 523 8 CD1F7770450E0B02
130324.1 52E 5 603F000000
130333.8 31C 8 00000000800084F3
130335.3 31D 8 000000000000001F
130350.5 444 8 0000000000000005
130365.2 539 8 3602800008030000
130366.8 3F1 8 0002000000000000
130380.8 541 8 0000000000000000
130382.2 663 8 7814E00E00AA0000
130384.0 31C 8 00000000800084F3
130385.9 31D 8 000000000000001F
130387.4 38C 8 000000000000007F
130396.4 38D 8 00000000000000E5
130397.9 39C 8 FF6F000000000000
130399.4 3C3 8 FF00000000000000
130412.1 444 8 0000000000000005
130427.4 31C 8 00000000800084F3
130429.5 31D 8 000000000000001F
130459.1 444 8 0000000000000005
130474.2 6C0 7 04030100000000
130475.7 3F1 8 0002000000000000
130477.1 663 8 7814E00E00AA0000
130478.3 31C 8 00000000800084F3
130479.8 31D 8 000000000000001F
130489.8 38C 8 000000000000007F
130491.3 38D 8 00000000000000E5
130492.8 39C 8 FF6F000000000000
130505.8 3C3 8 FF00000000000000
130507.4 444 8 0000000000000005
130508.9 537 8 8080808080800000
130521.5 538 8 8080008080000080
130523.7 6AB 8 0000000000003FA1
130525.0 31C 8 00000000800084F3
130537.2 31D 8 000000000000001F
130552.7 444 8 0000000000000005
130568.3 3F1 8 0002000000000000
130569.8 484 8 0000000000000000
130571.2 523 8 CD1F7770450E0B02
130572.6 52E 5 603F000000
130574.1 663 8 7814E00E00AA0000
130584.0 31C 8 00000000800084F3
130585.5 31D 8 000000000000001F
130586.9 38C 8 000000000000007F
130599.4 38D 8 00000000000000E5
130600.9 39C 8 FF6F000000000000
130602.5 3C3 8 FF00000000000000
130604.2 444 8 0000000000000005
130615.3 539 8 3602800008030000
130617.0 541 8 0000000000000000
130630.8 31C 8 00000000800084F3
130632.4 5EA 8 0000000000000016
130634.1 31D 8 000000000000001F
130636.1 5EB 8 0000000000000007
130637.4 5EC 8 000000000000000F
130646.5 66B 8 7700000000000000
130647.8 66C 8 DF09000000000000
130662.0 444 8 0000000000000005
130677.5 6C0 7 04030100000000
130679.9 3F1 8 0002000000000000
130681.4 663 8 7814E00E00AA0000
130682.9 31C 8 00000000800084F3
130684.4 31D 8 000000000000001F
130693.0 38C 8 000000000000007F
130694.7 38D 8 00000000000000E5
130696.1 39C 8 FF6F000000000000
130708.9 3C3 8 FF00000000000000
130710.4 444 8 0000000000000005
130711.8 537 8 8080808080800000
130724.2 538 8 8080008080000080
130725.6 6AB 8 0000000000003FA1
130727.0 31C 8 00000000800084F3
130728.9 31D 8 000000000000001F
130755.8 444 8 0000000000000005
130771.3 3F1 8 0002000000000000
130773.0 663 8 7814E00E00AA0000
130774.3 31C 8 00000000800084F3
130787.3 31D 8 000000000000001F
130790.1 38C 8 000000000000007F
130791.8 38D 8 00000000000000E5
130802.4 39C 8 FF6F000000000000
130804.1 3C3 8 FF00000000000000
130805.4 444 8 0000000000000005
130818.0 523 8 CD1F7770450E0B02
130821.2 52E 5 603F000000
130834.1 31C 8 00000000800084F3
130836.0 31D 8 000000000000001F
130849.6 444 8 0000000000000005
130865.3 6C0 7 04030100000000
130866.9 539 8 3602800008030000
130880.8 3F1 8 0002000000000000
130882.5 541 8 0000000000000000
130883.7 663 8 7814E00E00AA0000
130885.7 31C 8 00000000800084F3
130887.2 31D 8 000000000000001F
130888.8 38C 8 000000000000007F
130896.4 38D 8 00000000000000E5
130898.0 39C 8 FF6F000000000000
130899.6 3C3 8 FF00000000000000
130912.0 444 8 0000000000000005
130913.6 537 8 8080808080800000
130914.8 538 8 8080008080000080
130927.4 6AB 8 0000000000003FA1
130929.0 31C 8 00000000800084F3
130930.3 31D 8 000000000000001F
130959.2 444 8 0000000000000005
130974.3 3F1 8 0002000000000000
130976.1 663 8 7814E00E00AA0000
130977.9 31C 8 00000000800084F3
130979.5 31D 8 000000000000001F
130989.9 38C 8 000000000000007F
130991.4 38D 8 00000000000000E5
130992.9 39C 8 FF6F000000000000
131005.8 3C3 8 FF00000000000000
131007.5 444 8 0000000000000005
131021.4 31C 8 00000000800084F3
131037.1 31D 8 000000000000001F
131052.6 444 8 0000000000000005
131068.3 6C0 7 04030100000000
131069.8 3F1 8 0002000000000000
131071.5 484 8 0000000000000000
131072.6 523 8 CD1F7770450E0B02
131073.9 52E 5 603F000000
131075.3 585 8 902C00000000003F
131076.6 64C 2 0011
131077.8 663 8 7814E00E00AA0000
131079.2 6B2 8 FFFEFF0F880082DC
131084.1 31C 8 00000000800084F3
131085.8 31D 8 000000000000001F
131087.3 38C 8 000000000000007F
131099.2 38D 8 00000000000000E5
131100.6 39C 8 FF6F000000000000
131101.9 3C3 8 FF00000000000000
131103.5 444 8 0000000000000005
131115.1 537 8 8080808080800000
131116.6 538 8 8080008080000080
131130.8 5FB 8 1FFFFFFFFF1FF87E
131133.1 539 8 3602800008030000
131134.5 541 8 0000000000000000
131135.8 5FA 8 5B9DC7CC9C46F1FF
131137.4 6AB 8 0000000000003FA1
131138.6 31C 8 00000000800084F3
131140.3 5EA 8 0000000000000016
131141.6 31D 8 000000000000001F
131143.0 5EB 8 0000000000000007
131144.3 5EC 8 000000000000000F
131146.1 66B 8 7700000000000000
131147.4 66C 8 DF09000000000000
131162.0 444 8 0000000000000005
131177.3 3F1 8 0002000000000000
131178.9 663 8 7814E00E00AA0000
131180.3 31C 8 00000000800084F3
131181.7 31D 8 000000000000001F
131193.0 38C 8 000000000000007F
131194.5 38D 8 00000000000000E5
131195.8 39C 8 FF6F000000000000
131209.1 3C3 8 FF00000000000000
131211.1 444 8 0000000000000005
131224.1 31C 8 00000000800084F3
131225.7 31D 8 000000000000001F
131255.8 444 8 0000000000000005
131271.2 6C0 7 04030100000000
131272.7 3F1 8 0002000000000000
131274.3 663 8 7814E00E00AA0000
131276.7 31C 8 00000000800084F3
131287.0 31D 8 000000000000001F
131288.9 38C 8 000000000000007F
131290.7 38D 8 00000000000000E5
131302.4 39C 8 FF6F000000000000
131304.2 3C3 8 FF00000000000000
131305.7 444 8 0000000000000005
131318.2 537 8 8080808080800000
131319.7 538 8 8080008080000080
131321.1 6AB 8 0000000000003FA1
131322.5 523 8 CD1F7770450E0B02
131323.9 52E 5 603F000000
131334.0 31C 8 00000000800084F3
131335.6 31D 8 000000000000001F
131349.4 444 8 0000000000000005
131380.8 3F1 8 0002000000000000
131382.4 539 8 3602800008030000
131383.7 663 8 7814E00E00AA0000
131385.5 541 8 0000000000000000
131386.7 31C 8 00000000800084F3
131388.5 31D 8 000000000000001F
131390.0 38C 8 000000000000007F
131396.4 38D 8 00000000000000E5
131398.0 39C 8 FF6F000000000000
131399.8 3C3 8 FF00000000000000
131412.0 444 8 0000000000000005
131427.4 31C 8 00000000800084F3
131429.0 31D 8 000000000000001F
131459.0 444 8 0000000000000005
131474.3 6C0 7 04030100000000
131475.9 3F1 8 0002000000000000
131477.5 663 8 7814E00E00AA0000
131478.9 31C 8 00000000800084F3
131480.5 31D 8 000000000000001F
131489.8 38C 8 000000000000007F
131491.3 38D 8 00000000000000E5
131492.6 39C 8 FF6F000000000000
131505.8 3C3 8 FF00000000000000
131507.6 444 8 0000000000000005
131509.5 537 8 8080808080800000
131521.4 538 8 8080008080000080
131523.1 6AB 8 0000000000003FA1
131524.7 31C 8 00000000800084F3
131537.0 31D 8 000000000000001F
131552.5 444 8 0000000000000005
131568.3 3F1 8 0002000000000000
131570.5 484 8 0000000000000000
131571.6 523 8 CD1F7770450E0B02
131572.9 52E 5 603F000000
131574.1 663 8 7814E00E00AA0000
131583.9 31C 8 00000000800084F3
131586.2 31D 8 000000000000001F
131587.9 38C 8 000000000000007F
131599.2 38D 8 00000000000000E5
131600.6 39C 8 FF6F000000000000
131601.9 3C3 8 FF00000000000000
131603.4 444 8 0000000000000005
131630.7 539 8 3602800008030000
131632.3 541 8 0000000000000000
131633.5 31C 8 00000000800084F3
131635.1 5EA 8 0000000000000016
131636.4 31D 8 000000000000001F
131637.8 5EB 8 0000000000000007
131639.4 5EC 8 000000000000000F
131646.7 66B 8 7700000000000000
131648.0 66C 8 DF09000000000000
131661.7 444 8 0000000000000005
131677.6 6C0 7 04030100000000
131679.2 3F1 8 0002000000000000
131681.1 663 8 7814E00E00AA0000
131682.4 31C 8 00000000800084F3
131684.0 31D 8 000000000000001F
131693.0 38C 8 000000000000007F
131694.6 38D 8 00000000000000E5
131696.0 39C 8 FF6F000000000000
131708.6 3C3 8 FF00000000000000
131710.1 444 8 0000000000000005
131711.5 537 8 8080808080800000
131724.2 538 8 8080008080000080
131725.5 6AB 8 0000000000003FA1
131726.8 31C 8 00000000800084F3
131728.6 31D 8 000000000000001F
131755.9 444 8 0000000000000005
131771.1 3F1 8 0002000000000000
131773.0 663 8 7814E00E00AA0000
131774.5 31C 8 00000000800084F3
131787.0 31D 8 000000000000001F
131788.6 38C 8 000000000000007F
131790.0 38D 8 00000000000000E5
131802.3 39C 8 FF6F000000000000
131804.2 3C3 8 FF00000000000000
131805.6 444 8 0000000000000005
131818.3 523 8 CD1F7770450E0B02
131820.0 52E 5 603F000000
131834.0 31C 8 00000000800084F3
131835.6 31D 8 000000000000001F
131849.6 444 8 0000000000000005
131865.2 6C0 7 04030100000000
131880.8 3F1 8 0002000000000000
131882.3 539 8 3602800008030000
131883.6 663 8 7814E00E00AA0000
131885.1 541 8 0000000000000000
131886.4 31C 8 00000000800084F3
131887.7 31D 8 000000000000001F
131889.2 38C 8 000000000000007F
131896.4 38D 8 00000000000000E5
131897.9 39C 8 FF6F000000000000
131899.9 3C3 8 FF00000000000000
131912.2 444 8 0000000000000005
131914.0 537 8 8080808080800000
131915.7 538 8 8080008080000080
131927.6 6AB 8 0000000000003FA1
131929.4 31C 8 00000000800084F3
131930.8 31D 8 000000000000001F
131958.9 444 8 0000000000000005
131974.2 3F1 8 0002000000000000
131975.6 663 8 7814E00E00AA0000
131977.2 31C 8 00000000800084F3
131978.8 31D 8 000000000000001F
131989.8 38C 8 000000000000007F
131991.2 38D 8 00000000000000E5
131992.7 39C 8 FF6F000000000000
132005.8 3C3 8 FF00000000000000
132007.5 444 8 0000000000000005
132021.5 31C 8 00000000800084F3
132037.1 31D 8 000000000000001F
132052.4 444 8 0000000000000005
132068.3 6C0 7 04030100000000
132070.0 3F1 8 0002000000000000
132071.4 484 8 0000000000000000
132072.6 523 8 CD1F7770450E0B02
132073.8 52E 5 603F000000
132075.9 585 8 902C00000000003F
132077.4 64C 2 0011
132078.7 663 8 7814E00E00AA0000
132080.1 6B2 8 FFFEFF0F880002DD
132084.0 31C 8 00000000800084F3
132085.7 31D 8 000000000000001F
132087.2 38C 8 000000000000007F
132099.5 38D 8 00000000000000E5
132100.9 39C 8 FF6F000000000000
132102.4 3C3 8 FF00000000000000
132104.3 444 8 0000000000000005
132115.1 537 8 8080808080800000
132116.8 538 8 8080008080000080
132130.7 5FB 8 1FFFFFFFFF1FF87E
132132.2 539 8 3602800008030000
132133.7 541 8 0000000000000000
132135.4 5FA 8 5B9DC7CC9C46F1FF
132136.6 6AB 8 0000000000003FA1
132137.9 31C 8 00000000800084F3
132139.5 5EA 8 0000000000000016
132140.7 31D 8 000000000000001F
132142.1 5EB 8 0000000000000007
132143.3 5EC 8 000000000000000F
132146.0 66B 8 7700000000000000
132147.4 66C 8 DF09000000000000
132162.4 444 8 0000000000000005
132177.3 3F1 8 0002000000000000
132178.8 663 8 7814E00E00AA0000
132180.3 31C 8 00000000800084F3
132182.4 31D 8 000000000000001F
132192.9 38C 8 000000000000007F
132194.6 38D 8 00000000000000E5
132196.0 39C 8 FF6F000000000000
132208.9 3C3 8 FF00000000000000
132210.4 444 8 0000000000000005
132224.2 31C 8 00000000800084F3
132226.1 31D 8 000000000000001F
132255.8 444 8 0000000000000005
132271.3 6C0 7 04030100000000
132272.9 3F1 8 0002000000000000
132274.9 663 8 7814E00E00AA0000
132276.3 31C 8 00000000800084F3
132287.1 31D 8 000000000000001F
132289.2 38C 8 000000000000007F
132291.1 38D 8 00000000000000E5
132302.5 39C 8 FF6F000000000000
132304.1 3C3 8 FF00000000000000
132305.5 444 8 0000000000000005
132318.3 537 8 8080808080800000
132327.4 538 8 8080008080000080
132329.0 523 8 CD1F7770450E0B02
132330.4 52E 5 603F000000
132331.9 6AB 8 0000000000003FA1
132333.6 31C 8 00000000800084F3
132335.1 31D 8 000000000000001F
132349.6 444 8 0000000000000005
132365.4 3F1 8 0002000000000000
132367.1 663 8 7814E00E00AA0000
132380.8 539 8 3602800008030000
132382.7 541 8 0000000000000000
132384.9 31C 8 00000000800084F3
132386.9 31D 8 000000000000001F
132388.4 38C 8 000000000000007F
132396.5 38D 8 00000000000000E5
132398.0 39C 8 FF6F000000000000
132399.8 3C3 8 FF00000000000000
132412.0 444 8 0000000000000005
132427.4 31C 8 00000000800084F3
132428.9 31D 8 000000000000001F
132459.0 444 8 0000000000000005
132474.2 6C0 7 04030100000000
132475.7 3F1 8 0002000000000000
132477.4 663 8 7814E00E00AA0000
132478.9 31C 8 00000000800084F3
132480.5 31D 8 000000000000001F
132489.8 38C 8 000000000000007F
132491.3 38D 8 00000000000000E5
132492.9 39C 8 FF6F000000000000
132505.8 3C3 8 FF00000000000000
132508.0 444 8 0000000000000005
132509.5 537 8 8080808080800000
132521.4 538 8 8080008080000080
132523.0 6AB 8 0000000000003FA1
132524.5 31C 8 00000000800084F3
132537.0 31D 8 000000000000001F
132552.5 444 8 0000000000000005
132568.3 3F1 8 0002000000000000
132569.9 484 8 0000000000000000
132571.2 523 8 CD1F7770450E0B02
132572.6 52E 5 603F000000
132574.1 663 8 7814E00E00AA0000
132583.9 31C 8 00000000800084F3
132585.6 31D 8 000000000000001F
132587.1 38C 8 000000000000007F
132599.2 38D 8 00000000000000E5
132600.6 39C 8 FF6F000000000000
132602.3 3C3 8 FF00000000000000
132603.9 444 8 0000000000000005
132630.7 539 8 3602800008030000
132632.2 541 8 0000000000000000
132633.6 31C 8 00000000800084F3
132635.3 5EA 8 0000000000000016
132636.7 31D 8 000000000000001F
132638.3 5EB 8 0000000000000007
132639.7 5EC 8 000000000000000F
132646.3 66B 8 7700000000000000
132647.7 66C 8 DF09000000000000
132662.0 444 8 0000000000000005
132677.6 6C0 7 04030100000000
132679.2 3F1 8 0002000000000000
132680.6 663 8 7814E00E00AA0000
132682.0 31C 8 00000000800084F3
132683.6 31D 8 000000000000001F
132692.9 38C 8 000000000000007F
132694.6 38D 8 00000000000000E5
132696.0 39C 8 FF6F000000000000
132708.7 3C3 8 FF00000000000000
132710.4 444 8 0000000000000005
132711.7 537 8 8080808080800000
132724.2 538 8 8080008080000080
132725.6 6AB 8 0000000000003FA1
132726.8 31C 8 00000000800084F3
132729.1 31D 8 000000000000001F
132755.8 444 8 0000000000000005
132771.6 3F1 8 0002000000000000
132773.5 663 8 7814E00E00AA0000
132775.6 31C 8 00000000800084F3
132786.7 31D 8 000000000000001F
132788.3 38C 8 000000000000007F
132789.9 38D 8 00000000000000E5
132802.8 39C 8 FF6F000000000000
132804.4 3C3 8 FF00000000000000
132806.8 444 8 0000000000000005
132818.2 523 8 CD1F7770450E0B02
132820.0 52E 5 603F000000
132834.2 31C 8 00000000800084F3
132835.7 31D 8 000000000000001F
132849.6 444 8 0000000000000005
132880.8 6C0 7 04030100000000
132882.6 3F1 8 0002000000000000
132884.2 663 8 7814E00E00AA0000
132886.2 539 8 3602800008030000
132887.7 541 8 0000000000000000
132889.0 31C 8 00000000800084F3
132890.6 31D 8 000000000000001F
132892.2 38C 8 000000000000007F
132896.5 38D 8 00000000000000E5
132898.3 39C 8 FF6F000000000000
132900.1 3C3 8 FF00000000000000
132912.1 444 8 0000000000000005
132913.7 537 8 8080808080800000
132915.1 538 8 8080008080000080
132927.4 6AB 8 0000000000003FA1
132929.1 31C 8 00000000800084F3
132930.5 31D 8 000000000000001F
132958.9 444 8 0000000000000005
132974.3 3F1 8 0002000000000000
132976.0 663 8 7814E00E00AA0000
132978.0 31C 8 00000000800084F3
132979.5 31D 8 000000000000001F
132989.9 38C 8 000000000000007F
132991.3 38D 8 00000000000000E5
132992.6 39C 8 FF6F000000000000
133005.8 3C3 8 FF00000000000000
133007.2 444 8 0000000000000005
133021.4 31C 8 00000000800084F3
133037.0 31D 8 000000000000001F
133052.5 444 8 0000000000000005
133068.4 6C0 7 04030100000000
133070.1 3F1 8 0002000000000000
133071.4 484 8 0000000000000000
133072.5 523 8 CD1F7770450E0B02
133073.8 52E 5 603F000000
133075.3 585 8 902C00000000003F
133076.5 64C 2 0011
133077.7 663 8 7814E00E00AA0000
133079.9 6B2 8 FFFEFF0F880082DD
133084.2 31C 8 00000000800084F3
133086.0 31D 8 000000000000001F
133087.8 38C 8 000000000000007F
133099.3 38D 8 00000000000000E5
133100.6 39C 8 FF6F000000000000
133102.2 3C3 8 FF00000000000000
133103.9 444 8 0000000000000005
133115.2 537 8 8080808080800000
133121.7 538 8 8080008080000080
133130.8 5FB 8 1FFFFFFFFF1FF87E
133132.2 539 8 3602800008030000
133133.6 541 8 0000000000000000
133135.1 5FA 8 5B9DC7CC9C46F1FF
133136.6 6AB 8 0000000000003FA1
133138.1 31C 8 00000000800084F3
133139.6 5EA 8 0000000000000016
133140.9 31D 8 000000000000001F
133142.4 5EB 8 0000000000000007
133143.7 5EC 8 000000000000000F
133146.3 66B 8 7700000000000000
133148.0 66C 8 DF09000000000000
133162.0 444 8 0000000000000005
133177.3 3F1 8 0002000000000000
133178.9 663 8 7814E00E00AA0000
133180.7 31C 8 00000000800084F3
133182.2 31D 8 000000000000001F
133192.9 38C 8 000000000000007F
133194.5 38D 8 00000000000000E5
133195.9 39C 8 FF6F000000000000
133208.9 3C3 8 FF00000000000000
133210.6 444 8 0000000000000005
133224.2 31C 8 00000000800084F3
133225.6 31D 8 000000000000001F
133255.7 444 8 0000000000000005
133271.1 6C0 7 04030100000000
133272.8 3F1 8 0002000000000000
133274.9 663 8 7814E00E00AA0000
133276.5 31C 8 00000000800084F3
133287.2 31D 8 000000000000001F
133289.3 38C 8 000000000000007F
133291.3 38D 8 00000000000000E5
133302.6 39C 8 FF6F000000000000
133304.5 3C3 8 FF00000000000000
133306.0 444 8 0000000000000005
133318.3 537 8 8080808080800000
133319.9 538 8 8080008080000080
133321.4 523 8 CD1F7770450E0B02
133322.8 52E 5 603F000000
133324.1 6AB 8 0000000000003FA1
133333.9 31C 8 00000000800084F3
133335.6 31D 8 000000000000001F
133349.4 444 8 0000000000000005
133380.8 3F1 8 0002000000000000
133382.4 663 8 7814E00E00AA0000
133383.9 539 8 3602800008030000
133385.3 541 8 0000000000000000
133386.7 31C 8 00000000800084F3
133388.4 31D 8 000000000000001F
133389.9 38C 8 000000000000007F
133396.5 38D 8 00000000000000E5
133398.9 39C 8 FF6F000000000000
133400.4 3C3 8 FF00000000000000
133412.0 444 8 0000000000000005
133427.4 31C 8 00000000800084F3
133429.1 31D 8 000000000000001F
133459.0 444 8 0000000000000005
133474.1 6C0 7 04030100000000
133475.8 3F1 8 0002000000000000
133477.4 663 8 7814E00E00AA0000
133478.9 31C 8 00000000800084F3
133480.5 31D 8 000000000000001F
133489.8 38C 8 000000000000007F
133491.5 38D 8 00000000000000E5
133493.0 39C 8 FF6F000000000000
133505.8 3C3 8 FF00000000000000
133507.4 444 8 0000000000000005
133509.2 537 8 8080808080800000
133521.5 538 8 8080008080000080
133523.0 6AB 8 0000000000003FA1
133524.5 31C 8 00000000800084F3
133537.0 31D 8 000000000000001F
133552.5 444 8 0000000000000005
133568.3 3F1 8 0002000000000000
133570.1 484 8 0000000000000000
133571.4 523 8 CD1F7770450E0B02
133572.7 52E 5 603F000000
133574.8 663 8 7814E00E00AA0000
133583.9 31C 8 00000000800084F3
133585.6 31D 8 000000000000001F
133587.2 38C 8 000000000000007F
133599.2 38D 8 00000000000000E5
133600.7 39C 8 FF6F000000000000
133602.3 3C3 8 FF00000000000000
133603.8 444 8 0000000000000005
133630.8 539 8 3602800008030000
133632.2 541 8 0000000000000000
133633.8 31C 8 00000000800084F3
133635.4 5EA 8 0000000000000016
133637.0 31D 8 000000000000001F
133638.3 5EB 8 0000000000000007
133639.5 5EC 8 000000000000000F
133646.4 66B 8 7700000000000000
133647.8 66C 8 DF09000000000000
133662.0 444 8 0000000000000005
133677.5 6C0 7 04030100000000
133679.0 3F1 8 0002000000000000
133681.1 663 8 7814E00E00AA0000
133682.5 31C 8 00000000800084F3
133684.1 31D 8 000000000000001F
133693.1 38C 8 000000000000007F
133695.7 38D 8 00000000000000E5
133697.8 39C 8 FF6F000000000000
133708.6 3C3 8 FF00000000000000
133710.7 444 8 0000000000000005
133712.1 537 8 8080808080800000
133724.2 538 8 8080008080000080
133725.5 6AB 8 0000000000003FA1
133726.8 31C 8 00000000800084F3
133728.9 31D 8 000000000000001F
133755.8 444 8 0000000000000005
133771.3 3F1 8 0002000000000000
133772.8 663 8 7814E00E00AA0000
133774.2 31C 8 00000000800084F3
133787.1 31D 8 000000000000001F
133789.1 38C 8 000000000000007F
133790.5 38D 8 00000000000000E5
133802.5 39C 8 FF6F000000000000
133804.2 3C3 8 FF00000000000000
133805.5 444 8 0000000000000005
133818.3 523 8 CD1F7770450E0B02
133820.7 52E 5 603F000000
133834.0 31C 8 00000000800084F3
133835.5 31D 8 000000000000001F
133849.6 444 8 0000000000000005
133880.9 6C0 7 04030100000000
133883.0 3F1 8 0002000000000000
133885.1 663 8 7814E00E00AA0000
133887.3 539 8 3602800008030000
133889.5 541 8 0000000000000000
133890.8 31C 8 00000000800084F3
133892.5 31D 8 000000000000001F
133894.0 38C 8 000000000000007F
133896.1 38D 8 00000000000000E5
133898.5 39C 8 FF6F000000000000
133900.0 3C3 8 FF00000000000000
133912.0 444 8 0000000000000005
133913.7 537 8 8080808080800000
133915.2 538 8 8080008080000080
133927.4 6AB 8 0000000000003FA1
133928.9 31C 8 00000000800084F3
133930.5 31D 8 000000000000001F
133959.0 444 8 0000000000000005
133974.2 3F1 8 0002000000000000
133975.7 663 8 7814E00E00AA0000
133977.3 31C 8 00000000800084F3
133978.9 31D 8 000000000000001F
133990.2 38C 8 000000000000007F
133991.7 38D 8 00000000000000E5
133993.3 39C 8 FF6F000000000000
134005.8 3C3 8 FF00000000000000
134007.3 444 8 0000000000000005
134021.2 31C 8 00000000800084F3
134037.1 31D 8 000000000000001F
134052.5 444 8 0000000000000005
134068.3 6C0 7 04030100000000
134069.9 3F1 8 0002000000000000
134071.4 484 8 0000000000000000
134072.8 523 8 CD1F7770450E0B02
134074.1 52E 5 603F000000
134075.5 585 8 902C00000000003F
134076.7 64C 2 0011
134078.0 663 8 7814E00E00AA0000
134079.4 6B2 8 FFFEFF0F880004C0
134084.2 31C 8 00000000800084F3
134085.8 31D 8 000000000000001F
134087.4 38C 8 000000000000007F
134099.2 38D 8 00000000000000E5
134100.8 39C 8 FF6F000000000000
134102.3 3C3 8 FF00000000000000
134103.9 444 8 0000000000000005
134115.1 537 8 8080808080800000
134116.7 538 8 8080008080000080
134130.5 5FB 8 1FFFFFFFFF1FF87E
134132.0 539 8 3602800008030000
134133.5 541 8 0000000000000000
134135.0 5FA 8 5B9DC7CC9C46F1FF
134136.3 6AB 8 0000000000003FA1
134137.9 31C 8 00000000800084F3
134139.5 5EA 8 0000000000000016
134140.9 31D 8 000000000000001F
134142.5 5EB 8 0000000000000007
134143.9 5EC 8 000000000000000F
134162.0 66B 8 7700000000000000
134163.6 66C 8 DF09000000000000
134165.1 444 8 0000000000000005
134177.3 3F1 8 0002000000000000
134178.8 663 8 7814E00E00AA0000
134180.5 31C 8 00000000800084F3
134182.1 31D 8 000000000000001F
134192.9 38C 8 000000000000007F
134194.5 38D 8 00000000000000E5
134196.1 39C 8 FF6F000000000000
134208.9 3C3 8 FF00000000000000
134210.4 444 8 0000000000000005
134224.2 31C 8 00000000800084F3
134225.6 31D 8 000000000000001F
134255.5 444 8 0000000000000005
134271.4 6C0 7 04030100000000
134273.0 3F1 8 0002000000000000
134274.5 663 8 7814E00E00AA0000
134276.0 31C 8 00000000800084F3
134287.0 31D 8 000000000000001F
134289.3 38C 8 000000000000007F
134291.2 38D 8 00000000000000E5
134302.7 39C 8 FF6F000000000000
134304.3 3C3 8 FF00000000000000
134305.9 444 8 0000000000000005
134318.5 537 8 8080808080800000
134320.1 538 8 8080008080000080
134321.7 523 8 CD1F7770450E0B02
134323.2 52E 5 603F000000
134324.5 6AB 8 0000000000003FA1
134334.6 31C 8 00000000800084F3
134336.3 31D 8 000000000000001F
134349.8 444 8 0000000000000005
134365.7 3F1 8 0002000000000000
134367.4 663 8 7814E00E00AA0000
134381.4 539 8 3602800008030000
134383.0 541 8 0000000000000000
134384.6 31C 8 00000000800084F3
134386.2 31D 8 000000000000001F
134387.9 38C 8 000000000000007F
134397.2 38D 8 00000000000000E5
134398.8 39C 8 FF6F000000000000
134400.6 3C3 8 FF00000000000000
134412.8 444 8 0000000000000005
134428.3 31C 8 00000000800084F3
134430.0 31D 8 000000000000001F
134459.9 444 8 0000000000000005
134475.2 6C0 7 04030100000000
134476.8 3F1 8 0002000000000000
134478.3 663 8 7814E00E00AA0000
134479.6 31C 8 00000000800084F3
134481.9 31D 8 000000000000001F
134490.8 38C 8 000000000000007F
134492.5 38D 8 00000000000000E5
134494.1 39C 8 FF6F000000000000
134506.4 3C3 8 FF00000000000000
134508.0 444 8 0000000000000005
134509.7 537 8 8080808080800000
134521.8 538 8 8080008080000080
134523.3 6AB 8 0000000000003FA1
134525.0 31C 8 00000000800084F3
134537.7 31D 8 000000000000001F
134553.0 444 8 0000000000000005
134568.6 3F1 8 0002000000000000
134570.2 484 8 0000000000000000
134571.5 523 8 CD1F7770450E0B02
134572.9 52E 5 603F000000
134574.1 663 8 7814E00E00AA0000
134584.6 31C 8 00000000800084F3
134586.2 31D 8 000000000000001F
134587.7 38C 8 000000000000007F
134589.1 38D 8 00000000000000E5
134600.3 39C 8 FF6F000000000000
134601.8 3C3 8 FF00000000000000
134603.2 444 8 0000000000000005
134631.6 539 8 3602800008030000
134633.1 541 8 0000000000000000
134635.4 31C 8 00000000800084F3
134637.3 5EA 8 0000000000000016
134638.6 31D 8 000000000000001F
134640.0 5EB 8 0000000000000007
134641.6 5EC 8 000000000000000F
134647.1 66B 8 7700000000000000
134648.4 66C 8 DF09000000000000
134662.7 444 8 0000000000000005
134678.3 6C0 7 04030100000000
134679.9 3F1 8 0002000000000000
134681.2 663 8 7814E00E00AA0000
134682.7 31C 8 00000000800084F3
134684.2 31D 8 000000000000001F
134693.8 38C 8 000000000000007F
134695.3 38D 8 00000000000000E5
134696.6 39C 8 FF6F000000000000
134709.4 3C3 8 FF00000000000000
134710.9 444 8 0000000000000005
134712.4 537 8 8080808080800000
134713.7 538 8 8080008080000080
134725.2 6AB 8 0000000000003FA1
134726.5 31C 8 00000000800084F3
134728.5 31D 8 000000000000001F
134756.6 444 8 0000000000000005
134772.0 3F1 8 0002000000000000
134773.5 663 8 7814E00E00AA0000
134774.9 31C 8 00000000800084F3
134787.4 31D 8 000000000000001F
134789.0 38C 8 000000000000007F
134790.5 38D 8 00000000000000E5
134803.0 39C 8 FF6F000000000000
134804.5 3C3 8 FF00000000000000
134806.0 444 8 0000000000000005
134818.7 523 8 CD1F7770450E0B02
134820.3 52E 5 603F000000
134835.0 31C 8 00000000800084F3
134836.5 31D 8 000000000000001F
134849.9 444 8 0000000000000005
134865.6 6C0 7 04030100000000
134867.4 3F1 8 0002000000000000
134868.9 663 8 7814E00E00AA0000
134881.8 539 8 3602800008030000
134884.0 541 8 0000000000000000
134885.5 31C 8 00000000800084F3
134887.0 31D 8 000000000000001F
134888.7 38C 8 000000000000007F
134897.3 38D 8 00000000000000E5
134899.1 39C 8 FF6F000000000000
134900.9 3C3 8 FF00000000000000
134912.5 444 8 0000000000000005
134914.4 537 8 8080808080800000
134915.8 538 8 8080008080000080
134928.1 6AB 8 0000000000003FA1
134930.3 31C 8 00000000800084F3
134931.7 31D 8 000000000000001F
134959.5 444 8 0000000000000005
134975.1 3F1 8 0002000000000000
134976.6 663 8 7814E00E00AA0000
134978.5 31C 8 00000000800084F3
134980.0 31D 8 000000000000001F
134990.9 38C 8 000000000000007F
134992.6 38D 8 00000000000000E5
134994.1 39C 8 FF6F000000000000
135006.5 3C3 8 FF00000000000000
135008.0 444 8 0000000000000005
135022.1 31C 8 00000000800084F3
135037.9 31D 8 000000000000001F
135053.0 444 8 0000000000000005
135068.7 6C0 7 04030100000000
135070.3 3F1 8 0002000000000000
135071.8 484 8 0000000000000000
135073.2 523 8 CD1F7770450E0B02
135074.5 52E 5 603F000000
135075.9 585 8 902C00000000003F
135077.2 64C 2 0011
135078.6 663 8 7814E00E00AA0000
135079.9 6B2 8 FFFEFF0F880084C0
135084.5 31C 8 00000000800084F3
135086.1 31D 8 000000000000001F
135088.5 38C 8 000000000000007F
135090.0 38D 8 00000000000000E5
135100.0 39C 8 FF6F000000000000
135101.5 3C3 8 FF00000000000000
135103.0 444 8 0000000000000005
135115.8 537 8 8080808080800000
135117.4 538 8 8080008080000080
135131.5 5FB 8 1FFFFFFFFF1FF87E
135133.0 539 8 3602800008030000
135134.5 541 8 0000000000000000
135136.0 5FA 8 5B9DC7CC9C46F1FF
135137.4 6AB 8 0000000000003FA1
135138.8 31C 8 00000000800084F3
135140.3 5EA 8 0000000000000016
135141.6 31D 8 000000000000001F
135143.1 5EB 8 0000000000000007
135144.3 5EC 8 000000000000000F
135147.2 66B 8 7700000000000000
135148.7 66C 8 DF09000000000000
135162.7 444 8 0000000000000005
135178.4 3F1 8 0002000000000000
135180.0 663 8 7814E00E00AA0000
135181.4 31C 8 00000000800084F3
135182.9 31D 8 000000000000001F
135193.8 38C 8 000000000000007F
135195.4 38D 8 00000000000000E5
135197.0 39C 8 FF6F000000000000
135209.8 3C3 8 FF00000000000000
135212.0 444 8 0000000000000005
135225.3 31C 8 00000000800084F3
135227.2 31D 8 000000000000001F
135256.2 444 8 0000000000000005
135272.2 6C0 7 04030100000000
135274.0 3F1 8 0002000000000000
135275.8 663 8 7814E00E00AA0000
135277.2 31C 8 00000000800084F3
135287.5 31D 8 000000000000001F
135289.6 38C 8 000000000000007F
135291.6 38D 8 00000000000000E5
135303.0 39C 8 FF6F000000000000
135304.7 3C3 8 FF00000000000000
135306.0 444 8 0000000000000005
135318.7 537 8 8080808080800000
135320.1 538 8 8080008080000080
135321.5 523 8 CD1F7770450E0B02
135322.9 52E 5 603F000000
135324.3 6AB 8 0000000000003FA1
135334.7 31C 8 00000000800084F3
135336.3 31D 8 000000000000001F
135349.9 444 8 0000000000000005
135365.8 3F1 8 0002000000000000
135367.7 663 8 7814E00E00AA0000
135381.5 539 8 3602800008030000
135383.9 541 8 0000000000000000
135385.4 31C 8 00000000800084F3
135386.8 31D 8 000000000000001F
135388.4 38C 8 000000000000007F
135397.1 38D 8 00000000000000E5
135398.8 39C 8 FF6F000000000000
135400.5 3C3 8 FF00000000000000
135412.7 444 8 0000000000000005
135428.4 31C 8 00000000800084F3
135430.0 31D 8 000000000000001F
135459.8 444 8 0000000000000005
135475.2 6C0 7 04030100000000
135476.8 3F1 8 0002000000000000
135478.2 663 8 7814E00E00AA0000
135479.4 31C 8 00000000800084F3
135480.9 31D 8 000000000000001F
135490.8 38C 8 000000000000007F
135492.3 38D 8 00000000000000E5
135493.8 39C 8 FF6F000000000000
135506.3 3C3 8 FF00000000000000
135508.1 444 8 0000000000000005
135509.8 537 8 8080808080800000
135522.1 538 8 8080008080000080
135523.7 6AB 8 0000000000003FA1
135525.4 31C 8 00000000800084F3
135537.7 31D 8 000000000000001F
135553.0 444 8 0000000000000005
135568.7 3F1 8 0002000000000000
135570.2 484 8 0000000000000000
135571.5 523 8 CD1F7770450E0B02
135572.9 52E 5 603F000000
135574.2 663 8 7814E00E00AA0000
135584.7 31C 8 00000000800084F3
135586.6 31D 8 000000000000001F
135588.3 38C 8 000000000000007F
135589.7 38D 8 00000000000000E5
135600.3 39C 8 FF6F000000000000
135601.7 3C3 8 FF00000000000000
135603.4 444 8 0000000000000005
135631.2 539 8 3602800008030000
135632.5 541 8 0000000000000000
135634.3 31C 8 00000000800084F3
135636.2 5EA 8 0000000000000016
135637.5 31D 8 000000000000001F
135638.9 5EB 8 0000000000000007
135640.3 5EC 8 000000000000000F
135647.2 66B 8 7700000000000000
135648.6 66C 8 DF09000000000000
135662.7 444 8 0000000000000005
135678.3 6C0 7 04030100000000
135680.0 3F1 8 0002000000000000
135681.3 663 8 7814E00E00AA0000
135682.7 31C 8 00000000800084F3
135684.8 31D 8 000000000000001F
135693.8 38C 8 000000000000007F
135695.5 38D 8 00000000000000E5
135697.1 39C 8 FF6F000000000000
135709.7 3C3 8 FF00000000000000
135711.6 444 8 0000000000000005
135713.2 537 8 8080808080800000
135714.7 538 8 8080008080000080
135725.1 6AB 8 0000000000003FA1
135726.5 31C 8 00000000800084F3
135728.3 31D 8 000000000000001F
135756.2 444 8 0000000000000005
135771.8 3F1 8 0002000000000000
135773.4 663 8 7814E00E00AA0000
135774.7 31C 8 00000000800084F3
135787.8 31D 8 000000000000001F
135790.4 38C 8 000000000000007F
135791.7 38D 8 00000000000000E5
135803.0 39C 8 FF6F000000000000
135804.6 3C3 8 FF00000000000000
135805.9 444 8 0000000000000005
135818.7 523 8 CD1F7770450E0B02
135820.2 52E 5 603F000000
135834.9 31C 8 00000000800084F3
135836.4 31D 8 000000000000001F
135849.9 444 8 0000000000000005
135865.7 6C0 7 04030100000000
135867.6 3F1 8 0002000000000000
135881.6 663 8 7814E00E00AA0000
135883.4 539 8 3602800008030000
135885.0 541 8 0000000000000000
135886.4 31C 8 00000000800084F3
135888.0 31D 8 000000000000001F
135889.6 38C 8 000000000000007F
135896.9 38D 8 00000000000000E5
135898.4 39C 8 FF6F000000000000
135900.4 3C3 8 FF00000000000000
135912.6 444 8 0000000000000005
135914.4 537 8 8080808080800000
135915.7 538 8 8080008080000080
135928.4 6AB 8 0000000000003FA1
135929.8 31C 8 00000000800084F3
135931.2 31D 8 000000000000001F
135959.6 444 8 0000000000000005
135975.2 3F1 8 0002000000000000
135976.6 663 8 7814E00E00AA0000
135978.2 31C 8 00000000800084F3
135979.6 31D 8 000000000000001F
135991.0 38C 8 000000000000007F
135992.7 38D 8 00000000000000E5
135995.2 39C 8 FF6F000000000000
136006.5 3C3 8 FF00000000000000
136008.0 444 8 0000000000000005
136022.0 31C 8 00000000800084F3
136037.7 31D 8 000000000000001F
136053.2 444 8 0000000000000005
136068.9 6C0 7 04030100000000
136070.8 3F1 8 0002000000000000
136072.7 484 8 0000000000000000
136074.2 523 8 CD1F7770450E0B02
136075.6 52E 5 603F000000
136077.0 585 8 902C00000000003F
136078.3 64C 2 0011
136079.7 663 8 7814E00E00AA0000
136081.1 6B2 8 FFFEFF0F880004C1
136084.5 31C 8 00000000800084F3
136086.7 31D 8 000000000000001F
136088.5 38C 8 000000000000007F
136090.4 38D 8 00000000000000E5
136100.2 39C 8 FF6F000000000000
136102.0 3C3 8 FF00000000000000
136103.9 444 8 0000000000000005
136115.7 537 8 8080808080800000
136117.5 538 8 8080008080000080
136131.3 5FB 8 1FFFFFFFFF1FF87E
136132.8 539 8 3602800008030000
136134.5 541 8 0000000000000000
136136.2 5FA 8 5B9DC7CC9C46F1FF
136138.7 6AB 8 0000000000003FA1
136140.4 31C 8 00000000800084F3
136142.0 5EA 8 0000000000000016
136144.8 31D 8 000000000000001F
136146.5 5EB 8 0000000000000007
136147.9 5EC 8 000000000000000F
136162.8 66B 8 7700000000000000
136165.5 66C 8 DF09000000000000
136167.6 444 8 0000000000000005
136178.1 3F1 8 0002000000000000
136180.2 663 8 7814E00E00AA0000
136181.8 31C 8 00000000800084F3
136183.4 31D 8 000000000000001F
136193.7 38C 8 000000000000007F
136195.3 38D 8 00000000000000E5
136196.7 39C 8 FF6F000000000000
136209.5 3C3 8 FF00000000000000
136211.1 444 8 0000000000000005
136225.0 31C 8 00000000800084F3
136226.6 31D 8 000000000000001F
136256.4 444 8 0000000000000005
136271.9 6C0 7 04030100000000
136273.5 3F1 8 0002000000000000
136275.1 663 8 7814E00E00AA0000
136276.5 31C 8 00000000800084F3
136287.5 31D 8 000000000000001F
136290.7 38C 8 000000000000007F
136292.1 38D 8 00000000000000E5
136303.0 39C 8 FF6F000000000000
136304.6 3C3 8 FF00000000000000
136306.2 444 8 0000000000000005
136318.7 537 8 8080808080800000
136320.3 538 8 8080008080000080
136321.9 523 8 CD1F7770450E0B02
136323.5 52E 5 603F000000
136325.0 6AB 8 0000000000003FA1
136334.3 31C 8 00000000800084F3
136336.1 31D 8 000000000000001F
136349.9 444 8 0000000000000005
136365.6 3F1 8 0002000000000000
136367.3 663 8 7814E00E00AA0000
136381.4 539 8 3602800008030000
136383.1 541 8 0000000000000000
136384.5 31C 8 00000000800084F3
136386.2 31D 8 000000000000001F
136387.8 38C 8 000000000000007F
136397.1 38D 8 00000000000000E5
136398.7 39C 8 FF6F000000000000
136400.2 3C3 8 FF00000000000000
136412.7 444 8 0000000000000005
136428.0 31C 8 00000000800084F3
136429.6 31D 8 000000000000001F
136459.7 444 8 0000000000000005
136474.9 6C0 7 04030100000000
136476.6 3F1 8 0002000000000000
136478.0 663 8 7814E00E00AA0000
136479.4 31C 8 00000000800084F3
136481.0 31D 8 000000000000001F
136490.5 38C 8 000000000000007F
136492.3 38D 8 00000000000000E5
136494.4 39C 8 FF6F000000000000
136506.5 3C3 8 FF00000000000000
136508.4 444 8 0000000000000005
136510.1 537 8 8080808080800000
136522.1 538 8 8080008080000080
136523.9 6AB 8 0000000000003FA1
136525.7 31C 8 00000000800084F3
136537.7 31D 8 000000000000001F
136553.0 444 8 0000000000000005
136568.7 3F1 8 0002000000000000
136570.2 484 8 0000000000000000
136571.4 523 8 CD1F7770450E0B02
136572.7 52E 5 603F000000
136574.1 663 8 7814E00E00AA0000
136584.6 31C 8 00000000800084F3
136586.5 31D 8 000000000000001F
136588.3 38C 8 000000000000007F
136591.0 38D 8 00000000000000E5
136600.0 39C 8 FF6F000000000000
136601.5 3C3 8 FF00000000000000
136603.1 444 8 0000000000000005
136631.2 539 8 3602800008030000
136632.6 541 8 0000000000000000
136634.1 31C 8 00000000800084F3
136635.7 5EA 8 0000000000000016
136637.0 31D 8 000000000000001F
136638.4 5EB 8 0000000000000007
136639.7 5EC 8 000000000000000F
136647.1 66B 8 7700000000000000
136648.5 66C 8 DF09000000000000
136662.7 444 8 0000000000000005
136678.3 6C0 7 04030100000000
136679.9 3F1 8 0002000000000000
136681.3 663 8 7814E00E00AA0000
136682.8 31C 8 00000000800084F3
136684.1 31D 8 000000000000001F
136694.1 38C 8 000000000000007F
136696.0 38D 8 00000000000000E5
136697.4 39C 8 FF6F000000000000
136698.9 3C3 8 FF00000000000000
136709.3 444 8 0000000000000005
136710.8 537 8 8080808080800000
136712.0 538 8 8080008080000080
136725.3 6AB 8 0000000000003FA1
136726.7 31C 8 00000000800084F3
136728.3 31D 8 000000000000001F
136756.5 444 8 0000000000000005
136771.8 3F1 8 0002000000000000
136773.3 663 8 7814E00E00AA0000
136774.8 31C 8 00000000800084F3
136787.5 31D 8 000000000000001F
136789.1 38C 8 000000000000007F
136790.8 38D 8 00000000000000E5
136803.0 39C 8 FF6F000000000000
136804.5 3C3 8 FF00000000000000
136805.9 444 8 0000000000000005
136818.7 523 8 CD1F7770450E0B02
136820.1 52E 5 603F000000
136834.9 31C 8 00000000800084F3
136836.6 31D 8 000000000000001F
136850.3 444 8 0000000000000005
136867.1 6C0 7 04030100000000
136869.4 3F1 8 0002000000000000
136871.5 663 8 7814E00E00AA0000
136881.5 539 8 3602800008030000
136883.4 541 8 0000000000000000
136885.5 31C 8 00000000800084F3
136887.6 31D 8 000000000000001F
136889.5 38C 8 000000000000007F
136897.0 38D 8 00000000000000E5
136899.3 39C 8 FF6F000000000000
136901.1 3C3 8 FF00000000000000
136912.7 444 8 0000000000000005
136914.9 537 8 8080808080800000
136916.9 538 8 8080008080000080
136928.3 6AB 8 0000000000003FA1
136930.8 31C 8 00000000800084F3
136933.1 31D 8 000000000000001F
136959.4 444 8 0000000000000005
136974.9 3F1 8 0002000000000000
136976.6 663 8 7814E00E00AA0000
136978.5 31C 8 00000000800084F3
136980.2 31D 8 000000000000001F
136990.6 38C 8 000000000000007F
136992.4 38D 8 00000000000000E5
136994.3 39C 8 FF6F000000000000
137006.5 3C3 8 FF00000000000000
137008.6 444 8 0000000000000005
137021.9 31C 8 00000000800084F3
137037.7 31D 8 000000000000001F
137053.2 444 8 0000000000000005
137068.9 6C0 7 04030100000000
137070.8 3F1 8 0002000000000000
137072.4 484 8 0000000000000000
137073.9 523 8 CD1F7770450E0B02
137075.5 52E 5 603F000000
137076.9 585 8 902C00000000003F
137078.4 64C 2 0011
137080.7 663 8 7814E00E00AA0000
137082.2 6B2 8 FFFEFF0F880084C1
137084.4 31C 8 00000000800084F3
137086.3 31D 8 000000000000001F
137088.0 38C 8 000000000000007F
137089.7 38D 8 00000000000000E5
137100.4 39C 8 FF6F000000000000
137102.9 3C3 8 FF00000000000000
137106.1 444 8 0000000000000005
137115.8 537 8 8080808080800000
137117.4 538 8 8080008080000080
137131.2 5FB 8 1FFFFFFFFF1FF87E
137132.9 539 8 3602800008030000
137134.3 541 8 0000000000000000
137135.7 5FA 8 5B9DC7CC9C46F1FF
137137.1 6AB 8 0000000000003FA1
137138.4 31C 8 00000000800084F3
137139.9 5EA 8 0000000000000016
137141.2 31D 8 000000000000001F
137142.7 5EB 8 0000000000000007
137143.9 5EC 8 000000000000000F
137146.8 66B 8 7700000000000000
137148.3 66C 8 DF09000000000000
137162.6 444 8 0000000000000005
137178.2 3F1 8 0002000000000000
137179.8 663 8 7814E00E00AA0000
137181.3 31C 8 00000000800084F3
137182.9 31D 8 000000000000001F
137193.8 38C 8 000000000000007F
137195.5 38D 8 00000000000000E5
137197.1 39C 8 FF6F000000000000
137209.6 3C3 8 FF00000000000000
137211.6 444 8 0000000000000005
137225.0 31C 8 00000000800084F3
137226.7 31D 8 000000000000001F
137256.5 444 8 0000000000000005
137271.9 6C0 7 04030100000000
137273.4 3F1 8 0002000000000000
137274.8 663 8 7814E00E00AA0000
137276.2 31C 8 00000000800084F3
137287.5 31D 8 000000000000001F
137289.1 38C 8 000000000000007F
137290.7 38D 8 00000000000000E5
137303.0 39C 8 FF6F000000000000
137304.8 3C3 8 FF00000000000000
137306.2 444 8 0000000000000005
137318.7 537 8 8080808080800000
137320.3 538 8 8080008080000080
137321.7 523 8 CD1F7770450E0B02
137323.0 52E 5 603F000000
137324.3 6AB 8 0000000000003FA1
137334.8 31C 8 00000000800084F3
137336.3 31D 8 000000000000001F
137349.9 444 8 0000000000000005
137365.9 3F1 8 0002000000000000
137367.9 663 8 7814E00E00AA0000
137381.4 539 8 3602800008030000
137383.0 541 8 0000000000000000
137384.4 31C 8 00000000800084F3
137386.2 31D 8 000000000000001F
137387.8 38C 8 000000000000007F
137397.2 38D 8 00000000000000E5
137398.8 39C 8 FF6F000000000000
137400.3 3C3 8 FF00000000000000
137412.7 444 8 0000000000000005
137428.0 31C 8 00000000800084F3
137429.6 31D 8 000000000000001F
137459.5 444 8 0000000000000005
137475.3 6C0 7 04030100000000
137477.0 3F1 8 0002000000000000
137478.3 663 8 7814E00E00AA0000
137479.7 31C 8 00000000800084F3
137481.3 31D 8 000000000000001F
137490.9 38C 8 000000000000007F
137492.4 38D 8 00000000000000E5
137493.9 39C 8 FF6F000000000000
137506.6 3C3 8 FF00000000000000
137508.3 444 8 0000000000000005
137510.7 537 8 8080808080800000
137522.1 538 8 8080008080000080
137523.8 6AB 8 0000000000003FA1
137525.4 31C 8 00000000800084F3
137537.7 31D 8 000000000000001F
137553.1 444 8 0000000000000005
137568.7 3F1 8 0002000000000000
137570.2 484 8 0000000000000000
137571.6 523 8 CD1F7770450E0B02
137572.9 52E 5 603F000000
137574.3 663 8 7814E00E00AA0000
137584.6 31C 8 00000000800084F3
137586.5 31D 8 000000000000001F
137588.1 38C 8 000000000000007F
137589.6 38D 8 00000000000000E5
137599.9 39C 8 FF6F000000000000
137601.5 3C3 8 FF00000000000000
137603.2 444 8 0000000000000005
137631.3 539 8 3602800008030000
137632.9 541 8 0000000000000000
137634.4 31C 8 00000000800084F3
137636.0 5EA 8 0000000000000016
137637.4 31D 8 000000000000001F
137639.0 5EB 8 0000000000000007
137640.2 5EC 8 000000000000000F
137647.1 66B 8 7700000000000000
137648.5 66C 8 DF09000000000000
137662.7 444 8 0000000000000005
137678.4 6C0 7 04030100000000
137679.9 3F1 8 0002000000000000
137681.3 663 8 7814E00E00AA0000
137682.7 31C 8 00000000800084F3
137684.1 31D 8 000000000000001F
137693.9 38C 8 000000000000007F
137695.4 38D 8 00000000000000E5
137696.9 39C 8 FF6F000000000000
137709.4 3C3 8 FF00000000000000
137711.0 444 8 0000000000000005
137712.4 537 8 8080808080800000
137714.1 538 8 8080008080000080
137724.9 6AB 8 0000000000003FA1
137726.4 31C 8 00000000800084F3
137727.8 31D 8 000000000000001F
137756.5 444 8 0000000000000005
137771.8 3F1 8 0002000000000000
137776.5 663 8 7814E00E00AA0000
137778.2 31C 8 00000000800084F3
137787.5 31D 8 000000000000001F
137789.0 38C 8 000000000000007F
137790.5 38D 8 00000000000000E5
137803.0 39C 8 FF6F000000000000
137804.5 3C3 8 FF00000000000000
137805.8 444 8 0000000000000005
137818.7 523 8 CD1F7770450E0B02
137820.4 52E 5 603F000000
137834.8 31C 8 00000000800084F3
137836.3 31D 8 000000000000001F
137850.1 444 8 0000000000000005
137865.8 6C0 7 04030100000000
137867.7 3F1 8 0002000000000000
137869.2 663 8 7814E00E00AA0000
137881.5 539 8 3602800008030000
137883.3 541 8 0000000000000000
137884.8 31C 8 00000000800084F3
137886.6 31D 8 000000000000001F
137888.3 38C 8 000000000000007F
137897.0 38D 8 00000000000000E5
137898.6 39C 8 FF6F000000000000
137900.1 3C3 8 FF00000000000000
137912.6 444 8 0000000000000005
137914.5 537 8 8080808080800000
137915.8 538 8 8080008080000080
137928.0 6AB 8 0000000000003FA1
137929.7 31C 8 00000000800084F3
137931.1 31D 8 000000000000001F
137959.7 444 8 0000000000000005
137974.9 3F1 8 0002000000000000
137976.4 663 8 7814E00E00AA0000
137977.9 31C 8 00000000800084F3
137979.9 31D 8 000000000000001F
137990.8 38C 8 000000000000007F
137992.4 38D 8 00000000000000E5
137993.8 39C 8 FF6F000000000000
138006.8 3C3 8 FF00000000000000
138008.9 444 8 0000000000000005
138022.4 31C 8 00000000800084F3
138037.7 31D 8 000000000000001F
138053.1 444 8 0000000000000005
138068.7 6C0 7 04030100000000
138070.3 3F1 8 0002000000000000
138071.6 484 8 0000000000000000
138072.9 523 8 CD1F7770450E0B02
138074.1 52E 5 603F000000
138075.2 585 8 902C00000000003F
138076.4 64C 2 0011
138077.8 663 8 7814E00E00AA0000
138079.4 6B2 8 FFFEFF0F880004C2
138084.6 31C 8 00000000800084F3
138086.8 31D 8 000000000000001F
138088.2 38C 8 000000000000007F
138089.6 38D 8 00000000000000E5
138099.9 39C 8 FF6F000000000000
138101.3 3C3 8 FF00000000000000
138102.7 444 8 0000000000000005
138116.0 537 8 8080808080800000
138118.3 538 8 8080008080000080
138131.6 5FB 8 1FFFFFFFFF1FF87E
138133.4 539 8 3602800008030000
138134.9 541 8 0000000000000000
138136.1 5FA 8 5B9DC7CC9C46F1FF
138137.5 6AB 8 0000000000003FA1
138138.9 31C 8 00000000800084F3
138140.8 5EA 8 0000000000000016
138142.1 31D 8 000000000000001F
138143.6 5EB 8 0000000000000007
138145.0 5EC 8 000000000000000F
138147.0 66B 8 7700000000000000
138148.5 66C 8 DF09000000000000
138162.8 444 8 0000000000000005
138178.4 3F1 8 0002000000000000
138180.1 663 8 7814E00E00AA0000
138181.4 31C 8 00000000800084F3
138182.8 31D 8 000000000000001F
138193.9 38C 8 000000000000007F
138195.8 38D 8 00000000000000E5
138197.3 39C 8 FF6F000000000000
138209.8 3C3 8 FF00000000000000
138211.5 444 8 0000000000000005
138225.3 31C 8 00000000800084F3
138226.7 31D 8 000000000000001F
138256.5 444 8 0000000000000005
138271.9 6C0 7 04030100000000
138273.9 3F1 8 0002000000000000
138275.6 663 8 7814E00E00AA0000
138277.0 31C 8 00000000800084F3
138287.5 31D 8 000000000000001F
138289.4 38C 8 000000000000007F
138291.1 38D 8 00000000000000E5
138303.0 39C 8 FF6F000000000000
138304.7 3C3 8 FF00000000000000
138306.1 444 8 0000000000000005
138318.8 537 8 8080808080800000
138320.5 538 8 8080008080000080
138324.4 523 8 CD1F7770450E0B02
138327.1 52E 5 603F000000
138328.3 6AB 8 0000000000003FA1
138334.8 31C 8 00000000800084F3
138336.5 31D 8 000000000000001F
138349.9 444 8 0000000000000005
138366.0 3F1 8 0002000000000000
138367.9 663 8 7814E00E00AA0000
138381.6 539 8 3602800008030000
138383.1 541 8 0000000000000000
138384.6 31C 8 00000000800084F3
138386.2 31D 8 000000000000001F
138387.7 38C 8 000000000000007F
138397.3 38D 8 00000000000000E5
138398.8 39C 8 FF6F000000000000
138400.3 3C3 8 FF00000000000000
138412.8 444 8 0000000000000005
138428.0 31C 8 00000000800084F3
138429.9 31D 8 000000000000001F
138459.7 444 8 0000000000000005
138475.2 6C0 7 04030100000000
138478.0 3F1 8 0002000000000000
138479.5 663 8 7814E00E00AA0000
138481.0 31C 8 00000000800084F3
138482.4 31D 8 000000000000001F
138490.9 38C 8 000000000000007F
138492.5 38D 8 00000000000000E5
138494.1 39C 8 FF6F000000000000
138506.5 3C3 8 FF00000000000000
138508.0 444 8 0000000000000005
138509.6 537 8 8080808080800000
138522.3 538 8 8080008080000080
138524.0 6AB 8 0000000000003FA1
138525.4 31C 8 00000000800084F3
138537.7 31D 8 000000000000001F
138553.0 444 8 0000000000000005
138568.7 3F1 8 0002000000000000
138570.3 484 8 0000000000000000
138571.6 523 8 CD1F7770450E0B02
138573.0 52E 5 603F000000
138574.3 663 8 7814E00E00AA0000
138584.5 31C 8 00000000800084F3
138586.1 31D 8 000000000000001F
138587.7 38C 8 000000000000007F
138589.2 38D 8 00000000000000E5
138599.9 39C 8 FF6F000000000000
138601.3 3C3 8 FF00000000000000
138602.8 444 8 0000000000000005
138631.5 539 8 3602800008030000
138633.1 541 8 0000000000000000
138634.7 31C 8 00000000800084F3
138636.2 5EA 8 0000000000000016
138637.6 31D 8 000000000000001F
138639.1 5EB 8 0000000000000007
138640.5 5EC 8 000000000000000F
138647.1 66B 8 7700000000000000
138648.6 66C 8 DF09000000000000
138662.7 444 8 0000000000000005
138678.4 6C0 7 04030100000000
138680.0 3F1 8 0002000000000000
138681.5 663 8 7814E00E00AA0000
138682.9 31C 8 00000000800084F3
138684.4 31D 8 000000000000001F
138693.9 38C 8 000000000000007F
138695.5 38D 8 00000000000000E5
138697.0 39C 8 FF6F000000000000
138709.5 3C3 8 FF00000000000000
138711.3 444 8 0000000000000005
138713.6 537 8 8080808080800000
138714.9 538 8 8080008080000080
138724.9 6AB 8 0000000000003FA1
138729.0 31C 8 00000000800084F3
138730.5 31D 8 000000000000001F
138756.4 444 8 0000000000000005
138771.8 3F1 8 0002000000000000
138773.3 663 8 7814E00E00AA0000
138774.7 31C 8 00000000800084F3
138787.5 31D 8 000000000000001F
138789.1 38C 8 000000000000007F
138790.5 38D 8 00000000000000E5
138803.0 39C 8 FF6F000000000000
138804.4 3C3 8 FF00000000000000
138805.8 444 8 0000000000000005
138818.8 523 8 CD1F7770450E0B02
138820.3 52E 5 603F000000
138834.8 31C 8 00000000800084F3
138836.4 31D 8 000000000000001F
138850.0 444 8 0000000000000005
138865.8 6C0 7 04030100000000
138867.6 3F1 8 0002000000000000
138869.2 663 8 7814E00E00AA0000
138881.4 539 8 3602800008030000
138883.1 541 8 0000000000000000
138885.3 31C 8 00000000800084F3
138887.0 31D 8 000000000000001F
138888.7 38C 8 000000000000007F
138897.0 38D 8 00000000000000E5
138898.9 39C 8 FF6F000000000000
138900.3 3C3 8 FF00000000000000
138912.8 444 8 0000000000000005
138914.4 537 8 8080808080800000
138915.9 538 8 8080008080000080
138928.3 6AB 8 0000000000003FA1
138929.9 31C 8 00000000800084F3
138931.5 31D 8 000000000000001F
138959.4 444 8 0000000000000005
138975.3 3F1 8 0002000000000000
138976.8 663 8 7814E00E00AA0000
138978.4 31C 8 00000000800084F3
138979.7 31D 8 000000000000001F
138990.8 38C 8 000000000000007F
138992.3 38D 8 00000000000000E5
138994.2 39C 8 FF6F000000000000
139006.5 3C3 8 FF00000000000000
139008.0 444 8 0000000000000005
139022.1 31C 8 00000000800084F3
139038.2 31D 8 000000000000001F
139053.8 444 8 0000000000000005
139068.7 6C0 7 04030100000000
139070.2 3F1 8 0002000000000000
139071.7 484 8 0000000000000000
139073.0 523 8 CD1F7770450E0B02
139074.4 52E 5 603F000000
139075.8 585 8 902C00000000003F
139077.0 64C 2 0011
139078.2 663 8 7814E00E00AA0000
139079.6 6B2 8 FFFEFF0F880084C2
139084.7 31C 8 00000000800084F3
139086.6 31D 8 000000000000001F
139088.4 38C 8 000000000000007F
139089.9 38D 8 00000000000000E5
139099.9 39C 8 FF6F000000000000
139101.3 3C3 8 FF00000000000000
139102.7 444 8 0000000000000005
139115.8 537 8 8080808080800000
139117.2 538 8 8080008080000080
139131.5 5FB 8 1FFFFFFFFF1FF87E
139133.3 539 8 3602800008030000
139135.1 541 8 0000000000000000
139136.5 5FA 8 5B9DC7CC9C46F1FF
139138.0 6AB 8 0000000000003FA1
139139.4 31C 8 00000000800084F3
139141.0 5EA 8 0000000000000016
139142.5 31D 8 000000000000001F
139144.1 5EB 8 0000000000000007
139145.3 5EC 8 000000000000000F
139162.7 66B 8 7700000000000000
139164.8 66C 8 DF09000000000000
139166.1 444 8 0000000000000005
139178.3 3F1 8 0002000000000000
139179.8 663 8 7814E00E00AA0000
139181.3 31C 8 00000000800084F3
139182.8 31D 8 000000000000001F
139193.8 38C 8 000000000000007F
139195.3 38D 8 00000000000000E5
139196.7 39C 8 FF6F000000000000
139209.7 3C3 8 FF00000000000000
139211.2 444 8 0000000000000005
139225.2 31C 8 00000000800084F3
139226.7 31D 8 000000000000001F
139256.5 444 8 0000000000000005
139271.8 6C0 7 04030100000000
139273.2 3F1 8 0002000000000000
139275.2 663 8 7814E00E00AA0000
139276.7 31C 8 00000000800084F3
139287.5 31D 8 000000000000001F
139289.6 38C 8 000000000000007F
139291.4 38D 8 00000000000000E5
139303.1 39C 8 FF6F000000000000
139304.6 3C3 8 FF00000000000000
139305.9 444 8 0000000000000005
139318.7 537 8 8080808080800000
139320.9 538 8 8080008080000080
139322.2 523 8 CD1F7770450E0B02
139323.5 52E 5 603F000000
139325.2 6AB 8 0000000000003FA1
139334.8 31C 8 00000000800084F3
139336.6 31D 8 000000000000001F
139349.8 444 8 0000000000000005
139366.0 3F1 8 0002000000000000
139367.6 663 8 7814E00E00AA0000
139381.5 539 8 3602800008030000
139383.0 541 8 0000000000000000
139384.4 31C 8 00000000800084F3
139386.0 31D 8 000000000000001F
139387.8 38C 8 000000000000007F
139397.1 38D 8 00000000000000E5
139399.0 39C 8 FF6F000000000000
139400.5 3C3 8 FF00000000000000
139412.8 444 8 0000000000000005
139428.1 31C 8 00000000800084F3
139429.8 31D 8 000000000000001F
139459.8 444 8 0000000000000005
139475.2 6C0 7 04030100000000
139476.8 3F1 8 0002000000000000
139478.3 663 8 7814E00E00AA0000
139479.8 31C 8 00000000800084F3
139482.1 31D 8 000000000000001F
139490.9 38C 8 000000000000007F
139492.4 38D 8 00000000000000E5
139493.8 39C 8 FF6F000000000000
139506.5 3C3 8 FF00000000000000
139508.1 444 8 0000000000000005
139509.9 537 8 8080808080800000
139522.1 538 8 8080008080000080
139523.8 6AB 8 0000000000003FA1
139525.2 31C 8 00000000800084F3
139537.8 31D 8 000000000000001F
139553.1 444 8 0000000000000005
139568.8 3F1 8 0002000000000000
139570.4 484 8 0000000000000000
139571.7 523 8 CD1F7770450E0B02
139573.1 52E 5 603F000000
139574.3 663 8 7814E00E00AA0000
139584.6 31C 8 00000000800084F3
139586.3 31D 8 000000000000001F
139587.9 38C 8 000000000000007F
139589.4 38D 8 00000000000000E5
139599.9 39C 8 FF6F000000000000
139601.5 3C3 8 FF00000000000000
139603.1 444 8 0000000000000005
139631.5 539 8 3602800008030000
139632.9 541 8 0000000000000000
139634.5 31C 8 00000000800084F3
139636.8 5EA 8 0000000000000016
139638.2 31D 8 000000000000001F
139639.7 5EB 8 0000000000000007
139641.2 5EC 8 000000000000000F
139647.1 66B 8 7700000000000000
139648.6 66C 8 DF09000000000000
139662.7 444 8 0000000000000005
139678.3 6C0 7 04030100000000
139679.8 3F1 8 0002000000000000
139681.3 663 8 7814E00E00AA0000
139682.9 31C 8 00000000800084F3
139684.5 31D 8 000000000000001F
139693.8 38C 8 000000000000007F
139695.3 38D 8 00000000000000E5
139697.0 39C 8 FF6F000000000000
139709.3 3C3 8 FF00000000000000
139710.9 444 8 0000000000000005
139712.5 537 8 8080808080800000
139713.9 538 8 8080008080000080
139725.2 6AB 8 0000000000003FA1
139726.8 31C 8 00000000800084F3
139728.4 31D 8 000000000000001F
139756.5 444 8 0000000000000005
139771.8 3F1 8 0002000000000000
139773.2 663 8 7814E00E00AA0000
139774.7 31C 8 00000000800084F3
139787.5 31D 8 000000000000001F
139789.1 38C 8 000000000000007F
139790.7 38D 8 00000000000000E5
139803.0 39C 8 FF6F000000000000
139804.5 3C3 8 FF00000000000000
139806.0 444 8 0000000000000005
139818.7 523 8 CD1F7770450E0B02
139820.2 52E 5 603F000000
139834.7 31C 8 00000000800084F3
139836.4 31D 8 000000000000001F
139850.0 444 8 0000000000000005
139865.8 6C0 7 04030100000000
139867.5 3F1 8 0002000000000000
139881.4 663 8 7814E00E00AA0000
139883.0 539 8 3602800008030000
139884.6 541 8 0000000000000000
139886.0 31C 8 00000000800084F3
139887.5 31D 8 000000000000001F
139888.9 38C 8 000000000000007F
139896.9 38D 8 00000000000000E5
139898.6 39C 8 FF6F000000000000
139900.0 3C3 8 FF00000000000000
139912.8 444 8 0000000000000005
139914.4 537 8 8080808080800000
139915.9 538 8 8080008080000080
139928.4 6AB 8 0000000000003FA1
139930.5 31C 8 00000000800084F3
139931.9 31D 8 000000000000001F
139959.7 444 8 0000000000000005
139975.1 3F1 8 0002000000000000
139976.8 663 8 7814E00E00AA0000
139978.5 31C 8 00000000800084F3
139980.0 31D 8 000000000000001F
139990.8 38C 8 000000000000007F
139992.4 38D 8 00000000000000E5
139994.1 39C 8 FF6F000000000000
140006.5 3C3 8 FF00000000000000
140008.0 444 8 0000000000000005
140022.2 31C 8 00000000800084F3
140038.0 31D 8 000000000000001F
140053.1 444 8 0000000000000005
140068.7 6C0 7 04030100000000
140070.2 3F1 8 0002000000000000
140071.9 484 8 0000000000000000
140073.3 523 8 CD1F7770450E0B02
140074.6 52E 5 603F000000
140076.0 585 8 902C00000000003F
140077.5 64C 2 0011
140078.9 663 8 7814E00E00AA0000
140080.3 6B2 8 FFFEFF0F880004C3
140084.5 31C 8 00000000800084F3
140086.3 31D 8 000000000000001F
140088.6 38C 8 000000000000007F
140090.2 38D 8 00000000000000E5
140099.9 39C 8 FF6F000000000000
140101.5 3C3 8 FF00000000000000
140102.8 444 8 0000000000000005
140115.9 537 8 8080808080800000
140117.3 538 8 8080008080000080
140131.5 5FB 8 1FFFFFFFFF1FF87E
140133.1 539 8 3602800008030000
140134.7 541 8 0000000000000000
140136.2 5FA 8 5B9DC7CC9C46F1FF
140137.4 6AB 8 0000000000003FA1
140138.8 31C 8 00000000800084F3
140140.3 5EA 8 0000000000000016
140141.6 31D 8 000000000000001F
140143.1 5EB 8 0000000000000007
140144.4 5EC 8 000000000000000F
140147.2 66B 8 7700000000000000
140148.7 66C 8 DF09000000000000
140162.8 444 8 0000000000000005
140178.2 3F1 8 0002000000000000
140179.8 663 8 7814E00E00AA0000
140181.3 31C 8 00000000800084F3
140182.9 31D 8 000000000000001F
140193.9 38C 8 000000000000007F
140195.4 38D 8 00000000000000E5
140197.0 39C 8 FF6F000000000000
140209.7 3C3 8 FF00000000000000
140211.7 444 8 0000000000000005
140225.2 31C 8 00000000800084F3
140226.6 31D 8 000000000000001F
140256.5 444 8 0000000000000005
140271.9 6C0 7 04030100000000
140273.2 3F1 8 0002000000000000
140274.9 663 8 7814E00E00AA0000
140276.3 31C 8 00000000800084F3
140287.6 31D 8 000000000000001F
140289.6 38C 8 000000000000007F
140291.3 38D 8 00000000000000E5
140303.0 39C 8 FF6F000000000000
140304.5 3C3 8 FF00000000000000
140305.8 444 8 0000000000000005
140318.7 537 8 8080808080800000
140320.3 538 8 8080008080000080
140321.8 523 8 CD1F7770450E0B02
140323.1 52E 5 603F000000
140324.4 6AB 8 0000000000003FA1
140334.7 31C 8 00000000800084F3
140336.4 31D 8 000000000000001F
140349.9 444 8 0000000000000005
140366.0 3F1 8 0002000000000000
140368.0 663 8 7814E00E00AA0000
140381.5 539 8 3602800008030000
140383.6 541 8 0000000000000000
140385.0 31C 8 00000000800084F3
140386.5 31D 8 000000000000001F
140387.9 38C 8 000000000000007F
140397.2 38D 8 00000000000000E5
140398.7 39C 8 FF6F000000000000
140400.1 3C3 8 FF00000000000000
140412.7 444 8 0000000000000005
140428.1 31C 8 00000000800084F3
140429.8 31D 8 000000000000001F
140459.8 444 8 0000000000000005
140475.2 6C0 7 04030100000000
140476.8 3F1 8 0002000000000000
140478.3 663 8 7814E00E00AA0000
140479.7 31C 8 00000000800084F3
140481.4 31D 8 000000000000001F
140490.7 38C 8 000000000000007F
140492.3 38D 8 00000000000000E5
140494.1 39C 8 FF6F000000000000
140506.5 3C3 8 FF00000000000000
140517.7 444 8 0000000000000005
140519.4 537 8 8080808080800000
140522.1 538 8 8080008080000080
140523.5 6AB 8 0000000000003FA1
140525.3 31C 8 00000000800084F3
140537.9 31D 8 000000000000001F
140553.2 444 8 0000000000000005
140568.8 3F1 8 0002000000000000
140571.1 484 8 0000000000000000
140572.4 523 8 CD1F7770450E0B02
140573.8 52E 5 603F000000
140575.1 663 8 7814E00E00AA0000
140584.6 31C 8 00000000800084F3
140586.3 31D 8 000000000000001F
140588.0 38C 8 000000000000007F
140589.5 38D 8 00000000000000E5
140599.9 39C 8 FF6F000000000000
140601.3 3C3 8 FF00000000000000
140602.8 444 8 0000000000000005
140631.5 539 8 3602800008030000
140633.2 541 8 0000000000000000
140634.8 31C 8 00000000800084F3
140636.4 5EA 8 0000000000000016
140637.7 31D 8 000000000000001F
140639.3 5EB 8 0000000000000007
140640.6 5EC 8 000000000000000F
140647.1 66B 8 7700000000000000
140648.5 66C 8 DF09000000000000
140662.7 444 8 0000000000000005
140678.3 6C0 7 04030100000000
140679.9 3F1 8 0002000000000000
140681.2 663 8 7814E00E00AA0000
140683.6 31C 8 00000000800084F3
140685.1 31D 8 000000000000001F
140694.0 38C 8 000000000000007F
140695.5 38D 8 00000000000000E5
140696.8 39C 8 FF6F000000000000
140709.3 3C3 8 FF00000000000000
140710.9 444 8 0000000000000005
140712.2 537 8 8080808080800000
140714.0 538 8 8080008080000080
140725.2 6AB 8 0000000000003FA1
140726.5 31C 8 00000000800084F3
140728.0 31D 8 000000000000001F
140756.5 444 8 0000000000000005
140771.9 3F1 8 0002000000000000
140773.7 663 8 7814E00E00AA0000
140775.5 31C 8 00000000800084F3
140787.6 31D 8 000000000000001F
140791.1 38C 8 000000000000007F
140792.6 38D 8 00000000000000E5
140803.0 39C 8 FF6F000000000000
140804.5 3C3 8 FF00000000000000
140805.8 444 8 0000000000000005
140818.7 523 8 CD1F7770450E0B02
140820.4 52E 5 603F000000
140834.7 31C 8 00000000800084F3
140836.9 31D 8 000000000000001F
140850.1 444 8 0000000000000005
140865.9 6C0 7 04030100000000
140867.5 3F1 8 0002000000000000
140881.4 663 8 7814E00E00AA0000
140883.0 539 8 3602800008030000
140884.3 541 8 0000000000000000
140886.3 31C 8 00000000800084F3
140887.8 31D 8 000000000000001F
140889.5 38C 8 000000000000007F
140896.9 38D 8 00000000000000E5
140898.9 39C 8 FF6F000000000000
140900.5 3C3 8 FF00000000000000
140912.8 444 8 0000000000000005
140914.5 537 8 8080808080800000
140915.8 538 8 8080008080000080
140928.1 6AB 8 0000000000003FA1
140929.6 31C 8 00000000800084F3
140930.9 31D 8 000000000000001F
140959.6 444 8 0000000000000005
140975.2 3F1 8 0002000000000000
140976.7 663 8 7814E00E00AA0000
140978.4 31C 8 00000000800084F3
140979.8 31D 8 000000000000001F
140990.8 38C 8 000000000000007F
140992.8 38D 8 00000000000000E5
140994.4 39C 8 FF6F000000000000
141006.4 3C3 8 FF00000000000000
141007.9 444 8 0000000000000005
141022.1 31C 8 00000000800084F3
141038.0 31D 8 000000000000001F
141053.2 444 8 0000000000000005
141068.8 6C0 7 04030100000000
141070.5 3F1 8 0002000000000000
141072.1 484 8 0000000000000000
141073.4 523 8 CD1F7770450E0B02
141074.8 52E 5 603F000000
141076.0 585 8 902C00000000003F
141077.4 64C 2 0011
141078.7 663 8 7814E00E00AA0000
141080.2 6B2 8 FFFEFF0F880084C3
141084.9 31C 8 00000000800084F3
141086.9 31D 8 000000000000001F
141088.6 38C 8 000000000000007F
141090.1 38D 8 00000000000000E5
141099.9 39C 8 FF6F000000000000
141101.3 3C3 8 FF00000000000000
141102.9 444 8 0000000000000005
141115.8 537 8 8080808080800000
141117.3 538 8 8080008080000080
141131.5 5FB 8 1FFFFFFFFF1FF87E
141133.1 539 8 3602800008030000
141135.4 541 8 0000000000000000
141136.7 5FA 8 5B9DC7CC9C46F1FF
141137.9 6AB 8 0000000000003FA1
141139.4 31C 8 00000000800084F3
141140.9 5EA 8 0000000000000016
141142.1 31D 8 000000000000001F
141143.5 5EB 8 0000000000000007
141144.8 5EC 8 000000000000000F
141146.8 66B 8 7700000000000000
141148.1 66C 8 DF09000000000000
141162.7 444 8 0000000000000005
141178.3 3F1 8 0002000000000000
141180.5 663 8 7814E00E00AA0000
141182.1 31C 8 00000000800084F3
141183.8 31D 8 000000000000001F
141193.8 38C 8 000000000000007F
141195.5 38D 8 00000000000000E5
141197.1 39C 8 FF6F000000000000
141209.5 3C3 8 FF00000000000000
141211.2 444 8 0000000000000005
141225.0 31C 8 00000000800084F3
141226.6 31D 8 000000000000001F
141256.3 444 8 0000000000000005
141271.8 6C0 7 04030100000000
141273.3 3F1 8 0002000000000000
141274.9 663 8 7814E00E00AA0000
141277.2 31C 8 00000000800084F3
141287.5 31D 8 000000000000001F
141289.8 38C 8 000000000000007F
141291.9 38D 8 00000000000000E5
141303.0 39C 8 FF6F000000000000
141304.6 3C3 8 FF00000000000000
141306.2 444 8 0000000000000005
141318.7 537 8 8080808080800000
141320.3 538 8 8080008080000080
141321.7 523 8 CD1F7770450E0B02
141323.0 52E 5 603F000000
141324.4 6AB 8 0000000000003FA1
141334.6 31C 8 00000000800084F3
141336.1 31D 8 000000000000001F
141349.8 444 8 0000000000000005
141365.8 3F1 8 0002000000000000
141367.6 663 8 7814E00E00AA0000
141381.5 539 8 3602800008030000
141382.9 541 8 0000000000000000
141384.4 31C 8 00000000800084F3
141385.9 31D 8 000000000000001F
141387.4 38C 8 000000000000007F
141397.1 38D 8 00000000000000E5
141398.7 39C 8 FF6F000000000000
141400.2 3C3 8 FF00000000000000
141412.7 444 8 0000000000000005
141428.0 31C 8 00000000800084F3
141430.3 31D 8 000000000000001F
141459.8 444 8 0000000000000005
141475.3 6C0 7 04030100000000
141477.0 3F1 8 0002000000000000
141478.6 663 8 7814E00E00AA0000
141480.4 31C 8 00000000800084F3
141482.0 31D 8 000000000000001F
141490.9 38C 8 000000000000007F
141492.5 38D 8 00000000000000E5
141494.3 39C 8 FF6F000000000000
141506.5 3C3 8 FF00000000000000
141508.0 444 8 0000000000000005
141509.7 537 8 8080808080800000
141523.0 538 8 8080008080000080
141527.2 6AB 8 0000000000003FA1
141528.5 31C 8 00000000800084F3
141537.8 31D 8 000000000000001F
141553.1 444 8 0000000000000005
141569.1 3F1 8 0002000000000000
141571.7 484 8 0000000000000000
141572.9 523 8 CD1F7770450E0B02
141574.0 52E 5 603F000000
141575.3 663 8 7814E00E00AA0000
141584.6 31C 8 00000000800084F3
141586.7 31D 8 000000000000001F
141589.3 38C 8 000000000000007F
141591.3 38D 8 00000000000000E5
141599.9 39C 8 FF6F000000000000
141601.5 3C3 8 FF00000000000000
141603.1 444 8 0000000000000005
141631.5 539 8 3602800008030000
141633.1 541 8 0000000000000000
141634.6 31C 8 00000000800084F3
141636.2 5EA 8 0000000000000016
141637.6 31D 8 000000000000001F
141639.2 5EB 8 0000000000000007
141640.6 5EC 8 000000000000000F
141647.2 66B 8 7700000000000000
141648.7 66C 8 DF09000000000000
141662.7 444 8 0000000000000005
141678.4 6C0 7 04030100000000
141680.2 3F1 8 0002000000000000
141681.6 663 8 7814E00E00AA0000
141683.2 31C 8 00000000800084F3
141684.7 31D 8 000000000000001F
141693.9 38C 8 000000000000007F
141695.5 38D 8 00000000000000E5
141697.0 39C 8 FF6F000000000000
141709.3 3C3 8 FF00000000000000
141710.8 444 8 0000000000000005
141712.4 537 8 8080808080800000
141724.9 538 8 8080008080000080
141727.0 6AB 8 0000000000003FA1
141728.3 31C 8 00000000800084F3
141729.9 31D 8 000000000000001F
141756.5 444 8 0000000000000005
141771.7 3F1 8 0002000000000000
141773.7 663 8 7814E00E00AA0000
141775.5 31C 8 00000000800084F3
141787.5 31D 8 000000000000001F
141789.1 38C 8 000000000000007F
141790.7 38D 8 00000000000000E5
141803.0 39C 8 FF6F000000000000
141804.5 3C3 8 FF00000000000000
141805.8 444 8 0000000000000005
141818.8 523 8 CD1F7770450E0B02
141820.4 52E 5 603F000000
141834.6 31C 8 00000000800084F3
141836.1 31D 8 000000000000001F
141849.9 444 8 0000000000000005
141866.0 6C0 7 04030100000000
141869.6 3F1 8 0002000000000000
141871.2 663 8 7814E00E00AA0000
141881.5 539 8 3602800008030000
141883.1 541 8 0000000000000000
141884.7 31C 8 00000000800084F3
141886.3 31D 8 000000000000001F
141888.9 38C 8 000000000000007F
141897.1 38D 8 00000000000000E5
141898.9 39C 8 FF6F000000000000
141900.8 3C3 8 FF00000000000000
141912.6 444 8 0000000000000005
141914.3 537 8 8080808080800000
141915.6 538 8 8080008080000080
141928.5 6AB 8 0000000000003FA1
141929.9 31C 8 00000000800084F3
141931.4 31D 8 000000000000001F
141959.6 444 8 0000000000000005
141975.3 3F1 8 0002000000000000
141977.4 663 8 7814E00E00AA0000
141980.9 31C 8 00000000800084F3
141983.5 31D 8 000000000000001F
141990.8 38C 8 000000000000007F
141992.4 38D 8 00000000000000E5
141994.3 39C 8 FF6F000000000000
142006.7 3C3 8 FF00000000000000
142008.2 444 8 0000000000000005
142022.1 31C 8 00000000800084F3
142037.7 31D 8 000000000000001F
142053.0 444 8 0000000000000005
142068.8 6C0 7 04030100000000
142070.4 3F1 8 0002000000000000
142072.6 484 8 0000000000000000
142074.0 523 8 CD1F7770450E0B02
142075.5 52E 5 603F000000
142076.7 585 8 902C00000000003F
142078.2 64C 2 0011
142079.7 663 8 7814E00E00AA0000
142081.1 6B2 8 FFFEFF0F880004C4
142084.3 31C 8 00000000800084F3
142086.0 31D 8 000000000000001F
142087.6 38C 8 000000000000007F
142089.1 38D 8 00000000000000E5
142100.0 39C 8 FF6F000000000000
142101.5 3C3 8 FF00000000000000
142103.0 444 8 0000000000000005
142115.8 537 8 8080808080800000
142117.6 538 8 8080008080000080
142131.5 5FB 8 1FFFFFFFFF1FF87E
142132.9 539 8 3602800008030000
142134.6 541 8 0000000000000000
142135.9 5FA 8 5B9DC7CC9C46F1FF
142137.2 31C 8 00000000800084F3
142138.8 6AB 8 0000000000003FA1
142140.1 5EA 8 0000000000000016
142141.5 31D 8 000000000000001F
142143.1 5EB 8 0000000000000007
142144.5 5EC 8 000000000000000F
142147.1 66B 8 7700000000000000
142148.5 66C 8 DF09000000000000
142162.7 444 8 0000000000000005
142178.5 3F1 8 0002000000000000
142180.0 663 8 7814E00E00AA0000
142181.4 31C 8 00000000800084F3
142183.1 31D 8 000000000000001F
142194.0 38C 8 000000000000007F
142195.5 38D 8 00000000000000E5
142197.1 39C 8 FF6F000000000000
142209.6 3C3 8 FF00000000000000
142211.2 444 8 0000000000000005
142225.2 31C 8 00000000800084F3
142226.8 31D 8 000000000000001F
142256.5 444 8 0000000000000005
142271.9 6C0 7 04030100000000
142273.3 3F1 8 0002000000000000
142274.9 663 8 7814E00E00AA0000
142276.4 31C 8 00000000800084F3
142287.5 31D 8 000000000000001F
142289.4 38C 8 000000000000007F
142290.9 38D 8 00000000000000E5
142303.0 39C 8 FF6F000000000000
142304.6 3C3 8 FF00000000000000
142305.9 444 8 0000000000000005
142318.8 537 8 8080808080800000
142320.3 538 8 8080008080000080
142321.7 523 8 CD1F7770450E0B02
142323.3 52E 5 603F000000
142325.6 6AB 8 0000000000003FA1
142334.6 31C 8 00000000800084F3
142336.1 31D 8 000000000000001F
142349.9 444 8 0000000000000005
142365.8 3F1 8 0002000000000000
142367.6 663 8 7814E00E00AA0000
142381.4 539 8 3602800008030000
142382.9 541 8 0000000000000000
142384.3 31C 8 00000000800084F3
142386.2 31D 8 000000000000001F
142387.9 38C 8 000000000000007F
142396.8 38D 8 00000000000000E5
142398.5 39C 8 FF6F000000000000
142400.2 3C3 8 FF00000000000000
142412.7 444 8 0000000000000005
142428.0 31C 8 00000000800084F3
142429.6 31D 8 000000000000001F
142459.7 444 8 0000000000000005
142474.9 6C0 7 04030100000000
142476.7 3F1 8 0002000000000000
142478.1 663 8 7814E00E00AA0000
142479.6 31C 8 00000000800084F3
142481.2 31D 8 000000000000001F
142491.0 38C 8 000000000000007F
142493.3 38D 8 00000000000000E5
142494.7 39C 8 FF6F000000000000
142506.5 3C3 8 FF00000000000000
142508.0 444 8 0000000000000005
142509.6 537 8 8080808080800000
142521.9 538 8 8080008080000080
142523.4 6AB 8 0000000000003FA1
142524.9 31C 8 00000000800084F3
142537.7 31D 8 000000000000001F
142553.0 444 8 0000000000000005
142568.8 3F1 8 0002000000000000
142570.3 484 8 0000000000000000
142571.8 523 8 CD1F7770450E0B02
142573.3 52E 5 603F000000
142574.8 663 8 7814E00E00AA0000
142584.6 31C 8 00000000800084F3
142586.4 31D 8 000000000000001F
142588.0 38C 8 000000000000007F
142589.5 38D 8 00000000000000E5
142599.9 39C 8 FF6F000000000000
142601.5 3C3 8 FF00000000000000
142603.0 444 8 0000000000000005
142631.5 539 8 3602800008030000
142633.1 541 8 0000000000000000
142634.4 31C 8 00000000800084F3
142635.9 5EA 8 0000000000000016
142638.2 31D 8 000000000000001F
142639.7 5EB 8 0000000000000007
142641.1 5EC 8 000000000000000F
142647.1 66B 8 7700000000000000
142648.6 66C 8 DF09000000000000
142662.7 444 8 0000000000000005
142678.3 6C0 7 04030100000000
142680.1 3F1 8 0002000000000000
142681.7 663 8 7814E00E00AA0000
142683.3 31C 8 00000000800084F3
142684.9 31D 8 000000000000001F
142693.9 38C 8 000000000000007F
142695.7 38D 8 00000000000000E5
142697.1 39C 8 FF6F000000000000
142709.3 3C3 8 FF00000000000000
142710.9 444 8 0000000000000005
142712.4 537 8 8080808080800000
142724.9 538 8 8080008080000080
142726.3 6AB 8 0000000000003FA1
142727.7 31C 8 00000000800084F3
142729.2 31D 8 000000000000001F
142756.5 444 8 0000000000000005
142771.8 3F1 8 0002000000000000
142773.2 663 8 7814E00E00AA0000
142774.5 31C 8 00000000800084F3
142787.8 31D 8 000000000000001F
142789.9 38C 8 000000000000007F
142793.0 38D 8 00000000000000E5
142803.0 39C 8 FF6F000000000000
142804.6 3C3 8 FF00000000000000
142806.1 444 8 0000000000000005
142818.9 523 8 CD1F7770450E0B02
142820.4 52E 5 603F000000
142834.7 31C 8 00000000800084F3
142836.4 31D 8 000000000000001F
142850.1 444 8 0000000000000005
142865.6 6C0 7 04030100000000
142867.5 3F1 8 0002000000000000
142881.5 663 8 7814E00E00AA0000
142883.2 539 8 3602800008030000
142884.7 541 8 0000000000000000
142886.2 31C 8 00000000800084F3
142887.8 31D 8 000000000000001F
142889.4 38C 8 000000000000007F
142896.8 38D 8 00000000000000E5
142898.7 39C 8 FF6F000000000000
142900.2 3C3 8 FF00000000000000
142912.7 444 8 0000000000000005
142914.4 537 8 8080808080800000
142915.8 538 8 8080008080000080
142928.0 6AB 8 0000000000003FA1
142929.7 31C 8 00000000800084F3
142931.3 31D 8 000000000000001F
142959.7 444 8 0000000000000005
142975.2 3F1 8 0002000000000000
142976.6 663 8 7814E00E00AA0000
142978.2 31C 8 00000000800084F3
142979.8 31D 8 000000000000001F
142991.0 38C 8 000000000000007F
142992.5 38D 8 00000000000000E5
142994.1 39C 8 FF6F000000000000
143006.5 3C3 8 FF00000000000000
143008.1 444 8 0000000000000005
143022.1 31C 8 00000000800084F3
143037.7 31D 8 000000000000001F
143053.0 444 8 0000000000000005
143068.8 6C0 7 04030100000000
143070.2 3F1 8 0002000000000000
143071.6 484 8 0000000000000000
143073.1 523 8 CD1F7770450E0B02
143074.4 52E 5 603F000000
143075.8 585 8 902C00000000003F
143077.0 64C 2 0011
143078.3 663 8 7814E00E00AA0000
143079.8 6B2 8 FFFEFF0F880084C4
143084.7 31C 8 00000000800084F3
143086.3 31D 8 000000000000001F
143087.9 38C 8 000000000000007F
143089.4 38D 8 00000000000000E5
143099.9 39C 8 FF6F000000000000
143101.5 3C3 8 FF00000000000000
143103.0 444 8 0000000000000005
143115.7 537 8 8080808080800000
143117.3 538 8 8080008080000080
143131.5 5FB 8 1FFFFFFFFF1FF87E
143133.2 539 8 3602800008030000
143134.5 541 8 0000000000000000
143135.7 31C 8 00000000800084F3
143137.2 5FA 8 5B9DC7CC9C46F1FF
143138.6 5EA 8 0000000000000016
143139.9 6AB 8 0000000000003FA1
143141.3 31D 8 000000000000001F
143142.9 5EB 8 0000000000000007
143144.1 5EC 8 000000000000000F
143147.1 66B 8 7700000000000000
143148.5 66C 8 DF09000000000000
143162.8 444 8 0000000000000005
143178.4 3F1 8 0002000000000000
143180.2 663 8 7814E00E00AA0000
143181.8 31C 8 00000000800084F3
143183.7 31D 8 000000000000001F
143194.1 38C 8 000000000000007F
143195.6 38D 8 00000000000000E5
143197.0 39C 8 FF6F000000000000
143209.7 3C3 8 FF00000000000000
143211.3 444 8 0000000000000005
143225.2 31C 8 00000000800084F3
143230.4 31D 8 000000000000001F
143256.5 444 8 0000000000000005
143271.8 6C0 7 04030100000000
143273.3 3F1 8 0002000000000000
143274.9 663 8 7814E00E00AA0000
143276.5 31C 8 00000000800084F3
143287.7 31D 8 000000000000001F
143289.7 38C 8 000000000000007F
143291.2 38D 8 00000000000000E5
143303.1 39C 8 FF6F000000000000
143304.6 3C3 8 FF00000000000000
143306.0 444 8 0000000000000005
143318.8 537 8 8080808080800000
143320.4 538 8 8080008080000080
143321.9 523 8 CD1F7770450E0B02
143323.4 52E 5 603F000000
143324.8 6AB 8 0000000000003FA1
143334.6 31C 8 00000000800084F3
143336.1 31D 8 000000000000001F
143349.9 444 8 0000000000000005
143365.7 3F1 8 0002000000000000
143367.4 663 8 7814E00E00AA0000
143381.5 539 8 3602800008030000
143383.0 541 8 0000000000000000
143384.6 31C 8 00000000800084F3
143386.2 31D 8 000000000000001F
143387.9 38C 8 000000000000007F
143397.2 38D 8 00000000000000E5
143399.5 39C 8 FF6F000000000000
143401.2 3C3 8 FF00000000000000
143412.8 444 8 0000000000000005
143428.1 31C 8 00000000800084F3
143429.7 31D 8 000000000000001F
143459.9 444 8 0000000000000005
143475.2 6C0 7 04030100000000
143476.9 3F1 8 0002000000000000
143478.3 663 8 7814E00E00AA0000
143479.7 31C 8 00000000800084F3
143481.0 31D 8 000000000000001F
143490.9 38C 8 000000000000007F
143492.4 38D 8 00000000000000E5
143493.8 39C 8 FF6F000000000000
143506.6 3C3 8 FF00000000000000
143508.3 444 8 0000000000000005
143510.0 537 8 8080808080800000
143522.1 538 8 8080008080000080
143523.9 6AB 8 0000000000003FA1
143525.5 31C 8 00000000800084F3
143537.7 31D 8 000000000000001F
143553.0 444 8 0000000000000005
143568.8 3F1 8 0002000000000000
143570.5 484 8 0000000000000000
143571.7 523 8 CD1F7770450E0B02
143573.0 52E 5 603F000000
143574.4 663 8 7814E00E00AA0000
143584.6 31C 8 00000000800084F3
143587.3 31D 8 000000000000001F
143589.0 38C 8 000000000000007F
143590.9 38D 8 00000000000000E5
143599.9 39C 8 FF6F000000000000
143601.5 3C3 8 FF00000000000000
143603.1 444 8 0000000000000005
143631.5 539 8 3602800008030000
143633.0 541 8 0000000000000000
143634.4 31C 8 00000000800084F3
143635.9 5EA 8 0000000000000016
143637.2 31D 8 000000000000001F
143638.8 5EB 8 0000000000000007
143640.0 5EC 8 000000000000000F
143647.1 66B 8 7700000000000000
143648.5 66C 8 DF09000000000000
143662.7 444 8 0000000000000005
143678.4 6C0 7 04030100000000
143680.3 3F1 8 0002000000000000
143681.8 663 8 7814E00E00AA0000
143683.4 31C 8 00000000800084F3
143685.0 31D 8 000000000000001F
143693.9 38C 8 000000000000007F
143695.6 38D 8 00000000000000E5
143696.9 39C 8 FF6F000000000000
143709.4 3C3 8 FF00000000000000
143710.8 444 8 0000000000000005
143712.2 537 8 8080808080800000
143724.9 538 8 8080008080000080
143726.3 6AB 8 0000000000003FA1
143727.8 31C 8 00000000800084F3
143729.4 31D 8 000000000000001F
143756.5 444 8 0000000000000005
143771.8 3F1 8 0002000000000000
143773.3 663 8 7814E00E00AA0000
143774.7 31C 8 00000000800084F3
143787.5 31D 8 000000000000001F
143789.1 38C 8 000000000000007F
143790.5 38D 8 00000000000000E5
143803.4 39C 8 FF6F000000000000
143804.9 3C3 8 FF00000000000000
143806.3 444 8 0000000000000005
143818.8 523 8 CD1F7770450E0B02
143820.3 52E 5 603F000000
143834.9 31C 8 00000000800084F3
143836.4 31D 8 000000000000001F
143850.0 444 8 0000000000000005
143865.8 6C0 7 04030100000000
143867.5 3F1 8 0002000000000000
143869.1 663 8 7814E00E00AA0000
143881.2 539 8 3602800008030000
143882.8 541 8 0000000000000000
143884.2 31C 8 00000000800084F3
143886.6 31D 8 000000000000001F
143888.0 38C 8 000000000000007F
143896.9 38D 8 00000000000000E5
143898.5 39C 8 FF6F000000000000
143900.0 3C3 8 FF00000000000000
143913.0 444 8 0000000000000005
143915.1 537 8 8080808080800000
143917.0 538 8 8080008080000080
143928.0 6AB 8 0000000000003FA1
143929.8 31C 8 00000000800084F3
143931.4 31D 8 000000000000001F
143959.7 444 8 0000000000000005
143975.1 3F1 8 0002000000000000
143976.5 663 8 7814E00E00AA0000
143978.3 31C 8 00000000800084F3
143979.9 31D 8 000000000000001F
143990.8 38C 8 000000000000007F
143992.4 38D 8 00000000000000E5
143994.2 39C 8 FF6F000000000000
144006.4 3C3 8 FF00000000000000
144008.0 444 8 0000000000000005
144022.0 31C 8 00000000800084F3
144037.8 31D 8 000000000000001F
144053.0 444 8 0000000000000005
144068.8 6C0 7 04030100000000
144070.4 3F1 8 0002000000000000
144071.9 484 8 0000000000000000
144073.2 523 8 CD1F7770450E0B02
144074.6 52E 5 603F000000
144075.8 585 8 902C00000000003F
144077.0 64C 2 0011
144078.1 663 8 7814E00E00AA0000
144079.5 6B2 8 FFFEFF0F880004C5
144084.7 31C 8 00000000800084F3
144086.7 31D 8 000000000000001F
144088.4 38C 8 000000000000007F
144089.9 38D 8 00000000000000E5
144099.9 39C 8 FF6F000000000000
144101.3 3C3 8 FF00000000000000
144102.7 444 8 0000000000000005
144116.0 537 8 8080808080800000
144117.6 538 8 8080008080000080
144131.6 5FB 8 1FFFFFFFFF1FF87E
144133.1 539 8 3602800008030000
144134.7 31C 8 00000000800084F3
144136.2 541 8 0000000000000000
144137.7 5EA 8 0000000000000016
144138.9 5FA 8 5B9DC7CC9C46F1FF
144140.0 6AB 8 0000000000003FA1
144141.3 31D 8 000000000000001F
144142.9 5EB 8 0000000000000007
144144.2 5EC 8 000000000000000F
144147.2 66B 8 7700000000000000
144148.5 66C 8 DF09000000000000
144162.7 444 8 0000000000000005
144178.1 3F1 8 0002000000000000
144179.7 663 8 7814E00E00AA0000
144181.2 31C 8 00000000800084F3
144183.4 31D 8 000000000000001F
144194.2 38C 8 000000000000007F
144195.8 38D 8 00000000000000E5
144197.3 39C 8 FF6F000000000000
144209.7 3C3 8 FF00000000000000
144211.3 444 8 0000000000000005
144225.1 31C 8 00000000800084F3
144226.6 31D 8 000000000000001F
144256.5 444 8 0000000000000005
144271.8 6C0 7 04030100000000
144273.2 3F1 8 0002000000000000
144275.1 663 8 7814E00E00AA0000
144276.5 31C 8 00000000800084F3
144287.6 31D 8 000000000000001F
144289.9 38C 8 000000000000007F
144291.7 38D 8 00000000000000E5
144303.0 39C 8 FF6F000000000000
144304.7 3C3 8 FF00000000000000
144306.1 444 8 0000000000000005
144319.2 537 8 8080808080800000
144321.4 538 8 8080008080000080
144322.8 523 8 CD1F7770450E0B02
144324.2 52E 5 603F000000
144325.7 6AB 8 0000000000003FA1
144335.3 31C 8 00000000800084F3
144337.0 31D 8 000000000000001F
144350.8 444 8 0000000000000005
144366.3 3F1 8 0002000000000000
144367.9 663 8 7814E00E00AA0000
144381.9 539 8 3602800008030000
144383.3 541 8 0000000000000000
144384.8 31C 8 00000000800084F3
144386.4 31D 8 000000000000001F
144387.9 38C 8 000000000000007F
144397.7 38D 8 00000000000000E5
144399.5 39C 8 FF6F000000000000
144401.4 3C3 8 FF00000000000000
144413.4 444 8 0000000000000005
144428.9 31C 8 00000000800084F3
144430.6 31D 8 000000000000001F
144460.6 444 8 0000000000000005
144476.0 6C0 7 04030100000000
144477.7 3F1 8 0002000000000000
144479.1 663 8 7814E00E00AA0000
144480.6 31C 8 00000000800084F3
144482.7 31D 8 000000000000001F
144491.6 38C 8 000000000000007F
144493.3 38D 8 00000000000000E5
144494.9 39C 8 FF6F000000000000
144507.1 3C3 8 FF00000000000000
144508.7 444 8 0000000000000005
144510.2 537 8 8080808080800000
144522.7 538 8 8080008080000080
144524.4 6AB 8 0000000000003FA1
144525.7 31C 8 00000000800084F3
144538.5 31D 8 000000000000001F
144554.0 444 8 0000000000000005
144569.4 3F1 8 0002000000000000
144570.8 484 8 0000000000000000
144572.3 523 8 CD1F7770450E0B02
144574.0 52E 5 603F000000
144575.5 663 8 7814E00E00AA0000
144577.0 31C 8 00000000800084F3
144584.9 31D 8 000000000000001F
144594.7 38C 8 000000000000007F
144596.4 38D 8 00000000000000E5
144600.6 39C 8 FF6F000000000000
144602.0 3C3 8 FF00000000000000
144603.6 444 8 0000000000000005
144632.0 539 8 3602800008030000
144633.6 541 8 0000000000000000
144635.8 31C 8 00000000800084F3
144637.6 5EA 8 0000000000000016
144638.9 31D 8 000000000000001F
144640.3 5EB 8 0000000000000007
144641.5 5EC 8 000000000000000F
144647.8 66B 8 7700000000000000
144649.2 66C 8 DF09000000000000
144663.3 444 8 0000000000000005
144679.0 6C0 7 04030100000000
144680.7 3F1 8 0002000000000000
144682.2 663 8 7814E00E00AA0000
144683.7 31C 8 00000000800084F3
144685.3 31D 8 000000000000001F
144694.3 38C 8 000000000000007F
144696.0 38D 8 00000000000000E5
144697.7 39C 8 FF6F000000000000
144699.1 3C3 8 FF00000000000000
144710.0 444 8 0000000000000005
144711.6 537 8 8080808080800000
144713.0 538 8 8080008080000080
144725.9 6AB 8 0000000000003FA1
144727.2 31C 8 00000000800084F3
144728.9 31D 8 000000000000001F
144757.1 444 8 0000000000000005
144772.7 3F1 8 0002000000000000
144774.5 663 8 7814E00E00AA0000
144776.0 31C 8 00000000800084F3
144788.1 31D 8 000000000000001F
144789.9 38C 8 000000000000007F
144791.4 38D 8 00000000000000E5
144804.0 39C 8 FF6F000000000000
144805.4 3C3 8 FF00000000000000
144806.7 444 8 0000000000000005
144819.4 523 8 CD1F7770450E0B02
144820.6 52E 5 603F000000
144835.6 31C 8 00000000800084F3
144837.3 31D 8 000000000000001F
144850.8 444 8 0000000000000005
144866.3 6C0 7 04030100000000
144867.9 3F1 8 0002000000000000
144869.4 663 8 7814E00E00AA0000
144882.2 539 8 3602800008030000
144883.7 31C 8 00000000800084F3
144885.5 541 8 0000000000000000
144886.7 31D 8 000000000000001F
144888.1 38C 8 000000000000007F
144897.5 38D 8 00000000000000E5
144899.0 39C 8 FF6F000000000000
144900.8 3C3 8 FF00000000000000
144913.0 444 8 0000000000000005
144914.8 537 8 8080808080800000
144916.4 538 8 8080008080000080
144928.8 6AB 8 0000000000003FA1
144930.2 31C 8 00000000800084F3
144931.6 31D 8 000000000000001F
144960.5 444 8 0000000000000005
144976.0 3F1 8 0002000000000000
144977.4 663 8 7814E00E00AA0000
144978.8 31C 8 00000000800084F3
144980.1 31D 8 000000000000001F
144991.5 38C 8 000000000000007F
144993.1 38D 8 00000000000000E5
144994.6 39C 8 FF6F000000000000
145007.2 3C3 8 FF00000000000000
145008.6 444 8 0000000000000005
145023.1 31C 8 00000000800084F3
145038.4 31D 8 000000000000001F
145054.0 444 8 0000000000000005
145069.7 6C0 7 04030100000000
145071.4 3F1 8 0002000000000000
145072.9 484 8 0000000000000000
145074.3 523 8 CD1F7770450E0B02
145075.6 52E 5 603F000000
145076.9 585 8 902C00000000003F
145078.2 64C 2 0011
145079.5 663 8 7814E00E00AA0000
145081.0 6B2 8 FFFEFF0F880084C5
145082.5 31C 8 00000000800084F3
145100.8 31D 8 000000000000001F
145102.5 38C 8 000000000000007F
145103.9 38D 8 00000000000000E5
145105.3 39C 8 FF6F000000000000
145106.6 3C3 8 FF00000000000000
145107.9 444 8 0000000000000005
145116.5 537 8 8080808080800000
145118.1 538 8 8080008080000080
145132.1 5FB 8 1FFFFFFFFF1FF87E
145133.7 31C 8 00000000800084F3
145135.3 539 8 3602800008030000
145137.1 5EA 8 0000000000000016
145138.4 541 8 0000000000000000
145139.8 5FA 8 5B9DC7CC9C46F1FF
145141.2 6AB 8 0000000000003FA1
145142.7 31D 8 000000000000001F
145144.3 5EB 8 0000000000000007
145145.7 5EC 8 000000000000000F
145147.4 66B 8 7700000000000000
145148.9 66C 8 DF09000000000000
145163.3 444 8 0000000000000005
145179.0 3F1 8 0002000000000000
145180.9 663 8 7814E00E00AA0000
145182.2 31C 8 00000000800084F3
145183.8 31D 8 000000000000001F
145194.4 38C 8 000000000000007F
145195.8 38D 8 00000000000000E5
145197.8 39C 8 FF6F000000000000
145199.2 3C3 8 FF00000000000000
145210.5 444 8 0000000000000005
145225.9 31C 8 00000000800084F3
145227.5 31D 8 000000000000001F
145257.2 444 8 0000000000000005
145272.7 6C0 7 04030100000000
145274.4 3F1 8 0002000000000000
145276.0 663 8 7814E00E00AA0000
145277.6 31C 8 00000000800084F3
145288.1 31D 8 000000000000001F
145290.2 38C 8 000000000000007F
145291.9 38D 8 00000000000000E5
145303.9 39C 8 FF6F000000000000
145305.8 3C3 8 FF00000000000000
145307.2 444 8 0000000000000005
145319.4 537 8 8080808080800000
145321.0 538 8 8080008080000080
145322.6 523 8 CD1F7770450E0B02
145324.0 52E 5 603F000000
145325.3 6AB 8 0000000000003FA1
145335.3 31C 8 00000000800084F3
145336.8 31D 8 000000000000001F
145350.8 444 8 0000000000000005
145366.3 3F1 8 0002000000000000
145368.7 663 8 7814E00E00AA0000
145382.2 31C 8 00000000800084F3
145383.8 539 8 3602800008030000
145385.5 541 8 0000000000000000
145386.8 31D 8 000000000000001F
145388.5 38C 8 000000000000007F
145397.6 38D 8 00000000000000E5
145399.8 39C 8 FF6F000000000000
145401.2 3C3 8 FF00000000000000
145413.4 444 8 0000000000000005
145428.8 31C 8 00000000800084F3
145430.5 31D 8 000000000000001F
145460.5 444 8 0000000000000005
145475.9 6C0 7 04030100000000
145477.7 3F1 8 0002000000000000
145478.9 663 8 7814E00E00AA0000
145480.8 31C 8 00000000800084F3
145482.3 31D 8 000000000000001F
145491.6 38C 8 000000000000007F
145493.3 38D 8 00000000000000E5
145495.0 39C 8 FF6F000000000000
145507.3 3C3 8 FF00000000000000
145508.9 444 8 0000000000000005
145510.3 537 8 8080808080800000
145522.9 538 8 8080008080000080
145525.5 31C 8 00000000800084F3
145526.8 6AB 8 0000000000003FA1
145538.6 31D 8 000000000000001F
145554.1 444 8 0000000000000005
145569.7 3F1 8 0002000000000000
145571.1 484 8 0000000000000000
145572.4 523 8 CD1F7770450E0B02
145573.6 52E 5 603F000000
145574.9 663 8 7814E00E00AA0000
145576.1 31C 8 00000000800084F3
145586.0 31D 8 000000000000001F
145591.4 38C 8 000000000000007F
145593.2 38D 8 00000000000000E5
145601.0 39C 8 FF6F000000000000
145602.5 3C3 8 FF00000000000000
145604.3 444 8 0000000000000005
145632.2 31C 8 00000000800084F3
145633.8 539 8 3602800008030000
145635.4 5EA 8 0000000000000016
145636.8 541 8 0000000000000000
145638.0 31D 8 000000000000001F
145639.2 5EB 8 0000000000000007
145640.4 5EC 8 000000000000000F
145647.9 66B 8 7700000000000000
145649.5 66C 8 DF09000000000000
145663.5 444 8 0000000000000005
145679.2 6C0 7 04030100000000
145681.4 3F1 8 0002000000000000
145683.1 663 8 7814E00E00AA0000
145684.9 31C 8 00000000800084F3
145686.3 31D 8 000000000000001F
145694.5 38C 8 000000000000007F
145695.9 38D 8 00000000000000E5
145697.4 39C 8 FF6F000000000000
145699.0 3C3 8 FF00000000000000
145710.2 444 8 0000000000000005
145712.0 537 8 8080808080800000
145713.2 538 8 8080008080000080
145725.7 31C 8 00000000800084F3
145727.1 6AB 8 0000000000003FA1
145728.5 31D 8 000000000000001F
145757.3 444 8 0000000000000005
145772.9 3F1 8 0002000000000000
145774.3 663 8 7814E00E00AA0000
145775.8 31C 8 00000000800084F3
145788.7 31D 8 000000000000001F
145790.9 38C 8 000000000000007F
145792.2 38D 8 00000000000000E5
145804.2 39C 8 FF6F000000000000
145805.7 3C3 8 FF00000000000000
145807.4 444 8 0000000000000005
145819.8 523 8 CD1F7770450E0B02
145821.7 52E 5 603F000000
145822.9 31C 8 00000000800084F3
145835.4 31D 8 000000000000001F
145851.0 444 8 0000000000000005
145866.5 6C0 7 04030100000000
145868.3 3F1 8 0002000000000000
145870.1 663 8 7814E00E00AA0000
145882.5 31C 8 00000000800084F3
145884.3 539 8 3602800008030000
145885.7 541 8 0000000000000000
145887.0 31D 8 000000000000001F
145888.4 38C 8 000000000000007F
145897.9 38D 8 00000000000000E5
145899.4 39C 8 FF6F000000000000
145900.7 3C3 8 FF00000000000000
145913.3 444 8 0000000000000005
145914.9 537 8 8080808080800000
145916.1 538 8 8080008080000080
145929.1 31C 8 00000000800084F3
145930.8 6AB 8 0000000000003FA1
145932.2 31D 8 000000000000001F
145960.6 444 8 0000000000000005
145977.9 3F1 8 0002000000000000
145979.5 663 8 7814E00E00AA0000
145980.9 31C 8 00000000800084F3
145983.1 31D 8 000000000000001F
145993.7 38C 8 000000000000007F
145995.2 38D 8 00000000000000E5
145996.6 39C 8 FF6F000000000000
146009.4 3C3 8 FF00000000000000
146011.8 444 8 0000000000000005
146024.9 31C 8 00000000800084F3
146026.4 31D 8 000000000000001F
146056.2 444 8 0000000000000005
146071.7 6C0 7 04030100000000
146073.3 3F1 8 0002000000000000
146075.0 484 8 0000000000000000
146076.2 523 8 CD1F7770450E0B02
146077.4 52E 5 603F000000
146078.6 585 8 902C00000000003F
146079.7 64C 2 0011
146080.9 663 8 7814E00E00AA0000
146082.3 6B2 8 FFFEFF0F880004C6
146083.6 31C 8 00000000800084F3
146087.7 31D 8 000000000000001F
146089.2 38C 8 000000000000007F
146090.8 38D 8 00000000000000E5
146102.9 39C 8 FF6F000000000000
146104.6 3C3 8 FF00000000000000
146106.0 444 8 0000000000000005
146118.7 537 8 8080808080800000
146120.2 538 8 8080008080000080
146134.8 31C 8 00000000800084F3
146138.2 5FB 8 1FFFFFFFFF1FF87E
146140.1 5EA 8 0000000000000016
146141.7 539 8 3602800008030000
146143.1 541 8 0000000000000000
146144.4 5FA 8 5B9DC7CC9C46F1FF
146145.7 6AB 8 0000000000003FA1
146146.9 31D 8 000000000000001F
146148.4 5EB 8 0000000000000007
146149.7 5EC 8 000000000000000F
146151.2 66B 8 7700000000000000
146165.7 66C 8 DF09000000000000
146167.3 444 8 0000000000000005
146168.9 3F1 8 0002000000000000
146181.3 663 8 7814E00E00AA0000
146183.0 31C 8 00000000800084F3
146184.6 31D 8 000000000000001F
146186.2 38C 8 000000000000007F
146196.9 38D 8 00000000000000E5
146198.6 39C 8 FF6F000000000000
146200.0 3C3 8 FF00000000000000
146212.5 444 8 0000000000000005
146227.9 31C 8 00000000800084F3
146229.5 31D 8 000000000000001F
146259.5 444 8 0000000000000005
146274.8 6C0 7 04030100000000
146276.3 3F1 8 0002000000000000
146277.9 663 8 7814E00E00AA0000
146280.1 31C 8 00000000800084F3
146281.6 31D 8 000000000000001F
146290.7 38C 8 000000000000007F
146292.4 38D 8 00000000000000E5
146294.2 39C 8 FF6F000000000000
146306.1 3C3 8 FF00000000000000
146307.8 444 8 0000000000000005
146309.4 537 8 8080808080800000
146321.7 538 8 8080008080000080
146323.0 523 8 CD1F7770450E0B02
146324.4 52E 5 603F000000
146325.6 31C 8 00000000800084F3
146327.1 6AB 8 0000000000003FA1
146337.6 31D 8 000000000000001F
146352.9 444 8 0000000000000005
146368.6 3F1 8 0002000000000000
146370.3 663 8 7814E00E00AA0000
146384.6 31C 8 00000000800084F3
146386.3 539 8 3602800008030000
146387.7 541 8 0000000000000000
146389.2 31D 8 000000000000001F
146390.8 38C 8 000000000000007F
146392.2 38D 8 00000000000000E5
146399.8 39C 8 FF6F000000000000
146401.4 3C3 8 FF00000000000000
146402.9 444 8 0000000000000005
146431.3 31C 8 00000000800084F3
146432.9 31D 8 000000000000001F
146462.8 444 8 0000000000000005
146478.1 6C0 7 04030100000000
146479.7 3F1 8 0002000000000000
146481.6 663 8 7814E00E00AA0000
146483.2 31C 8 00000000800084F3
146484.7 31D 8 000000000000001F
146493.8 38C 8 000000000000007F
146495.7 38D 8 00000000000000E5
146497.0 39C 8 FF6F000000000000
146509.1 3C3 8 FF00000000000000
146510.6 444 8 0000000000000005
146512.1 537 8 8080808080800000
146524.8 538 8 8080008080000080
146526.5 31C 8 00000000800084F3
146527.9 6AB 8 0000000000003FA1
146529.4 31D 8 000000000000001F
146556.4 444 8 0000000000000005
146571.6 3F1 8 0002000000000000
146573.0 484 8 0000000000000000
146574.4 523 8 CD1F7770450E0B02
146575.7 52E 5 603F000000
146577.0 663 8 7814E00E00AA0000
146578.4 31C 8 00000000800084F3
146587.7 31D 8 000000000000001F
146589.5 38C 8 000000000000007F
146591.1 38D 8 00000000000000E5
146604.2 39C 8 FF6F000000000000
146608.3 3C3 8 FF00000000000000
146609.5 444 8 0000000000000005
146634.1 31C 8 00000000800084F3
146635.8 5EA 8 0000000000000016
146637.3 539 8 3602800008030000
146638.8 541 8 0000000000000000
146640.1 31D 8 000000000000001F
146641.8 5EB 8 0000000000000007
146643.1 5EC 8 000000000000000F
146650.0 66B 8 7700000000000000
146651.7 66C 8 DF09000000000000
146653.1 444 8 0000000000000005
146665.7 6C0 7 04030100000000
146681.3 3F1 8 0002000000000000
146682.9 663 8 7814E00E00AA0000
146684.5 31C 8 00000000800084F3
146686.1 31D 8 000000000000001F
146687.6 38C 8 000000000000007F
146696.9 38D 8 00000000000000E5
146698.5 39C 8 FF6F000000000000
146700.0 3C3 8 FF00000000000000
146712.7 444 8 0000000000000005
146715.6 537 8 8080808080800000
146717.1 538 8 8080008080000080
146728.2 31C 8 00000000800084F3
146729.8 6AB 8 0000000000003FA1
146731.1 31D 8 000000000000001F
146759.5 444 8 0000000000000005
146774.7 3F1 8 0002000000000000
146776.3 663 8 7814E00E00AA0000
146777.8 31C 8 00000000800084F3
146779.3 31D 8 000000000000001F
146790.7 38C 8 000000000000007F
146792.2 38D 8 00000000000000E5
146793.8 39C 8 FF6F000000000000
146806.3 3C3 8 FF00000000000000
146807.9 444 8 0000000000000005
146821.8 523 8 CD1F7770450E0B02
146823.3 52E 5 603F000000
146824.9 31C 8 00000000800084F3
146837.7 31D 8 000000000000001F
146852.9 444 8 0000000000000005
146868.5 6C0 7 04030100000000
146870.1 3F1 8 0002000000000000
146871.5 663 8 7814E00E00AA0000
146884.2 31C 8 00000000800084F3
146886.1 539 8 3602800008030000
146888.4 541 8 0000000000000000
146889.9 31D 8 000000000000001F
146891.5 38C 8 000000000000007F
146892.9 38D 8 00000000000000E5
146899.8 39C 8 FF6F000000000000
146901.5 3C3 8 FF00000000000000
146903.1 444 8 0000000000000005
146916.0 537 8 8080808080800000
146917.4 538 8 8080008080000080
146931.2 31C 8 00000000800084F3
146932.6 6AB 8 0000000000003FA1
146933.9 31D 8 000000000000001F
146962.6 444 8 0000000000000005
146978.2 3F1 8 0002000000000000
146979.7 663 8 7814E00E00AA0000
146981.2 31C 8 00000000800084F3
146982.9 31D 8 000000000000001F
146993.7 38C 8 000000000000007F
146995.4 38D 8 00000000000000E5
146996.7 39C 8 FF6F000000000000
147009.4 3C3 8 FF00000000000000
147010.7 444 8 0000000000000005
147024.9 31C 8 00000000800084F3
147026.3 31D 8 000000000000001F
147056.9 444 8 0000000000000005
147071.6 6C0 7 04030100000000
147073.1 3F1 8 0002000000000000
147074.6 484 8 0000000000000000
147075.9 523 8 CD1F7770450E0B02
147077.2 52E 5 603F000000
147078.3 585 8 902C00000000003F
147079.5 64C 2 0011
147080.7 663 8 7814E00E00AA0000
147081.9 6B2 8 FFFEFF0F880084C6
147083.1 31C 8 00000000800084F3
147087.5 31D 8 000000000000001F
147089.2 38C 8 000000000000007F
147090.9 38D 8 00000000000000E5
147102.9 39C 8 FF6F000000000000
147104.8 3C3 8 FF00000000000000
147106.1 444 8 0000000000000005
147118.6 537 8 8080808080800000
147120.2 538 8 8080008080000080
147134.2 31C 8 00000000800084F3
147135.7 5EA 8 0000000000000016
147137.2 5FB 8 1FFFFFFFFF1FF87E
147138.9 539 8 3602800008030000
147140.6 541 8 0000000000000000
147141.9 5FA 8 5B9DC7CC9C46F1FF
147143.1 6AB 8 0000000000003FA1
147144.4 31D 8 000000000000001F
147145.9 5EB 8 0000000000000007
147147.1 5EC 8 000000000000000F
147150.2 66B 8 7700000000000000
147151.8 66C 8 DF09000000000000
147153.1 444 8 0000000000000005
147165.8 3F1 8 0002000000000000
147181.3 663 8 7814E00E00AA0000
147182.9 31C 8 00000000800084F3
147184.6 31D 8 000000000000001F
147186.2 38C 8 000000000000007F
147197.2 38D 8 00000000000000E5
147199.2 39C 8 FF6F000000000000
147200.6 3C3 8 FF00000000000000
147212.5 444 8 0000000000000005
147227.8 31C 8 00000000800084F3
147229.8 31D 8 000000000000001F
147259.6 444 8 0000000000000005
147274.8 6C0 7 04030100000000
147276.3 3F1 8 0002000000000000
147277.8 663 8 7814E00E00AA0000
147279.2 31C 8 00000000800084F3
147280.8 31D 8 000000000000001F
147290.6 38C 8 000000000000007F
147292.5 38D 8 00000000000000E5
147294.4 39C 8 FF6F000000000000
147306.2 3C3 8 FF00000000000000
147307.6 444 8 0000000000000005
147309.0 537 8 8080808080800000
147321.7 538 8 8080008080000080
147327.0 523 8 CD1F7770450E0B02
147328.6 52E 5 603F000000
147329.9 31C 8 00000000800084F3
147331.4 6AB 8 0000000000003FA1
147338.0 31D 8 000000000000001F
147352.9 444 8 0000000000000005
147368.8 3F1 8 0002000000000000
147371.1 663 8 7814E00E00AA0000
147384.5 31C 8 00000000800084F3
147386.2 539 8 3602800008030000
147387.7 541 8 0000000000000000
147389.1 31D 8 000000000000001F
147391.0 38C 8 000000000000007F
147392.2 38D 8 00000000000000E5
147399.9 39C 8 FF6F000000000000
147401.5 3C3 8 FF00000000000000
147403.1 444 8 0000000000000005
147431.3 31C 8 00000000800084F3
147432.9 31D 8 000000000000001F
147462.8 444 8 0000000000000005
147478.2 6C0 7 04030100000000
147479.8 3F1 8 0002000000000000
147481.4 663 8 7814E00E00AA0000
147482.9 31C 8 00000000800084F3
147484.5 31D 8 000000000000001F
147493.8 38C 8 000000000000007F
147495.4 38D 8 00000000000000E5
147496.9 39C 8 FF6F000000000000
147509.3 3C3 8 FF00000000000000
147510.8 444 8 0000000000000005
147512.3 537 8 8080808080800000
147524.8 538 8 8080008080000080
147526.4 31C 8 00000000800084F3
147527.9 6AB 8 0000000000003FA1
147529.4 31D 8 000000000000001F
147556.4 444 8 0000000000000005
147571.6 3F1 8 0002000000000000
147573.1 484 8 0000000000000000
147574.5 523 8 CD1F7770450E0B02
147575.8 52E 5 603F000000
147577.1 663 8 7814E00E00AA0000
147578.6 31C 8 00000000800084F3
147587.6 31D 8 000000000000001F
147589.3 38C 8 000000000000007F
147590.9 38D 8 00000000000000E5
147602.9 39C 8 FF6F000000000000
147604.5 3C3 8 FF00000000000000
147606.0 444 8 0000000000000005
147634.2 31C 8 00000000800084F3
147636.1 5EA 8 0000000000000016
147638.2 539 8 3602800008030000
147639.5 541 8 0000000000000000
147640.8 31D 8 000000000000001F
147642.3 5EB 8 0000000000000007
147643.6 5EC 8 000000000000000F
147649.9 66B 8 7700000000000000
147651.4 66C 8 DF09000000000000
147652.9 444 8 0000000000000005
147665.6 6C0 7 04030100000000
147681.3 3F1 8 0002000000000000
147682.9 663 8 7814E00E00AA0000
147684.4 31C 8 00000000800084F3
147685.9 31D 8 000000000000001F
147687.4 38C 8 000000000000007F
147696.9 38D 8 00000000000000E5
147698.6 39C 8 FF6F000000000000
147700.1 3C3 8 FF00000000000000
147712.6 444 8 0000000000000005
147714.2 537 8 8080808080800000
147715.6 538 8 8080008080000080
147728.2 31C 8 00000000800084F3
147729.9 6AB 8 0000000000003FA1
147731.2 31D 8 000000000000001F
147759.5 444 8 0000000000000005
147774.8 3F1 8 0002000000000000
147776.4 663 8 7814E00E00AA0000
147777.8 31C 8 00000000800084F3
147780.2 31D 8 000000000000001F
147790.7 38C 8 000000000000007F
147792.2 38D 8 00000000000000E5
147793.8 39C 8 FF6F000000000000
147806.3 3C3 8 FF00000000000000
147807.8 444 8 0000000000000005
147821.6 523 8 CD1F7770450E0B02
147823.3 52E 5 603F000000
147824.8 31C 8 00000000800084F3
147837.8 31D 8 000000000000001F
147852.9 444 8 0000000000000005
147868.7 6C0 7 04030100000000
147870.5 3F1 8 0002000000000000
147872.1 663 8 7814E00E00AA0000
147884.5 31C 8 00000000800084F3
147886.1 539 8 3602800008030000
147887.5 541 8 0000000000000000
147889.0 31D 8 000000000000001F
147890.7 38C 8 000000000000007F
147892.3 38D 8 00000000000000E5
147899.8 39C 8 FF6F000000000000
147901.3 3C3 8 FF00000000000000
147903.1 444 8 0000000000000005
147915.7 537 8 8080808080800000
147917.3 538 8 8080008080000080
147931.3 31C 8 00000000800084F3
147933.1 6AB 8 0000000000003FA1
147934.5 31D 8 000000000000001F
147962.9 444 8 0000000000000005
147977.9 3F1 8 0002000000000000
147979.5 663 8 7814E00E00AA0000
147981.1 31C 8 00000000800084F3
147982.7 31D 8 000000000000001F
147993.9 38C 8 000000000000007F
147995.5 38D 8 00000000000000E5
147996.9 39C 8 FF6F000000000000
148009.4 3C3 8 FF00000000000000
148011.0 444 8 0000000000000005
148024.8 31C 8 00000000800084F3
148026.3 31D 8 000000000000001F
148056.2 444 8 0000000000000005
148071.7 6C0 7 04030100000000
148073.0 3F1 8 0002000000000000
148074.7 484 8 0000000000000000
148076.1 523 8 CD1F7770450E0B02
148077.3 52E 5 603F000000
148078.5 585 8 902C00000000003F
148079.7 64C 2 0011
148080.9 663 8 7814E00E00AA0000
148082.2 6B2 8 FFFEFF0F880004C7
148083.3 31C 8 00000000800084F3
148087.8 31D 8 000000000000001F
148089.5 38C 8 000000000000007F
148091.1 38D 8 00000000000000E5
148102.9 39C 8 FF6F000000000000
148104.5 3C3 8 FF00000000000000
148105.9 444 8 0000000000000005
148118.7 537 8 8080808080800000
148120.3 538 8 8080008080000080
148134.3 31C 8 00000000800084F3
148136.0 5EA 8 0000000000000016
148137.6 5FB 8 1FFFFFFFFF1FF87E
148139.1 539 8 3602800008030000
148140.7 541 8 0000000000000000
148142.0 5FA 8 5B9DC7CC9C46F1FF
148143.3 6AB 8 0000000000003FA1
148144.5 31D 8 000000000000001F
148145.8 5EB 8 0000000000000007
148147.1 5EC 8 000000000000000F
148149.8 66B 8 7700000000000000
148151.3 66C 8 DF09000000000000
148152.9 444 8 0000000000000005
148165.8 3F1 8 0002000000000000
148181.3 663 8 7814E00E00AA0000
148182.9 31C 8 00000000800084F3
148184.5 31D 8 000000000000001F
148186.2 38C 8 000000000000007F
148196.9 38D 8 00000000000000E5
148198.6 39C 8 FF6F000000000000
148201.0 3C3 8 FF00000000000000
148212.7 444 8 0000000000000005
148227.9 31C 8 00000000800084F3
148229.5 31D 8 000000000000001F
148259.4 444 8 0000000000000005
148274.9 6C0 7 04030100000000
148276.6 3F1 8 0002000000000000
148278.2 663 8 7814E00E00AA0000
148279.7 31C 8 00000000800084F3
148281.2 31D 8 000000000000001F
148290.8 38C 8 000000000000007F
148292.6 38D 8 00000000000000E5
148294.4 39C 8 FF6F000000000000
148306.3 3C3 8 FF00000000000000
148308.0 444 8 0000000000000005
148309.8 537 8 8080808080800000
148321.6 538 8 8080008080000080
148323.0 523 8 CD1F7770450E0B02
148324.3 52E 5 603F000000
148325.6 31C 8 00000000800084F3
148327.1 6AB 8 0000000000003FA1
148337.5 31D 8 000000000000001F
148352.9 444 8 0000000000000005
148368.8 3F1 8 0002000000000000
148370.9 663 8 7814E00E00AA0000
148384.5 31C 8 00000000800084F3
148386.8 539 8 3602800008030000
148388.6 541 8 0000000000000000
148390.3 31D 8 000000000000001F
148392.4 38C 8 000000000000007F
148395.0 38D 8 00000000000000E5
148399.8 39C 8 FF6F000000000000
148401.3 3C3 8 FF00000000000000
148403.0 444 8 0000000000000005
148431.4 31C 8 00000000800084F3
148432.9 31D 8 000000000000001F
148462.9 444 8 0000000000000005
148478.1 6C0 7 04030100000000
148479.7 3F1 8 0002000000000000
148481.1 663 8 7814E00E00AA0000
148482.6 31C 8 00000000800084F3
148484.2 31D 8 000000000000001F
148493.8 38C 8 000000000000007F
148495.4 38D 8 00000000000000E5
148496.8 39C 8 FF6F000000000000
148509.2 3C3 8 FF00000000000000
148510.8 444 8 0000000000000005
148512.4 537 8 8080808080800000
148524.7 538 8 8080008080000080
148526.3 31C 8 00000000800084F3
148528.5 6AB 8 0000000000003FA1
148529.9 31D 8 000000000000001F
148556.3 444 8 0000000000000005
148571.7 3F1 8 0002000000000000
148573.2 484 8 0000000000000000
148574.6 523 8 CD1F7770450E0B02
148575.9 52E 5 603F000000
148577.2 663 8 7814E00E00AA0000
148578.5 31C 8 00000000800084F3
148587.6 31D 8 000000000000001F
148589.6 38C 8 000000000000007F
148591.0 38D 8 00000000000000E5
148602.9 39C 8 FF6F000000000000
148604.6 3C3 8 FF00000000000000
148606.0 444 8 0000000000000005
148634.1 31C 8 00000000800084F3
148635.9 5EA 8 0000000000000016
148637.3 539 8 3602800008030000
148638.7 541 8 0000000000000000
148640.2 31D 8 000000000000001F
148641.9 5EB 8 0000000000000007
148643.1 5EC 8 000000000000000F
148649.8 66B 8 7700000000000000
148651.3 66C 8 DF09000000000000
148652.8 444 8 0000000000000005
148665.7 6C0 7 04030100000000
148667.2 3F1 8 0002000000000000
148681.4 663 8 7814E00E00AA0000
148690.9 31C 8 00000000800084F3
148692.9 31D 8 000000000000001F
148695.2 38C 8 000000000000007F
148712.7 38D 8 00000000000000E5
148714.3 39C 8 FF6F000000000000
148715.7 3C3 8 FF00000000000000
148717.1 444 8 0000000000000005
148718.6 537 8 8080808080800000
148720.3 538 8 8080008080000080
148728.3 31C 8 00000000800084F3
148730.3 6AB 8 0000000000003FA1
148731.6 31D 8 000000000000001F
148759.5 444 8 0000000000000005
148774.8 3F1 8 0002000000000000
148776.5 663 8 7814E00E00AA0000
148778.0 31C 8 00000000800084F3
148779.5 31D 8 000000000000001F
148790.4 38C 8 000000000000007F
148791.9 38D 8 00000000000000E5
148793.5 39C 8 FF6F000000000000
148806.2 3C3 8 FF00000000000000
148807.5 444 8 0000000000000005
148821.6 523 8 CD1F7770450E0B02
148823.1 52E 5 603F000000
148824.4 31C 8 00000000800084F3
148837.4 31D 8 000000000000001F
148852.9 444 8 0000000000000005
148868.6 6C0 7 04030100000000
148870.9 3F1 8 0002000000000000
148872.6 663 8 7814E00E00AA0000
148884.5 31C 8 00000000800084F3
148887.0 539 8 3602800008030000
148888.5 541 8 0000000000000000
148889.7 31D 8 000000000000001F
148891.2 38C 8 000000000000007F
148892.4 38D 8 00000000000000E5
148899.8 39C 8 FF6F000000000000
148901.3 3C3 8 FF00000000000000
148902.9 444 8 0000000000000005
148915.4 537 8 8080808080800000
148917.7 538 8 8080008080000080
148931.3 31C 8 00000000800084F3
148932.9 6AB 8 0000000000003FA1
148934.3 31D 8 000000000000001F
148962.9 444 8 0000000000000005
148977.9 3F1 8 0002000000000000
148979.6 663 8 7814E00E00AA0000
148981.4 31C 8 00000000800084F3
148983.1 31D 8 000000000000001F
148993.9 38C 8 000000000000007F
148995.6 38D 8 00000000000000E5
148997.2 39C 8 FF6F000000000000
149009.4 3C3 8 FF00000000000000
149011.5 444 8 0000000000000005
149024.8 31C 8 00000000800084F3
149026.4 31D 8 000000000000001F
149056.3 444 8 0000000000000005
149071.6 6C0 7 04030100000000
149073.1 3F1 8 0002000000000000
149074.5 484 8 0000000000000000
149075.9 523 8 CD1F7770450E0B02
149077.2 52E 5 603F000000
149078.5 585 8 902C00000000003F
149079.8 64C 2 0011
149081.2 663 8 7814E00E00AA0000
149082.5 6B2 8 FFFEFF0F880084C7
149083.8 31C 8 00000000800084F3
149087.7 31D 8 000000000000001F
149089.6 38C 8 000000000000007F
149091.3 38D 8 00000000000000E5
149102.9 39C 8 FF6F000000000000
149104.6 3C3 8 FF00000000000000
149106.1 444 8 0000000000000005
149118.8 537 8 8080808080800000
149120.5 538 8 8080008080000080
149134.2 31C 8 00000000800084F3
149135.8 5EA 8 0000000000000016
149137.3 5FB 8 1FFFFFFFFF1FF87E
149138.7 539 8 3602800008030000
149140.1 541 8 0000000000000000
149142.1 5FA 8 5B9DC7CC9C46F1FF
149143.3 6AB 8 0000000000003FA1
149144.7 31D 8 000000000000001F
149146.2 5EB 8 0000000000000007
149147.5 5EC 8 000000000000000F
149149.7 66B 8 7700000000000000
149151.1 66C 8 DF09000000000000
149152.6 444 8 0000000000000005
149165.9 3F1 8 0002000000000000
149167.5 663 8 7814E00E00AA0000
149181.4 31C 8 00000000800084F3
149183.0 31D 8 000000000000001F
149184.5 38C 8 000000000000007F
149196.9 38D 8 00000000000000E5
149198.9 39C 8 FF6F000000000000
149200.4 3C3 8 FF00000000000000
149212.6 444 8 0000000000000005
149227.9 31C 8 00000000800084F3
149229.4 31D 8 000000000000001F
149259.5 444 8 0000000000000005
149274.7 6C0 7 04030100000000
149276.2 3F1 8 0002000000000000
149277.8 663 8 7814E00E00AA0000
149279.3 31C 8 00000000800084F3
149280.8 31D 8 000000000000001F
149290.7 38C 8 000000000000007F
149292.4 38D 8 00000000000000E5
149294.0 39C 8 FF6F000000000000
149306.3 3C3 8 FF00000000000000
149307.9 444 8 0000000000000005
149309.5 537 8 8080808080800000
149321.6 538 8 8080008080000080
149323.1 523 8 CD1F7770450E0B02
149324.5 52E 5 603F000000
149326.2 31C 8 00000000800084F3
149327.7 6AB 8 0000000000003FA1
149337.7 31D 8 000000000000001F
149352.9 444 8 0000000000000005
149368.9 3F1 8 0002000000000000
149370.8 663 8 7814E00E00AA0000
149384.6 31C 8 00000000800084F3
149386.4 539 8 3602800008030000
149388.1 541 8 0000000000000000
149389.8 31D 8 000000000000001F
149391.6 38C 8 000000000000007F
149393.1 38D 8 00000000000000E5
149399.7 39C 8 FF6F000000000000
149401.2 3C3 8 FF00000000000000
149402.8 444 8 0000000000000005
149431.3 31C 8 00000000800084F3
149432.9 31D 8 000000000000001F
149462.8 444 8 0000000000000005
149478.4 6C0 7 04030100000000
149480.6 3F1 8 0002000000000000
149481.9 663 8 7814E00E00AA0000
149483.3 31C 8 00000000800084F3
149484.8 31D 8 000000000000001F
149493.8 38C 8 000000000000007F
149496.0 38D 8 00000000000000E5
149497.5 39C 8 FF6F000000000000
149509.1 3C3 8 FF00000000000000
149510.8 444 8 0000000000000005
149512.5 537 8 8080808080800000
149524.8 538 8 8080008080000080
149526.5 31C 8 00000000800084F3
149528.0 6AB 8 0000000000003FA1
149529.5 31D 8 000000000000001F
149556.2 444 8 0000000000000005
149571.8 3F1 8 0002000000000000
149573.4 484 8 0000000000000000
149574.8 523 8 CD1F7770450E0B02
149576.1 52E 5 603F000000
149577.4 663 8 7814E00E00AA0000
149578.7 31C 8 00000000800084F3
149587.2 31D 8 000000000000001F
149588.9 38C 8 000000000000007F
149590.4 38D 8 00000000000000E5
149602.9 39C 8 FF6F000000000000
149604.4 3C3 8 FF00000000000000
149606.5 444 8 0000000000000005
149634.1 31C 8 00000000800084F3
149635.8 5EA 8 0000000000000016
149637.1 539 8 3602800008030000
149638.6 541 8 0000000000000000
149640.1 31D 8 000000000000001F
149641.6 5EB 8 0000000000000007
149643.0 5EC 8 000000000000000F
149649.9 66B 8 7700000000000000
149651.3 66C 8 DF09000000000000
149652.8 444 8 0000000000000005
149665.8 6C0 7 04030100000000
149667.5 3F1 8 0002000000000000
149681.3 663 8 7814E00E00AA0000
149682.9 31C 8 00000000800084F3
149684.5 31D 8 000000000000001F
149686.0 38C 8 000000000000007F
149696.9 38D 8 00000000000000E5
149698.6 39C 8 FF6F000000000000
149700.0 3C3 8 FF00000000000000
149712.6 444 8 0000000000000005
149714.2 537 8 8080808080800000
149715.6 538 8 8080008080000080
149728.2 31C 8 00000000800084F3
149729.8 6AB 8 0000000000003FA1
149731.3 31D 8 000000000000001F
149759.5 444 8 0000000000000005
149774.8 3F1 8 0002000000000000
149776.6 663 8 7814E00E00AA0000
149778.3 31C 8 00000000800084F3
149779.9 31D 8 000000000000001F
149790.6 38C 8 000000000000007F
149792.1 38D 8 00000000000000E5
149793.7 39C 8 FF6F000000000000
149806.3 3C3 8 FF00000000000000
149807.8 444 8 0000000000000005
149821.7 523 8 CD1F7770450E0B02
149823.3 52E 5 603F000000
149824.8 31C 8 00000000800084F3
149837.4 31D 8 000000000000001F
149852.9 444 8 0000000000000005
149868.8 6C0 7 04030100000000
149870.6 3F1 8 0002000000000000
149872.6 663 8 7814E00E00AA0000
149884.5 31C 8 00000000800084F3
149886.3 539 8 3602800008030000
149888.1 541 8 0000000000000000
149889.4 31D 8 000000000000001F
149891.0 38C 8 000000000000007F
149892.3 38D 8 00000000000000E5
149899.8 39C 8 FF6F000000000000
149901.9 3C3 8 FF00000000000000
149903.4 444 8 0000000000000005
149915.7 537 8 8080808080800000
149917.5 538 8 8080008080000080
149931.3 31C 8 00000000800084F3
149932.9 6AB 8 0000000000003FA1
149934.3 31D 8 000000000000001F
149962.7 444 8 0000000000000005
149977.9 3F1 8 0002000000000000
149979.3 663 8 7814E00E00AA0000
149980.7 31C 8 00000000800084F3
149982.1 31D 8 000000000000001F
149993.8 38C 8 000000000000007F
149995.4 38D 8 00000000000000E5
149996.9 39C 8 FF6F000000000000

