22534.9 5FB 8 000000000000007E
22587.9 539 8 00020000FE010000
22589.4 541 8 0000000000000000
22590.5 5FA 8 000000000000F8FF
22591.6 6AB 8 0000000000000020
22592.6 6D3 7 01000000000000
22593.8 6C0 7 01010400000000
22594.8 3F1 8 0000000000000000
22595.9 484 8 0000000000000000
22596.9 523 8 CD1F7770450E0B02
22598.2 52E 5 603F000000
22602.1 585 8 B02800000000003F
22603.4 64C 2 0011
22604.5 663 8 7300000E00000000
22605.6 6B2 8 83FEFF0F88000040
22606.8 31C 8 00000000800084F3
22612.7 31D 8 000000000000001F
22613.9 38C 8 000000000000007F
22615.1 38D 8 00000000000000E5
22616.7 39C 8 FF6F000000000000
22617.9 3C3 8 FF00000000000000
22619.0 444 8 0000000000000005
22620.1 537 8 8080808080800000
22621.2 538 8 8080008080000080
22622.4 31C 8 00000000800084F3
22627.1 5EA 8 0000000000000016
22628.4 31D 8 000000000000001F
22629.6 5EB 8 0000000000000007
22630.7 5EC 8 000000000000000F
22631.9 66B 8 7700000000000000
22632.9 66C 8 DF09000000000000
22634.0 444 8 0000000000000005
22635.1 3F1 8 0000000000000000
22636.2 663 8 7314000F009C0000
22637.3 31C 8 00000000800084F3
22638.4 31D 8 000000000000001F
22639.6 38C 8 000000000000007F
22644.1 38D 8 00000000000000E5
22645.4 39C 8 FF6F000000000000
22646.5 3C3 8 FF00000000000000
22647.7 444 8 0000000000000005
22659.6 31C 8 00000000800084F3
22660.8 31D 8 000000000000001F
22691.3 444 8 0000000000000005
22706.9 6AB 8 0000000000000020
22708.4 6D3 7 01000000000000
22709.6 6C0 7 01010400000000
22710.8 3F1 8 0000000000000000
22712.0 663 8 7314000E00AA0000
22713.2 31C 8 00000000800084F3
22722.6 31D 8 000000000000001F
22724.0 38C 8 000000000000007F
22725.3 38D 8 00000000000000E5
22726.5 39C 8 FF6F000000000000
22737.8 3C3 8 FF00000000000000
22739.2 444 8 0000000000000005
22740.4 537 8 8080808080800000
22753.7 538 8 8080008080000080
22755.0 539 8 3B020000FE010000
22756.2 541 8 0000000000000000
22757.5 523 8 CD1F7770450E0B02
22758.8 52E 5 603F000000
22760.0 31C 8 00000000800084F3
22769.6 31D 8 000000000000001F
22785.4 444 8 0000000000000005
22800.8 3F1 8 0000000000000000
22802.1 663 8 7314000E00AA0000
22820.1 31C 8 00000000800084F3
22821.5 31D 8 000000000000001F
22822.7 38C 8 000000000000007F
22823.8 38D 8 00000000000000E5
22831.9 39C 8 FF6F000000000000
22833.2 3C3 8 FF00000000000000
22847.3 444 8 0000000000000005
22863.0 31C 8 00000000800084F3
22864.2 31D 8 000000000000001F
22894.3 444 8 0000000000000005
22909.9 6AB 8 0000000000000020
22911.2 6D3 7 01000000000000
22912.3 6C0 7 01010400000000
22913.5 3F1 8 0000000000000000
22914.7 663 8 7314000E00AA0000
22915.8 31C 8 00000000800084F3
22916.9 31D 8 000000000000001F
22925.6 38C 8 000000000000007F
22927.0 38D 8 00000000000000E5
22928.2 39C 8 FF6F000000000000
22941.3 3C3 8 FF00000000000000
22942.6 444 8 0000000000000005
22943.7 537 8 8080808080800000
22956.9 538 8 8080008080000080
22958.3 31C 8 00000000800084F3
22972.4 31D 8 000000000000001F
22988.1 444 8 0000000000000005
23003.7 539 8 3B020000FE010000
23005.2 541 8 0000000000000000
23006.3 3F1 8 0000000000000000
23007.5 484 8 0000000000000000
23008.6 523 8 CD1F7770450E0B02
23009.7 52E 5 603F000000
23010.9 663 8 7314000E00AA0000
23012.0 31C 8 00000000800084F3
23019.4 31D 8 000000000000001F
23020.7 38C 8 000000000000007F
23021.8 38D 8 00000000000000E5
23034.9 39C 8 FF6F000000000000
23036.1 3C3 8 FF00000000000000
23037.2 444 8 0000000000000005
23066.2 31C 8 00000000800084F3
23067.4 5EA 8 0000000000000016
23068.6 31D 8 000000000000001F
23069.7 5EB 8 0000000000000007
23070.8 5EC 8 000000000000000F
23082.0 66B 8 7700000000000000
23083.3 66C 8 DF09000000000000
23097.4 444 8 0000000000000005
23098.6 6AB 8 0000000000000020
23099.7 6D3 7 01000000000000
23112.8 6C0 7 01010400000000
23114.2 3F1 8 0000000000000000
23115.3 663 8 7314000E00AA0000
23116.5 31C 8 00000000800084F3
23117.7 31D 8 000000000000001F
23119.0 38C 8 000000000000007F
23128.7 38D 8 00000000000000E5
23129.9 39C 8 FF6F000000000000
23131.0 3C3 8 FF00000000000000
23144.1 444 8 0000000000000005
23145.2 537 8 8080808080800000
23146.3 538 8 8080008080000080
23160.2 31C 8 00000000800084F3
23161.5 31D 8 000000000000001F
23191.2 444 8 0000000000000005
23206.8 3F1 8 0000000000000000
23208.0 663 8 7314000E00AA0000
23209.0 31C 8 00000000800084F3
23222.4 31D 8 000000000000001F
23223.6 38C 8 000000000000007F
23224.7 38D 8 00000000000000E5
23225.8 39C 8 FF6F000000000000
23238.0 3C3 8 FF00000000000000
23239.2 444 8 0000000000000005
23253.9 539 8 3B020000FE010000
23255.0 541 8 0000000000000000
23256.2 523 8 CD1F7770450E0B02
23257.4 52E 5 603F000000
23258.7 31C 8 00000000800084F3
23269.5 31D 8 000000000000001F
23287.5 444 8 0000000000000005
23300.7 6AB 8 0000000000000020
23302.0 6D3 7 01000000000000
23303.3 6C0 7 01010400000000
23304.4 3F1 8 0000000000000000
23305.5 663 8 7314000E00AA0000
23316.3 31C 8 00000000800084F3
23317.6 31D 8 000000000000001F
23318.9 38C 8 000000000000007F
23331.9 38D 8 00000000000000E5
23333.4 39C 8 FF6F000000000000
23334.5 3C3 8 FF00000000000000
23347.6 444 8 0000000000000005
23348.9 537 8 8080808080800000
23350.0 538 8 8080008080000080
23363.3 31C 8 00000000800084F3
23364.5 31D 8 000000000000001F
23400.9 444 8 0000000000000005
23410.0 3F1 8 0000000000000000
23411.2 663 8 7314000E00AA0000
23412.5 31C 8 00000000800084F3
23413.8 31D 8 000000000000001F
23425.7 38C 8 000000000000007F
23427.1 38D 8 00000000000000E5
23428.4 39C 8 FF6F000000000000
23441.1 3C3 8 FF00000000000000
23442.5 444 8 0000000000000005
23456.8 31C 8 00000000800084F3
23472.5 31D 8 000000000000001F
23488.2 444 8 0000000000000005
23503.8 5FB 8 000000000000007E
23505.1 539 8 3B020000FE010000
23506.2 541 8 0000000000000000
23507.5 5FA 8 000000000000F8FF
23508.8 6AB 8 0000000000000020
23510.0 6C0 7 04010400000000
23511.1 3F1 8 0000000000000000
23512.3 484 8 0000000000000000
23513.8 523 8 CD1F7770450E0B02
23514.9 52E 5 603F000000
23516.1 585 8 B02800000000003F
23517.3 64C 2 0011
23518.5 663 8 7314000E00AA0000
23519.8 6B2 8 83FEFF0F88000040
23520.9 31C 8 00000000800084F3
23535.0 31D 8 000000000000001F
23536.4 38C 8 000000000000007F
23537.6 38D 8 00000000000000E5
23538.8 39C 8 FF6F000000000000
23540.0 3C3 8 FF00000000000000
23541.2 444 8 0000000000000005
23550.5 537 8 8080808080800000
23551.8 538 8 8080008080000080
23566.3 31C 8 00000000800084F3
23567.7 5EA 8 0000000000000016
23569.0 31D 8 000000000000001F
23570.3 5EB 8 0000000000000007
23571.5 5EC 8 000000000000000F
23581.9 66B 8 7700000000000000
23583.1 66C 8 DF09000000000000
23597.4 444 8 0000000000000005
23614.3 3F1 8 0000000000000000
23618.1 663 8 7314000E00AA0000
23619.3 31C 8 00000000800084F3
23620.4 31D 8 000000000000001F
23621.6 38C 8 000000000000007F
23628.7 38D 8 00000000000000E5
23629.9 39C 8 FF6F000000000000
23631.1 3C3 8 FF00000000000000
23644.3 444 8 0000000000000005
23659.9 31C 8 00000000800084F3
23661.1 31D 8 000000000000001F
23691.2 444 8 0000000000000005
23706.8 6AB 8 00000000000000A0
23708.5 6C0 7 04010400000000
23709.6 3F1 8 0000000000000000
23710.8 663 8 7314000E00AA0000
23711.9 31C 8 00000000800084F3
23722.4 31D 8 000000000000001F
23723.8 38C 8 000000000000007F
23724.9 38D 8 00000000000000E5
23737.8 39C 8 FF6F000000000000
23739.1 3C3 8 FF00000000000000
23740.2 444 8 0000000000000005
23741.3 537 8 8080808080800000
23753.7 538 8 8080008080000080
23754.9 539 8 3B020000FE010000
23756.0 541 8 0000000000000000
23757.1 523 8 CD1F7770450E0B02
23758.4 52E 5 603F000000
23759.5 31C 8 00000000800084F3
23769.3 31D 8 000000000000001F
23784.8 444 8 0000000000000005
23800.8 3F1 8 0000000000000000
23802.1 663 8 7314000E00AA0000
23816.0 31C 8 00000000800084F3
23817.5 31D 8 000000000000001F
23818.6 38C 8 000000000000007F
23831.6 38D 8 00000000000000E5
23833.0 39C 8 FF6F000000000000
23834.2 3C3 8 FF00000000000000
23847.5 444 8 0000000000000005
23863.0 31C 8 00000000800084F3
23864.2 31D 8 000000000000001F
23894.3 444 8 0000000000000005
23910.0 6AB 8 00000000000000A0
23911.1 6C0 7 04010400000000
23912.2 3F1 8 0000000000000000
23913.5 663 8 7314000E00AA0000
23915.1 31C 8 00000000800084F3
23919.9 31D 8 000000000000001F
23925.5 38C 8 000000000000007F
23926.7 38D 8 00000000000000E5
23927.8 39C 8 FF6F000000000000
23941.2 3C3 8 FF00000000000000
23942.5 444 8 0000000000000005
23943.8 537 8 8080808080800000
23956.9 538 8 8080008080000080
23958.3 31C 8 00000000800084F3
23972.4 31D 8 000000000000001F
23988.0 444 8 0000000000000005
24003.6 539 8 3B020000FE010000
24005.3 541 8 0000000000000000
24006.5 3F1 8 0000000000000000
24007.7 484 8 0000000000000000
24008.8 523 8 CD1F7770450E0B02
24009.9 52E 5 603F000000
24011.1 663 8 7314000E00AA0000
24012.3 31C 8 00000000800084F3
24019.4 31D 8 000000000000001F
24020.8 38C 8 000000000000007F
24021.9 38D 8 00000000000000E5
24034.9 39C 8 FF6F000000000000
24036.1 3C3 8 FF00000000000000
24037.2 444 8 0000000000000005
24066.2 31C 8 00000000800084F3
24067.5 5EA 8 0000000000000016
24068.7 31D 8 000000000000001F
24069.9 5EB 8 0000000000000007
24071.0 5EC 8 000000000000000F
24081.7 66B 8 7700000000000000
24083.0 66C 8 DF09000000000000
24097.5 444 8 0000000000000005
24098.8 6AB 8 00000000000000A0
24112.8 6C0 7 04010400000000
24114.1 3F1 8 0000000000000000
24115.3 663 8 7314000E00AA0000
24116.4 31C 8 00000000800084F3
24119.0 31D 8 000000000000001F
24120.3 38C 8 000000000000007F
24128.7 38D 8 00000000000000E5
24129.8 39C 8 FF6F000000000000
24130.9 3C3 8 FF00000000000000
24144.3 444 8 0000000000000005
24145.4 537 8 8080808080800000
24146.5 538 8 8080008080000080
24159.9 31C 8 00000000800084F3
24161.1 31D 8 000000000000001F
24191.3 444 8 0000000000000005
24206.9 3F1 8 0000000000000000
24208.2 663 8 7314000E00AA0000
24209.4 31C 8 00000000800084F3
24222.5 31D 8 000000000000001F
24224.2 38C 8 000000000000007F
24226.3 38D 8 00000000000000E5
24238.0 39C 8 FF6F000000000000
24239.2 3C3 8 FF00000000000000
24240.3 444 8 0000000000000005
24253.7 539 8 3B020000FE010000
24254.8 541 8 0000000000000000
24255.9 523 8 CD1F7770450E0B02
24257.0 52E 5 603F000000
24258.2 31C 8 00000000800084F3
24269.3 31D 8 000000000000001F
24284.9 444 8 0000000000000005
24300.5 6AB 8 00000000000000A0
24301.7 6C0 7 04010400000000
24302.8 3F1 8 0000000000000000
24303.9 663 8 7314000E00AA0000
24316.3 31C 8 00000000800084F3
24318.1 31D 8 000000000000001F
24319.5 38C 8 000000000000007F
24331.9 38D 8 00000000000000E5
24333.3 39C 8 FF6F000000000000
24334.4 3C3 8 FF00000000000000
24347.4 444 8 0000000000000005
24350.1 537 8 8080808080800000
24351.3 538 8 8080008080000080
24363.0 31C 8 00000000800084F3
24364.1 31D 8 000000000000001F
24394.3 444 8 0000000000000005
24409.9 3F1 8 0000000000000000
24411.1 663 8 7314000E00AA0000
24412.2 31C 8 00000000800084F3
24413.3 31D 8 000000000000001F
24425.6 38C 8 000000000000007F
24426.7 38D 8 00000000000000E5
24428.0 39C 8 FF6F000000000000
24441.3 3C3 8 FF00000000000000
24442.6 444 8 0000000000000005
24456.8 31C 8 00000000800084F3
24472.5 31D 8 000000000000001F
24488.0 444 8 0000000000000005
24503.7 5FB 8 000000000000007E
24506.0 539 8 3B020000FE010000
24507.5 541 8 0000000000000000
24509.2 5FA 8 000000000000F8FF
24510.3 6AB 8 00000000000000A0
24511.5 6C0 7 04010400000000
24512.8 3F1 8 0000000000000000
24514.0 484 8 0000000000000000
24515.2 523 8 CD1F7770450E0B02
24516.4 52E 5 603F000000
24517.7 585 8 B02800000000003F
24519.0 64C 2 0011
24520.2 663 8 7314000E00AA0000
24521.2 6B2 8 83FEFF0F88000040
24522.3 31C 8 00000000800084F3
24534.9 31D 8 000000000000001F
24536.3 38C 8 000000000000007F
24537.5 38D 8 00000000000000E5
24538.6 39C 8 FF6F000000000000
24539.7 3C3 8 FF00000000000000
24540.8 444 8 0000000000000005
24550.5 537 8 8080808080800000
24551.7 538 8 8080008080000080
24566.3 31C 8 00000000800084F3
24567.8 5EA 8 0000000000000016
24569.0 31D 8 000000000000001F
24570.1 5EB 8 0000000000000007
24571.3 5EC 8 000000000000000F
24581.9 66B 8 7700000000000000
24583.3 66C 8 DF09000000000000
24597.4 444 8 0000000000000005
24612.9 3F1 8 0000000000000000
24614.2 663 8 7314000E00AA0000
24615.4 31C 8 00000000800084F3
24616.5 31D 8 000000000000001F
24617.7 38C 8 000000000000007F
24628.8 38D 8 00000000000000E5
24630.3 39C 8 FF6F000000000000
24632.4 3C3 8 FF00000000000000
24644.3 444 8 0000000000000005
24659.9 31C 8 00000000800084F3
24661.1 31D 8 000000000000001F
24691.2 444 8 0000000000000005
24706.7 6AB 8 00000000000000A0
24708.0 6C0 7 04010400000000
24709.2 3F1 8 0000000000000000
24710.3 663 8 7314000E00AA0000
24711.4 31C 8 00000000800084F3
24722.5 31D 8 000000000000001F
24723.8 38C 8 000000000000007F
24724.9 38D 8 00000000000000E5
24737.7 39C 8 FF6F000000000000
24739.0 3C3 8 FF00000000000000
24740.2 444 8 0000000000000005
24741.3 537 8 8080808080800000
24753.7 538 8 8080008080000080
24754.9 539 8 3B020000FE010000
24756.0 541 8 0000000000000000
24757.1 523 8 CD1F7770450E0B02
24759.6 52E 5 603F000000
24760.7 31C 8 00000000800084F3
24769.5 31D 8 000000000000001F
24785.3 444 8 0000000000000005
24800.5 3F1 8 0000000000000000
24801.7 663 8 7314000E00AA0000
24815.9 31C 8 00000000800084F3
24817.2 31D 8 000000000000001F
24818.4 38C 8 000000000000007F
24831.8 38D 8 00000000000000E5
24833.7 39C 8 FF6F000000000000
24834.9 3C3 8 FF00000000000000
24847.6 444 8 0000000000000005
24862.8 31C 8 00000000800084F3
24864.0 31D 8 000000000000001F
24894.3 444 8 0000000000000005
24909.8 6AB 8 00000000000000A0
24911.0 6C0 7 04010400000000
24912.1 3F1 8 0000000000000000
24913.1 663 8 7314000E00AA0000
24914.2 31C 8 00000000800084F3
24915.3 31D 8 000000000000001F
24925.5 38C 8 000000000000007F
24926.6 38D 8 00000000000000E5
24927.9 39C 8 FF6F000000000000
24941.5 3C3 8 FF00000000000000
24943.1 444 8 0000000000000005
24944.5 537 8 8080808080800000
24956.8 538 8 8080008080000080
24958.2 31C 8 00000000800084F3
24972.7 31D 8 000000000000001F
24988.0 444 8 0000000000000005
25003.7 539 8 3B020000FE010000
25004.9 541 8 0000000000000000
25006.0 3F1 8 0000000000000000
25007.1 484 8 0000000000000000
25008.5 523 8 CD1F7770450E0B02
25010.7 52E 5 603F000000
25011.9 663 8 7314000E00AA0000
25013.1 31C 8 00000000800084F3
25019.3 31D 8 000000000000001F
25020.5 38C 8 000000000000007F
25021.6 38D 8 00000000000000E5
25034.9 39C 8 FF6F000000000000
25036.0 3C3 8 FF00000000000000
25037.2 444 8 0000000000000005
25066.1 31C 8 00000000800084F3
25067.4 5EA 8 0000000000000016
25068.7 31D 8 000000000000001F
25069.9 5EB 8 0000000000000007
25071.0 5EC 8 000000000000000F
25082.1 66B 8 7700000000000000
25083.6 66C 8 DF09000000000000
25097.5 444 8 0000000000000005
25098.8 6AB 8 00000000000000A0
25112.9 6C0 7 04010400000000
25114.2 3F1 8 0000000000000000
25115.3 663 8 7314000E00AA0000
25116.4 31C 8 00000000800084F3
25117.7 31D 8 000000000000001F
25118.9 38C 8 000000000000007F
25128.7 38D 8 00000000000000E5
25129.8 39C 8 FF6F000000000000
25130.9 3C3 8 FF00000000000000
25144.4 444 8 0000000000000005
25145.6 537 8 8080808080800000
25146.7 538 8 8080008080000080
25159.9 31C 8 00000000800084F3
25161.4 31D 8 000000000000001F
25191.2 444 8 0000000000000005
25206.9 3F1 8 0000000000000000
25208.4 663 8 7314000E00AA0000
25209.7 31C 8 00000000800084F3
25222.6 31D 8 000000000000001F
25223.9 38C 8 000000000000007F
25226.2 38D 8 00000000000000E5
25227.5 39C 8 FF6F000000000000
25238.0 3C3 8 FF00000000000000
25239.1 444 8 0000000000000005
25253.8 539 8 3B020000FE010000
25254.9 541 8 0000000000000000
25256.0 523 8 CD1F7770450E0B02
25257.2 52E 5 603F000000
25258.5 31C 8 00000000800084F3
25269.4 31D 8 000000000000001F
25284.9 444 8 0000000000000005
25300.7 6AB 8 00000000000000A0
25301.8 6C0 7 04010400000000
25303.1 3F1 8 0000000000000000
25304.2 663 8 7314000E00AA0000
25316.4 31C 8 00000000800084F3
25317.6 31D 8 000000000000001F
25318.8 38C 8 000000000000007F
25334.9 38D 8 00000000000000E5
25336.4 39C 8 FF6F000000000000
25337.9 3C3 8 FF00000000000000
25347.6 444 8 0000000000000005
25348.7 537 8 8080808080800000
25350.0 538 8 8080008080000080
25363.1 31C 8 00000000800084F3
25364.4 31D 8 000000000000001F
25394.3 444 8 0000000000000005
25409.8 3F1 8 0000000000000000
25411.0 663 8 7314000E00AA0000
25412.1 31C 8 00000000800084F3
25413.4 31D 8 000000000000001F
25425.4 38C 8 000000000000007F
25426.6 38D 8 00000000000000E5
25427.8 39C 8 FF6F000000000000
25441.1 3C3 8 FF00000000000000
25442.3 444 8 0000000000000005
25456.8 31C 8 00000000800084F3
25472.5 31D 8 000000000000001F
25488.1 444 8 0000000000000005
25503.8 5FB 8 000000000000007E
25505.1 539 8 3B020000FE010000
25506.2 541 8 0000000000000000
25507.4 5FA 8 000000000000F8FF
25508.5 6AB 8 00000000000000A0
25509.6 6C0 7 04010400000000
25510.7 3F1 8 0000000000000000
25511.8 484 8 0000000000000000
25512.8 523 8 CD1F7770450E0B02
25513.9 52E 5 603F000000
25515.0 585 8 B02800000000003F
25516.0 64C 2 0011
25517.1 663 8 7314000E00AA0000
25518.4 6B2 8 83FEFF0F88008040
25519.7 31C 8 00000000800084F3
25534.9 31D 8 000000000000001F
25536.1 38C 8 000000000000007F
25537.2 38D 8 00000000000000E5
25538.3 39C 8 FF6F000000000000
25539.4 3C3 8 FF00000000000000
25540.5 444 8 0000000000000005
25550.5 537 8 8080808080800000
25551.7 538 8 8080008080000080
25566.6 31C 8 00000000800084F3
25568.1 5EA 8 0000000000000016
25569.4 31D 8 000000000000001F
25570.4 5EB 8 0000000000000007
25571.5 5EC 8 000000000000000F
25582.8 66B 8 7700000000000000
25584.1 66C 8 DF09000000000000
25585.2 444 8 0000000000000005
25614.1 3F1 8 0000000000000000
25615.6 663 8 7314000E00AA0000
25617.0 31C 8 00000000800084F3
25618.3 31D 8 000000000000001F
25619.4 38C 8 000000000000007F
25629.6 38D 8 00000000000000E5
25632.4 39C 8 FF6F000000000000
25633.6 3C3 8 FF00000000000000
25645.2 444 8 0000000000000005
25660.8 31C 8 00000000800084F3
25662.0 31D 8 000000000000001F
25692.0 444 8 0000000000000005
25707.7 6AB 8 00000000000000A0
25709.0 6C0 7 04010400000000
25710.1 3F1 8 0000000000000000
25711.1 663 8 7314000E00AA0000
25712.2 31C 8 00000000800084F3
25713.2 31D 8 000000000000001F
25723.0 38C 8 000000000000007F
25724.3 38D 8 00000000000000E5
25725.4 39C 8 FF6F000000000000
25739.0 3C3 8 FF00000000000000
25740.3 444 8 0000000000000005
25741.5 537 8 8080808080800000
25754.6 538 8 8080008080000080
25755.8 539 8 3B020000FE010000
25756.9 541 8 0000000000000000
25758.2 523 8 CD1F7770450E0B02
25759.2 52E 5 603F000000
25760.3 31C 8 00000000800084F3
25770.2 31D 8 000000000000001F
25786.1 444 8 0000000000000005
25801.5 3F1 8 0000000000000000
25802.8 663 8 7314000E00AA0000
25817.0 31C 8 00000000800084F3
25818.4 31D 8 000000000000001F
25819.5 38C 8 000000000000007F
25833.3 38D 8 00000000000000E5
25835.1 39C 8 FF6F000000000000
25836.5 3C3 8 FF00000000000000
25837.6 444 8 0000000000000005
25863.8 31C 8 00000000800084F3
25865.4 31D 8 000000000000001F
25895.1 444 8 0000000000000005
25910.7 6AB 8 00000000000000A0
25912.0 6C0 7 04010400000000
25913.3 3F1 8 0000000000000000
25914.3 663 8 7314000E00AA0000
25915.4 31C 8 00000000800084F3
25916.6 31D 8 000000000000001F
25926.4 38C 8 000000000000007F
25927.5 38D 8 00000000000000E5
25928.6 39C 8 FF6F000000000000
25942.1 3C3 8 FF00000000000000
25943.4 444 8 0000000000000005
25944.6 537 8 8080808080800000
25957.6 538 8 8080008080000080
25958.8 31C 8 00000000800084F3
25960.0 31D 8 000000000000001F
25988.9 444 8 0000000000000005
26004.7 539 8 3B020000FE010000
26005.9 541 8 0000000000000000
26007.1 3F1 8 0000000000000000
26008.3 484 8 0000000000000000
26009.5 523 8 CD1F7770450E0B02
26010.6 52E 5 603F000000
26011.7 663 8 7314000E00AA0000
26012.8 31C 8 00000000800084F3
26020.1 31D 8 000000000000001F
26021.3 38C 8 000000000000007F
26022.4 38D 8 00000000000000E5
26035.7 39C 8 FF6F000000000000
26036.9 3C3 8 FF00000000000000
26038.0 444 8 0000000000000005
26067.1 31C 8 00000000800084F3
26068.5 5EA 8 0000000000000016
26069.6 31D 8 000000000000001F
26070.7 5EB 8 0000000000000007
26071.8 5EC 8 000000000000000F
26082.9 66B 8 7700000000000000
26084.2 66C 8 DF09000000000000
26086.8 444 8 0000000000000005
26098.5 6AB 8 00000000000000A0
26099.8 6C0 7 04010400000000
26113.8 3F1 8 0000000000000000
26115.2 663 8 7314000E00AA0000
26116.3 31C 8 00000000800084F3
26117.5 31D 8 000000000000001F
26118.6 38C 8 000000000000007F
26129.5 38D 8 00000000000000E5
26130.7 39C 8 FF6F000000000000
26131.9 3C3 8 FF00000000000000
26145.2 444 8 0000000000000005
26146.3 537 8 8080808080800000
26147.5 538 8 8080008080000080
26160.8 31C 8 00000000800084F3
26162.0 31D 8 000000000000001F
26192.0 444 8 0000000000000005
26207.7 3F1 8 0000000000000000
26209.1 663 8 7314000E00AA0000
26210.2 31C 8 00000000800084F3
26211.3 31D 8 000000000000001F
26223.2 38C 8 000000000000007F
26224.7 38D 8 00000000000000E5
26225.9 39C 8 FF6F000000000000
26238.8 3C3 8 FF00000000000000
26240.0 444 8 0000000000000005
26254.5 539 8 3B020000FE010000
26255.7 541 8 0000000000000000
26256.7 523 8 CD1F7770450E0B02
26257.8 52E 5 603F000000
26259.0 31C 8 00000000800084F3
26270.1 31D 8 000000000000001F
26285.9 444 8 0000000000000005
26301.4 6AB 8 00000000000000A0
26302.5 6C0 7 04010400000000
26303.8 3F1 8 0000000000000000
26305.0 663 8 7314000E00AA0000
26317.3 31C 8 00000000800084F3
26319.7 31D 8 000000000000001F
26320.8 38C 8 000000000000007F
26332.8 38D 8 00000000000000E5
26334.5 39C 8 FF6F000000000000
26335.6 3C3 8 FF00000000000000
26336.7 444 8 0000000000000005
26353.3 537 8 8080808080800000
26354.8 538 8 8080008080000080
26363.9 31C 8 00000000800084F3
26365.1 31D 8 000000000000001F
26395.3 444 8 0000000000000005
26410.8 3F1 8 0000000000000000
26412.0 663 8 7314000E00AA0000
26413.2 31C 8 00000000800084F3
26414.3 31D 8 000000000000001F
26426.5 38C 8 000000000000007F
26427.9 38D 8 00000000000000E5
26429.1 39C 8 FF6F000000000000
26442.1 3C3 8 FF00000000000000
26443.3 444 8 0000000000000005
26457.7 31C 8 00000000800084F3
26459.5 31D 8 000000000000001F
26489.0 444 8 0000000000000005
26504.5 5FB 8 000000000000007E
26505.6 539 8 3B020000FE010000
26506.7 541 8 0000000000000000
26507.7 5FA 8 000000000000F8FF
26508.8 6AB 8 00000000000000A0
26509.8 6C0 7 04010400000000
26511.0 3F1 8 0000000000000000
26512.1 484 8 0000000000000000
26513.2 523 8 CD1F7770450E0B02
26514.3 52E 5 603F000000
26515.3 585 8 B02800000000003F
26516.4 64C 2 0011
26517.9 663 8 7314000E00AA0000
26519.0 6B2 8 83FEFF0F88000041
26521.7 31C 8 00000000800084F3
26535.7 31D 8 000000000000001F
26536.9 38C 8 000000000000007F
26538.0 38D 8 00000000000000E5
26539.0 39C 8 FF6F000000000000
26540.1 3C3 8 FF00000000000000
26541.2 444 8 0000000000000005
26551.6 537 8 8080808080800000
26553.0 538 8 8080008080000080
26567.0 31C 8 00000000800084F3
26568.3 5EA 8 0000000000000016
26569.8 31D 8 000000000000001F
26571.3 5EB 8 0000000000000007
26572.5 5EC 8 000000000000000F
26582.7 66B 8 7700000000000000
26584.1 66C 8 DF09000000000000
26585.2 444 8 0000000000000005
26614.0 3F1 8 0000000000000000
26615.3 663 8 7314000E00AA0000
26616.4 31C 8 00000000800084F3
26617.7 31D 8 000000000000001F
26619.0 38C 8 000000000000007F
26629.5 38D 8 00000000000000E5
26630.7 39C 8 FF6F000000000000
26631.8 3C3 8 FF00000000000000
26645.2 444 8 0000000000000005
26665.1 31C 8 00000000800084F3
26666.3 31D 8 000000000000001F
26692.3 444 8 0000000000000005
26707.9 6AB 8 00000000000000A0
26709.2 6C0 7 04010400000000
26710.3 3F1 8 0000000000000000
26711.4 663 8 7314000E00AA0000
26712.7 31C 8 00000000800084F3
26714.0 31D 8 000000000000001F
26729.2 38C 8 000000000000007F
26732.9 38D 8 00000000000000E5
26734.0 39C 8 FF6F000000000000
26739.0 3C3 8 FF00000000000000
26740.4 444 8 0000000000000005
26741.6 537 8 8080808080800000
26754.6 538 8 8080008080000080
26755.8 539 8 3B020000FE010000
26756.9 541 8 0000000000000000
26757.9 523 8 CD1F7770450E0B02
26759.0 52E 5 603F000000
26760.1 31C 8 00000000800084F3
26770.3 31D 8 000000000000001F
26785.9 444 8 0000000000000005
26801.2 3F1 8 0000000000000000
26802.6 663 8 7314000E00AA0000
26817.0 31C 8 00000000800084F3
26818.4 31D 8 000000000000001F
26819.5 38C 8 000000000000007F
26832.8 38D 8 00000000000000E5
26834.1 39C 8 FF6F000000000000
26835.2 3C3 8 FF00000000000000
26836.3 444 8 0000000000000005
26864.5 31C 8 00000000800084F3
26865.8 31D 8 000000000000001F
26895.4 444 8 0000000000000005
26910.8 6AB 8 00000000000000A0
26912.0 6C0 7 04010400000000
26913.2 3F1 8 0000000000000000
26914.4 663 8 7314000E00AA0000
26915.5 31C 8 00000000800084F3
26916.7 31D 8 000000000000001F
26926.2 38C 8 000000000000007F
26927.8 38D 8 00000000000000E5
26929.0 39C 8 FF6F000000000000
26942.1 3C3 8 FF00000000000000
26943.3 444 8 0000000000000005
26944.3 537 8 8080808080800000
26957.7 538 8 8080008080000080
26959.0 31C 8 00000000800084F3
26961.5 31D 8 000000000000001F
26989.0 444 8 0000000000000005
27004.5 539 8 3B020000FE010000
27005.6 541 8 0000000000000000
27006.8 3F1 8 0000000000000000
27007.9 484 8 0000000000000000
27008.9 523 8 CD1F7770450E0B02
27010.0 52E 5 603F000000
27011.1 663 8 7314000E00AA0000
27012.1 31C 8 00000000800084F3
27020.1 31D 8 000000000000001F
27021.3 38C 8 000000000000007F
27022.4 38D 8 00000000000000E5
27036.0 39C 8 FF6F000000000000
27037.5 3C3 8 FF00000000000000
27038.6 444 8 0000000000000005
27067.1 31C 8 00000000800084F3
27068.5 5EA 8 0000000000000016
27069.6 31D 8 000000000000001F
27070.7 5EB 8 0000000000000007
27071.7 5EC 8 000000000000000F
27082.9 66B 8 7700000000000000
27084.2 66C 8 DF09000000000000
27085.3 444 8 0000000000000005
27098.4 6AB 8 00000000000000A0
27113.9 6C0 7 04010400000000
27115.4 3F1 8 0000000000000000
27116.5 663 8 7314000E00AA0000
27117.7 31C 8 00000000800084F3
27118.9 31D 8 000000000000001F
27120.1 38C 8 000000000000007F
27129.6 38D 8 00000000000000E5
27130.9 39C 8 FF6F000000000000
27132.0 3C3 8 FF00000000000000
27145.3 444 8 0000000000000005
27146.6 537 8 8080808080800000
27147.7 538 8 8080008080000080
27160.9 31C 8 00000000800084F3
27163.4 31D 8 000000000000001F
27192.1 444 8 0000000000000005
27207.7 3F1 8 0000000000000000
27209.0 663 8 7314000E00AA0000
27210.2 31C 8 00000000800084F3
27211.3 31D 8 000000000000001F
27223.1 38C 8 000000000000007F
27224.3 38D 8 00000000000000E5
27225.8 39C 8 FF6F000000000000
27238.9 3C3 8 FF00000000000000
27240.1 444 8 0000000000000005
27254.8 539 8 3B020000FE010000
27256.3 541 8 0000000000000000
27257.5 523 8 CD1F7770450E0B02
27258.6 52E 5 603F000000
27259.6 31C 8 00000000800084F3
27270.3 31D 8 000000000000001F
27285.8 444 8 0000000000000005
27301.5 6AB 8 00000000000000A0
27304.2 6C0 7 04010400000000
27305.9 3F1 8 0000000000000000
27307.1 663 8 7314000E00AA0000
27317.0 31C 8 00000000800084F3
27318.2 31D 8 000000000000001F
27319.4 38C 8 000000000000007F
27332.5 38D 8 00000000000000E5
27333.9 39C 8 FF6F000000000000
27334.9 3C3 8 FF00000000000000
27348.3 444 8 0000000000000005
27349.4 537 8 8080808080800000
27350.6 538 8 8080008080000080
27363.9 31C 8 00000000800084F3
27365.7 31D 8 000000000000001F
27395.3 444 8 0000000000000005
27410.8 3F1 8 0000000000000000
27412.1 663 8 7314000E00AA0000
27413.5 31C 8 00000000800084F3
27415.9 31D 8 000000000000001F
27426.4 38C 8 000000000000007F
27427.6 38D 8 00000000000000E5
27428.8 39C 8 FF6F000000000000
27442.2 3C3 8 FF00000000000000
27443.4 444 8 0000000000000005
27457.9 31C 8 00000000800084F3
27459.2 31D 8 000000000000001F
27489.1 444 8 0000000000000005
27504.6 5FB 8 000000000000007E
27505.8 539 8 3B020000FE010000
27506.9 541 8 0000000000000000
27508.0 5FA 8 000000000000F8FF
27509.0 6AB 8 00000000000000A0
27510.1 6C0 7 04010000000000
27511.2 3F1 8 0000000000000000
27512.3 484 8 0000000000000000
27513.7 523 8 CD1F7770450E0B02
27514.9 52E 5 603F000000
27516.0 585 8 B02800000000003F
27517.1 64C 2 0011
27518.3 663 8 7314000E00AA0000
27519.5 6B2 8 83FEFF0F88008041
27521.2 31C 8 00000000800084F3
27535.5 31D 8 000000000000001F
27536.9 38C 8 000000000000007F
27538.1 38D 8 00000000000000E5
27539.2 39C 8 FF6F000000000000
27540.3 3C3 8 FF00000000000000
27541.4 444 8 0000000000000005
27551.4 537 8 8080808080800000
27552.8 538 8 8080008080000080
27567.0 31C 8 00000000800084F3
27568.5 5EA 8 0000000000000016
27569.8 31D 8 000000000000001F
27570.9 5EB 8 0000000000000007
27572.0 5EC 8 000000000000000F
27582.9 66B 8 7700000000000000
27585.5 66C 8 DF09000000000000
27586.7 444 8 0000000000000005
27614.0 3F1 8 0000000000000000
27615.3 663 8 7314000E00AA0000
27616.4 31C 8 00000000800084F3
27617.7 31D 8 000000000000001F
27619.0 38C 8 000000000000007F
27629.7 38D 8 00000000000000E5
27630.9 39C 8 FF6F000000000000
27632.0 3C3 8 FF00000000000000
27645.4 444 8 0000000000000005
27660.8 31C 8 00000000800084F3
27662.2 31D 8 000000000000001F
27692.1 444 8 0000000000000005
27707.9 6AB 8 00000000000000A0
27709.2 6C0 7 04010000000000
27710.3 3F1 8 0000000000000000
27711.3 663 8 7B14000E00AA0000
27712.4 31C 8 00000000800084F3
27713.7 31D 8 000000000000001F
27723.2 38C 8 000000000000007F
27724.6 38D 8 00000000000000E5
27725.7 39C 8 FF6F000000000000
27738.9 3C3 8 FF00000000000000
27740.0 444 8 0000000000000005
27741.2 537 8 8080808080800000
27754.5 538 8 8080008080000080
27755.7 539 8 3B020000FE010000
27756.8 541 8 0000000000000000
27757.9 523 8 CD1F7770450E0B02
27759.1 52E 5 603F000000
27760.3 31C 8 00000000800084F3
27770.3 31D 8 000000000000001F
27785.6 444 8 0000000000000005
27801.5 3F1 8 0000000000000000
27803.0 663 8 7B14000E00AA0000
27817.2 31C 8 00000000800084F3
27820.1 31D 8 000000000000001F
27821.2 38C 8 000000000000007F
27833.2 38D 8 00000000000000E5
27835.8 39C 8 FF6F000000000000
27837.0 3C3 8 FF00000000000000
27838.3 444 8 0000000000000005
27864.0 31C 8 00000000800084F3
27865.6 31D 8 000000000000001F
27895.3 444 8 0000000000000005
27910.7 6AB 8 00000000000000A0
27912.0 6C0 7 04010000000000
27913.2 3F1 8 0000000000000000
27914.3 663 8 7B14000E00AA0000
27915.4 31C 8 00000000800084F3
27916.5 31D 8 000000000000001F
27926.6 38C 8 000000000000007F
27927.9 38D 8 00000000000000E5
27929.0 39C 8 FF6F000000000000
27942.1 3C3 8 FF00000000000000
27943.5 444 8 0000000000000005
27944.6 537 8 8080808080800000
27957.7 538 8 8080008080000080
27959.0 31C 8 00000000800084F3
27960.1 31D 8 000000000000001F
27989.0 444 8 0000000000000005
28004.6 539 8 3B020000FE010000
28005.8 541 8 0000000000000000
28006.9 3F1 8 0000000000000000
28008.0 484 8 0000000000000000
28009.1 523 8 CD1F7770450E0B02
28010.2 52E 5 603F000000
28011.3 663 8 7B14000E00AA0000
28012.5 31C 8 00000000800084F3
28020.1 31D 8 000000000000001F
28021.3 38C 8 000000000000007F
28022.4 38D 8 00000000000000E5
28035.6 39C 8 FF6F000000000000
28036.8 3C3 8 FF00000000000000
28039.2 444 8 0000000000000005
28067.2 31C 8 00000000800084F3
28068.6 5EA 8 0000000000000016
28069.6 31D 8 000000000000001F
28070.8 5EB 8 0000000000000007
28071.9 5EC 8 000000000000000F
28083.0 66B 8 7700000000000000
28084.2 66C 8 DF09000000000000
28085.4 444 8 0000000000000005
28098.4 6AB 8 00000000000000A0
28113.9 6C0 7 04010000000000
28115.1 3F1 8 0000000000000000
28116.2 663 8 7B14000E00AA0000
28117.3 31C 8 00000000800084F3
28118.7 31D 8 000000000000001F
28119.8 38C 8 000000000000007F
28129.7 38D 8 00000000000000E5
28131.1 39C 8 FF6F000000000000
28132.2 3C3 8 FF00000000000000
28145.1 444 8 0000000000000005
28146.3 537 8 8080808080800000
28147.4 538 8 8080008080000080
28161.0 31C 8 00000000800084F3
28162.3 31D 8 000000000000001F
28192.1 444 8 0000000000000005
28207.7 3F1 8 0000000000000000
28209.0 663 8 7B14000E00AA0000
28210.1 31C 8 00000000800084F3
28211.1 31D 8 000000000000001F
28223.0 38C 8 000000000000007F
28224.3 38D 8 00000000000000E5
28225.4 39C 8 FF6F000000000000
28238.8 3C3 8 FF00000000000000
28240.0 444 8 0000000000000005
28241.2 585 8 F82800000000003F
28254.8 539 8 3B020000FE010000
28256.2 541 8 0000000000000000
28258.9 523 8 CD1F7770450E0B02
28260.0 52E 5 603F000000
28261.1 31C 8 00000000800084F3
28270.3 31D 8 000000000000001F
28285.7 444 8 0000000000000005
28301.5 6AB 8 00000000000000A0
28302.8 6C0 7 04010000000000
28304.2 3F1 8 0000000000000000
28305.6 663 8 7B14000E00AA0000
28317.1 31C 8 00000000800084F3
28318.5 31D 8 000000000000001F
28319.6 38C 8 000000000000007F
28332.7 38D 8 00000000000000E5
28334.1 39C 8 FF6F000000000000
28335.2 3C3 8 FF00000000000000
28336.3 444 8 0000000000000005
28348.2 537 8 8080808080800000
28349.5 538 8 8080008080000080
28365.5 31C 8 00000000800084F3
28366.9 31D 8 000000000000001F
28395.3 444 8 0000000000000005
28410.9 3F1 8 0000000000000000
28412.1 663 8 7B14000E00AA0000
28413.2 31C 8 00000000800084F3
28414.3 31D 8 000000000000001F
28426.3 38C 8 000000000000007F
28427.6 38D 8 00000000000000E5
28428.9 39C 8 FF6F000000000000
28442.2 3C3 8 FF00000000000000
28443.5 444 8 0000000000000005
28457.9 31C 8 00000000800084F3
28459.5 31D 8 000000000000001F
28489.1 444 8 0000000000000005
28504.7 5FB 8 000000000000007E
28505.9 539 8 3B020000FE010000
28507.0 541 8 0000000000000000
28508.2 5FA 8 000000000000F8FF
28510.7 6AB 8 00000000000000A0
28511.9 3F1 8 0000000000000000
28513.1 484 8 0000000000000000
28514.4 523 8 CD1F7770450E0B02
28515.5 52E 5 603F000000
28516.6 585 8 F82800000000003F
28517.7 64C 2 0011
28518.8 663 8 7B14000E00AA0000
28520.0 6B2 8 83FEFF0F880000C2
28521.1 31C 8 00000000800084F3
28535.9 31D 8 000000000000001F
28537.4 38C 8 000000000000007F
28538.6 38D 8 00000000000000E5
28539.8 39C 8 FF6F000000000000
28540.9 3C3 8 FF00000000000000
28542.0 444 8 0000000000000005
28551.4 537 8 8080808080800000
28552.6 538 8 8080008080000080
28567.0 31C 8 00000000800084F3
28568.2 5EA 8 0000000000000016
28569.3 31D 8 000000000000001F
28570.6 5EB 8 0000000000000007
28571.7 5EC 8 000000000000000F
28582.8 66B 8 7700000000000000
28589.8 66C 8 DF09000000000000
28591.0 444 8 0000000000000005
28614.0 3F1 8 0000000000000000
28615.2 663 8 7B14000E00AA0000
28616.4 31C 8 00000000800084F3
28617.6 31D 8 000000000000001F
28618.8 38C 8 000000000000007F
28629.5 38D 8 00000000000000E5
28630.7 39C 8 FF6F000000000000
28631.8 3C3 8 FF00000000000000
28645.2 444 8 0000000000000005
28660.8 31C 8 00000000800084F3
28661.9 31D 8 000000000000001F
28695.5 444 8 0000000000000005
28707.7 6AB 8 00000000000000A0
28709.0 3F1 8 0000000000000000
28710.1 663 8 7B14000E00AA0000
28711.2 31C 8 00000000800084F3
28712.3 31D 8 000000000000001F
28723.2 38C 8 000000000000007F
28724.3 38D 8 00000000000000E5
28725.5 39C 8 FF6F000000000000
28739.2 3C3 8 FF00000000000000
28741.1 444 8 0000000000000005
28743.0 537 8 8080808080800000
28754.6 538 8 8080008080000080
28755.8 539 8 3B020000FE010000
28756.9 541 8 0000000000000000
28758.2 523 8 CD1F7770450E0B02
28759.3 52E 5 603F000000
28760.4 31C 8 00000000800084F3
28770.3 31D 8 000000000000001F
28785.6 444 8 0000000000000005
28801.6 3F1 8 0000000000000000
28803.2 663 8 7B14000E00AA0000
28817.1 31C 8 00000000800084F3
28818.5 31D 8 000000000000001F
28819.8 38C 8 000000000000007F
28832.8 38D 8 00000000000000E5
28834.1 39C 8 FF6F000000000000
28835.3 3C3 8 FF00000000000000
28836.5 444 8 0000000000000005
28863.9 31C 8 00000000800084F3
28865.1 31D 8 000000000000001F
28895.4 444 8 0000000000000005
28910.8 6AB 8 00000000000000A0
28912.0 3F1 8 0000000000000000
28913.1 663 8 7B14000E00AA0000
28914.2 31C 8 00000000800084F3
28915.3 31D 8 000000000000001F
28926.4 38C 8 000000000000007F
28929.1 38D 8 00000000000000E5
28930.3 39C 8 FF6F000000000000
28942.0 3C3 8 FF00000000000000
28943.2 444 8 0000000000000005
28944.3 537 8 8080808080800000
28957.9 538 8 8080008080000080
28960.3 31C 8 00000000800084F3
28961.5 31D 8 000000000000001F
28988.9 444 8 0000000000000005
29004.5 539 8 3B020000FE010000
29005.7 541 8 0000000000000000
29006.9 3F1 8 0000000000000000
29008.0 484 8 0000000000000000
29009.1 523 8 CD1F7770450E0B02
29010.2 52E 5 603F000000
29011.3 663 8 7B14000E00AA0000
29012.4 31C 8 00000000800084F3
29020.1 31D 8 000000000000001F
29021.5 38C 8 000000000000007F
29022.6 38D 8 00000000000000E5
29035.7 39C 8 FF6F000000000000
29037.0 3C3 8 FF00000000000000
29038.1 444 8 0000000000000005
29067.3 31C 8 00000000800084F3
29068.6 5EA 8 0000000000000016
29070.0 31D 8 000000000000001F
29071.4 5EB 8 0000000000000007
29072.5 5EC 8 000000000000000F
29082.9 66B 8 7700000000000000
29084.1 66C 8 DF09000000000000
29085.2 444 8 0000000000000005
29098.2 6AB 8 00000000000000A0
29113.8 3F1 8 0000000000000000
29115.0 663 8 7B14000E00AA0000
29116.1 31C 8 00000000800084F3
29117.3 31D 8 000000000000001F
29118.6 38C 8 000000000000007F
29129.5 38D 8 00000000000000E5
29132.0 39C 8 FF6F000000000000
29133.1 3C3 8 FF00000000000000
29145.1 444 8 0000000000000005
29146.3 537 8 8080808080800000
29147.4 538 8 8080008080000080
29160.6 31C 8 00000000800084F3
29162.5 31D 8 000000000000001F
29192.2 444 8 0000000000000005
29207.9 3F1 8 0000000000000000
29209.2 663 8 7B14000E00AA0000
29210.3 31C 8 00000000800084F3
29211.4 31D 8 000000000000001F
29223.3 38C 8 000000000000007F
29225.6 38D 8 00000000000000E5
29227.0 39C 8 FF6F000000000000
29238.8 3C3 8 FF00000000000000
29240.0 444 8 0000000000000005
29254.6 539 8 3B020000FE010000
29255.8 541 8 0000000000000000
29256.9 523 8 CD1F7770450E0B02
29257.9 52E 5 603F000000
29259.1 31C 8 00000000800084F3
29270.2 31D 8 000000000000001F
29271.7 585 8 FA2800000000003F
29285.8 444 8 0000000000000005
29301.3 6AB 8 00000000000000A0
73602.5 6C0 7 01030500000000
73610.2 3F1 8 0000000000000000
73614.2 484 8 0000000000000000
73618.6 523 8 CD1F7770450E0B02
73619.7 52E 5 603F000000
73620.9 585 8 902800000000003F
73622.0 64C 2 0011
73623.1 663 8 7300000E00000000
73626.2 6B2 8 83FEFF0F88000059
73628.2 31C 8 00000000800084F3
73633.7 31D 8 000000000000001F
73635.2 38C 8 000000000000007F
73636.3 38D 8 00000000000000E5
73637.5 585 8 902C00000000003F
73638.6 39C 8 FF6F000000000000
73639.9 3C3 8 FF00000000000000
73641.1 444 8 0000000000000005
73649.5 537 8 8080808080800000
73650.9 538 8 8080008080000080
73652.0 31C 8 00000000800084F3
73664.9 5EA 8 0000000000000016
73667.1 31D 8 000000000000001F
73668.4 5EB 8 0000000000000007
73669.7 5EC 8 000000000000000F
73670.9 66B 8 7700000000000000
73680.4 66C 8 DF09000000000000
73681.6 5FB 8 000000000000007E
73682.8 539 8 00020000FE010000
73683.9 541 8 0000000000000000
73685.0 5FA 8 000000000000F8FF
73686.2 6AB 8 0000000000000020
73687.3 6D3 7 01010000000000
73688.4 444 8 0000000000000005
73696.0 3F1 8 0000000000000000
73697.3 663 8 7314000F009C0000
73711.9 31C 8 00000000800084F3
73713.0 31D 8 000000000000001F
73714.2 38C 8 000000000000007F
73727.5 38D 8 00000000000000E5
73728.6 39C 8 FF6F000000000000
73729.8 3C3 8 FF00000000000000
73743.1 444 8 0000000000000005
73758.8 31C 8 00000000800084F3
73760.1 31D 8 000000000000001F
73790.1 444 8 0000000000000005
73805.5 6C0 7 01030500000000
73806.9 3F1 8 0000000000000000
73808.1 663 8 7314000E00AA0000
73809.2 31C 8 00000000800084F3
73810.6 31D 8 000000000000001F
73821.3 38C 8 000000000000007F
73822.5 38D 8 00000000000000E5
73823.6 39C 8 FF6F000000000000
73836.8 3C3 8 FF00000000000000
73838.5 444 8 0000000000000005
73840.1 537 8 8080808080800000
73852.5 538 8 8080008080000080
73853.8 523 8 CD1F7770450E0B02
73854.9 52E 5 603F000000
73856.2 31C 8 00000000800084F3
73868.1 31D 8 000000000000001F
73883.9 6AB 8 0000000000000020
73885.3 6D3 7 01010000000000
73886.7 444 8 0000000000000005
73899.4 3F1 8 0000000000000000
73900.8 663 8 7314000E00AA0000
73914.8 31C 8 00000000800084F3
73916.1 31D 8 000000000000001F
73917.2 38C 8 000000000000007F
73918.3 38D 8 00000000000000E5
73930.5 39C 8 FF6F000000000000
73931.9 539 8 3A020000FE010000
73933.0 541 8 0000000000000000
73934.1 3C3 8 FF00000000000000
73935.2 444 8 0000000000000005
73961.9 31C 8 00000000800084F3
73963.1 31D 8 000000000000001F
73993.1 444 8 0000000000000005
74008.8 6C0 7 01030500000000
74010.1 3F1 8 0000000000000000
74011.2 663 8 7314000E00AA0000
74012.4 31C 8 00000000800084F3
74014.9 31D 8 000000000000001F
74024.4 38C 8 000000000000007F
74025.7 38D 8 00000000000000E5
74026.8 39C 8 FF6F000000000000
74039.9 3C3 8 FF00000000000000
74041.4 444 8 0000000000000005
74042.8 537 8 8080808080800000
74043.9 538 8 8080008080000080
74055.8 31C 8 00000000800084F3
74057.0 31D 8 000000000000001F
74087.0 6AB 8 0000000000000020
74088.2 6D3 7 01010000000000
74089.3 444 8 0000000000000005
74102.5 3F1 8 0000000000000000
74103.7 484 8 0000000000000000
74104.9 523 8 CD1F7770450E0B02
74106.1 52E 5 603F000000
74107.2 663 8 7314000E00AA0000
74108.4 31C 8 00000000800084F3
74118.1 31D 8 000000000000001F
74119.2 38C 8 000000000000007F
74120.6 38D 8 00000000000000E5
74133.9 39C 8 FF6F000000000000
74135.1 3C3 8 FF00000000000000
74136.3 444 8 0000000000000005
74165.0 31C 8 00000000800084F3
74166.5 5EA 8 0000000000000016
74168.2 31D 8 000000000000001F
74169.5 5EB 8 0000000000000007
74170.8 5EC 8 000000000000000F
74172.1 66B 8 7700000000000000
74180.7 66C 8 DF09000000000000
74182.0 539 8 3A020000FE010000
74183.2 541 8 0000000000000000
74184.3 444 8 0000000000000005
74196.0 6C0 7 01030500000000
74197.2 3F1 8 0000000000000000
74199.8 663 8 7314000E00AA0000
74212.0 31C 8 00000000800084F3
74213.4 31D 8 000000000000001F
74214.8 38C 8 000000000000007F
74227.5 38D 8 00000000000000E5
74228.7 39C 8 FF6F000000000000
74230.0 3C3 8 FF00000000000000
74243.1 444 8 0000000000000005
74244.4 537 8 8080808080800000
74245.5 538 8 8080008080000080
74258.8 31C 8 00000000800084F3
74260.0 31D 8 000000000000001F
74274.1 6AB 8 0000000000000020
74275.5 6D3 7 01010000000000
74290.0 444 8 0000000000000005
74305.6 3F1 8 0000000000000000
74306.8 663 8 7314000E00AA0000
74307.9 31C 8 00000000800084F3
74309.0 31D 8 000000000000001F
74321.3 38C 8 000000000000007F
74322.5 38D 8 00000000000000E5
74323.7 39C 8 FF6F000000000000
74336.9 3C3 8 FF00000000000000
74338.5 444 8 0000000000000005
74352.4 523 8 CD1F7770450E0B02
74353.6 52E 5 603F000000
74354.9 31C 8 00000000800084F3
74367.9 31D 8 000000000000001F
74383.5 444 8 0000000000000005
74399.7 6C0 7 01030500000000
74404.5 3F1 8 0000000000000000
74405.9 663 8 7314000E00AA0000
74407.0 31C 8 00000000800084F3
74414.7 31D 8 000000000000001F
74416.1 38C 8 000000000000007F
74417.2 38D 8 00000000000000E5
74431.7 39C 8 FF6F000000000000
74433.0 539 8 3A020000FE010000
74434.4 541 8 0000000000000000
74435.6 3C3 8 FF00000000000000
74436.7 444 8 0000000000000005
74446.5 537 8 8080808080800000
74447.8 538 8 8080008080000080
74462.1 31C 8 00000000800084F3
74463.5 31D 8 000000000000001F
74477.5 6AB 8 0000000000000020
74478.8 6D3 7 01010000000000
74493.1 444 8 0000000000000005
74508.9 3F1 8 0000000000000000
74510.2 663 8 7314000E00AA0000
74511.3 31C 8 00000000800084F3
74512.4 31D 8 000000000000001F
74524.4 38C 8 000000000000007F
74525.8 38D 8 00000000000000E5
74526.9 39C 8 FF6F000000000000
74540.0 3C3 8 FF00000000000000
74541.1 444 8 0000000000000005
74555.8 31C 8 00000000800084F3
74556.9 31D 8 000000000000001F
74586.9 444 8 0000000000000005
74602.4 6C0 7 04030500000000
74603.6 3F1 8 0000000000000000
74604.9 484 8 0000000000000000
74606.1 523 8 CD1F7770450E0B02
74607.3 52E 5 603F000000
74608.4 585 8 902C00000000003F
74609.6 64C 2 0011
74610.9 663 8 7314000E00AA0000
74612.1 6B2 8 FFFEFF0F88008059
74613.2 31C 8 00000000800084F3
74618.1 31D 8 000000000000001F
74619.5 38C 8 000000000000007F
74620.7 38D 8 00000000000000E5
74633.7 39C 8 FF6F000000000000
74635.0 3C3 8 FF00000000000000
74636.3 444 8 0000000000000005
74649.4 537 8 8080808080800000
74651.0 538 8 8080008080000080
74664.8 31C 8 00000000800084F3
74666.4 5EA 8 0000000000000016
74667.6 31D 8 000000000000001F
74668.7 5EB 8 0000000000000007
74669.9 5EC 8 000000000000000F
74671.1 66B 8 7700000000000000
74680.7 66C 8 DF09000000000000
74682.1 5FB 8 000000000000007E
74683.2 539 8 3A020000FE010000
74684.3 541 8 0000000000000000
74685.4 5FA 8 000000000000F8FF
74686.6 6AB 8 0000000000000020
74687.7 444 8 0000000000000005
74696.3 3F1 8 0000000000000000
74697.6 663 8 7314000E00AA0000
74711.9 31C 8 00000000800084F3
74713.1 31D 8 000000000000001F
74714.3 38C 8 000000000000007F
74727.5 38D 8 00000000000000E5
74728.6 39C 8 FF6F000000000000
74729.8 3C3 8 FF00000000000000
74743.1 444 8 0000000000000005
74758.7 31C 8 00000000800084F3
74759.9 31D 8 000000000000001F
74790.3 444 8 0000000000000005
74805.7 6C0 7 04030500000000
74806.8 3F1 8 0000000000000000
74808.0 663 8 7314000E00AA0000
74809.1 31C 8 00000000800084F3
74810.5 31D 8 000000000000001F
74821.4 38C 8 000000000000007F
74822.5 38D 8 00000000000000E5
74825.0 39C 8 FF6F000000000000
74836.9 3C3 8 FF00000000000000
74838.0 444 8 0000000000000005
74839.2 537 8 8080808080800000
74855.5 538 8 8080008080000080
74857.0 523 8 CD1F7770450E0B02
74858.5 52E 5 603F000000
74860.0 31C 8 00000000800084F3
74867.9 31D 8 000000000000001F
74884.1 6AB 8 00000000000000A0
74885.5 444 8 0000000000000005
74930.6 539 8 3A020000FE010000
74932.0 541 8 0000000000000000
75087.1 6AB 8 00000000000000A0
75180.6 539 8 3A020000FE010000
75181.9 541 8 0000000000000000
75274.6 6AB 8 00000000000000A0
75430.6 539 8 3A020000FE010000
75432.0 541 8 0000000000000000
75477.6 6AB 8 00000000000000A0
75681.4 5FB 8 000000000000007E
75682.7 539 8 3A020000FE010000
75683.8 541 8 0000000000000000
75685.0 5FA 8 000000000000F8FF
75686.1 6AB 8 00000000000000A0
75900.2 6C0 7 01030500000000
75901.7 3F1 8 0000000000000000
75903.1 484 8 0000000000000000
75904.4 523 8 CD1F7770450E0B02
75905.6 52E 5 603F000000
75906.7 585 8 902800000000003F
75907.9 64C 2 0011
75910.6 663 8 7300000E00000000
75911.7 6B2 8 83FEFF0F88000040
75913.0 31C 8 00000000800084F3
75914.3 6D3 7 02010000000000
75915.4 31D 8 000000000000001F
75931.4 38C 8 000000000000007F
75932.6 38D 8 00000000000000E5
75933.9 585 8 902C00000000003F
75934.9 39C 8 FF6F000000000000
75936.1 3C3 8 FF00000000000000
75937.2 444 8 0000000000000005
75938.3 539 8 3A020000FE010000
75939.4 541 8 0000000000000000
75940.6 537 8 8080808080800000
75947.2 538 8 8080008080000080
75948.6 31C 8 00000000800084F3
75949.7 5EA 8 0000000000000016
75962.9 31D 8 000000000000001F
75964.2 5EB 8 0000000000000007
75965.3 5EC 8 000000000000000F
75966.4 66B 8 7700000000000000
75967.5 66C 8 DF09000000000000
75978.3 444 8 0000000000000005
75993.9 3F1 8 0000000000000000
75995.1 663 8 7314000F009C0000
75996.2 31C 8 00000000800084F3
76009.7 31D 8 000000000000001F
76011.0 38C 8 000000000000007F
76012.1 38D 8 00000000000000E5
76025.1 39C 8 FF6F000000000000
76026.3 3C3 8 FF00000000000000
76027.4 444 8 0000000000000005
76056.4 31C 8 00000000800084F3
76057.6 31D 8 000000000000001F
76087.6 444 8 0000000000000005
76089.5 6AB 8 00000000000000A0
76103.0 6C0 7 01030500000000
76105.5 3F1 8 0000000000000000
76106.7 663 8 7314000E00AA0000
76107.8 31C 8 00000000800084F3
76108.9 6D3 7 02010000000000
76110.0 31D 8 000000000000001F
76111.1 38C 8 000000000000007F
76118.9 38D 8 00000000000000E5
76120.0 39C 8 FF6F000000000000
76121.2 3C3 8 FF00000000000000
76134.6 444 8 0000000000000005
76135.8 537 8 8080808080800000
76136.9 538 8 8080008080000080
76150.1 523 8 CD1F7770450E0B02
76151.3 52E 5 603F000000
76152.4 31C 8 00000000800084F3
76153.5 31D 8 000000000000001F
76181.4 444 8 0000000000000005
76182.5 539 8 3A020000FE010000
76183.6 541 8 0000000000000000
76197.2 3F1 8 0000000000000000
76198.7 663 8 7314000E00AA0000
76199.9 31C 8 00000000800084F3
76212.7 31D 8 000000000000001F
76214.1 38C 8 000000000000007F
76215.3 38D 8 00000000000000E5
76216.4 39C 8 FF6F000000000000
76228.7 3C3 8 FF00000000000000
76230.1 444 8 0000000000000005
76244.2 31C 8 00000000800084F3
76260.0 31D 8 000000000000001F
76275.2 444 8 0000000000000005
76276.4 6AB 8 00000000000000A0
76290.9 6C0 7 01030500000000
76292.2 3F1 8 0000000000000000
76293.5 663 8 7314000E00AA0000
76306.5 31C 8 00000000800084F3
76307.9 6D3 7 02010000000000
76310.4 31D 8 000000000000001F
76311.5 38C 8 000000000000007F
76322.2 38D 8 00000000000000E5
76323.7 39C 8 FF6F000000000000
76324.8 3C3 8 FF00000000000000
76337.7 444 8 0000000000000005
76338.9 537 8 8080808080800000
76340.0 538 8 8080008080000080
76353.2 31C 8 00000000800084F3
76354.4 31D 8 000000000000001F
76384.6 444 8 0000000000000005
76400.2 3F1 8 0000000000000000
76401.3 484 8 0000000000000000
76402.8 523 8 CD1F7770450E0B02
76404.1 52E 5 603F000000
76405.2 663 8 7314000E00AA0000
76406.3 31C 8 00000000800084F3
76407.5 31D 8 000000000000001F
76415.7 38C 8 000000000000007F
76416.9 38D 8 00000000000000E5
76418.3 39C 8 FF6F000000000000
76435.0 3C3 8 FF00000000000000
76437.6 444 8 0000000000000005
76439.3 539 8 3A020000FE010000
76440.4 541 8 0000000000000000
76447.1 31C 8 00000000800084F3
76449.4 5EA 8 0000000000000016
76463.1 31D 8 000000000000001F
76464.5 5EB 8 0000000000000007
76465.6 5EC 8 000000000000000F
76466.7 66B 8 7700000000000000
76467.8 66C 8 DF09000000000000
76478.3 444 8 0000000000000005
76479.6 6AB 8 00000000000000A0
76493.9 6C0 7 01030500000000
76495.1 3F1 8 0000000000000000
76496.2 663 8 7314000E00AA0000
76499.0 31C 8 00000000800084F3
76509.5 6D3 7 02010000000000
76510.8 31D 8 000000000000001F
76511.9 38C 8 000000000000007F
76512.9 38D 8 00000000000000E5
76525.2 39C 8 FF6F000000000000
76526.5 3C3 8 FF00000000000000
76527.8 444 8 0000000000000005
76540.7 537 8 8080808080800000
76541.9 538 8 8080008080000080
76556.5 31C 8 00000000800084F3
76558.0 31D 8 000000000000001F
76587.8 444 8 0000000000000005
76603.1 3F1 8 0000000000000000
76604.5 663 8 7314000E00AA0000
76605.8 31C 8 00000000800084F3
76606.9 31D 8 000000000000001F
76608.4 38C 8 000000000000007F
76619.1 38D 8 00000000000000E5
76620.2 39C 8 FF6F000000000000
76621.4 3C3 8 FF00000000000000
76634.6 444 8 0000000000000005
76650.1 523 8 CD1F7770450E0B02
76651.3 52E 5 603F000000
76652.4 31C 8 00000000800084F3
76653.5 31D 8 000000000000001F
76681.5 444 8 0000000000000005
76682.7 5FB 8 000000000000007E
76683.8 539 8 3A020000FE010000
76684.9 541 8 0000000000000000
76686.0 5FA 8 000000000000F8FF
76687.1 6AB 8 00000000000000A0
76697.1 6C0 7 01030500000000
76698.4 3F1 8 0000000000000000
76699.5 663 8 7314000E00AA0000
76700.6 31C 8 00000000800084F3
76701.7 6D3 7 02010000000000
76712.7 31D 8 000000000000001F
76714.0 38C 8 000000000000007F
76715.2 38D 8 00000000000000E5
76716.3 39C 8 FF6F000000000000
76728.0 3C3 8 FF00000000000000
76729.1 444 8 0000000000000005
76730.2 537 8 8080808080800000
76743.8 538 8 8080008080000080
76745.0 31C 8 00000000800084F3
76759.6 31D 8 000000000000001F
76775.4 444 8 0000000000000005
76791.0 3F1 8 0000000000000000
76792.2 663 8 7314000E00AA0000
76806.5 31C 8 00000000800084F3
76807.8 31D 8 000000000000001F
76809.0 38C 8 000000000000007F
76822.1 38D 8 00000000000000E5
76823.5 39C 8 FF6F000000000000
76824.6 3C3 8 FF00000000000000
76837.7 444 8 0000000000000005
76853.5 31C 8 00000000800084F3
76854.7 31D 8 000000000000001F
76884.6 444 8 0000000000000005
76886.6 6AB 8 00000000000000A0
76900.1 6C0 7 04030500000000
76901.3 3F1 8 0000000000000000
76902.5 484 8 0000000000000000
76903.6 523 8 CD1F7770450E0B02
76904.8 52E 5 603F000000
76906.0 585 8 902C00000000003F
76907.1 64C 2 0011
76908.3 663 8 7314000E00AA0000
76909.4 6B2 8 FFFEFF0F88000040
76910.5 31C 8 00000000800084F3
76911.6 31D 8 000000000000001F
76915.7 38C 8 000000000000007F
76918.5 38D 8 00000000000000E5
76919.8 39C 8 FF6F000000000000
76931.4 3C3 8 FF00000000000000
76938.4 444 8 0000000000000005
76939.7 539 8 3A020000FE010000
76940.8 541 8 0000000000000000
76941.9 537 8 8080808080800000
76947.1 538 8 8080008080000080
76948.6 31C 8 00000000800084F3
76949.7 5EA 8 0000000000000016
76962.7 31D 8 000000000000001F
76964.0 5EB 8 0000000000000007
76965.2 5EC 8 000000000000000F
76966.3 66B 8 7700000000000000
76967.4 66C 8 DF09000000000000
76978.4 444 8 0000000000000005
76994.1 3F1 8 0000000000000000
76996.0 663 8 7314000E00AA0000
76997.4 31C 8 00000000800084F3
77009.6 31D 8 000000000000001F
77010.8 38C 8 000000000000007F
77012.0 38D 8 00000000000000E5
77025.1 39C 8 FF6F000000000000
77026.3 3C3 8 FF00000000000000
77027.4 444 8 0000000000000005
77056.4 31C 8 00000000800084F3
77058.7 31D 8 000000000000001F
77087.9 444 8 0000000000000005
77089.6 6AB 8 00000000000000A0
77103.2 6C0 7 04030500000000
77104.8 3F1 8 0000000000000000
77106.2 663 8 7314000E00AA0000
77107.8 31C 8 00000000800084F3
77109.2 31D 8 000000000000001F
77110.6 38C 8 000000000000007F
77118.9 38D 8 00000000000000E5
77120.1 39C 8 FF6F000000000000
77122.9 3C3 8 FF00000000000000
77134.5 444 8 0000000000000005
77135.9 537 8 8080808080800000
77137.2 538 8 8080008080000080
77150.3 523 8 CD1F7770450E0B02
77151.6 52E 5 603F000000
77152.9 31C 8 00000000800084F3
77154.1 31D 8 000000000000001F
77181.4 444 8 0000000000000005
77182.8 539 8 3A020000FE010000
77184.1 541 8 0000000000000000
77197.1 3F1 8 0000000000000000
77198.5 663 8 7314000E00AA0000
77199.8 31C 8 00000000800084F3
77213.1 31D 8 000000000000001F
77214.5 38C 8 000000000000007F
77215.8 38D 8 00000000000000E5
77217.2 39C 8 FF6F000000000000
77228.4 3C3 8 FF00000000000000
77229.7 444 8 0000000000000005
77243.9 31C 8 00000000800084F3
77260.0 31D 8 000000000000001F
77275.0 444 8 0000000000000005
77277.0 6AB 8 00000000000000A0
77290.8 6C0 7 04030500000000
77292.4 3F1 8 0000000000000000
77293.8 663 8 7314000E00AA0000
77306.5 31C 8 00000000800084F3
77307.8 31D 8 000000000000001F
77309.2 38C 8 000000000000007F
77322.1 38D 8 00000000000000E5
77323.8 39C 8 FF6F000000000000
77325.2 3C3 8 FF00000000000000
77337.6 444 8 0000000000000005
77339.0 537 8 8080808080800000
77340.3 538 8 8080008080000080
77353.2 31C 8 00000000800084F3
77355.8 31D 8 000000000000001F
77384.6 444 8 0000000000000005
77400.3 3F1 8 0000000000000000
77401.5 484 8 0000000000000000
77402.6 523 8 CD1F7770450E0B02
77404.1 52E 5 603F000000
77405.2 663 8 7314000E00AA0000
77406.4 31C 8 00000000800084F3
77407.6 31D 8 000000000000001F
77415.7 38C 8 000000000000007F
77416.9 38D 8 00000000000000E5
77418.2 39C 8 FF6F000000000000
77431.4 3C3 8 FF00000000000000
77432.6 444 8 0000000000000005
77433.7 539 8 3A020000FE010000
77434.9 541 8 0000000000000000
77436.0 585 8 902800000000003F
77451.4 31C 8 00000000800084F3
77455.0 5EA 8 0000000000000016
77456.2 31D 8 000000000000001F
77457.3 5EB 8 0000000000000007
77458.6 585 8 B02800000000003F
77462.7 5EC 8 000000000000000F
77464.0 66B 8 7700000000000000
77465.2 66C 8 DF09000000000000
77478.4 444 8 0000000000000005
77479.6 6AB 8 00000000000000A0
77493.9 6C0 7 04030400000000
77495.4 3F1 8 0000000000000000
77496.6 663 8 7314000E00AA0000
77497.7 31C 8 00000000800084F3
77509.6 31D 8 000000000000001F
77510.9 38C 8 000000000000007F
77512.0 38D 8 00000000000000E5
77525.1 39C 8 FF6F000000000000
77526.3 3C3 8 FF00000000000000
77527.5 444 8 0000000000000005
77540.7 537 8 8080808080800000
77541.9 538 8 8080008080000080
77556.5 31C 8 00000000800084F3
77557.8 31D 8 000000000000001F
77587.8 444 8 0000000000000005
77603.1 3F1 8 0000000000000000
77604.7 663 8 7314000E00AA0000
77606.1 31C 8 00000000800084F3
77607.3 31D 8 000000000000001F
77608.5 38C 8 000000000000007F
77618.9 38D 8 00000000000000E5
77620.1 39C 8 FF6F000000000000
77621.2 3C3 8 FF00000000000000
77634.5 444 8 0000000000000005
77650.1 523 8 CD1F7770450E0B02
77651.3 52E 5 603F000000
77652.4 31C 8 00000000800084F3
77653.5 31D 8 000000000000001F
77681.3 444 8 0000000000000005
77682.5 5FB 8 000000000000007E
77683.6 539 8 3A020000FE010000
77684.8 541 8 0000000000000000
77685.9 5FA 8 000000000000F8FF
77687.1 6AB 8 00000000000000A0
77697.1 6C0 7 04030400000000
77698.3 3F1 8 0000000000000000
77699.5 663 8 7314000E00AA0000
77700.6 31C 8 00000000800084F3
77712.7 31D 8 000000000000001F
77714.0 38C 8 000000000000007F
77715.1 38D 8 00000000000000E5
77716.3 39C 8 FF6F000000000000
77728.0 3C3 8 FF00000000000000
77729.4 444 8 0000000000000005
77730.5 537 8 8080808080800000
77743.9 538 8 8080008080000080
77745.0 31C 8 00000000800084F3
77759.6 31D 8 000000000000001F
77775.1 444 8 0000000000000005
77790.7 3F1 8 0000000000000000
77791.9 663 8 7314000E00AA0000
77806.3 31C 8 00000000800084F3
77807.6 31D 8 000000000000001F
77808.8 38C 8 000000000000007F
77822.0 38D 8 00000000000000E5
77823.4 39C 8 FF6F000000000000
77824.7 3C3 8 FF00000000000000
77837.4 444 8 0000000000000005
77853.3 31C 8 00000000800084F3
77854.6 31D 8 000000000000001F
77884.8 444 8 0000000000000005
77887.5 6AB 8 00000000000000A0
77900.2 6C0 7 04030400000000
77901.4 3F1 8 0000000000000000
77902.6 484 8 0000000000000000
77904.0 523 8 CD1F7770450E0B02
77905.1 52E 5 603F000000
77906.2 585 8 B02800000000003F
77907.3 64C 2 0011
77908.5 663 8 7314000E00AA0000
77910.2 6B2 8 FFFEFF0F88008040
77911.5 31C 8 00000000800084F3
77912.7 31D 8 000000000000001F
77915.8 38C 8 000000000000007F
77917.2 38D 8 00000000000000E5
77918.4 39C 8 FF6F000000000000
77931.5 3C3 8 FF00000000000000
77933.1 444 8 0000000000000005
77934.4 539 8 3A020000FE010000
77935.7 541 8 0000000000000000
77936.9 537 8 8080808080800000
77947.1 538 8 8080008080000080
77948.6 585 8 B02C00000000003F
77951.2 31C 8 00000000800084F3
77952.7 5EA 8 0000000000000016
77962.7 31D 8 000000000000001F
77964.1 5EB 8 0000000000000007
77965.4 5EC 8 000000000000000F
77966.8 66B 8 7700000000000000
77968.1 585 8 902C00000000003F
77969.5 66C 8 DF09000000000000
77978.5 444 8 0000000000000005
77993.9 585 8 902800000000003F
77995.2 3F1 8 0000000000000000
77996.5 663 8 7314000E00AA0000
77997.7 31C 8 00000000800084F3
78009.6 31D 8 000000000000001F
78011.0 585 8 B02C00000000003F
78012.4 38C 8 000000000000007F
78013.8 38D 8 00000000000000E5
78025.4 39C 8 FF6F000000000000
78026.7 3C3 8 FF00000000000000
78028.0 585 8 902C00000000003F
78029.3 444 8 0000000000000005
78056.4 31C 8 00000000800084F3
78057.7 31D 8 000000000000001F
78087.4 444 8 0000000000000005
78088.9 6AB 8 00000000000000A0
78103.1 6C0 7 04030500000000
78104.5 3F1 8 0000000000000000
78105.9 663 8 7314000E00AA0000
78107.2 31C 8 00000000800084F3
78108.4 31D 8 000000000000001F
78109.7 38C 8 000000000000007F
78118.9 38D 8 00000000000000E5
78120.3 39C 8 FF6F000000000000
78121.7 3C3 8 FF00000000000000
78134.5 444 8 0000000000000005
78136.0 537 8 8080808080800000
78137.4 538 8 8080008080000080
78150.2 523 8 CD1F7770450E0B02
78151.6 52E 5 603F000000
78152.9 31C 8 00000000800084F3
78154.2 31D 8 000000000000001F
78181.4 444 8 0000000000000005
78182.8 539 8 3A020000FE010000
78184.0 541 8 0000000000000000
78197.2 3F1 8 0000000000000000
78198.5 663 8 7314000E00AA0000
78199.8 31C 8 00000000800084F3
78212.9 31D 8 000000000000001F
78214.4 38C 8 000000000000007F
78215.5 38D 8 00000000000000E5
78216.6 39C 8 FF6F000000000000
78228.3 3C3 8 FF00000000000000
78229.4 444 8 0000000000000005
78244.3 31C 8 00000000800084F3
78259.7 31D 8 000000000000001F
78275.6 444 8 0000000000000005
78276.9 6AB 8 00000000000000A0
78290.8 6C0 7 04030500000000
78292.0 3F1 8 0000000000000000
78293.3 663 8 7314000E00AA0000
78306.5 31C 8 00000000800084F3
78307.7 31D 8 000000000000001F
78308.9 38C 8 000000000000007F
78322.1 38D 8 00000000000000E5
78323.5 39C 8 FF6F000000000000
78324.6 3C3 8 FF00000000000000
78337.5 444 8 0000000000000005
78338.7 537 8 8080808080800000
78340.0 538 8 8080008080000080
78353.2 585 8 902800000000003F
78354.4 31C 8 00000000800084F3
78355.5 31D 8 000000000000001F
78368.8 585 8 B02800000000003F
78388.1 444 8 0000000000000005
78400.2 3F1 8 0000000000000000
78401.4 484 8 0000000000000000
78402.6 523 8 CD1F7770450E0B02
78403.9 52E 5 603F000000
78405.5 663 8 7314000E00AA0000
78406.8 31C 8 00000000800084F3
78408.0 31D 8 000000000000001F
78415.9 38C 8 000000000000007F
78417.1 38D 8 00000000000000E5
78418.3 39C 8 FF6F000000000000
78431.4 3C3 8 FF00000000000000
78432.6 444 8 0000000000000005
78433.8 539 8 3A020000FE010000
78434.9 541 8 0000000000000000
78447.0 31C 8 00000000800084F3
78448.6 5EA 8 0000000000000016
78463.2 31D 8 000000000000001F
78464.8 5EB 8 0000000000000007
78466.7 5EC 8 000000000000000F
78467.9 66B 8 7700000000000000
78469.0 66C 8 DF09000000000000
78478.2 444 8 0000000000000005
78479.4 6AB 8 00000000000000A0
78493.9 6C0 7 04030400000000
78495.3 3F1 8 0000000000000000
78496.6 663 8 7314000E00AA0000
78498.1 31C 8 00000000800084F3
78509.5 31D 8 000000000000001F
78510.7 38C 8 000000000000007F
78511.9 38D 8 00000000000000E5
78525.2 39C 8 FF6F000000000000
78526.6 3C3 8 FF00000000000000
78527.8 444 8 0000000000000005
78540.9 537 8 8080808080800000
78542.3 538 8 8080008080000080
78556.4 31C 8 00000000800084F3
78557.6 31D 8 000000000000001F
78587.7 444 8 0000000000000005
78603.0 3F1 8 0000000000000000
78604.2 663 8 7314000E00AA0000
78605.3 31C 8 00000000800084F3
78606.4 31D 8 000000000000001F
78607.6 38C 8 000000000000007F
78618.9 38D 8 00000000000000E5
78620.4 39C 8 FF6F000000000000
78621.6 3C3 8 FF00000000000000
78634.5 444 8 0000000000000005
78650.1 523 8 CD1F7770450E0B02
78651.3 52E 5 603F000000
78652.5 31C 8 00000000800084F3
78653.6 31D 8 000000000000001F
78681.4 444 8 0000000000000005
78682.6 5FB 8 000000000000007E
78683.7 539 8 3A020000FE010000
78684.8 541 8 0000000000000000
78685.9 5FA 8 000000000000F8FF
78687.1 6AB 8 00000000000000A0
78697.2 6C0 7 04030400000000
78698.4 3F1 8 0000000000000000
78699.6 663 8 7314000E00AA0000
78700.7 31C 8 00000000800084F3
78712.9 31D 8 000000000000001F
78714.4 38C 8 000000000000007F
78715.5 38D 8 00000000000000E5
78716.6 39C 8 FF6F000000000000
78728.1 3C3 8 FF00000000000000
78729.3 444 8 0000000000000005
78730.4 537 8 8080808080800000
78743.8 538 8 8080008080000080
78745.0 31C 8 00000000800084F3
78759.7 31D 8 000000000000001F
78775.1 444 8 0000000000000005
78790.7 3F1 8 0000000000000000
78793.2 663 8 7314000E00AA0000
78806.5 31C 8 00000000800084F3
78811.1 31D 8 000000000000001F
78812.3 38C 8 000000000000007F
78821.9 38D 8 00000000000000E5
78823.2 39C 8 FF6F000000000000
78824.3 3C3 8 FF00000000000000
78837.6 444 8 0000000000000005
78853.2 31C 8 00000000800084F3
78854.4 31D 8 000000000000001F
78884.9 444 8 0000000000000005
78886.5 6AB 8 00000000000000A0
78900.2 6C0 7 04030400000000
78902.0 3F1 8 0000000000000000
78903.7 484 8 0000000000000000
78905.1 523 8 CD1F7770450E0B02
78906.3 52E 5 603F000000
78907.6 585 8 B02800000000003F
78908.8 64C 2 0011
78909.9 663 8 7314000E00AA0000
78911.0 6B2 8 FFFEFF0F88000041
78912.1 31C 8 00000000800084F3
78913.2 31D 8 000000000000001F
78915.8 38C 8 000000000000007F
78917.0 38D 8 00000000000000E5
78918.0 39C 8 FF6F000000000000
78931.4 3C3 8 FF00000000000000
78932.6 444 8 0000000000000005
78933.8 539 8 3A020000FE010000
78934.9 541 8 0000000000000000
78936.0 537 8 8080808080800000
78947.1 538 8 8080008080000080
78948.6 31C 8 00000000800084F3
78949.7 5EA 8 0000000000000016
78962.9 31D 8 000000000000001F
78964.3 5EB 8 0000000000000007
78965.4 5EC 8 000000000000000F
78966.5 66B 8 7700000000000000
78968.2 66C 8 DF09000000000000
78978.3 444 8 0000000000000005
78994.0 3F1 8 0000000000000000
78995.2 663 8 7314000E00AA0000
78996.3 31C 8 00000000800084F3
79009.5 31D 8 000000000000001F
79010.7 38C 8 000000000000007F
79011.8 38D 8 00000000000000E5
79025.3 39C 8 FF6F000000000000
79026.6 3C3 8 FF00000000000000
79027.7 444 8 0000000000000005
79056.5 31C 8 00000000800084F3
79057.7 31D 8 000000000000001F
79087.7 444 8 0000000000000005
79089.0 6AB 8 00000000000000A0
79103.1 6C0 7 04030400000000
79104.4 3F1 8 0000000000000000
79105.6 663 8 7314000E00AA0000
79106.7 31C 8 00000000800084F3
79107.8 31D 8 000000000000001F
79108.9 38C 8 000000000000007F
79119.1 38D 8 00000000000000E5
79121.0 39C 8 FF6F000000000000
79122.4 3C3 8 FF00000000000000
79134.6 444 8 0000000000000005
79135.9 537 8 8080808080800000
79137.1 538 8 8080008080000080
79150.1 523 8 CD1F7770450E0B02
79151.3 52E 5 603F000000
79152.4 31C 8 00000000800084F3
79153.5 31D 8 000000000000001F
79181.3 444 8 0000000000000005
79182.5 539 8 3A020000FE010000
79183.6 541 8 0000000000000000
79197.1 3F1 8 0000000000000000
79198.5 663 8 7314000E00AA0000
79200.3 31C 8 00000000800084F3
79212.8 31D 8 000000000000001F
79214.2 38C 8 000000000000007F
79215.6 38D 8 00000000000000E5
79217.2 39C 8 FF6F000000000000
79228.4 3C3 8 FF00000000000000
79230.3 444 8 0000000000000005
79244.0 31C 8 00000000800084F3
79260.0 31D 8 000000000000001F
79275.5 444 8 0000000000000005
79276.8 6AB 8 00000000000000A0
79290.8 6C0 7 04030400000000
79292.0 3F1 8 0000000000000000
79293.2 663 8 7314000E00AA0000
79306.8 31C 8 00000000800084F3
79308.4 31D 8 000000000000001F
79309.5 38C 8 000000000000007F
79322.1 38D 8 00000000000000E5
79323.8 39C 8 FF6F000000000000
79324.9 3C3 8 FF00000000000000
79337.6 444 8 0000000000000005
79338.8 537 8 8080808080800000
79339.9 538 8 8080008080000080
79353.3 31C 8 00000000800084F3
79354.5 31D 8 000000000000001F
79384.5 444 8 0000000000000005
79401.5 3F1 8 0000000000000000
79403.1 484 8 0000000000000000
79404.5 523 8 CD1F7770450E0B02
79408.5 52E 5 603F000000
79410.0 663 8 7314000E00AA0000
79411.5 31C 8 00000000800084F3
79413.0 31D 8 000000000000001F
79415.8 38C 8 000000000000007F
79417.1 38D 8 00000000000000E5
79418.4 39C 8 FF6F000000000000
79431.5 3C3 8 FF00000000000000
79432.7 444 8 0000000000000005
79433.9 539 8 3A020000FE010000
79435.0 541 8 0000000000000000
79447.2 31C 8 00000000800084F3
79448.5 5EA 8 0000000000000016
79462.9 31D 8 000000000000001F
79464.1 5EB 8 0000000000000007
79465.3 5EC 8 000000000000000F
79466.4 66B 8 7700000000000000
79467.5 66C 8 DF09000000000000
79479.6 444 8 0000000000000005
79483.4 6AB 8 00000000000000A0
79494.0 6C0 7 04030400000000
79495.2 3F1 8 0000000000000000
79496.4 663 8 7314000E00AA0000
79497.6 31C 8 00000000800084F3
79509.8 31D 8 000000000000001F
79510.9 38C 8 000000000000007F
79512.1 38D 8 00000000000000E5
79525.3 39C 8 FF6F000000000000
79526.5 3C3 8 FF00000000000000
79527.8 444 8 0000000000000005
79540.9 537 8 8080808080800000
79542.2 538 8 8080008080000080
79556.6 31C 8 00000000800084F3
79557.9 31D 8 000000000000001F
79587.6 444 8 0000000000000005
79603.0 3F1 8 0000000000000000
79604.3 663 8 7314000E00AA0000
79605.5 31C 8 00000000800084F3
79606.7 31D 8 000000000000001F
79607.9 38C 8 000000000000007F
79618.9 38D 8 00000000000000E5
79620.2 39C 8 FF6F000000000000
79621.3 3C3 8 FF00000000000000
79634.6 444 8 0000000000000005
79650.3 523 8 CD1F7770450E0B02
79651.6 52E 5 603F000000
79652.7 31C 8 00000000800084F3
79653.8 31D 8 000000000000001F
79681.4 444 8 0000000000000005
79682.5 5FB 8 000000000000007E
79683.7 539 8 3A020000FE010000
79684.8 541 8 0000000000000000
79685.9 5FA 8 000000000000F8FF
79687.0 6AB 8 00000000000000A0
79697.0 6C0 7 04030400000000
79698.3 3F1 8 0000000000000000
79699.4 663 8 7314000E00AA0000
79700.5 31C 8 00000000800084F3
79712.8 31D 8 000000000000001F
79714.2 38C 8 000000000000007F
79715.4 38D 8 00000000000000E5
79716.5 39C 8 FF6F000000000000
79728.1 3C3 8 FF00000000000000
79729.2 444 8 0000000000000005
79730.3 537 8 8080808080800000
79744.0 538 8 8080008080000080
79745.3 31C 8 00000000800084F3
79759.7 31D 8 000000000000001F
79775.4 444 8 0000000000000005
79790.8 3F1 8 0000000000000000
79792.0 663 8 7314000E00AA0000
79806.3 31C 8 00000000800084F3
79807.5 31D 8 000000000000001F
79808.7 38C 8 000000000000007F
79822.1 38D 8 00000000000000E5
79823.5 39C 8 FF6F000000000000
79824.6 3C3 8 FF00000000000000
79837.6 444 8 0000000000000005
79853.2 31C 8 00000000800084F3
79854.4 31D 8 000000000000001F
79884.7 444 8 0000000000000005
79886.4 6AB 8 00000000000000A0
79900.1 6C0 7 04030400000000
79901.3 3F1 8 0000000000000000
79902.4 484 8 0000000000000000
79903.6 523 8 CD1F7770450E0B02
79904.7 52E 5 603F000000
79905.8 585 8 B02800000000003F
79906.9 64C 2 0011
79908.0 663 8 7314000E00AA0000
79909.1 6B2 8 FFFEFF0F88008041
79910.2 31C 8 00000000800084F3
79911.3 31D 8 000000000000001F
79915.8 38C 8 000000000000007F
79917.5 38D 8 00000000000000E5
79918.9 39C 8 FF6F000000000000
79931.4 3C3 8 FF00000000000000
79932.9 444 8 0000000000000005
79934.2 539 8 3A020000FE010000
79935.3 541 8 0000000000000000
79936.4 537 8 8080808080800000
79947.1 538 8 8080008080000080
79948.3 31C 8 00000000800084F3
79949.4 5EA 8 0000000000000016
79962.7 31D 8 000000000000001F
79964.0 5EB 8 0000000000000007
79965.1 5EC 8 000000000000000F
79966.2 66B 8 7700000000000000
79967.3 66C 8 DF09000000000000
79978.2 585 8 B02C00000000003F
79979.3 444 8 0000000000000005
79994.1 3F1 8 0000000000000000
79995.3 585 8 902C00000000003F
79996.4 663 8 7314000E00AA0000
79997.5 31C 8 00000000800084F3
80009.6 31D 8 000000000000001F
80010.8 38C 8 000000000000007F
80012.0 38D 8 00000000000000E5
80025.2 39C 8 FF6F000000000000
80026.4 3C3 8 FF00000000000000
80027.5 444 8 0000000000000005
80056.4 31C 8 00000000800084F3
80058.2 31D 8 000000000000001F
80087.6 444 8 0000000000000005
80089.2 6AB 8 00000000000000A0
80103.0 6C0 7 04030500000000
80104.3 3F1 8 0000000000000000
80105.5 663 8 7314000E00AA0000
80106.7 31C 8 00000000800084F3
80107.7 31D 8 000000000000001F
80108.9 38C 8 000000000000007F
80118.9 38D 8 00000000000000E5
80120.1 39C 8 FF6F000000000000
80121.2 3C3 8 FF00000000000000
80134.7 444 8 0000000000000005
80136.4 537 8 8080808080800000
80137.5 538 8 8080008080000080
80150.2 523 8 CD1F7770450E0B02
80151.4 52E 5 603F000000
80152.4 31C 8 00000000800084F3
80153.5 31D 8 000000000000001F
80181.4 444 8 0000000000000005
80182.6 539 8 3A020000FE010000
80183.7 541 8 0000000000000000
80197.1 3F1 8 0000000000000000
80198.6 663 8 7314000E00AA0000
80199.8 31C 8 00000000800084F3
80212.6 31D 8 000000000000001F
80213.8 38C 8 000000000000007F
80215.0 38D 8 00000000000000E5
80216.1 39C 8 FF6F000000000000
80228.2 3C3 8 FF00000000000000
80229.4 444 8 0000000000000005
80243.9 31C 8 00000000800084F3
80259.7 31D 8 000000000000001F
80275.2 444 8 0000000000000005
80276.4 6AB 8 00000000000000A0
80290.9 6C0 7 04030500000000
80292.1 3F1 8 0000000000000000
80293.3 663 8 7314000E00AA0000
80306.4 31C 8 00000000800084F3
80307.8 31D 8 000000000000001F
80308.9 38C 8 000000000000007F
80322.1 38D 8 00000000000000E5
80323.5 39C 8 FF6F000000000000
80324.7 3C3 8 FF00000000000000
80337.6 444 8 0000000000000005
80338.9 537 8 8080808080800000
80340.4 538 8 8080008080000080
80353.5 31C 8 00000000800084F3
80354.9 31D 8 000000000000001F
80384.5 444 8 0000000000000005
80400.2 3F1 8 0000000000000000
80401.3 484 8 0000000000000000
80402.5 523 8 CD1F7770450E0B02
80403.8 52E 5 603F000000
80404.9 663 8 7314000E00AA0000
80406.1 31C 8 00000000800084F3
80407.2 31D 8 000000000000001F
80417.1 38C 8 000000000000007F
80418.6 38D 8 00000000000000E5
80420.1 39C 8 FF6F000000000000
80431.5 3C3 8 FF00000000000000
80432.6 444 8 0000000000000005
80433.8 539 8 3A020000FE010000
80434.9 541 8 0000000000000000
80447.2 31C 8 00000000800084F3
80448.6 5EA 8 0000000000000016
80462.7 31D 8 000000000000001F
80464.7 5EB 8 0000000000000007
80465.9 5EC 8 000000000000000F
80467.6 66B 8 7700000000000000
80468.8 66C 8 DF09000000000000
80478.2 444 8 0000000000000005
80479.4 6AB 8 00000000000000A0
80494.0 6C0 7 04030500000000
80499.5 3F1 8 0000000000000000
80500.6 663 8 7314000E00AA0000
80501.7 31C 8 00000000800084F3
80509.6 31D 8 000000000000001F
80510.7 38C 8 000000000000007F
80511.8 38D 8 00000000000000E5
80525.2 39C 8 FF6F000000000000
80526.5 3C3 8 FF00000000000000
80527.6 444 8 0000000000000005
80540.8 537 8 8080808080800000
80542.3 538 8 8080008080000080
80556.8 31C 8 00000000800084F3
80558.4 31D 8 000000000000001F
80587.8 444 8 0000000000000005
80603.2 3F1 8 0000000000000000
80604.6 663 8 7314000E00AA0000
80605.7 31C 8 00000000800084F3
80606.9 31D 8 000000000000001F
80608.2 38C 8 000000000000007F
80619.0 38D 8 00000000000000E5
80620.1 39C 8 FF6F000000000000
80621.4 3C3 8 FF00000000000000
80634.5 444 8 0000000000000005
80650.2 523 8 CD1F7770450E0B02
80651.4 52E 5 603F000000
80652.5 31C 8 00000000800084F3
80653.7 31D 8 000000000000001F
80681.4 444 8 0000000000000005
80682.8 5FB 8 000000000000007E
80683.9 539 8 3A020000FE010000
80685.0 541 8 0000000000000000
80686.8 5FA 8 000000000000F8FF
80687.9 6AB 8 00000000000000A0
80697.0 6C0 7 04030500000000
80698.4 3F1 8 0000000000000000
80699.5 663 8 7314000E00AA0000
80700.6 31C 8 00000000800084F3
80712.7 31D 8 000000000000001F
80714.0 38C 8 000000000000007F
80715.1 38D 8 00000000000000E5
80716.3 39C 8 FF6F000000000000
80728.0 3C3 8 FF00000000000000
80729.1 444 8 0000000000000005
80730.3 537 8 8080808080800000
80744.0 538 8 8080008080000080
80745.2 31C 8 00000000800084F3
80759.5 31D 8 000000000000001F
80775.1 444 8 0000000000000005
80790.6 3F1 8 0000000000000000
80792.3 663 8 7314000E00AA0000
80806.5 31C 8 00000000800084F3
80807.8 31D 8 000000000000001F
80809.0 38C 8 000000000000007F
80822.0 38D 8 00000000000000E5
80823.3 39C 8 FF6F000000000000
80824.5 3C3 8 FF00000000000000
80837.7 444 8 0000000000000005
80853.1 31C 8 00000000800084F3
80854.2 31D 8 000000000000001F
80884.8 444 8 0000000000000005
80886.2 6AB 8 00000000000000A0
80900.1 6C0 7 04030500000000
80901.3 3F1 8 0000000000000000
80902.4 484 8 0000000000000000
80903.5 523 8 CD1F7770450E0B02
80904.6 52E 5 603F000000
80905.7 585 8 902C00000000003F
80907.5 64C 2 0011
80908.7 663 8 7314000E00AA0000
80909.8 6B2 8 FFFEFF0F88000042
80910.9 31C 8 00000000800084F3
80912.0 31D 8 000000000000001F
80915.7 38C 8 000000000000007F
80916.9 38D 8 00000000000000E5
80918.0 39C 8 FF6F000000000000
80931.4 3C3 8 FF00000000000000
80933.1 444 8 0000000000000005
80934.9 539 8 3A020000FE010000
80936.0 541 8 0000000000000000
80937.1 537 8 8080808080800000
80947.0 538 8 8080008080000080
80948.3 31C 8 00000000800084F3
80949.7 5EA 8 0000000000000016
80962.8 31D 8 000000000000001F
80964.2 5EB 8 0000000000000007
80965.3 5EC 8 000000000000000F
80966.4 66B 8 7700000000000000
80967.5 66C 8 DF09000000000000
80978.3 444 8 0000000000000005
80993.9 3F1 8 0000000000000000
80995.1 663 8 7314000E00AA0000
80996.2 31C 8 00000000800084F3
81009.5 31D 8 000000000000001F
81010.7 38C 8 000000000000007F
81011.8 38D 8 00000000000000E5
81025.1 39C 8 FF6F000000000000
81026.3 3C3 8 FF00000000000000
81027.5 444 8 0000000000000005
81056.5 31C 8 00000000800084F3
81057.9 31D 8 000000000000001F
81087.8 444 8 0000000000000005
81089.4 6AB 8 00000000000000A0
81103.0 6C0 7 04030500000000
81105.0 3F1 8 0000000000000000
81106.2 663 8 7B14000E00AA0000
81107.2 31C 8 00000000800084F3
81108.7 31D 8 000000000000001F
81109.9 38C 8 000000000000007F
81119.0 38D 8 00000000000000E5
81120.1 39C 8 FF6F000000000000
81121.4 3C3 8 FF00000000000000
81134.5 444 8 0000000000000005
81135.7 537 8 8080808080800000
81136.8 538 8 8080008080000080
81150.3 523 8 CD1F7770450E0B02
81151.6 52E 5 603F000000
81152.7 31C 8 00000000800084F3
81153.8 31D 8 000000000000001F
81181.4 444 8 0000000000000005
81182.6 539 8 3A020000FE010000
81183.7 541 8 0000000000000000
81197.2 3F1 8 0000000000000000
81198.5 663 8 7B14000E00AA0000
81199.6 31C 8 00000000800084F3
81212.7 31D 8 000000000000001F
81214.0 38C 8 000000000000007F
81215.1 38D 8 00000000000000E5
81216.3 39C 8 FF6F000000000000
81228.3 3C3 8 FF00000000000000
81229.5 444 8 0000000000000005
81243.9 31C 8 00000000800084F3
81259.6 31D 8 000000000000001F
81275.3 444 8 0000000000000005
81290.7 6AB 8 00000000000000A0
81292.0 6C0 7 04030500000000
81293.0 3F1 8 0000000000000000
81294.2 663 8 7B14000E00AA0000
81306.3 31C 8 00000000800084F3
81307.7 31D 8 000000000000001F
81309.7 38C 8 000000000000007F
81322.0 38D 8 00000000000000E5
81323.2 39C 8 FF6F000000000000
81324.3 3C3 8 FF00000000000000
81337.7 444 8 0000000000000005
81338.9 537 8 8080808080800000
81340.0 538 8 8080008080000080
81353.6 31C 8 00000000800084F3
81354.8 31D 8 000000000000001F
81384.6 444 8 0000000000000005
81400.1 3F1 8 0000000000000000
81401.4 484 8 0000000000000000
81402.5 523 8 CD1F7770450E0B02
81403.6 52E 5 603F000000
81404.8 663 8 7B14000E00AA0000
81405.9 31C 8 00000000800084F3
81407.1 31D 8 000000000000001F
81415.8 38C 8 000000000000007F
81416.9 38D 8 00000000000000E5
81418.3 39C 8 FF6F000000000000
81431.4 3C3 8 FF00000000000000
81432.5 444 8 0000000000000005
81433.6 539 8 3A020000FE010000
81434.7 541 8 0000000000000000
81478.5 6AB 8 00000000000000A0
81681.6 5FB 8 000000000000007E
81683.2 539 8 3A020000FE010000
81684.4 541 8 0000000000000000
81685.5 5FA 8 000000000000F8FF
81686.6 6AB 8 00000000000000A0
81888.0 6AB 8 00000000000000A0
81931.4 539 8 3A020000FE010000
81932.5 541 8 0000000000000000
81965.5 6C0 7 01030500000000
81967.1 3F1 8 0000000000000000
81968.7 484 8 0000000000000000
81970.1 523 8 CD1F7770450E0B02
81971.6 52E 5 603F000000
81973.2 585 8 902800000000003F
81974.9 64C 2 0011
81976.2 663 8 7300000E00000000
81977.4 6B2 8 83FEFF0F88000040
81994.1 31C 8 00000000800084F3
81995.3 31D 8 000000000000001F
81996.4 38C 8 000000000000007F
81997.5 38D 8 00000000000000E5
81998.7 585 8 902C00000000003F
81999.8 39C 8 FF6F000000000000
82000.9 3C3 8 FF00000000000000
82002.0 444 8 0000000000000005
82009.5 537 8 8080808080800000
82010.7 538 8 8080008080000080
82024.9 31C 8 00000000800084F3
82026.1 5EA 8 0000000000000016
82027.3 31D 8 000000000000001F
82028.5 5EB 8 0000000000000007
82029.6 5EC 8 000000000000000F
82041.0 66B 8 7700000000000000
82042.4 66C 8 DF09000000000000
82056.3 444 8 0000000000000005
82072.1 3F1 8 0000000000000000
82074.2 663 8 7314000F009C0000
82076.4 31C 8 00000000800084F3
82077.8 31D 8 000000000000001F
82087.8 38C 8 000000000000007F
82088.9 6AB 8 00000000000000A0
82090.1 38D 8 00000000000000E5
82181.5 539 8 3A020000FE010000
82182.9 541 8 0000000000000000
82291.1 6AB 8 00000000000000A0
82431.4 539 8 3A020000FE010000
82432.7 541 8 0000000000000000
82478.6 6AB 8 00000000000000A0
82681.4 5FB 8 000000000000007E
82682.9 539 8 3A020000FE010000
82683.9 541 8 0000000000000000
82685.1 5FA 8 000000000000F8FF
82686.2 6AB 8 00000000000000A0
82886.6 6AB 8 00000000000000A0
82931.4 539 8 3A020000FE010000
82932.6 541 8 0000000000000000
83056.5 6C0 7 01030500000000
83058.0 3F1 8 0000000000000000
83059.4 484 8 0000000000000000
83060.7 523 8 CD1F7770450E0B02
83061.8 6D3 7 02010000000000
83063.0 52E 5 603F000000
83064.2 585 8 902800000000003F
83065.6 64C 2 0011
83066.7 663 8 7300000E00000000
83067.8 6B2 8 83FEFF0F88000040
83069.0 31C 8 00000000800084F3
83070.3 31D 8 000000000000001F
83072.0 38C 8 000000000000007F
83073.1 38D 8 00000000000000E5
83074.4 585 8 902C00000000003F
83075.7 39C 8 FF6F000000000000
83087.7 3C3 8 FF00000000000000
83089.0 6AB 8 00000000000000A0
83090.3 444 8 0000000000000005
83091.4 537 8 8080808080800000
83103.3 538 8 8080008080000080
83106.1 31C 8 00000000800084F3
83107.2 5EA 8 0000000000000016
83118.9 31D 8 000000000000001F
83120.3 5EB 8 0000000000000007
83121.4 5EC 8 000000000000000F
83122.6 66B 8 7700000000000000
83134.5 66C 8 DF09000000000000
83135.7 444 8 0000000000000005
83149.9 3F1 8 0000000000000000
83151.1 663 8 7314000F009C0000
83152.1 31C 8 00000000800084F3
83165.8 31D 8 000000000000001F
83167.1 38C 8 000000000000007F
83168.3 38D 8 00000000000000E5
83181.5 39C 8 FF6F000000000000
83182.7 3C3 8 FF00000000000000
83183.8 539 8 3A020000FE010000
83185.0 541 8 0000000000000000
83186.1 444 8 0000000000000005
83212.6 31C 8 00000000800084F3
83213.8 31D 8 000000000000001F
83243.9 444 8 0000000000000005
83259.4 6C0 7 01030500000000
83260.8 3F1 8 0000000000000000
83261.9 663 8 7314000E00AA0000
83263.0 6D3 7 02010000000000
83264.2 31C 8 00000000800084F3
83265.5 31D 8 000000000000001F
83266.6 38C 8 000000000000007F
83275.1 38D 8 00000000000000E5
83276.5 39C 8 FF6F000000000000
83277.7 3C3 8 FF00000000000000
83291.1 6AB 8 00000000000000A0
83292.6 444 8 0000000000000005
83293.8 537 8 8080808080800000
83295.0 538 8 8080008080000080
83306.4 523 8 CD1F7770450E0B02
83307.5 52E 5 603F000000
83308.7 31C 8 00000000800084F3
83309.9 31D 8 000000000000001F
83337.6 444 8 0000000000000005
83353.3 3F1 8 0000000000000000
83354.8 663 8 7314000E00AA0000
83356.0 31C 8 00000000800084F3
83369.0 31D 8 000000000000001F
83370.4 38C 8 000000000000007F
83371.5 38D 8 00000000000000E5
83372.6 39C 8 FF6F000000000000
83384.6 3C3 8 FF00000000000000
83385.8 444 8 0000000000000005
83400.2 31C 8 00000000800084F3
83415.8 31D 8 000000000000001F
83431.4 539 8 3A020000FE010000
83432.5 541 8 0000000000000000
83433.7 444 8 0000000000000005
83446.9 6C0 7 01030500000000
83448.1 3F1 8 0000000000000000
83449.4 663 8 7314000E00AA0000
83450.6 6D3 7 02010000000000
83462.8 31C 8 00000000800084F3
83464.8 31D 8 000000000000001F
83466.0 38C 8 000000000000007F
83478.3 38D 8 00000000000000E5
83479.6 39C 8 FF6F000000000000
83480.8 3C3 8 FF00000000000000
83481.9 6AB 8 00000000000000A0
83493.8 444 8 0000000000000005
83495.0 537 8 8080808080800000
83496.1 538 8 8080008080000080
83509.5 31C 8 00000000800084F3
83510.7 31D 8 000000000000001F
83541.1 444 8 0000000000000005
83556.4 3F1 8 0000000000000000
83557.6 484 8 0000000000000000
83558.7 523 8 CD1F7770450E0B02
83560.0 52E 5 603F000000
83561.1 663 8 7314000E00AA0000
83562.2 31C 8 00000000800084F3
83563.4 31D 8 000000000000001F
83572.2 38C 8 000000000000007F
83573.6 38D 8 00000000000000E5
83575.0 39C 8 FF6F000000000000
83587.8 3C3 8 FF00000000000000
83589.0 444 8 0000000000000005
83603.3 31C 8 00000000800084F3
83604.6 5EA 8 0000000000000016
83619.0 31D 8 000000000000001F
83620.3 5EB 8 0000000000000007
83621.4 5EC 8 000000000000000F
83622.5 66B 8 7700000000000000
83634.6 66C 8 DF09000000000000
83635.8 444 8 0000000000000005
83650.0 6C0 7 01030500000000
83651.1 3F1 8 0000000000000000
83652.2 663 8 7314000E00AA0000
83653.3 6D3 7 02010000000000
83654.5 31C 8 00000000800084F3
83665.8 31D 8 000000000000001F
83666.9 38C 8 000000000000007F
83668.1 38D 8 00000000000000E5
83681.4 39C 8 FF6F000000000000
83682.6 3C3 8 FF00000000000000
83683.8 5FB 8 000000000000007E
83685.1 539 8 3A020000FE010000
83686.2 541 8 0000000000000000
83687.3 5FA 8 000000000000F8FF
83688.4 6AB 8 00000000000000A0
83690.4 444 8 0000000000000005
83697.2 537 8 8080808080800000
83698.5 538 8 8080008080000080
83713.0 31C 8 00000000800084F3
83715.0 31D 8 000000000000001F
83743.6 444 8 0000000000000005
83759.6 3F1 8 0000000000000000
83761.0 663 8 7314000E00AA0000
83762.1 31C 8 00000000800084F3
83763.3 31D 8 000000000000001F
83764.6 38C 8 000000000000007F
83775.3 38D 8 00000000000000E5
83776.5 39C 8 FF6F000000000000
83777.6 3C3 8 FF00000000000000
83790.9 444 8 0000000000000005
83806.4 523 8 CD1F7770450E0B02
83807.6 52E 5 603F000000
83808.7 31C 8 00000000800084F3
83809.9 31D 8 000000000000001F
83837.6 444 8 0000000000000005
83853.2 6C0 7 01030500000000
83854.5 3F1 8 0000000000000000
83855.7 663 8 7314000E00AA0000
83856.8 6D3 7 02010000000000
83858.0 31C 8 00000000800084F3
83868.9 31D 8 000000000000001F
83870.3 38C 8 000000000000007F
83871.7 38D 8 00000000000000E5
83884.6 39C 8 FF6F000000000000
83886.0 3C3 8 FF00000000000000
83887.3 6AB 8 00000000000000A0
83888.6 444 8 0000000000000005
83889.8 537 8 8080808080800000
83900.2 538 8 8080008080000080
83901.4 31C 8 00000000800084F3
83915.8 31D 8 000000000000001F
83931.3 539 8 3A020000FE010000
83933.2 541 8 0000000000000000
83934.3 444 8 0000000000000005
83947.0 3F1 8 0000000000000000
83948.5 663 8 7314000E00AA0000
83962.6 31C 8 00000000800084F3
83963.8 31D 8 000000000000001F
83964.9 38C 8 000000000000007F
83978.3 38D 8 00000000000000E5
83980.1 39C 8 FF6F000000000000
83981.8 3C3 8 FF00000000000000
83993.7 444 8 0000000000000005
84009.7 31C 8 00000000800084F3
84011.2 31D 8 000000000000001F
84040.9 444 8 0000000000000005
84056.4 6C0 7 04030500000000
84057.7 3F1 8 0000000000000000
84058.9 484 8 0000000000000000
84060.1 523 8 CD1F7770450E0B02
84061.2 52E 5 603F000000
84062.3 585 8 902C00000000003F
84063.4 64C 2 0011
84064.5 663 8 7314000E00AA0000
84065.5 6B2 8 FFFEFF0F88000040
84066.7 31C 8 00000000800084F3
84068.3 31D 8 000000000000001F
84072.0 38C 8 000000000000007F
84073.2 38D 8 00000000000000E5
84074.4 39C 8 FF6F000000000000
84087.8 3C3 8 FF00000000000000
84089.0 6AB 8 00000000000000A0
84090.5 444 8 0000000000000005
84091.6 537 8 8080808080800000
84103.2 538 8 8080008080000080
84104.8 31C 8 00000000800084F3
84105.9 5EA 8 0000000000000016
84119.1 31D 8 000000000000001F
84121.2 5EB 8 0000000000000007
84122.3 5EC 8 000000000000000F
84123.4 66B 8 7700000000000000
84124.6 66C 8 DF09000000000000
84134.6 444 8 0000000000000005
84150.4 3F1 8 0000000000000000
84151.6 663 8 7314000E00AA0000
84152.6 31C 8 00000000800084F3
84166.0 31D 8 000000000000001F
84167.3 38C 8 000000000000007F
84168.4 38D 8 00000000000000E5
84181.5 39C 8 FF6F000000000000
84182.7 3C3 8 FF00000000000000
84183.8 539 8 3A020000FE010000
84184.9 541 8 0000000000000000
84186.1 444 8 0000000000000005
84212.7 31C 8 00000000800084F3
84214.4 31D 8 000000000000001F
84243.8 444 8 0000000000000005
84259.5 6C0 7 04030500000000
84260.9 3F1 8 0000000000000000
84262.1 663 8 7314000E00AA0000
84263.3 31C 8 00000000800084F3
84264.4 31D 8 000000000000001F
84265.5 38C 8 000000000000007F
84275.2 38D 8 00000000000000E5
84276.4 39C 8 FF6F000000000000
84277.8 3C3 8 FF00000000000000
84291.0 6AB 8 00000000000000A0
84292.4 444 8 0000000000000005
84293.6 537 8 8080808080800000
84294.7 538 8 8080008080000080
84306.4 523 8 CD1F7770450E0B02
84307.7 52E 5 603F000000
84309.1 31C 8 00000000800084F3
84310.3 31D 8 000000000000001F
84337.7 444 8 0000000000000005
84353.2 3F1 8 0000000000000000
84354.4 663 8 7314000E00AA0000
84355.5 31C 8 00000000800084F3
84368.9 31D 8 000000000000001F
84370.0 38C 8 000000000000007F
84431.3 539 8 3A020000FE010000
84432.6 541 8 0000000000000000
84478.4 6AB 8 00000000000000A0
84634.7 6C0 7 01030500000000
84636.3 3F1 8 0000000000000000
84637.4 484 8 0000000000000000
84638.5 523 8 CD1F7770450E0B02
84639.8 52E 5 603F000000
84641.2 585 8 902800000000003F
84642.3 64C 2 0011
84643.4 663 8 7300000E00000000
84644.8 6B2 8 83FEFF0F88000040
84646.0 31C 8 00000000800084F3
84647.1 31D 8 000000000000001F
84648.3 38C 8 000000000000007F
84649.9 38D 8 00000000000000E5
84651.1 585 8 902C00000000003F
84652.2 39C 8 FF6F000000000000
84653.3 3C3 8 FF00000000000000
84665.8 444 8 0000000000000005
84666.9 537 8 8080808080800000
84668.0 538 8 8080008080000080
84681.4 31C 8 00000000800084F3
84682.6 5EA 8 0000000000000016
84683.8 5FB 8 000000000000007E
84684.9 539 8 3A020000FE010000
84686.2 541 8 0000000000000000
84687.3 5FA 8 000000000000F8FF
84688.4 6AB 8 00000000000000A0
84690.3 31D 8 000000000000001F
84691.4 5EB 8 0000000000000007
84697.0 5EC 8 000000000000000F
84698.1 66B 8 7700000000000000
84699.3 66C 8 DF09000000000000
84712.7 444 8 0000000000000005
84728.3 3F1 8 0000000000000000
84729.5 663 8 7314000F009C0000
84730.7 31C 8 00000000800084F3
84743.9 31D 8 000000000000001F
84745.0 38C 8 000000000000007F
84746.1 38D 8 00000000000000E5
84759.6 39C 8 FF6F000000000000
84760.8 3C3 8 FF00000000000000
84761.9 444 8 0000000000000005
84775.0 31C 8 00000000800084F3
84791.0 31D 8 000000000000001F
84806.5 444 8 0000000000000005
84822.3 6C0 7 01030500000000
84823.5 3F1 8 0000000000000000
84824.8 663 8 7314000E00AA0000
84837.8 31C 8 00000000800084F3
84839.4 31D 8 000000000000001F
84840.9 38C 8 000000000000007F
84853.2 38D 8 00000000000000E5
84854.5 39C 8 FF6F000000000000
84855.8 3C3 8 FF00000000000000
84869.0 444 8 0000000000000005
84870.2 537 8 8080808080800000
84871.4 538 8 8080008080000080
84884.8 523 8 CD1F7770450E0B02
84886.5 52E 5 603F000000
84887.9 31C 8 00000000800084F3
84889.4 6AB 8 00000000000000A0
84890.6 31D 8 000000000000001F
84915.8 444 8 0000000000000005
84931.4 3F1 8 0000000000000000
84932.7 663 8 7314000E00AA0000
84934.0 31C 8 00000000800084F3
84935.3 539 8 3A020000FE010000
84936.6 541 8 0000000000000000
84937.9 31D 8 000000000000001F
84947.2 38C 8 000000000000007F
84948.5 38D 8 00000000000000E5
84949.7 39C 8 FF6F000000000000
84962.7 3C3 8 FF00000000000000
84964.2 444 8 0000000000000005
84978.3 31C 8 00000000800084F3
84993.9 31D 8 000000000000001F
85009.5 444 8 0000000000000005
85024.9 6C0 7 01030500000000
85026.2 3F1 8 0000000000000000
85027.5 663 8 7314000E00AA0000
85028.7 31C 8 00000000800084F3
85040.7 31D 8 000000000000001F
85042.0 38C 8 000000000000007F
85043.3 38D 8 00000000000000E5
85056.4 39C 8 FF6F000000000000
85057.8 3C3 8 FF00000000000000
85059.1 444 8 0000000000000005
85072.2 537 8 8080808080800000
85073.5 538 8 8080008080000080
85087.7 31C 8 00000000800084F3
85089.1 6AB 8 00000000000000A0
85090.4 31D 8 000000000000001F
85119.1 444 8 0000000000000005
85134.8 3F1 8 0000000000000000
85136.1 484 8 0000000000000000
85137.4 523 8 CD1F7770450E0B02
85138.7 52E 5 603F000000
85140.0 663 8 7314000E00AA0000
85141.9 31C 8 00000000800084F3
85143.3 31D 8 000000000000001F
85144.6 38C 8 000000000000007F
85149.9 38D 8 00000000000000E5
85151.2 39C 8 FF6F000000000000
85152.5 3C3 8 FF00000000000000
85165.8 444 8 0000000000000005
85181.6 31C 8 00000000800084F3
85183.8 5EA 8 0000000000000016
85185.1 539 8 3A020000FE010000
85186.4 541 8 0000000000000000
85187.7 31D 8 000000000000001F
85189.0 5EB 8 0000000000000007
85197.3 5EC 8 000000000000000F
85198.5 66B 8 7700000000000000
85199.7 66C 8 DF09000000000000
85212.7 444 8 0000000000000005
85228.3 6C0 7 01030500000000
85229.7 3F1 8 0000000000000000
85230.9 663 8 7314000E00AA0000
85232.0 31C 8 00000000800084F3
85243.8 31D 8 000000000000001F
85245.2 38C 8 000000000000007F
85246.3 38D 8 00000000000000E5
85259.6 39C 8 FF6F000000000000
85260.8 3C3 8 FF00000000000000
85261.9 444 8 0000000000000005
85263.1 537 8 8080808080800000
85274.9 538 8 8080008080000080
85276.2 31C 8 00000000800084F3
85291.1 6AB 8 00000000000000A0
85292.4 31D 8 000000000000001F
85306.5 444 8 0000000000000005
85322.1 3F1 8 0000000000000000
85323.4 663 8 7314000E00AA0000
85337.6 31C 8 00000000800084F3
85339.8 31D 8 000000000000001F
85341.1 38C 8 000000000000007F
85353.4 38D 8 00000000000000E5
85354.6 39C 8 FF6F000000000000
85355.8 3C3 8 FF00000000000000
85368.8 444 8 0000000000000005
85384.5 523 8 CD1F7770450E0B02
85385.7 52E 5 603F000000
85386.8 31C 8 00000000800084F3
85387.9 31D 8 000000000000001F
85415.8 444 8 0000000000000005
85431.4 6C0 7 01030500000000
85432.6 3F1 8 0000000000000000
85433.7 663 8 7314000E00AA0000
85434.8 31C 8 00000000800084F3
85435.9 539 8 3A020000FE010000
85437.0 541 8 0000000000000000
85438.2 31D 8 000000000000001F
85447.1 38C 8 000000000000007F
85448.3 38D 8 00000000000000E5
85449.5 39C 8 FF6F000000000000
85462.6 3C3 8 FF00000000000000
85463.9 444 8 0000000000000005
85465.2 537 8 8080808080800000
85478.2 538 8 8080008080000080
85479.4 31C 8 00000000800084F3
85480.6 6AB 8 00000000000000A0
85496.9 31D 8 000000000000001F
85509.6 444 8 0000000000000005
85525.2 3F1 8 0000000000000000
85526.3 663 8 7314000E00AA0000
85527.5 31C 8 00000000800084F3
85540.7 31D 8 000000000000001F
85541.9 38C 8 000000000000007F
85543.0 38D 8 00000000000000E5
85556.5 39C 8 FF6F000000000000
85558.5 3C3 8 FF00000000000000
85559.6 444 8 0000000000000005
85588.7 31C 8 00000000800084F3
85589.9 31D 8 000000000000001F
85604.7 444 8 0000000000000005
85635.4 6C0 7 04030500000000
85636.6 3F1 8 0000000000000000
85637.7 484 8 0000000000000000
85638.8 523 8 CD1F7770450E0B02
85640.1 52E 5 603F000000
85641.3 585 8 902C00000000003F
85642.4 64C 2 0011
85643.5 663 8 7314000E00AA0000
85644.8 6B2 8 FFFEFF0F88000040
85646.0 31C 8 00000000800084F3
85647.2 31D 8 000000000000001F
85648.3 38C 8 000000000000007F
85651.2 38D 8 00000000000000E5
85652.4 39C 8 FF6F000000000000
85653.5 3C3 8 FF00000000000000
85666.8 444 8 0000000000000005
85668.0 537 8 8080808080800000
85669.2 538 8 8080008080000080
85682.4 31C 8 00000000800084F3
85683.6 5EA 8 0000000000000016
85684.7 5FB 8 000000000000007E
85685.8 539 8 3A020000FE010000
85686.9 541 8 0000000000000000
85688.0 5FA 8 000000000000F8FF
85689.1 6AB 8 00000000000000A0
85690.2 31D 8 000000000000001F
85691.4 5EB 8 0000000000000007
85698.1 5EC 8 000000000000000F
85699.3 66B 8 7700000000000000
85700.4 66C 8 DF09000000000000
85713.8 444 8 0000000000000005
85729.4 3F1 8 0000000000000000
85730.7 663 8 7314000E00AA0000
85731.8 31C 8 00000000800084F3
85732.9 31D 8 000000000000001F
85744.7 38C 8 000000000000007F
85746.1 38D 8 00000000000000E5
85747.2 39C 8 FF6F000000000000
85760.6 3C3 8 FF00000000000000
85761.8 444 8 0000000000000005
85776.2 31C 8 00000000800084F3
85792.1 31D 8 000000000000001F
85807.5 444 8 0000000000000005
85823.1 6C0 7 04030500000000
85824.6 3F1 8 0000000000000000
85825.9 663 8 7314000E00AA0000
85839.0 31C 8 00000000800084F3
85841.5 31D 8 000000000000001F
85843.4 38C 8 000000000000007F
85854.4 38D 8 00000000000000E5
85855.8 39C 8 FF6F000000000000
85856.9 3C3 8 FF00000000000000
85869.9 444 8 0000000000000005
85871.3 537 8 8080808080800000
85872.4 538 8 8080008080000080
85885.7 523 8 CD1F7770450E0B02
85887.0 52E 5 603F000000
85888.3 31C 8 00000000800084F3
85889.6 6AB 8 00000000000000A0
85890.8 31D 8 000000000000001F
85916.8 444 8 0000000000000005
85932.4 3F1 8 0000000000000000
85933.6 663 8 7314000E00AA0000
85934.7 31C 8 00000000800084F3
85935.9 539 8 3A020000FE010000
85937.0 541 8 0000000000000000
85938.1 31D 8 000000000000001F
85948.3 38C 8 000000000000007F
85950.2 38D 8 00000000000000E5
85952.3 39C 8 FF6F000000000000
85963.7 3C3 8 FF00000000000000
85964.9 444 8 0000000000000005
85979.5 31C 8 00000000800084F3
85980.8 31D 8 000000000000001F
86010.8 444 8 0000000000000005
86026.0 6C0 7 04030500000000
86027.2 3F1 8 0000000000000000
86028.4 663 8 7314000E00AA0000
86029.9 31C 8 00000000800084F3
86041.8 31D 8 000000000000001F
86043.0 38C 8 000000000000007F
86044.2 38D 8 00000000000000E5
86057.5 39C 8 FF6F000000000000
86058.7 3C3 8 FF00000000000000
86059.7 444 8 0000000000000005
86073.0 537 8 8080808080800000
86074.2 538 8 8080008080000080
86088.7 31C 8 00000000800084F3
86089.9 6AB 8 00000000000000A0
86091.1 31D 8 000000000000001F
86104.7 444 8 0000000000000005
86135.4 3F1 8 0000000000000000
86136.6 484 8 0000000000000000
86137.8 523 8 CD1F7770450E0B02
86138.9 52E 5 603F000000
86140.3 663 8 7314000E00AA0000
86141.4 31C 8 00000000800084F3
86142.6 31D 8 000000000000001F
86143.7 38C 8 000000000000007F
86151.2 38D 8 00000000000000E5
86152.5 39C 8 FF6F000000000000
86153.6 3C3 8 FF00000000000000
86166.8 444 8 0000000000000005
86182.6 31C 8 00000000800084F3
86183.9 5EA 8 0000000000000016
86185.3 539 8 3A020000FE010000
86186.5 541 8 0000000000000000
86187.7 31D 8 000000000000001F
86188.9 5EB 8 0000000000000007
86198.1 5EC 8 000000000000000F
86199.3 66B 8 7700000000000000
86200.4 66C 8 DF09000000000000
86213.7 444 8 0000000000000005
86229.5 6C0 7 04030500000000
86230.8 3F1 8 0000000000000000
86232.0 663 8 7314000E00AA0000
86233.1 31C 8 00000000800084F3
86234.2 31D 8 000000000000001F
86244.7 38C 8 000000000000007F
86246.1 38D 8 00000000000000E5
86247.2 39C 8 FF6F000000000000
86260.5 3C3 8 FF00000000000000
86261.7 444 8 0000000000000005
86262.8 537 8 8080808080800000
86276.2 538 8 8080008080000080
86277.4 31C 8 00000000800084F3
86291.9 6AB 8 00000000000000A0
86293.1 31D 8 000000000000001F
86307.7 444 8 0000000000000005
86432.5 539 8 3A020000FE010000
86433.8 541 8 0000000000000000
86479.3 6AB 8 00000000000000A0
86589.6 6C0 7 01030500000000
86593.7 3F1 8 0000000000000000
86594.8 484 8 0000000000000000
86596.1 523 8 CD1F7770450E0B02
86597.2 52E 5 603F000000
86599.1 585 8 902800000000003F
86600.2 64C 2 0011
86601.3 663 8 7300000E00000000
86602.4 6B2 8 83FEFF0F88000040
86604.1 31C 8 00000000800084F3
86605.6 31D 8 000000000000001F
86607.1 38C 8 000000000000007F
86620.1 38D 8 00000000000000E5
86621.4 585 8 902C00000000003F
86622.5 39C 8 FF6F000000000000
86623.7 3C3 8 FF00000000000000
86635.7 444 8 0000000000000005
86636.9 537 8 8080808080800000
86638.0 538 8 8080008080000080
86650.9 31C 8 00000000800084F3
86652.1 5EA 8 0000000000000016
86653.2 31D 8 000000000000001F
86654.3 5EB 8 0000000000000007
86655.6 5EC 8 000000000000000F
86666.8 66B 8 7700000000000000
86668.1 66C 8 DF09000000000000
86682.5 444 8 0000000000000005
86683.7 5FB 8 000000000000007E
86684.8 539 8 3A020000FE010000
86686.0 541 8 0000000000000000
86687.1 5FA 8 000000000000F8FF
86688.2 6AB 8 00000000000000A0
86698.1 3F1 8 0000000000000000
86699.3 663 8 7314000F009C0000
86700.5 31C 8 00000000800084F3
86701.8 31D 8 000000000000001F
86713.7 38C 8 000000000000007F
86714.9 38D 8 00000000000000E5
86716.1 39C 8 FF6F000000000000
86729.3 3C3 8 FF00000000000000
86730.5 444 8 0000000000000005
86744.9 31C 8 00000000800084F3
86760.7 31D 8 000000000000001F
86776.2 444 8 0000000000000005
86791.9 6C0 7 01030500000000
86793.1 3F1 8 0000000000000000
86794.2 663 8 7314000E00AA0000
86795.5 31C 8 00000000800084F3
86807.4 31D 8 000000000000001F
86808.6 38C 8 000000000000007F
86809.7 38D 8 00000000000000E5
86823.4 39C 8 FF6F000000000000
86824.6 3C3 8 FF00000000000000
86826.0 444 8 0000000000000005
86838.7 537 8 8080808080800000
86839.8 538 8 8080008080000080
86841.2 523 8 CD1F7770450E0B02
86842.3 52E 5 603F000000
86854.5 31C 8 00000000800084F3
86855.6 31D 8 000000000000001F
86886.3 444 8 0000000000000005
86887.9 6AB 8 00000000000000A0
86901.0 3F1 8 0000000000000000
86902.1 663 8 7314000E00AA0000
86903.3 31C 8 00000000800084F3
86904.4 31D 8 000000000000001F
86905.6 38C 8 000000000000007F
86916.9 38D 8 00000000000000E5
86918.2 39C 8 FF6F000000000000
86919.3 3C3 8 FF00000000000000
86932.4 444 8 0000000000000005
86933.6 539 8 3A020000FE010000
86934.7 541 8 0000000000000000
86948.2 31C 8 00000000800084F3
86949.4 31D 8 000000000000001F
86979.3 444 8 0000000000000005
86995.1 6C0 7 01030500000000
86997.1 3F1 8 0000000000000000
86998.4 663 8 7314000E00AA0000
86999.5 31C 8 00000000800084F3
87010.6 31D 8 000000000000001F
87011.8 38C 8 000000000000007F
87013.1 38D 8 00000000000000E5
87014.5 39C 8 FF6F000000000000
87026.0 3C3 8 FF00000000000000
87027.2 444 8 0000000000000005
87028.2 537 8 8080808080800000
87042.0 538 8 8080008080000080
87043.2 31C 8 00000000800084F3
87057.7 31D 8 000000000000001F
87072.9 444 8 0000000000000005
87088.7 6AB 8 00000000000000A0
87089.9 3F1 8 0000000000000000
87091.2 484 8 0000000000000000
87092.3 523 8 CD1F7770450E0B02
87093.4 52E 5 603F000000
87094.5 663 8 7314000E00AA0000
87104.4 31C 8 00000000800084F3
87105.7 31D 8 000000000000001F
87106.9 38C 8 000000000000007F
87119.9 38D 8 00000000000000E5
87121.2 39C 8 FF6F000000000000
87122.3 3C3 8 FF00000000000000
87135.9 444 8 0000000000000005
87151.2 31C 8 00000000800084F3
87152.5 5EA 8 0000000000000016
87182.4 539 8 3A020000FE010000
87183.7 541 8 0000000000000000
87292.1 6AB 8 00000000000000A0
87307.3 6C0 7 01030500000000
87309.2 3F1 8 0000000000000000
87310.4 484 8 0000000000000000
87323.2 523 8 CD1F7770450E0B02
87324.7 52E 5 603F000000
87326.0 585 8 902800000000003F
87327.3 64C 2 0011
87328.5 663 8 7300000E00000000
87329.6 6B2 8 83FEFF0F88000040
87330.9 31C 8 00000000800084F3
87332.0 31D 8 000000000000001F
87333.2 38C 8 000000000000007F
87338.8 38D 8 00000000000000E5
87339.9 585 8 902C00000000003F
87341.2 39C 8 FF6F000000000000
87342.3 3C3 8 FF00000000000000
87354.4 444 8 0000000000000005
87355.5 537 8 8080808080800000
87356.7 538 8 8080008080000080
87369.9 31C 8 00000000800084F3
87371.3 5EA 8 0000000000000016
87372.4 31D 8 000000000000001F
87373.6 5EB 8 0000000000000007
87385.6 5EC 8 000000000000000F
87386.9 66B 8 7700000000000000
87388.0 66C 8 DF09000000000000
87401.2 444 8 0000000000000005
87416.8 3F1 8 0000000000000000
87418.1 663 8 7314000F009C0000
87419.3 31C 8 00000000800084F3
87420.5 31D 8 000000000000001F
87432.5 38C 8 000000000000007F
87433.8 38D 8 00000000000000E5
87435.0 539 8 3A020000FE010000
87436.3 541 8 0000000000000000
87437.4 39C 8 FF6F000000000000
87448.1 3C3 8 FF00000000000000
87449.3 444 8 0000000000000005
87463.6 31C 8 00000000800084F3
87479.4 31D 8 000000000000001F
87481.0 6AB 8 00000000000000A0
87494.9 444 8 0000000000000005
87510.4 6C0 7 01030500000000
87511.6 3F1 8 0000000000000000
87512.8 663 8 7314000E00AA0000
87514.1 31C 8 00000000800084F3
87526.2 31D 8 000000000000001F
87527.6 38C 8 000000000000007F
87528.8 38D 8 00000000000000E5
87541.9 39C 8 FF6F000000000000
87543.1 3C3 8 FF00000000000000
87544.2 444 8 0000000000000005
87557.4 537 8 8080808080800000
87558.6 538 8 8080008080000080
87559.7 523 8 CD1F7770450E0B02
87560.9 52E 5 603F000000
87573.1 31C 8 00000000800084F3
87574.3 31D 8 000000000000001F
87604.5 444 8 0000000000000005
87619.9 3F1 8 0000000000000000
87621.3 663 8 7314000E00AA0000
87622.5 31C 8 00000000800084F3
87623.6 31D 8 000000000000001F
87635.4 38C 8 000000000000007F
87636.7 38D 8 00000000000000E5
87637.8 39C 8 FF6F000000000000
87639.0 3C3 8 FF00000000000000
87651.3 444 8 0000000000000005
87666.8 31C 8 00000000800084F3
87667.9 31D 8 000000000000001F
87682.5 5FB 8 000000000000007E
87683.7 539 8 3A020000FE010000
87684.8 541 8 0000000000000000
87685.9 5FA 8 000000000000F8FF
87687.0 6AB 8 00000000000000A0
87698.2 444 8 0000000000000005
87713.9 6C0 7 01030500000000
87715.1 3F1 8 0000000000000000
87716.4 663 8 7314000E00AA0000
87717.5 31C 8 00000000800084F3
87729.3 31D 8 000000000000001F
87730.9 38C 8 000000000000007F
87732.1 38D 8 00000000000000E5
87745.0 39C 8 FF6F000000000000
87746.4 3C3 8 FF00000000000000
87747.9 444 8 0000000000000005
87760.4 537 8 8080808080800000
87761.8 538 8 8080008080000080
87762.9 31C 8 00000000800084F3
87776.2 31D 8 000000000000001F
87791.9 444 8 0000000000000005
87807.3 3F1 8 0000000000000000
87808.5 484 8 0000000000000000
87809.7 523 8 CD1F7770450E0B02
87811.0 52E 5 603F000000
87812.2 663 8 7314000E00AA0000
87823.2 31C 8 00000000800084F3
87824.3 31D 8 000000000000001F
87825.7 38C 8 000000000000007F
87838.8 38D 8 00000000000000E5
87840.0 39C 8 FF6F000000000000
87841.3 3C3 8 FF00000000000000
87854.3 444 8 0000000000000005
87870.0 31C 8 00000000800084F3
87871.3 5EA 8 0000000000000016
87872.4 31D 8 000000000000001F
87873.6 5EB 8 0000000000000007
87885.9 5EC 8 000000000000000F
87887.4 66B 8 7700000000000000
87889.0 6AB 8 00000000000000A0
87891.4 66C 8 DF09000000000000
87901.2 444 8 0000000000000005
87916.8 6C0 7 01030500000000
87917.9 3F1 8 0000000000000000
87919.1 663 8 7314000E00AA0000
87920.3 31C 8 00000000800084F3
87921.6 31D 8 000000000000001F
87932.4 38C 8 000000000000007F
87933.7 38D 8 00000000000000E5
87934.9 539 8 3A020000FE010000
87936.0 541 8 0000000000000000
87937.0 39C 8 FF6F000000000000
87947.9 3C3 8 FF00000000000000
87949.2 444 8 0000000000000005
87950.6 537 8 8080808080800000
87963.8 538 8 8080008080000080
87965.3 31C 8 00000000800084F3
87979.4 31D 8 000000000000001F
87995.1 444 8 0000000000000005
88010.3 3F1 8 0000000000000000
88011.6 663 8 7314000E00AA0000
88012.7 31C 8 00000000800084F3
88026.2 31D 8 000000000000001F
88027.4 38C 8 000000000000007F
88028.5 38D 8 00000000000000E5
88041.8 39C 8 FF6F000000000000
88043.0 3C3 8 FF00000000000000
88044.1 444 8 0000000000000005
88057.4 523 8 CD1F7770450E0B02
88058.6 52E 5 603F000000
88073.2 31C 8 00000000800084F3
88074.4 31D 8 000000000000001F
88088.8 6AB 8 00000000000000A0
88104.3 444 8 0000000000000005
88119.9 6C0 7 01030500000000
88121.3 3F1 8 0000000000000000
88123.2 663 8 7314000E00AA0000
88124.4 31C 8 00000000800084F3
88125.6 31D 8 000000000000001F
88135.4 38C 8 000000000000007F
88136.6 38D 8 00000000000000E5
88137.8 39C 8 FF6F000000000000
88138.9 3C3 8 FF00000000000000
88150.9 444 8 0000000000000005
88152.2 537 8 8080808080800000
88153.3 538 8 8080008080000080
88166.8 31C 8 00000000800084F3
88168.2 31D 8 000000000000001F
88182.7 539 8 3A020000FE010000
88184.1 541 8 0000000000000000
88197.9 444 8 0000000000000005
88213.8 3F1 8 0000000000000000
88215.5 663 8 7314000E00AA0000
88216.6 31C 8 00000000800084F3
88229.4 31D 8 000000000000001F
88230.5 38C 8 000000000000007F
88231.7 38D 8 00000000000000E5
88244.9 39C 8 FF6F000000000000
88246.0 3C3 8 FF00000000000000
88247.1 444 8 0000000000000005
88260.3 31C 8 00000000800084F3
88276.2 31D 8 000000000000001F
88292.0 6AB 8 00000000000000A0
88293.1 444 8 0000000000000005
88307.2 6C0 7 04030500000000
88308.5 3F1 8 0000000000000000
88309.6 484 8 0000000000000000
88310.6 523 8 CD1F7770450E0B02
88311.6 52E 5 603F000000
88312.7 585 8 902C00000000003F
88323.3 64C 2 0011
88325.4 663 8 7314000E00AA0000
88326.7 6B2 8 FFFEFF0F88000040
88327.8 31C 8 00000000800084F3
88329.0 31D 8 000000000000001F
88330.2 38C 8 000000000000007F
88338.8 38D 8 00000000000000E5
88340.0 39C 8 FF6F000000000000
88341.3 3C3 8 FF00000000000000
88354.3 444 8 0000000000000005
88355.5 537 8 8080808080800000
88356.6 538 8 8080008080000080
88370.0 31C 8 00000000800084F3
88371.3 5EA 8 0000000000000016
88372.5 31D 8 000000000000001F
88373.6 5EB 8 0000000000000007
88385.6 5EC 8 000000000000000F
88386.7 66B 8 7700000000000000
88387.8 66C 8 DF09000000000000
88401.2 444 8 0000000000000005
88416.8 3F1 8 0000000000000000
88417.9 663 8 7314000E00AA0000
88419.1 31C 8 00000000800084F3
88420.3 31D 8 000000000000001F
88432.5 38C 8 000000000000007F
88434.0 38D 8 00000000000000E5
88435.3 539 8 3A020000FE010000
88436.6 541 8 0000000000000000
88437.7 39C 8 FF6F000000000000
88448.1 3C3 8 FF00000000000000
88449.4 444 8 0000000000000005
88463.7 31C 8 00000000800084F3
88479.3 31D 8 000000000000001F
88480.5 6AB 8 00000000000000A0
88495.1 444 8 0000000000000005
88510.4 6C0 7 04030500000000
88511.6 3F1 8 0000000000000000
88513.6 663 8 7314000E00AA0000
88514.9 31C 8 00000000800084F3
88526.3 31D 8 000000000000001F
88527.7 38C 8 000000000000007F
88528.8 38D 8 00000000000000E5
88529.9 585 8 902800000000003F
88682.7 5FB 8 000000000000007E
88684.2 539 8 3A020000FE010000
88685.4 541 8 0000000000000000
88686.6 5FA 8 000000000000F8FF
88688.0 6AB 8 00000000000000A0
88698.2 6C0 7 01030500000000
88699.5 3F1 8 0000000000000000
88700.7 484 8 0000000000000000
88701.9 523 8 CD1F7770450E0B02
88703.0 52E 5 603F000000
88704.1 585 8 902800000000003F
88705.2 64C 2 0011
88706.5 663 8 7300000E00000000
88707.7 6B2 8 83FEFF0F88000040
88708.8 31C 8 00000000800084F3
88710.0 31D 8 000000000000001F
88713.7 38C 8 000000000000007F
88714.9 38D 8 00000000000000E5
88716.0 585 8 902C00000000003F
88717.0 39C 8 FF6F000000000000
88729.3 3C3 8 FF00000000000000
88730.6 444 8 0000000000000005
88731.9 537 8 8080808080800000
88745.0 538 8 8080008080000080
88746.4 31C 8 00000000800084F3
88747.6 5EA 8 0000000000000016
88760.8 31D 8 000000000000001F
88762.2 5EB 8 0000000000000007
88763.3 5EC 8 000000000000000F
88764.4 66B 8 7700000000000000
88766.2 66C 8 DF09000000000000
88776.2 444 8 0000000000000005
88791.9 3F1 8 0000000000000000
88793.1 663 8 7314000F009C0000
88794.3 31C 8 00000000800084F3
88807.4 31D 8 000000000000001F
88808.6 38C 8 000000000000007F
88809.7 38D 8 00000000000000E5
88823.4 39C 8 FF6F000000000000
88824.9 3C3 8 FF00000000000000
88826.5 444 8 0000000000000005
88854.4 31C 8 00000000800084F3
88855.6 31D 8 000000000000001F
88886.0 444 8 0000000000000005
88887.7 6AB 8 00000000000000A0
88901.1 6C0 7 01030500000000
88902.5 3F1 8 0000000000000000
88903.6 663 8 7314000E00AA0000
88904.7 31C 8 00000000800084F3
88906.1 31D 8 000000000000001F
88907.2 38C 8 000000000000007F
88916.9 38D 8 00000000000000E5
88918.2 39C 8 FF6F000000000000
88919.4 3C3 8 FF00000000000000
88932.4 444 8 0000000000000005
88933.6 537 8 8080808080800000
88934.8 539 8 3A020000FE010000
88935.9 541 8 0000000000000000
88937.2 538 8 8080008080000080
88948.1 523 8 CD1F7770450E0B02
88949.3 52E 5 603F000000
88950.4 31C 8 00000000800084F3
88951.5 31D 8 000000000000001F
88979.3 444 8 0000000000000005
88995.1 3F1 8 0000000000000000
88996.8 663 8 7314000E00AA0000
88999.1 31C 8 00000000800084F3
89010.7 31D 8 000000000000001F
89012.1 38C 8 000000000000007F
89013.3 38D 8 00000000000000E5
89014.4 39C 8 FF6F000000000000
89026.2 3C3 8 FF00000000000000
89027.4 444 8 0000000000000005
89041.9 31C 8 00000000800084F3
89057.4 31D 8 000000000000001F
89073.2 444 8 0000000000000005
89088.7 6AB 8 00000000000000A0
89089.9 6C0 7 01030500000000
89091.1 3F1 8 0000000000000000
89092.3 663 8 7314000E00AA0000
89104.4 31C 8 00000000800084F3
89105.5 31D 8 000000000000001F
89106.7 38C 8 000000000000007F
89120.0 38D 8 00000000000000E5
89121.2 39C 8 FF6F000000000000
89122.3 3C3 8 FF00000000000000
89135.7 444 8 0000000000000005
89136.8 537 8 8080808080800000
89138.0 538 8 8080008080000080
89151.0 31C 8 00000000800084F3
89152.2 31D 8 000000000000001F
89182.2 444 8 0000000000000005
89183.4 539 8 3A020000FE010000
89184.6 541 8 0000000000000000
89198.3 3F1 8 0000000000000000
89199.7 484 8 0000000000000000
89201.0 523 8 CD1F7770450E0B02
89202.3 52E 5 603F000000
89203.4 663 8 7314000E00AA0000
89204.5 31C 8 00000000800084F3
89205.7 31D 8 000000000000001F
89213.8 38C 8 000000000000007F
89215.4 38D 8 00000000000000E5
89216.9 39C 8 FF6F000000000000
89229.4 3C3 8 FF00000000000000
89230.6 444 8 0000000000000005
89244.9 31C 8 00000000800084F3
89246.2 5EA 8 0000000000000016
89260.7 31D 8 000000000000001F
89262.1 5EB 8 0000000000000007
89263.3 5EC 8 000000000000000F
89264.4 66B 8 7700000000000000
89276.2 66C 8 DF09000000000000
89277.4 444 8 0000000000000005
89291.8 6AB 8 00000000000000A0
89293.0 6C0 7 01030500000000
89294.2 3F1 8 0000000000000000
89295.3 663 8 7314000E00AA0000
89296.5 31C 8 00000000800084F3
89307.7 31D 8 000000000000001F
89309.1 38C 8 000000000000007F
89310.2 38D 8 00000000000000E5
89323.3 39C 8 FF6F000000000000
89324.6 3C3 8 FF00000000000000
89325.9 444 8 0000000000000005
89338.9 537 8 8080808080800000
89340.2 538 8 8080008080000080
89354.3 31C 8 00000000800084F3
89355.5 31D 8 000000000000001F
89385.7 444 8 0000000000000005
89401.0 3F1 8 0000000000000000
89402.3 663 8 7314000E00AA0000
89403.4 31C 8 00000000800084F3
89404.6 31D 8 000000000000001F
89405.8 38C 8 000000000000007F
89416.8 38D 8 00000000000000E5
89418.0 39C 8 FF6F000000000000
89419.9 3C3 8 FF00000000000000
89432.5 444 8 0000000000000005
89433.8 539 8 3A020000FE010000
89434.9 541 8 0000000000000000
89448.1 523 8 CD1F7770450E0B02
89449.3 52E 5 603F000000
89450.4 31C 8 00000000800084F3
89451.5 31D 8 000000000000001F
89479.4 444 8 0000000000000005
89480.6 6AB 8 00000000000000A0
89495.0 6C0 7 01030500000000
89496.7 3F1 8 0000000000000000
89497.8 663 8 7314000E00AA0000
89499.3 31C 8 00000000800084F3
89510.6 31D 8 000000000000001F
89512.0 38C 8 000000000000007F
89513.1 38D 8 00000000000000E5
89514.3 39C 8 FF6F000000000000
89526.1 3C3 8 FF00000000000000
89527.7 444 8 0000000000000005
89528.8 537 8 8080808080800000
89541.9 538 8 8080008080000080
89543.2 31C 8 00000000800084F3
89557.5 31D 8 000000000000001F
89573.2 444 8 0000000000000005
89589.1 3F1 8 0000000000000000
89590.6 663 8 7314000E00AA0000
89604.5 31C 8 00000000800084F3
89606.1 31D 8 000000000000001F
89607.6 38C 8 000000000000007F
89620.0 38D 8 00000000000000E5
89621.5 39C 8 FF6F000000000000
89622.6 3C3 8 FF00000000000000
89639.7 444 8 0000000000000005
89651.3 31C 8 00000000800084F3
89653.2 31D 8 000000000000001F
89682.4 444 8 0000000000000005
89683.6 5FB 8 000000000000007E
89684.7 539 8 3A020000FE010000
89685.8 541 8 0000000000000000
89687.2 5FA 8 000000000000F8FF
89688.7 6AB 8 00000000000000A0
89698.3 6C0 7 04030500000000
89699.4 3F1 8 0000000000000000
89700.6 484 8 0000000000000000
89701.9 523 8 CD1F7770450E0B02
89703.1 52E 5 603F000000
89704.2 585 8 902C00000000003F
89705.4 64C 2 0011
89706.7 663 8 7314000E00AA0000
89707.8 6B2 8 FFFEFF0F88000040
89708.9 31C 8 00000000800084F3
89710.1 31D 8 000000000000001F
89713.7 38C 8 000000000000007F
89714.8 38D 8 00000000000000E5
89716.1 39C 8 FF6F000000000000
89729.3 3C3 8 FF00000000000000
89730.5 444 8 0000000000000005
89731.8 537 8 8080808080800000
89744.9 538 8 8080008080000080
89746.3 31C 8 00000000800084F3
89747.4 5EA 8 0000000000000016
89761.0 31D 8 000000000000001F
89762.5 5EB 8 0000000000000007
89763.8 5EC 8 000000000000000F
89764.9 66B 8 7700000000000000
89766.1 66C 8 DF09000000000000
89776.2 444 8 0000000000000005
89791.9 3F1 8 0000000000000000
89793.1 663 8 7314000E00AA0000
89794.2 31C 8 00000000800084F3
89807.5 31D 8 000000000000001F
89808.8 38C 8 000000000000007F
89809.9 38D 8 00000000000000E5
89823.2 39C 8 FF6F000000000000
89824.4 3C3 8 FF00000000000000
89825.6 444 8 0000000000000005
89854.3 31C 8 00000000800084F3
89855.5 31D 8 000000000000001F
89886.0 444 8 0000000000000005
89887.7 6AB 8 00000000000000A0
89901.0 6C0 7 04030500000000
89902.5 3F1 8 0000000000000000
89903.7 663 8 7314000E00AA0000
89905.0 31C 8 00000000800084F3
89906.2 31D 8 000000000000001F
89907.4 38C 8 000000000000007F
89916.8 38D 8 00000000000000E5
89920.7 39C 8 FF6F000000000000
89922.0 3C3 8 FF00000000000000
89932.5 444 8 0000000000000005
89933.8 537 8 8080808080800000
89935.0 539 8 3A020000FE010000
89936.3 541 8 0000000000000000
89937.5 538 8 8080008080000080
89948.2 523 8 CD1F7770450E0B02
89949.6 52E 5 603F000000
89950.9 31C 8 00000000800084F3
89952.1 31D 8 000000000000001F
89979.3 444 8 0000000000000005
89995.0 3F1 8 0000000000000000
89996.3 663 8 7314000E00AA0000
89997.5 31C 8 00000000800084F3
90010.7 31D 8 000000000000001F
90012.2 38C 8 000000000000007F
90013.6 38D 8 00000000000000E5
90026.2 39C 8 FF6F000000000000
90028.3 3C3 8 FF00000000000000
90029.7 444 8 0000000000000005
90041.8 31C 8 00000000800084F3
90057.6 31D 8 000000000000001F
90073.1 444 8 0000000000000005
90088.8 6AB 8 00000000000000A0
90090.1 6C0 7 04030500000000
90091.3 3F1 8 0000000000000000
90092.5 663 8 7314000E00AA0000
90104.5 31C 8 00000000800084F3
90105.9 31D 8 000000000000001F
90107.2 38C 8 000000000000007F
90120.2 38D 8 00000000000000E5
90121.6 39C 8 FF6F000000000000
90122.9 3C3 8 FF00000000000000
90135.7 444 8 0000000000000005
90137.1 537 8 8080808080800000
90138.4 538 8 8080008080000080
90151.3 31C 8 00000000800084F3
90152.7 31D 8 000000000000001F
90182.5 444 8 0000000000000005
90184.4 539 8 3A020000FE010000
90185.8 541 8 0000000000000000
90197.9 3F1 8 0000000000000000
90199.3 484 8 0000000000000000
90200.6 523 8 CD1F7770450E0B02
90201.8 52E 5 603F000000
90203.0 663 8 7314000E00AA0000
90204.3 31C 8 00000000800084F3
90205.6 31D 8 000000000000001F
90213.7 38C 8 000000000000007F
90215.0 38D 8 00000000000000E5
90216.2 39C 8 FF6F000000000000
90229.4 3C3 8 FF00000000000000
90230.8 444 8 0000000000000005
90245.0 31C 8 00000000800084F3
90246.7 5EA 8 0000000000000016
90260.8 31D 8 000000000000001F
90262.1 5EB 8 0000000000000007
90263.2 5EC 8 000000000000000F
90264.3 66B 8 7700000000000000
90265.4 66C 8 DF09000000000000
90276.2 444 8 0000000000000005
90292.0 6AB 8 00000000000000A0
90293.2 6C0 7 04030500000000
90294.3 3F1 8 0000000000000000
90295.6 663 8 7314000E00AA0000
90296.9 31C 8 00000000800084F3
90307.4 31D 8 000000000000001F
90308.6 38C 8 000000000000007F
90309.8 38D 8 00000000000000E5
90323.0 39C 8 FF6F000000000000
90324.3 3C3 8 FF00000000000000
90325.4 444 8 0000000000000005
90338.9 537 8 8080808080800000
90340.2 538 8 8080008080000080
90354.4 31C 8 00000000800084F3
90355.5 31D 8 000000000000001F
90385.6 444 8 0000000000000005
90401.0 3F1 8 0000000000000000
90402.4 663 8 7314000E00AA0000
90403.5 31C 8 00000000800084F3
90404.6 31D 8 000000000000001F
90405.9 38C 8 000000000000007F
90416.8 38D 8 00000000000000E5
90418.0 39C 8 FF6F000000000000
90419.1 3C3 8 FF00000000000000
90432.7 444 8 0000000000000005
90434.6 539 8 3A020000FE010000
90435.8 541 8 0000000000000000
90479.0 6AB 8 00000000000000A0
90542.0 6C0 7 01030500000000
90544.2 3F1 8 0000000000000000
90557.4 484 8 0000000000000000
90558.6 523 8 CD1F7770450E0B02
90559.7 52E 5 603F000000
90561.1 585 8 902800000000003F
90562.4 64C 2 0011
90563.5 663 8 7300000E00000000
90564.7 6B2 8 83FEFF0F88000040
90566.0 31C 8 00000000800084F3
90567.2 31D 8 000000000000001F
90568.3 38C 8 000000000000007F
90573.2 38D 8 00000000000000E5
90574.3 585 8 902C00000000003F
90575.6 39C 8 FF6F000000000000
90576.9 3C3 8 FF00000000000000
90588.8 444 8 0000000000000005
90589.9 537 8 8080808080800000
90591.0 538 8 8080008080000080
90604.5 31C 8 00000000800084F3
90605.9 5EA 8 0000000000000016
90607.0 31D 8 000000000000001F
90608.1 5EB 8 0000000000000007
90620.3 5EC 8 000000000000000F
90621.8 66B 8 7700000000000000
90623.2 66C 8 DF09000000000000
90635.5 444 8 0000000000000005
90652.6 3F1 8 0000000000000000
90656.5 663 8 7314000F009C0000
90657.7 31C 8 00000000800084F3
90658.9 31D 8 000000000000001F
90667.0 38C 8 000000000000007F
90668.3 38D 8 00000000000000E5
90669.5 39C 8 FF6F000000000000
90682.4 3C3 8 FF00000000000000
90684.6 444 8 0000000000000005
90685.8 5FB 8 000000000000007E
90686.9 539 8 3A020000FE010000
90688.1 541 8 0000000000000000
90689.2 5FA 8 000000000000F8FF
90690.3 6AB 8 00000000000000A0
90698.0 31C 8 00000000800084F3
90713.7 31D 8 000000000000001F
90729.3 444 8 0000000000000005
90745.0 6C0 7 01030500000000
90746.3 3F1 8 0000000000000000
90747.5 663 8 7314000E00AA0000
90760.5 31C 8 00000000800084F3
90761.9 31D 8 000000000000001F
90763.0 38C 8 000000000000007F
90764.1 38D 8 00000000000000E5
90776.0 39C 8 FF6F000000000000
90777.3 3C3 8 FF00000000000000
90778.4 444 8 0000000000000005
90791.7 537 8 8080808080800000
90793.1 538 8 8080008080000080
90794.2 523 8 CD1F7770450E0B02
90795.3 52E 5 603F000000
90807.4 31C 8 00000000800084F3
90808.7 31D 8 000000000000001F
90838.7 444 8 0000000000000005
90854.3 3F1 8 0000000000000000
90855.5 663 8 7314000E00AA0000
90856.6 31C 8 00000000800084F3
90885.9 6AB 8 00000000000000A0
90932.4 539 8 3A020000FE010000
90933.7 541 8 0000000000000000
90963.4 6C0 7 01030500000000
90964.6 3F1 8 0000000000000000
90965.9 484 8 0000000000000000
90967.0 523 8 CD1F7770450E0B02
90969.0 52E 5 603F000000
90970.3 585 8 902800000000003F
90971.4 64C 2 0011
90972.6 663 8 7300000E00000000
90973.7 6B2 8 83FEFF0F88000040
90979.3 31C 8 00000000800084F3
90980.8 31D 8 000000000000001F
90982.1 38C 8 000000000000007F
90995.0 38D 8 00000000000000E5
90996.3 585 8 902C00000000003F
90997.4 39C 8 FF6F000000000000
90998.6 3C3 8 FF00000000000000
90999.8 444 8 0000000000000005
91013.7 537 8 8080808080800000
91015.4 538 8 8080008080000080
91026.3 31C 8 00000000800084F3
91027.5 5EA 8 0000000000000016
91028.6 31D 8 000000000000001F
91029.8 5EB 8 0000000000000007
91031.1 5EC 8 000000000000000F
91041.8 66B 8 7700000000000000
91043.0 66C 8 DF09000000000000
91057.5 444 8 0000000000000005
91073.1 3F1 8 0000000000000000
91074.2 663 8 7314000F009C0000
91075.3 31C 8 00000000800084F3
91076.4 31D 8 000000000000001F
91088.7 38C 8 000000000000007F
91090.0 6AB 8 00000000000000A0
91091.3 38D 8 00000000000000E5
91092.5 39C 8 FF6F000000000000
91104.3 3C3 8 FF00000000000000
91105.6 444 8 0000000000000005
91120.0 31C 8 00000000800084F3
91121.3 31D 8 000000000000001F
91151.0 444 8 0000000000000005
91167.0 6C0 7 01030500000000
91168.3 3F1 8 0000000000000000
91169.5 663 8 7314000E00AA0000
91170.6 31C 8 00000000800084F3
91182.4 31D 8 000000000000001F
91183.6 38C 8 000000000000007F
91184.7 539 8 3A020000FE010000
91185.8 541 8 0000000000000000
91186.9 38D 8 00000000000000E5
91198.1 39C 8 FF6F000000000000
91199.2 3C3 8 FF00000000000000
91200.5 444 8 0000000000000005
91213.7 537 8 8080808080800000
91215.0 538 8 8080008080000080
91292.1 6AB 8 00000000000000A0
91338.7 6C0 7 01030500000000
91339.9 3F1 8 0000000000000000
91341.3 484 8 0000000000000000
91342.4 523 8 CD1F7770450E0B02
91343.5 52E 5 603F000000
91344.6 585 8 902800000000003F
91346.0 64C 2 0011
91347.0 663 8 7300000E00000000
91348.2 6B2 8 83FEFF0F88000040
91349.3 31C 8 00000000800084F3
91350.4 31D 8 000000000000001F
91354.4 38C 8 000000000000007F
91355.7 38D 8 00000000000000E5
91356.8 585 8 902C00000000003F
91357.9 39C 8 FF6F000000000000
91370.0 3C3 8 FF00000000000000
91371.4 444 8 0000000000000005
91372.5 537 8 8080808080800000
91385.4 538 8 8080008080000080
91386.8 31C 8 00000000800084F3
91388.0 5EA 8 0000000000000016
91389.9 31D 8 000000000000001F
91391.3 5EB 8 0000000000000007
91401.3 5EC 8 000000000000000F
91402.7 66B 8 7700000000000000
91403.9 66C 8 DF09000000000000
91416.9 444 8 0000000000000005
91432.4 3F1 8 0000000000000000
91433.7 663 8 7314000F009C0000
91434.9 539 8 3A020000FE010000
91436.2 541 8 0000000000000000
91437.3 31C 8 00000000800084F3
91448.1 31D 8 000000000000001F
91449.3 38C 8 000000000000007F
91450.6 38D 8 00000000000000E5
91463.7 39C 8 FF6F000000000000
91465.0 3C3 8 FF00000000000000
91466.1 444 8 0000000000000005
91479.1 6AB 8 00000000000000A0
91495.0 31C 8 00000000800084F3
91496.3 31D 8 000000000000001F
91510.4 444 8 0000000000000005
91526.7 6C0 7 01030500000000
91528.4 3F1 8 0000000000000000
91541.9 663 8 7314000E00AA0000
91543.1 31C 8 00000000800084F3
91544.2 31D 8 000000000000001F
91545.3 38C 8 000000000000007F
91557.6 38D 8 00000000000000E5
91559.0 39C 8 FF6F000000000000
91560.3 3C3 8 FF00000000000000
91573.0 444 8 0000000000000005
91574.4 537 8 8080808080800000
91575.5 538 8 8080008080000080
91588.7 523 8 CD1F7770450E0B02
91589.8 52E 5 603F000000
91591.8 31C 8 00000000800084F3
91592.9 31D 8 000000000000001F
91620.0 444 8 0000000000000005
91635.4 3F1 8 0000000000000000
91637.0 663 8 7314000E00AA0000
91638.2 31C 8 00000000800084F3
91639.3 31D 8 000000000000001F
91651.4 38C 8 000000000000007F
91652.7 38D 8 00000000000000E5
91654.1 39C 8 FF6F000000000000
91666.9 3C3 8 FF00000000000000
91668.3 444 8 0000000000000005
91682.6 5FB 8 000000000000007E
91683.8 539 8 3A020000FE010000
91685.2 541 8 0000000000000000
91686.3 5FA 8 000000000000F8FF
91687.4 6AB 8 00000000000000A0
91688.6 31C 8 00000000800084F3
91698.1 31D 8 000000000000001F
91713.7 444 8 0000000000000005
91729.3 6C0 7 01030500000000
91730.4 3F1 8 0000000000000000
91731.5 663 8 7314000E00AA0000
91745.0 31C 8 00000000800084F3
91746.4 31D 8 000000000000001F
91747.5 38C 8 000000000000007F
91748.6 38D 8 00000000000000E5
91760.4 39C 8 FF6F000000000000
91761.6 3C3 8 FF00000000000000
91762.7 444 8 0000000000000005
91776.3 537 8 8080808080800000
91777.6 538 8 8080008080000080
91792.0 31C 8 00000000800084F3
91793.2 31D 8 000000000000001F
91823.2 444 8 0000000000000005
91838.7 3F1 8 0000000000000000
91839.9 484 8 0000000000000000
91841.0 523 8 CD1F7770450E0B02
91842.1 52E 5 603F000000
91843.2 663 8 7314000E00AA0000
91844.4 31C 8 00000000800084F3
91845.4 31D 8 000000000000001F
91854.3 38C 8 000000000000007F
91855.6 38D 8 00000000000000E5
91857.0 39C 8 FF6F000000000000
91870.0 3C3 8 FF00000000000000
91871.2 444 8 0000000000000005
91885.4 6AB 8 00000000000000A0
91887.0 31C 8 00000000800084F3
91888.4 5EA 8 0000000000000016
91890.0 31D 8 000000000000001F
91891.4 5EB 8 0000000000000007
91901.2 5EC 8 000000000000000F
91902.4 66B 8 7700000000000000
91903.5 66C 8 DF09000000000000
91916.8 444 8 0000000000000005
91932.4 6C0 7 01030500000000
91933.6 3F1 8 0000000000000000
91934.8 663 8 7314000E00AA0000
91935.9 539 8 3A020000FE010000
91937.1 541 8 0000000000000000
91938.2 31C 8 00000000800084F3
91948.1 31D 8 000000000000001F
91949.3 38C 8 000000000000007F
91950.4 38D 8 00000000000000E5
91963.7 39C 8 FF6F000000000000
91965.0 3C3 8 FF00000000000000
91966.2 444 8 0000000000000005
91979.3 537 8 8080808080800000
91980.6 538 8 8080008080000080
91994.9 31C 8 00000000800084F3
91996.1 31D 8 000000000000001F
92010.3 444 8 0000000000000005
92026.3 3F1 8 0000000000000000
92027.6 663 8 7314000E00AA0000
92041.9 31C 8 00000000800084F3
92043.6 31D 8 000000000000001F
92044.9 38C 8 000000000000007F
92057.5 38D 8 00000000000000E5
92058.7 39C 8 FF6F000000000000
92059.9 3C3 8 FF00000000000000
92073.3 444 8 0000000000000005
92088.8 523 8 CD1F7770450E0B02
92090.0 52E 5 603F000000
92091.1 6AB 8 00000000000000A0
92092.2 31C 8 00000000800084F3
92093.4 31D 8 000000000000001F
92119.9 444 8 0000000000000005
92121.1 585 8 902800000000003F
92182.5 539 8 3A020000FE010000
92183.9 541 8 0000000000000000
92292.2 6AB 8 00000000000000A0
92432.4 539 8 3A020000FE010000
92433.7 541 8 0000000000000000
92479.6 6AB 8 00000000000000A0
92688.4 5FB 8 000000000000007E
92690.6 539 8 3A020000FE010000
92692.5 541 8 0000000000000000
92694.2 5FA 8 000000000000F8FF
92695.3 6AB 8 00000000000000A0
92885.8 6AB 8 00000000000000A0
92932.5 539 8 3A020000FE010000
92933.9 541 8 0000000000000000
93760.6 6C0 7 01030500000000
93762.3 3F1 8 0000000000000000
93763.6 484 8 0000000000000000
93764.8 523 8 CD1F7770450E0B02
93765.9 52E 5 603F000000
93767.1 585 8 902C00000000003F
93768.4 6D3 7 01010000000000
93769.6 64C 2 0011
93770.7 663 8 7314000E00AA0000
93771.8 6B2 8 83FEFF0F88000040
93773.1 31C 8 00000000800084F3
93774.3 31D 8 000000000000001F
93775.4 5FB 8 000000000000007E
93776.7 539 8 3A020000FE010000
93778.1 541 8 0000000000000000
93779.2 5FA 8 000000000000F8FF
93780.4 6AB 8 00000000000000A0
93791.8 38C 8 000000000000007F
93793.4 38D 8 00000000000000E5
93794.6 39C 8 FF6F000000000000
93795.7 3C3 8 FF00000000000000
93796.8 444 8 0000000000000005
93797.9 537 8 8080808080800000
93807.8 538 8 8080008080000080
93810.3 31C 8 00000000800084F3
93811.4 5EA 8 0000000000000016
93812.7 31D 8 000000000000001F
93822.9 5EB 8 0000000000000007
93824.2 5EC 8 000000000000000F
93825.3 66B 8 7700000000000000
93826.4 66C 8 DF09000000000000
93838.9 444 8 0000000000000005
93854.2 3F1 8 0000000000000000
93855.5 663 8 7314000E00AA0000
93856.6 31C 8 00000000800084F3
93870.0 31D 8 000000000000001F
93871.3 38C 8 000000000000007F
93872.6 38D 8 00000000000000E5
93885.8 39C 8 FF6F000000000000
93887.2 3C3 8 FF00000000000000
93888.5 444 8 0000000000000005
93916.8 31C 8 00000000800084F3
93918.1 31D 8 000000000000001F
93932.5 444 8 0000000000000005
93963.7 6C0 7 01030500000000
93964.9 3F1 8 0000000000000000
93966.0 663 8 7314000E00AA0000
93967.2 6D3 7 01010000000000
93968.3 31C 8 00000000800084F3
93969.4 31D 8 000000000000001F
93970.6 6AB 8 00000000000000A0
93971.7 38C 8 000000000000007F
93979.3 38D 8 00000000000000E5
93980.6 39C 8 FF6F000000000000
93981.7 3C3 8 FF00000000000000
93995.0 444 8 0000000000000005
93996.7 537 8 8080808080800000
93999.3 538 8 8080008080000080
94010.4 523 8 CD1F7770450E0B02
94013.0 52E 5 603F000000
94014.3 31C 8 00000000800084F3
94015.7 31D 8 000000000000001F
94016.9 539 8 3A020000FE010000
94018.2 541 8 0000000000000000
94041.9 444 8 0000000000000005
94057.6 3F1 8 0000000000000000
94058.9 663 8 7314000E00AA0000
94060.1 31C 8 00000000800084F3
94062.2 31D 8 000000000000001F
94072.9 38C 8 000000000000007F
94074.2 38D 8 00000000000000E5
94075.5 39C 8 FF6F000000000000
94088.7 3C3 8 FF00000000000000
94090.1 444 8 0000000000000005
94104.1 31C 8 00000000800084F3
94120.0 31D 8 000000000000001F
94135.6 444 8 0000000000000005
94151.4 6C0 7 01030500000000
94152.7 3F1 8 0000000000000000
94154.0 663 8 7314000E00AA0000
94155.3 6D3 7 01010000000000
94166.8 31C 8 00000000800084F3
94168.3 31D 8 000000000000001F
94169.6 6AB 8 00000000000000A0
94171.0 38C 8 000000000000007F
94182.5 38D 8 00000000000000E5
94183.9 39C 8 FF6F000000000000
94185.2 3C3 8 FF00000000000000
94186.4 444 8 0000000000000005
94198.3 537 8 8080808080800000
94199.6 538 8 8080008080000080
94213.7 31C 8 00000000800084F3
94215.2 31D 8 000000000000001F
94245.0 444 8 0000000000000005
94260.3 3F1 8 0000000000000000
94261.7 484 8 0000000000000000
94262.9 523 8 CD1F7770450E0B02
94264.1 52E 5 603F000000
94265.4 663 8 7314000E00AA0000
94266.6 31C 8 00000000800084F3
94267.8 31D 8 000000000000001F
94269.1 539 8 3A020000FE010000
94270.4 541 8 0000000000000000
94276.2 38C 8 000000000000007F
94277.7 38D 8 00000000000000E5
94279.0 39C 8 FF6F000000000000
94292.0 3C3 8 FF00000000000000
94293.6 444 8 0000000000000005
94307.5 31C 8 00000000800084F3
94309.0 5EA 8 0000000000000016
94310.3 31D 8 000000000000001F
94322.9 5EB 8 0000000000000007
94324.2 5EC 8 000000000000000F
94325.3 66B 8 7700000000000000
94326.5 66C 8 DF09000000000000
94338.7 444 8 0000000000000005
94354.1 6C0 7 01030500000000
94355.6 3F1 8 0000000000000000
94356.8 663 8 7314000E00AA0000
94358.5 6D3 7 01010000000000
94359.7 31C 8 00000000800084F3
94370.0 31D 8 000000000000001F
94371.4 6AB 8 00000000000000A0
94372.6 38C 8 000000000000007F
94373.9 38D 8 00000000000000E5
94385.6 39C 8 FF6F000000000000
94386.8 3C3 8 FF00000000000000
94388.3 444 8 0000000000000005
94401.2 537 8 8080808080800000
94402.4 538 8 8080008080000080
94416.8 31C 8 00000000800084F3
94418.0 31D 8 000000000000001F
94432.5 444 8 0000000000000005
94463.7 3F1 8 0000000000000000
94465.0 663 8 7314000E00AA0000
94466.0 31C 8 00000000800084F3
94467.2 31D 8 000000000000001F
94468.4 38C 8 000000000000007F
94479.3 38D 8 00000000000000E5
94481.2 39C 8 FF6F000000000000
94482.5 3C3 8 FF00000000000000
94495.0 444 8 0000000000000005
94510.3 523 8 CD1F7770450E0B02
94511.6 52E 5 603F000000
94512.8 31C 8 00000000800084F3
94513.9 31D 8 000000000000001F
94515.1 539 8 3A020000FE010000
94516.2 541 8 0000000000000000
94542.0 444 8 0000000000000005
94557.7 6C0 7 01030500000000
94559.1 3F1 8 0000000000000000
94560.3 663 8 7314000E00AA0000
94561.4 6D3 7 01010000000000
94562.6 31C 8 00000000800084F3
94563.9 31D 8 000000000000001F
94572.9 6AB 8 00000000000000A0
94574.1 38C 8 000000000000007F
94575.2 38D 8 00000000000000E5
94576.3 39C 8 FF6F000000000000
94588.7 3C3 8 FF00000000000000
94590.0 444 8 0000000000000005
94591.2 537 8 8080808080800000
94604.2 538 8 8080008080000080
94605.4 31C 8 00000000800084F3
94620.0 31D 8 000000000000001F
94635.6 444 8 0000000000000005
94651.4 3F1 8 0000000000000000
94653.0 663 8 7314000E00AA0000
94666.8 31C 8 00000000800084F3
94668.2 31D 8 000000000000001F
94669.3 38C 8 000000000000007F
94682.5 38D 8 00000000000000E5
94683.9 39C 8 FF6F000000000000
94685.1 3C3 8 FF00000000000000
94687.1 444 8 0000000000000005
94717.7 31C 8 00000000800084F3
94718.9 31D 8 000000000000001F
94745.0 444 8 0000000000000005
94760.7 6C0 7 04030500000000
94762.1 3F1 8 0000000000000000
94763.5 484 8 0000000000000000
94764.7 523 8 CD1F7770450E0B02
94765.8 52E 5 603F000000
94766.9 585 8 902C00000000003F
94768.2 64C 2 0011
94769.3 663 8 7314000E00AA0000
94770.4 6B2 8 FFFEFF0F88008040
94771.5 31C 8 00000000800084F3
94772.9 31D 8 000000000000001F
94774.0 5FB 8 000000000000007E
94775.1 539 8 3A020000FE010000
94776.8 541 8 0000000000000000
94785.3 5FA 8 000000000000F8FF
94792.0 6AB 8 00000000000000A0
94794.5 38C 8 000000000000007F
94795.6 38D 8 00000000000000E5
94796.7 39C 8 FF6F000000000000
94797.8 3C3 8 FF00000000000000
94798.8 444 8 0000000000000005
94800.0 537 8 8080808080800000
94807.6 538 8 8080008080000080
94808.9 31C 8 00000000800084F3
94810.0 5EA 8 0000000000000016
94811.1 31D 8 000000000000001F
94812.2 5EB 8 0000000000000007
94823.1 5EC 8 000000000000000F
94824.3 66B 8 7700000000000000
94825.3 66C 8 DF09000000000000
94838.5 444 8 0000000000000005
94854.2 3F1 8 0000000000000000
94855.6 663 8 7314000E00AA0000
94857.6 31C 8 00000000800084F3
94870.1 31D 8 000000000000001F
94871.5 38C 8 000000000000007F
94872.7 38D 8 00000000000000E5
94885.7 39C 8 FF6F000000000000
94887.0 3C3 8 FF00000000000000
94888.4 444 8 0000000000000005
94916.8 31C 8 00000000800084F3
94918.1 31D 8 000000000000001F
94932.6 444 8 0000000000000005
94963.6 6C0 7 04030500000000
94964.9 3F1 8 0000000000000000
94966.0 663 8 7314000E00AA0000
94967.2 31C 8 00000000800084F3
94968.4 31D 8 000000000000001F
94969.5 6AB 8 00000000000000A0
94970.6 38C 8 000000000000007F
94979.3 38D 8 00000000000000E5
94980.5 39C 8 FF6F000000000000
94981.7 3C3 8 FF00000000000000
94994.9 444 8 0000000000000005
94996.1 537 8 8080808080800000
94997.2 538 8 8080008080000080
95010.3 523 8 CD1F7770450E0B02
95011.7 52E 5 603F000000
95012.8 31C 8 00000000800084F3
95014.0 31D 8 000000000000001F
95015.1 539 8 3A020000FE010000
95016.3 541 8 0000000000000000
95041.8 444 8 0000000000000005
95057.5 3F1 8 0000000000000000
95059.3 663 8 7314000E00AA0000
95060.5 31C 8 00000000800084F3
95061.6 31D 8 000000000000001F
95073.2 38C 8 000000000000007F
95075.4 38D 8 00000000000000E5
95076.7 39C 8 FF6F000000000000
95088.5 3C3 8 FF00000000000000
95089.8 444 8 0000000000000005
95104.4 31C 8 00000000800084F3
95120.0 31D 8 000000000000001F
95167.1 6AB 8 00000000000000A0
95260.6 539 8 3A020000FE010000
95261.9 541 8 0000000000000000
95370.2 6AB 8 00000000000000A0
95510.4 539 8 3A020000FE010000
95511.7 541 8 0000000000000000
95542.0 6C0 7 01030500000000
95543.1 3F1 8 0000000000000000
95544.3 484 8 0000000000000000
95545.5 523 8 CD1F7770450E0B02
95546.9 52E 5 603F000000
95548.1 585 8 902800000000003F
95549.3 64C 2 0011
95550.4 663 8 7300000E00000000
95551.7 6B2 8 83FEFF0F88000040
95552.8 31C 8 00000000800084F3
95554.0 31D 8 000000000000001F
95555.1 38C 8 000000000000007F
95557.9 38D 8 00000000000000E5
95559.3 585 8 902C00000000003F
95560.7 39C 8 FF6F000000000000
95562.0 3C3 8 FF00000000000000
95589.3 6AB 8 00000000000000A0
95590.8 444 8 0000000000000005
95592.1 537 8 8080808080800000
95593.2 538 8 8080008080000080
95594.3 31C 8 00000000800084F3
95595.6 5EA 8 0000000000000016
95597.8 31D 8 000000000000001F
95599.0 5EB 8 0000000000000007
95605.2 5EC 8 000000000000000F
95606.6 66B 8 7700000000000000
95607.8 66C 8 DF09000000000000
95620.8 444 8 0000000000000005
95636.1 3F1 8 0000000000000000
95637.4 663 8 7314000F009C0000
95638.5 31C 8 00000000800084F3
95639.9 31D 8 000000000000001F
95652.1 38C 8 000000000000007F
95653.3 38D 8 00000000000000E5
95654.4 39C 8 FF6F000000000000
95667.8 3C3 8 FF00000000000000
95669.0 444 8 0000000000000005
95683.3 31C 8 00000000800084F3
95699.0 31D 8 000000000000001F
95714.5 444 8 0000000000000005
95730.1 6C0 7 01030500000000
95731.4 3F1 8 0000000000000000
95733.3 663 8 7314000E00AA0000
95745.9 31C 8 00000000800084F3
95747.2 31D 8 000000000000001F
95748.4 38C 8 000000000000007F
95749.5 38D 8 00000000000000E5
95761.2 39C 8 FF6F000000000000
95762.7 3C3 8 FF00000000000000
95763.9 5FB 8 000000000000007E
95765.0 539 8 3A020000FE010000
95766.1 541 8 0000000000000000
95767.2 444 8 0000000000000005
95768.3 5FA 8 000000000000F8FF
95769.5 6AB 8 00000000000000A0
95777.1 537 8 8080808080800000
95778.5 538 8 8080008080000080
95779.6 523 8 CD1F7770450E0B02
95792.7 52E 5 603F000000
95793.9 31C 8 00000000800084F3
95795.1 31D 8 000000000000001F
95823.9 444 8 0000000000000005
95839.3 3F1 8 0000000000000000
95840.7 663 8 7314000E00AA0000
95842.0 31C 8 00000000800084F3
95843.1 31D 8 000000000000001F
95855.1 38C 8 000000000000007F
95856.4 38D 8 00000000000000E5
95857.5 39C 8 FF6F000000000000
95870.8 3C3 8 FF00000000000000
95872.0 444 8 0000000000000005
95886.3 31C 8 00000000800084F3
95888.1 31D 8 000000000000001F
95917.7 444 8 0000000000000005
95933.4 6C0 7 01030500000000
95934.6 3F1 8 0000000000000000
95935.9 663 8 7314000E00AA0000
95937.2 31C 8 00000000800084F3
95949.0 31D 8 000000000000001F
95950.2 38C 8 000000000000007F
95951.3 38D 8 00000000000000E5
95964.5 39C 8 FF6F000000000000
95966.0 3C3 8 FF00000000000000
95967.3 6AB 8 00000000000000A0
95968.4 444 8 0000000000000005
95980.1 537 8 8080808080800000
95981.3 538 8 8080008080000080
95995.7 31C 8 00000000800084F3
95996.9 31D 8 000000000000001F
96011.3 539 8 3A020000FE010000
96012.5 541 8 0000000000000000
96013.6 444 8 0000000000000005
96027.1 3F1 8 0000000000000000
96029.2 484 8 0000000000000000
96042.8 523 8 CD1F7770450E0B02
96044.7 52E 5 603F000000
96046.0 663 8 7314000E00AA0000
96047.2 31C 8 00000000800084F3
96048.3 31D 8 000000000000001F
96049.6 38C 8 000000000000007F
96058.2 38D 8 00000000000000E5
96059.4 39C 8 FF6F000000000000
96060.6 3C3 8 FF00000000000000
96073.9 444 8 0000000000000005
96089.5 31C 8 00000000800084F3
96091.2 5EA 8 0000000000000016
96092.7 31D 8 000000000000001F
96093.9 5EB 8 0000000000000007
96105.1 5EC 8 000000000000000F
96106.5 66B 8 7700000000000000
96107.6 585 8 902800000000003F
96167.7 6AB 8 00000000000000A0
96261.3 539 8 3A020000FE010000
96262.6 541 8 0000000000000000
96370.9 6AB 8 00000000000000A0
96417.6 6C0 7 01030500000000
96418.8 3F1 8 0000000000000000
96420.2 484 8 0000000000000000
96421.6 523 8 CD1F7770450E0B02
96423.1 52E 5 603F000000
96424.9 585 8 902800000000003F
96426.3 64C 2 0011
96427.4 663 8 7300000E00000000
96428.5 6B2 8 83FEFF0F88000040
96429.8 31C 8 00000000800084F3
96431.0 31D 8 000000000000001F
96433.4 38C 8 000000000000007F
96435.6 38D 8 00000000000000E5
96437.0 585 8 902C00000000003F
96438.3 39C 8 FF6F000000000000
96448.8 3C3 8 FF00000000000000
96450.1 444 8 0000000000000005
96451.3 537 8 8080808080800000
96464.2 538 8 8080008080000080
96465.5 31C 8 00000000800084F3
96466.7 5EA 8 0000000000000016
96467.8 31D 8 000000000000001F
96469.1 5EB 8 0000000000000007
96479.9 5EC 8 000000000000000F
96481.1 66B 8 7700000000000000
96482.2 66C 8 DF09000000000000
96495.8 444 8 0000000000000005
96511.1 3F1 8 0000000000000000
96512.3 663 8 7314000F009C0000
96513.5 31C 8 00000000800084F3
96514.8 539 8 3A020000FE010000
96515.9 541 8 0000000000000000
96527.1 31D 8 000000000000001F
96528.2 38C 8 000000000000007F
96529.4 38D 8 00000000000000E5
96542.6 39C 8 FF6F000000000000
96543.9 3C3 8 FF00000000000000
96545.0 444 8 0000000000000005
96573.8 31C 8 00000000800084F3
96575.1 6AB 8 00000000000000A0
96576.1 31D 8 000000000000001F
96589.5 444 8 0000000000000005
96605.4 6C0 7 01030500000000
96606.8 3F1 8 0000000000000000
96620.8 663 8 7314000E00AA0000
96622.2 31C 8 00000000800084F3
96623.5 31D 8 000000000000001F
96624.8 38C 8 000000000000007F
96636.4 38D 8 00000000000000E5
96637.9 39C 8 FF6F000000000000
96639.1 3C3 8 FF00000000000000
96652.0 444 8 0000000000000005
96653.2 537 8 8080808080800000
96654.3 538 8 8080008080000080
96667.7 523 8 CD1F7770450E0B02
96668.8 52E 5 603F000000
96670.0 31C 8 00000000800084F3
96671.1 31D 8 000000000000001F
96698.9 444 8 0000000000000005
96714.3 3F1 8 0000000000000000
96715.7 663 8 7314000E00AA0000
96716.8 31C 8 00000000800084F3
96718.0 31D 8 000000000000001F
96730.3 38C 8 000000000000007F
96731.5 38D 8 00000000000000E5
96732.6 39C 8 FF6F000000000000
96745.9 3C3 8 FF00000000000000
96754.5 444 8 0000000000000005
96761.2 31C 8 00000000800084F3
96762.6 5FB 8 000000000000007E
96763.7 539 8 3A020000FE010000
96765.1 541 8 0000000000000000
96766.2 5FA 8 000000000000F8FF
96777.0 6AB 8 00000000000000A0
96778.1 31D 8 000000000000001F
96792.7 444 8 0000000000000005
96808.3 6C0 7 01030500000000
96809.5 3F1 8 0000000000000000
96810.7 663 8 7314000E00AA0000
96824.1 31C 8 00000000800084F3
96825.4 31D 8 000000000000001F
96826.6 38C 8 000000000000007F
96827.7 38D 8 00000000000000E5
96840.1 39C 8 FF6F000000000000
96841.3 3C3 8 FF00000000000000
96842.4 444 8 0000000000000005
96855.1 537 8 8080808080800000
96856.3 538 8 8080008080000080
96870.8 31C 8 00000000800084F3
96872.0 31D 8 000000000000001F
96902.0 444 8 0000000000000005
96917.7 3F1 8 0000000000000000
96919.0 484 8 0000000000000000
96920.3 523 8 CD1F7770450E0B02
96921.4 52E 5 603F000000
96922.6 663 8 7314000E00AA0000
96923.8 31C 8 00000000800084F3
96925.2 31D 8 000000000000001F
96933.2 38C 8 000000000000007F
96934.5 38D 8 00000000000000E5
96935.6 39C 8 FF6F000000000000
96948.9 3C3 8 FF00000000000000
96950.1 444 8 0000000000000005
96964.3 31C 8 00000000800084F3
96965.9 5EA 8 0000000000000016
96967.0 6AB 8 00000000000000A0
96968.1 31D 8 000000000000001F
96969.4 5EB 8 0000000000000007
96980.0 5EC 8 000000000000000F
96981.3 66B 8 7700000000000000
96982.5 66C 8 DF09000000000000
96995.7 444 8 0000000000000005
97011.2 6C0 7 01030500000000
97012.4 3F1 8 0000000000000000
97013.5 663 8 7314000E00AA0000
97014.6 31C 8 00000000800084F3
97015.8 539 8 3A020000FE010000
97017.1 541 8 0000000000000000
97027.0 31D 8 000000000000001F
97029.2 38C 8 000000000000007F
97030.5 38D 8 00000000000000E5
97042.9 39C 8 FF6F000000000000
97044.3 3C3 8 FF00000000000000
97045.5 444 8 0000000000000005
97058.3 537 8 8080808080800000
97059.9 538 8 8080008080000080
97073.9 31C 8 00000000800084F3
97075.1 31D 8 000000000000001F
97092.5 444 8 0000000000000005
97105.3 3F1 8 0000000000000000
97120.7 663 8 7314000E00AA0000
97121.9 31C 8 00000000800084F3
97123.2 31D 8 000000000000001F
97124.9 38C 8 000000000000007F
97136.5 38D 8 00000000000000E5
97137.6 39C 8 FF6F000000000000
97138.8 3C3 8 FF00000000000000
97152.2 444 8 0000000000000005
97167.7 523 8 CD1F7770450E0B02
97169.1 52E 5 603F000000
97170.2 31C 8 00000000800084F3
97171.4 6AB 8 00000000000000A0
97172.5 31D 8 000000000000001F
97199.3 444 8 0000000000000005
97214.3 6C0 7 01030500000000
97215.5 3F1 8 0000000000000000
97216.7 663 8 7314000E00AA0000
97217.8 31C 8 00000000800084F3
97219.0 31D 8 000000000000001F
97230.3 38C 8 000000000000007F
97231.6 38D 8 00000000000000E5
97232.7 39C 8 FF6F000000000000
97245.7 3C3 8 FF00000000000000
97246.9 444 8 0000000000000005
97249.0 537 8 8080808080800000
97261.1 538 8 8080008080000080
97262.5 31C 8 00000000800084F3
97265.1 539 8 3A020000FE010000
97267.6 541 8 0000000000000000
97277.3 31D 8 000000000000001F
97292.7 444 8 0000000000000005
97308.2 3F1 8 0000000000000000
97309.5 663 8 7314000E00AA0000
97324.1 31C 8 00000000800084F3
97325.9 31D 8 000000000000001F
97327.1 38C 8 000000000000007F
97328.3 38D 8 00000000000000E5
97339.4 39C 8 FF6F000000000000
97340.6 3C3 8 FF00000000000000
97341.7 444 8 0000000000000005
97370.8 31C 8 00000000800084F3
97372.5 6AB 8 00000000000000A0
97373.7 31D 8 000000000000001F
97402.0 444 8 0000000000000005
97417.6 6C0 7 04030500000000
97418.8 3F1 8 0000000000000000
97419.9 484 8 0000000000000000
97421.0 523 8 CD1F7770450E0B02
97422.2 52E 5 603F000000
97423.3 585 8 902C00000000003F
97424.4 64C 2 0011
97425.6 663 8 7314000E00AA0000
97426.8 6B2 8 FFFEFF0F88000040
97427.9 31C 8 00000000800084F3
97429.1 31D 8 000000000000001F
97433.3 38C 8 000000000000007F
97434.7 38D 8 00000000000000E5
97435.9 39C 8 FF6F000000000000
97448.9 3C3 8 FF00000000000000
97450.1 444 8 0000000000000005
97452.1 537 8 8080808080800000
97465.1 538 8 8080008080000080
97466.7 31C 8 00000000800084F3
97467.8 5EA 8 0000000000000016
97469.1 31D 8 000000000000001F
97470.4 5EB 8 0000000000000007
97479.9 5EC 8 000000000000000F
97481.2 66B 8 7700000000000000
97482.3 66C 8 DF09000000000000
97495.7 444 8 0000000000000005
97511.2 3F1 8 0000000000000000
97512.5 663 8 7314000E00AA0000
97513.6 31C 8 00000000800084F3
97514.8 539 8 3A020000FE010000
97516.0 541 8 0000000000000000
97527.0 31D 8 000000000000001F
97528.2 38C 8 000000000000007F
97529.4 38D 8 00000000000000E5
97542.7 39C 8 FF6F000000000000
97543.8 3C3 8 FF00000000000000
97545.0 444 8 0000000000000005
97574.1 31C 8 00000000800084F3
97575.4 6AB 8 00000000000000A0
97576.7 31D 8 000000000000001F
97589.3 444 8 0000000000000005
97605.4 6C0 7 04030500000000
97606.7 3F1 8 0000000000000000
97608.0 663 8 7314000E00AA0000
97620.8 31C 8 00000000800084F3
97622.0 31D 8 000000000000001F
97623.1 38C 8 000000000000007F
97636.4 38D 8 00000000000000E5
97637.6 39C 8 FF6F000000000000
97638.8 3C3 8 FF00000000000000
97652.1 444 8 0000000000000005
97654.3 537 8 8080808080800000
97655.5 538 8 8080008080000080
97667.6 523 8 CD1F7770450E0B02
97669.0 52E 5 603F000000
97670.1 31C 8 00000000800084F3
97671.3 31D 8 000000000000001F
97699.2 444 8 0000000000000005
97714.3 3F1 8 0000000000000000
97715.7 663 8 7314000E00AA0000
97716.8 31C 8 00000000800084F3
97718.0 31D 8 000000000000001F
97729.8 38C 8 000000000000007F
97731.1 38D 8 00000000000000E5
97732.2 39C 8 FF6F000000000000
97745.8 3C3 8 FF00000000000000
97747.0 444 8 0000000000000005
97761.3 31C 8 00000000800084F3
97762.7 5FB 8 000000000000007E
97764.4 539 8 3A020000FE010000
97765.6 541 8 0000000000000000
97777.1 5FA 8 000000000000F8FF
97778.3 6AB 8 00000000000000A0
97779.4 31D 8 000000000000001F
97792.5 444 8 0000000000000005
97808.4 6C0 7 04030500000000
97809.5 3F1 8 0000000000000000
97810.6 663 8 7314000E00AA0000
97824.3 31C 8 00000000800084F3
97825.7 31D 8 000000000000001F
97826.9 38C 8 000000000000007F
97839.3 38D 8 00000000000000E5
97840.6 39C 8 FF6F000000000000
97841.8 3C3 8 FF00000000000000
97843.0 444 8 0000000000000005
97855.2 537 8 8080808080800000
97856.3 538 8 8080008080000080
97870.9 31C 8 00000000800084F3
97872.1 31D 8 000000000000001F
97902.0 444 8 0000000000000005
97917.6 3F1 8 0000000000000000
97918.8 484 8 0000000000000000
97920.1 523 8 CD1F7770450E0B02
97921.3 52E 5 603F000000
97922.4 663 8 7314000E00AA0000
97923.5 31C 8 00000000800084F3
97924.9 31D 8 000000000000001F
97933.2 38C 8 000000000000007F
97934.5 38D 8 00000000000000E5
97935.6 39C 8 FF6F000000000000
97949.0 3C3 8 FF00000000000000
97950.1 444 8 0000000000000005
97964.6 6AB 8 00000000000000A0
98011.2 539 8 3A020000FE010000
98012.4 541 8 0000000000000000
98167.8 6AB 8 00000000000000A0
98261.6 539 8 3A020000FE010000
98263.8 541 8 0000000000000000
98370.8 6AB 8 00000000000000A0
98511.4 539 8 3A020000FE010000
98512.8 541 8 0000000000000000
98574.1 6AB 8 00000000000000A0
98761.5 5FB 8 000000000000007E
98763.2 539 8 3A020000FE010000
98781.0 541 8 0000000000000000
98783.3 5FA 8 000000000000F8FF
98784.5 6AB 8 00000000000000A0
178456.4 6C0 7 01030500000000
178459.1 3F1 8 0000000000000000
178460.3 484 8 0000000000000000
178461.4 523 8 CD1F7770450E0B02
178462.8 52E 5 603F000000
178464.0 585 8 902800000000003F
178465.1 64C 2 0011
178466.2 663 8 7300000E00000000
178467.5 6B2 8 83FEFF0F88000040
178468.7 31C 8 00000000800084F3
178469.9 31D 8 000000000000001F
178471.7 38C 8 000000000000007F
178474.4 38D 8 00000000000000E5
178476.2 39C 8 FF6F000000000000
178487.5 3C3 8 FF00000000000000
178488.9 444 8 0000000000000005
178490.2 537 8 8080808080800000
178491.8 538 8 8080008080000080

